start,end,face_detected,person,shot_type,valence,arousal,p_neutral,p_happiness,p_sadness,p_surprise,p_fear,p_anger,p_disgust,p_contempt,au04_brow_lowerer,au12_lip_corner_puller,au24_lip_pressor
0.0,1.0,True,otro,closeup,0.07878437638282776,0.7282748222351074,0.42774081230163574,0.025153618305921555,0.011123886331915855,0.03243007883429527,0.01000562310218811,0.02977999672293663,0.11005142331123352,0.35371455550193787,,,
1.0,2.0,True,otro,closeup,0.03869935870170593,0.7620999813079834,0.40594545006752014,0.018310610204935074,0.012926338240504265,0.032356537878513336,0.011255526915192604,0.046314798295497894,0.1356605887413025,0.3372300863265991,,,
2.0,3.0,True,otro,closeup,-0.19086101651191711,0.7464919686317444,0.28403499722480774,0.014137359336018562,0.014521311968564987,0.05050642788410187,0.014622118324041367,0.08990999311208725,0.18456001579761505,0.34770774841308594,,,
3.0,4.0,True,otro,closeup,-0.3188774883747101,0.7280055284500122,0.23583807051181793,0.010485434904694557,0.014651123434305191,0.0405229777097702,0.013158218003809452,0.048015203326940536,0.19864027202129364,0.4386886656284332,,,
4.0,5.0,True,otro,closeup,-0.07403767108917236,0.8043400645256042,0.2630186378955841,0.03918977454304695,0.009991470724344254,0.06010642275214195,0.01685185544192791,0.04984956234693527,0.14975684881210327,0.41123539209365845,,,
5.0,6.0,True,otro,closeup,-0.578365683555603,0.6235916614532471,0.2292419970035553,0.00526678329333663,0.01917310059070587,0.02646605856716633,0.013996911235153675,0.04647745192050934,0.21850571036338806,0.4408719837665558,,,
6.0,7.0,True,otro,closeup,-0.5915086269378662,0.7650187015533447,0.16928210854530334,0.007498924620449543,0.009899335913360119,0.03638934716582298,0.013130445033311844,0.044216323643922806,0.28134581446647644,0.43823766708374023,,,
7.0,8.0,True,otro,closeup,-0.23452112078666687,0.7235150337219238,0.25381094217300415,0.022591758519411087,0.012156102806329727,0.04975856840610504,0.016374243423342705,0.044084738940000534,0.2239253968000412,0.37729817628860474,,,
8.0,9.0,True,otro,closeup,-0.5075567364692688,0.49633291363716125,0.22911325097084045,0.011135232634842396,0.017509017139673233,0.032846853137016296,0.014203385449945927,0.048011235892772675,0.24320901930332184,0.40397197008132935,,,
9.0,10.0,True,otro,closeup,0.3382711708545685,0.7607393860816956,0.288987398147583,0.056652504950761795,0.008767764084041119,0.06155608594417572,0.010793013498187065,0.03459407016634941,0.15750980377197266,0.3811393976211548,,,
10.0,11.0,True,otro,closeup,0.1249590516090393,0.5906002521514893,0.36324435472488403,0.029029354453086853,0.017176073044538498,0.03853604942560196,0.012905854731798172,0.048969004303216934,0.11360856890678406,0.3765307366847992,,,
11.0,12.0,True,otro,closeup,-0.05288764834403992,0.544242262840271,0.2852175831794739,0.02483375370502472,0.01947939395904541,0.039119869470596313,0.011766438372433186,0.06472710520029068,0.21350058913230896,0.34135523438453674,,,
12.0,13.0,True,otro,closeup,-0.38203367590904236,0.8281841278076172,0.15223340690135956,0.040630120784044266,0.008326172828674316,0.030333850532770157,0.010946180671453476,0.07116026431322098,0.26682937145233154,0.4195405840873718,,,
13.0,14.0,True,otro,closeup,-0.4811791777610779,0.7754591703414917,0.15414798259735107,0.01565791852772236,0.011110678315162659,0.04020388424396515,0.01667807810008526,0.06712960451841354,0.24524354934692383,0.44982826709747314,,,
14.0,15.0,True,otro,closeup,-0.7966223955154419,0.7504919767379761,0.17010627686977386,0.004568031523376703,0.012913442216813564,0.027354657649993896,0.013656050898134708,0.06626570969820023,0.2886505424976349,0.4164852797985077,,,
15.0,16.0,True,otro,closeup,-0.534965455532074,0.49950647354125977,0.17938245832920074,0.007416829001158476,0.017991768196225166,0.02543780580163002,0.011815465986728668,0.04927199333906174,0.24742919206619263,0.4612545669078827,,,
16.0,17.0,True,otro,closeup,-0.16304579377174377,0.650360107421875,0.22684228420257568,0.01368942391127348,0.01613520085811615,0.04559685289859772,0.01516342256218195,0.061830516904592514,0.23552215099334717,0.3852202296257019,,,
17.0,18.0,True,otro,closeup,-0.3520910143852234,0.7720510959625244,0.36048221588134766,0.013907406479120255,0.013605364598333836,0.05331866815686226,0.02226392738521099,0.0496976301074028,0.14856065809726715,0.3381640911102295,,,
18.0,19.0,True,otro,closeup,-0.5178260803222656,0.42948052287101746,0.35550522804260254,0.00706795509904623,0.02352413348853588,0.021286357194185257,0.011527764610946178,0.06295822560787201,0.14539630711078644,0.372734010219574,,,
19.0,20.0,True,otro,closeup,-0.7549536228179932,0.6573749780654907,0.14956997334957123,0.004713329486548901,0.014685017056763172,0.017862971872091293,0.009871071204543114,0.07901614904403687,0.26287752389907837,0.4614039957523346,,,
20.0,21.0,True,otro,closeup,-0.5432531833648682,0.6420758962631226,0.25440722703933716,0.0067988368682563305,0.01818789169192314,0.0244587454944849,0.011863886378705502,0.06765013933181763,0.18587146699428558,0.43076181411743164,,,
21.0,22.0,True,otro,closeup,-0.6691480278968811,0.8230250477790833,0.1699514538049698,0.008645568042993546,0.011136895976960659,0.03580215945839882,0.014667241834104061,0.07233007997274399,0.22569194436073303,0.46177467703819275,,,
22.0,23.0,True,otro,closeup,-0.38905179500579834,0.802152693271637,0.16011548042297363,0.01844332180917263,0.010012238286435604,0.03891199454665184,0.01660788059234619,0.04947545751929283,0.3233582377433777,0.3830753266811371,,,
23.0,24.0,True,otro,closeup,-0.21539273858070374,0.7878289222717285,0.30783915519714355,0.022908048704266548,0.01225302740931511,0.0633985623717308,0.017330829054117203,0.05449769273400307,0.1566196084022522,0.36515307426452637,,,
24.0,25.0,True,otro,closeup,-0.05774548649787903,0.7081003189086914,0.23176608979701996,0.02319107949733734,0.010130920447409153,0.05368126556277275,0.017125749960541725,0.04191351681947708,0.2365080714225769,0.3856832683086395,,,
25.0,26.0,True,otro,closeup,0.28007665276527405,0.6729186773300171,0.3555738031864166,0.0625031441450119,0.017182106152176857,0.06154463440179825,0.019238661974668503,0.06315240263938904,0.12310857325792313,0.29769670963287354,,,
26.0,27.0,True,otro,closeup,-0.7877097129821777,0.7478624582290649,0.11970613896846771,0.006482234224677086,0.007851773872971535,0.024148864671587944,0.008277291432023048,0.10410892218351364,0.2553073465824127,0.4741174876689911,,,
27.0,28.0,True,otro,closeup,-0.21173065900802612,0.5885646343231201,0.2560043931007385,0.01037181168794632,0.01745736598968506,0.03625933453440666,0.015682609751820564,0.04280766099691391,0.1918887048959732,0.4295281767845154,,,
28.0,29.0,True,otro,closeup,-0.38741567730903625,0.7891681790351868,0.13393448293209076,0.02327103726565838,0.011067691259086132,0.04839658737182617,0.017606738954782486,0.07740001380443573,0.2981824576854706,0.3901410400867462,,,
29.0,30.0,True,otro,closeup,-0.13197267055511475,0.7259413003921509,0.19180570542812347,0.04269857332110405,0.009822143241763115,0.039131514728069305,0.016211435198783875,0.05381712689995766,0.2392706274986267,0.40724289417266846,,,
30.0,31.0,True,otro,closeup,-0.6583703756332397,0.592932939529419,0.3211035430431366,0.002720241667702794,0.02168361470103264,0.023169931024312973,0.012064422480762005,0.05137651041150093,0.17338299751281738,0.3944987952709198,,,
31.0,32.0,True,otro,closeup,-0.5423829555511475,0.5142035484313965,0.2031666338443756,0.009912772104144096,0.013861335813999176,0.022032244130969048,0.009174619801342487,0.047211289405822754,0.2418026179075241,0.4528384804725647,,,
32.0,33.0,True,otro,closeup,-0.583385705947876,0.8485925197601318,0.10572333633899689,0.010449371300637722,0.010659724473953247,0.0353068932890892,0.02292206510901451,0.08863087743520737,0.31686797738075256,0.4094398319721222,,,
33.0,34.0,True,otro,closeup,-0.6001303195953369,0.7454328536987305,0.37392091751098633,0.0041462755762040615,0.013085944578051567,0.03595282882452011,0.013034516014158726,0.0463591143488884,0.14724551141262054,0.36625489592552185,,,
34.0,35.0,True,otro,closeup,-0.595726728439331,0.7025302052497864,0.2792600095272064,0.0052335490472614765,0.013217576779425144,0.02789914235472679,0.011344056576490402,0.05928295478224754,0.16184324026107788,0.4419194459915161,,,
35.0,36.0,True,otro,closeup,-0.49237874150276184,0.7158803939819336,0.3421097993850708,0.0053039733320474625,0.021999267861247063,0.027524486184120178,0.012528466060757637,0.063639335334301,0.14482662081718445,0.38206803798675537,,,
36.0,37.0,True,otro,closeup,-0.1928662657737732,0.8004937171936035,0.24137663841247559,0.03208964318037033,0.01125964242964983,0.038887616246938705,0.015614550560712814,0.04788891226053238,0.1799532175064087,0.4329298138618469,,,
37.0,38.0,True,otro,closeup,-0.661202073097229,0.7194849252700806,0.15970520675182343,0.005908878520131111,0.013624297454953194,0.027093548327684402,0.014007298275828362,0.08651648461818695,0.23011073470115662,0.463033527135849,,,
38.0,39.0,True,otro,closeup,-0.38344401121139526,0.6603136658668518,0.3122931718826294,0.006642498541623354,0.015499506145715714,0.03763486072421074,0.011813018471002579,0.04963871091604233,0.1684807687997818,0.3979974389076233,,,
39.0,40.0,True,otro,closeup,-0.9093263149261475,0.5947240591049194,0.1452837735414505,0.001423399429768324,0.019669784232974052,0.020677687600255013,0.013054762035608292,0.061060357838869095,0.32213589549064636,0.41669437289237976,,,
40.0,41.0,True,otro,closeup,-0.24983614683151245,0.8182284235954285,0.36258363723754883,0.018832191824913025,0.013350038789212704,0.04507215693593025,0.016691431403160095,0.04719948023557663,0.12815101444721222,0.368120014667511,,,
41.0,42.0,True,otro,closeup,-0.8085249662399292,0.7607309222221375,0.15104304254055023,0.00668008578941226,0.010040723718702793,0.03176428750157356,0.013719228096306324,0.07244884967803955,0.2619304656982422,0.45237329602241516,,,
42.0,43.0,True,otro,closeup,-0.34459659457206726,0.6552249193191528,0.2357877939939499,0.01902114972472191,0.0126716997474432,0.04290304332971573,0.013738887384533882,0.042510610073804855,0.2089265137910843,0.42444032430648804,,,
43.0,44.0,True,otro,closeup,-0.6961374282836914,0.7504364252090454,0.1400766521692276,0.0036437681410461664,0.01354179996997118,0.02407185174524784,0.013761402107775211,0.09359832853078842,0.2613923251628876,0.4499138295650482,,,
44.0,45.0,True,otro,closeup,-0.37296628952026367,0.7855466604232788,0.2514587640762329,0.013726086355745792,0.01192434411495924,0.042013637721538544,0.012944702059030533,0.054195184260606766,0.19366669654846191,0.42007049918174744,,,
45.0,46.0,True,otro,closeup,-0.3729751706123352,0.6257195472717285,0.2475288361310959,0.010680205188691616,0.014987939968705177,0.028073539957404137,0.011883389204740524,0.04558432847261429,0.17375300824642181,0.4675087630748749,,,
46.0,47.0,True,otro,closeup,-0.4067506194114685,0.7584851384162903,0.27981412410736084,0.014241508208215237,0.015038100071251392,0.05407828092575073,0.016905589029192924,0.07044586539268494,0.18314258754253387,0.366333931684494,,,
47.0,48.0,True,otro,closeup,-0.32148081064224243,0.6593985557556152,0.23273539543151855,0.017930349335074425,0.01044465135782957,0.04007739946246147,0.01271358784288168,0.049590546637773514,0.194070965051651,0.4424370229244232,,,
48.0,49.0,True,otro,closeup,-0.4920494556427002,0.7459232807159424,0.32038214802742004,0.004769620019942522,0.015917472541332245,0.033576928079128265,0.01661788672208786,0.04812926426529884,0.1325710415840149,0.4280356168746948,,,
49.0,50.0,True,otro,closeup,-0.890931248664856,0.9864768981933594,0.03563282638788223,0.006569852586835623,0.0027353379409760237,0.08401516079902649,0.04707419127225876,0.22832024097442627,0.29674872756004333,0.2989036440849304,,,
50.0,51.0,True,otro,closeup,-0.8859533071517944,0.8834447860717773,0.07406653463840485,0.0029909834265708923,0.017363186925649643,0.0548267737030983,0.045343849807977676,0.12815149128437042,0.42436668276786804,0.25289058685302734,,,
51.0,52.0,True,otro,closeup,-0.4032469093799591,0.7487615346908569,0.2712336480617523,0.01546531356871128,0.017424169927835464,0.0505429245531559,0.021328307688236237,0.07583640515804291,0.14228157699108124,0.405887633562088,,,
52.0,53.0,True,otro,closeup,-0.4336667060852051,0.6111825108528137,0.19735679030418396,0.009446988813579082,0.017400993034243584,0.04071114957332611,0.014714139513671398,0.05718421936035156,0.25323382019996643,0.4099518954753876,,,
53.0,54.0,True,otro,closeup,-0.5815550088882446,0.5438132286071777,0.17883306741714478,0.006456488277763128,0.020154928788542747,0.032768867909908295,0.01554691232740879,0.07414181530475616,0.25827887654304504,0.41381901502609253,,,
54.0,55.0,True,otro,closeup,0.17660745978355408,0.6540199518203735,0.22969938814640045,0.042104046791791916,0.012265369296073914,0.04596981033682823,0.014150794595479965,0.05717961862683296,0.16910743713378906,0.4295235276222229,,,
55.0,56.0,True,otro,closeup,-0.3100398778915405,0.9250907897949219,0.11286763101816177,0.03684799745678902,0.00521467998623848,0.06069576367735863,0.01530421432107687,0.06044192612171173,0.2974574565887451,0.4111703038215637,,,
56.0,57.0,True,otro,closeup,-0.19522610306739807,0.6416914463043213,0.268735408782959,0.01116032525897026,0.01704278402030468,0.03411446139216423,0.008911289274692535,0.0631566196680069,0.1607254594564438,0.4361536204814911,,,
57.0,58.0,True,otro,closeup,-0.3180374801158905,0.6436274647712708,0.27675774693489075,0.009267417713999748,0.01698455400764942,0.024051953107118607,0.00886230543255806,0.03821656107902527,0.13606347143650055,0.48979607224464417,,,
58.0,59.0,True,otro,closeup,-0.40725407004356384,0.6544574499130249,0.1816030740737915,0.008720082230865955,0.01013849675655365,0.02266455441713333,0.008759697899222374,0.03878563269972801,0.2501542568206787,0.47917410731315613,,,
59.0,60.0,True,otro,closeup,0.040051013231277466,0.7308513522148132,0.16267278790473938,0.0347161740064621,0.008454671129584312,0.03629516437649727,0.009810255840420723,0.06209583580493927,0.28425276279449463,0.4017024040222168,,,
60.0,61.0,False,,wide,,,,,,,,,,,,,
61.0,62.0,False,,wide,,,,,,,,,,,,,
62.0,63.0,True,otro,closeup,-0.480817049741745,0.8376576900482178,0.140217587351799,0.008538754656910896,0.010070674121379852,0.0504048727452755,0.019175352528691292,0.09862242639064789,0.3667055368423462,0.30626481771469116,,,
63.0,64.0,True,otro,closeup,-0.41552790999412537,0.8027657866477966,0.18610432744026184,0.008425205945968628,0.01214857678860426,0.04469013586640358,0.016235187649726868,0.08557112514972687,0.2953619062900543,0.3514634966850281,,,
64.0,65.0,True,otro,closeup,-0.3839486241340637,0.8473600745201111,0.18094037473201752,0.012218507938086987,0.009371703490614891,0.05311984568834305,0.024454616010189056,0.06295958161354065,0.2659485340118408,0.3909868597984314,,,
65.0,66.0,True,otro,closeup,-0.2679433226585388,0.7472519278526306,0.15072999894618988,0.011418945156037807,0.01580127142369747,0.03659612312912941,0.016530605033040047,0.1072949469089508,0.30915725231170654,0.35247084498405457,,,
66.0,67.0,True,presidenta,closeup,0.6803579330444336,0.34109315276145935,0.435070276260376,0.03571321815252304,0.015838095918297768,0.048077311366796494,0.015081162564456463,0.022203005850315094,0.09589654952287674,0.3321203887462616,,,
67.0,68.0,True,presidenta,closeup,0.7380797266960144,0.5458694696426392,0.31455764174461365,0.11015695333480835,0.011506693437695503,0.0536256842315197,0.011850986629724503,0.030814701691269875,0.09960834681987762,0.3678789734840393,,,
68.0,69.0,True,presidenta,closeup,0.8055733442306519,0.4062468111515045,0.3428605794906616,0.06298649311065674,0.018006548285484314,0.04870792105793953,0.012057201005518436,0.020420484244823456,0.07735016196966171,0.41761067509651184,,,
69.0,70.0,False,,wide,,,,,,,,,,,,,
70.0,71.0,False,,wide,,,,,,,,,,,,,
71.0,72.0,True,otro,closeup,-0.14778432250022888,0.49259206652641296,0.3477973937988281,0.007731934078037739,0.016555165871977806,0.027670061215758324,0.014820566400885582,0.04616420343518257,0.16562500596046448,0.3736356496810913,,,
72.0,73.0,True,otro,closeup,-0.4914136528968811,0.5412070751190186,0.32572612166404724,0.005047042388468981,0.01720038801431656,0.024657176807522774,0.01444493979215622,0.052002955228090286,0.18822641670703888,0.37269502878189087,,,
73.0,74.0,True,otro,closeup,-0.8564192056655884,-0.03129982948303223,0.2348742038011551,0.0031923791393637657,0.04267093166708946,0.014418041333556175,0.012052894569933414,0.06794504821300507,0.14857827126979828,0.4762682020664215,,,
74.0,75.0,True,otro,closeup,-0.8931706547737122,-0.25456440448760986,0.1716672033071518,0.0031601691152900457,0.06241082772612572,0.011836566962301731,0.010054429993033409,0.06595557183027267,0.13610202074050903,0.5388131737709045,,,
75.0,76.0,True,otro,closeup,-0.42655372619628906,0.8329412937164307,0.2135719656944275,0.008714012801647186,0.011097049340605736,0.036987029016017914,0.017149953171610832,0.09629986435174942,0.20350396633148193,0.41267621517181396,,,
76.0,77.0,True,otro,closeup,-0.7087934017181396,0.9348246455192566,0.15487122535705566,0.007705454248934984,0.004917181096971035,0.05396942421793938,0.027661478146910667,0.09738243371248245,0.29958048462867737,0.3539123237133026,,,
77.0,78.0,True,otro,closeup,-0.7719984650611877,0.8563454747200012,0.11225581169128418,0.003035732079297304,0.011715354397892952,0.0498824343085289,0.026631757616996765,0.08976560831069946,0.3909572958946228,0.3157559335231781,,,
78.0,79.0,True,otro,closeup,-0.3515862226486206,0.7111295461654663,0.2536223232746124,0.008559165522456169,0.011977705173194408,0.034479837864637375,0.013041787780821323,0.07447300851345062,0.18746648728847504,0.4163797199726105,,,
79.0,80.0,True,otro,closeup,-0.5706875324249268,0.778142511844635,0.195282444357872,0.00596183305606246,0.011976209469139576,0.03846777230501175,0.016532937064766884,0.08941572904586792,0.24187429249286652,0.40048879384994507,,,
80.0,81.0,True,otro,closeup,-0.39152491092681885,0.7997369766235352,0.15385906398296356,0.008912062272429466,0.01064668595790863,0.05634697526693344,0.02016863040626049,0.09378211945295334,0.3148845136165619,0.3413999378681183,,,
81.0,82.0,True,otro,closeup,-0.6536140441894531,0.6918824315071106,0.13248881697654724,0.004043338354676962,0.011669985018670559,0.035711850970983505,0.012549825944006443,0.1542709320783615,0.33786261081695557,0.31140267848968506,,,
82.0,83.0,True,otro,closeup,-0.6253762245178223,0.5440747737884521,0.1900816112756729,0.004394022282212973,0.02252371236681938,0.01948954351246357,0.01416091714054346,0.0582578219473362,0.2925663888454437,0.39852604269981384,,,
83.0,84.0,True,presidenta,closeup,0.30593445897102356,0.4545280635356903,0.10646876692771912,0.012916920706629753,0.028345489874482155,0.14562278985977173,0.03753935173153877,0.052478231489658356,0.28009334206581116,0.3365350663661957,,,
84.0,85.0,True,presidenta,closeup,0.8489892482757568,0.5563346147537231,0.16319210827350616,0.17156767845153809,0.011137568391859531,0.1282871663570404,0.015215958468616009,0.034651558846235275,0.10465876758098602,0.37128913402557373,,,
85.0,86.0,True,presidenta,closeup,0.7508583068847656,0.2890537977218628,0.3777546286582947,0.0221996046602726,0.02203223668038845,0.09949266910552979,0.020387127995491028,0.023089131340384483,0.10349933803081512,0.3315451443195343,,,
86.0,87.0,True,presidenta,closeup,0.5442359447479248,0.26872214674949646,0.32825949788093567,0.03317844867706299,0.018708130344748497,0.07271161675453186,0.019421754404902458,0.030852435156702995,0.1312798261642456,0.3655882477760315,,,
87.0,88.0,True,presidenta,closeup,0.8343567848205566,0.4475218653678894,0.2457631677389145,0.1481925994157791,0.01502355094999075,0.07154066860675812,0.01666812039911747,0.026279792189598083,0.10490630567073822,0.37162572145462036,,,
88.0,89.0,True,presidenta,closeup,0.5278196334838867,0.7505005598068237,0.12215465307235718,0.04063310846686363,0.010918552987277508,0.16904835402965546,0.033016450703144073,0.05310729891061783,0.21205899119377136,0.35906264185905457,,,
89.0,90.0,True,presidenta,closeup,0.8426127433776855,0.3738444745540619,0.24423877894878387,0.10329842567443848,0.016691390424966812,0.0994003638625145,0.01688849739730358,0.025357268750667572,0.12852276861667633,0.3656025230884552,,,
90.0,91.0,True,presidenta,closeup,0.5214183330535889,0.5014053583145142,0.1469639092683792,0.028202082961797714,0.013984482735395432,0.11066778004169464,0.01727909967303276,0.06689641624689102,0.18521545827388763,0.43079084157943726,,,
91.0,92.0,True,presidenta,closeup,0.7610635757446289,0.6994302868843079,0.1108488067984581,0.1586674004793167,0.01163365039974451,0.23343099653720856,0.031470559537410736,0.032455407083034515,0.16733933985233307,0.2541537880897522,,,
92.0,93.0,True,presidenta,closeup,0.8649457097053528,0.34715065360069275,0.2786189019680023,0.11560339480638504,0.021377380937337875,0.06000680476427078,0.014991410076618195,0.03003731556236744,0.10443925857543945,0.3749256134033203,,,
93.0,94.0,True,presidenta,closeup,0.5062830448150635,0.6186111569404602,0.2511121332645416,0.014065422117710114,0.016957564279437065,0.07792315632104874,0.019530532881617546,0.03768877685070038,0.12157069146633148,0.4611516296863556,,,
94.0,95.0,True,presidenta,closeup,0.6443749666213989,0.1376112997531891,0.1776183396577835,0.03925410285592079,0.022988269105553627,0.15226544439792633,0.02134181186556816,0.025864383205771446,0.2117597907781601,0.3489078879356384,,,
95.0,96.0,True,presidenta,closeup,0.524348258972168,0.38552194833755493,0.1487760841846466,0.04611751809716225,0.01954118348658085,0.1769835501909256,0.025504549965262413,0.03390410915017128,0.21795733273029327,0.33121564984321594,,,
96.0,97.0,True,presidenta,closeup,0.0650017261505127,0.6708983182907104,0.2142881453037262,0.011905020102858543,0.013136683963239193,0.050026532262563705,0.01743321120738983,0.058559123426675797,0.16145050525665283,0.4732007682323456,,,
97.0,98.0,True,presidenta,closeup,0.505649209022522,0.47499048709869385,0.2743532955646515,0.026351070031523705,0.014653200283646584,0.04024029150605202,0.017882321029901505,0.046993739902973175,0.10529476404190063,0.4742312729358673,,,
98.0,99.0,True,presidenta,closeup,0.5413146615028381,0.5174382925033569,0.3523119390010834,0.023121556267142296,0.01363701093941927,0.040660809725522995,0.011795890517532825,0.036551568657159805,0.0938631147146225,0.4280581772327423,,,
99.0,100.0,True,presidenta,closeup,0.6068629026412964,0.6303964257240295,0.24316361546516418,0.05730476975440979,0.012350833043456078,0.06895485520362854,0.017504984512925148,0.038572125136852264,0.1399979442358017,0.4221508204936981,,,
100.0,101.0,True,presidenta,closeup,-0.12065896391868591,0.9043974280357361,0.09652815759181976,0.015575028955936432,0.008032036013901234,0.1712452918291092,0.034054648131132126,0.08351143449544907,0.19902630150318146,0.39202702045440674,,,
101.0,102.0,True,presidenta,closeup,0.8078554272651672,0.5115201473236084,0.3283454477787018,0.09996065497398376,0.010481713339686394,0.05641159042716026,0.01283702626824379,0.026552163064479828,0.07453057914972305,0.390880823135376,,,
102.0,103.0,True,presidenta,closeup,0.4746229946613312,0.44466495513916016,0.30555081367492676,0.01968340389430523,0.02384793572127819,0.04743517190217972,0.021397782489657402,0.03671970218420029,0.11085139214992523,0.4345138669013977,,,
103.0,104.0,True,presidenta,closeup,0.41969120502471924,0.7069031000137329,0.2197449505329132,0.023268723860383034,0.015470596961677074,0.09442873299121857,0.03206135705113411,0.043993689119815826,0.13756082952022552,0.43347108364105225,,,
104.0,105.0,True,presidenta,closeup,0.7544498443603516,0.3108275234699249,0.33457112312316895,0.05974565073847771,0.020182279869914055,0.03437526896595955,0.014952397905290127,0.031123433262109756,0.07740223407745361,0.4276476204395294,,,
105.0,106.0,True,presidenta,closeup,-0.391212522983551,0.2474011778831482,0.30036333203315735,0.0027277295012027025,0.04002343490719795,0.021607087925076485,0.015468273311853409,0.04361331835389137,0.11751812696456909,0.458678662776947,,,
106.0,107.0,True,presidenta,closeup,0.7204079627990723,0.31611326336860657,0.4357190728187561,0.019608618691563606,0.017109548673033714,0.03170213848352432,0.011594904586672783,0.018432868644595146,0.059148333966732025,0.40668442845344543,,,
107.0,108.0,True,presidenta,closeup,-0.0735340416431427,0.4017784595489502,0.3388105034828186,0.008549058809876442,0.01458648219704628,0.03832761198282242,0.017564738169312477,0.03617419674992561,0.1180068776011467,0.42798054218292236,,,
108.0,109.0,True,presidenta,closeup,0.5787490606307983,0.17139992117881775,0.3524380922317505,0.014512792229652405,0.023541437461972237,0.033551573753356934,0.016083335503935814,0.026412220671772957,0.08541025221347809,0.44805023074150085,,,
109.0,110.0,True,presidenta,closeup,0.5180681943893433,0.3298770785331726,0.3247855305671692,0.011978589929640293,0.017986325547099113,0.03208687901496887,0.011998689733445644,0.02480097860097885,0.07669380307197571,0.49966922402381897,,,
110.0,111.0,True,presidenta,closeup,0.4119794964790344,0.20912781357765198,0.3551827371120453,0.006082458887249231,0.020857200026512146,0.022691790014505386,0.009846040047705173,0.029248051345348358,0.07538782060146332,0.4807038903236389,,,
111.0,112.0,True,presidenta,closeup,0.7960137128829956,0.5912378430366516,0.27941691875457764,0.07034184038639069,0.011982375755906105,0.10450238734483719,0.024954024702310562,0.032759636640548706,0.09294252842664719,0.383100301027298,,,
112.0,113.0,True,presidenta,closeup,0.7554025650024414,0.450545072555542,0.32386717200279236,0.04008437320590019,0.019250063225626945,0.08387546986341476,0.023808961734175682,0.02653275430202484,0.10001001507043839,0.38257116079330444,,,
113.0,114.0,True,presidenta,closeup,0.3026057183742523,0.25812020897865295,0.3048093318939209,0.005406778305768967,0.03754419460892677,0.03394822031259537,0.01950523816049099,0.03382941707968712,0.09363174438476562,0.4713250696659088,,,
114.0,115.0,True,presidenta,closeup,0.5485166311264038,0.5047143697738647,0.2959202527999878,0.027982225641608238,0.015530809760093689,0.05366191267967224,0.01951916329562664,0.03301363065838814,0.0926412045955658,0.4617307484149933,,,
115.0,116.0,True,presidenta,closeup,0.43661385774612427,0.6639540195465088,0.27718713879585266,0.02079588733613491,0.01300350483506918,0.07125883549451828,0.01894615963101387,0.045227598398923874,0.11505880951881409,0.4385221302509308,,,
116.0,117.0,True,presidenta,closeup,0.5785982608795166,0.6353905200958252,0.2139926701784134,0.03107963316142559,0.012598329223692417,0.07866495847702026,0.02803432196378708,0.05447450280189514,0.1198333352804184,0.46132224798202515,,,
117.0,118.0,True,presidenta,closeup,0.7977586388587952,0.4893176853656769,0.3278087377548218,0.0667383223772049,0.010845872573554516,0.0643780305981636,0.017689207568764687,0.024869000539183617,0.08620049059391022,0.4014703929424286,,,
118.0,119.0,True,presidenta,closeup,0.2656096816062927,0.4404101073741913,0.3259614408016205,0.008373179472982883,0.018273059278726578,0.040567684918642044,0.015605243854224682,0.027509888634085655,0.10388234257698059,0.45982712507247925,,,
119.0,120.0,True,presidenta,closeup,0.25607219338417053,0.40900325775146484,0.3004775643348694,0.0070897964760661125,0.02131575718522072,0.03154270723462105,0.01414886862039566,0.029123255982995033,0.09188604354858398,0.5044160485267639,,,
120.0,121.0,True,presidenta,closeup,-0.1495588719844818,0.4665237069129944,0.2027980536222458,0.004221372772008181,0.017843667417764664,0.05662504956126213,0.025947939604520798,0.04343225061893463,0.12349513918161392,0.5256364941596985,,,
121.0,122.0,True,presidenta,closeup,0.37278449535369873,0.4950474202632904,0.27165475487709045,0.01384503860026598,0.013147499412298203,0.053233563899993896,0.013611308299005032,0.03618057817220688,0.11030429601669312,0.4880230128765106,,,
122.0,123.0,True,presidenta,closeup,0.35712090134620667,0.4283842444419861,0.32157963514328003,0.008648695424199104,0.013931570574641228,0.050967663526535034,0.01455487497150898,0.025151243433356285,0.09387875348329544,0.4712875485420227,,,
123.0,124.0,True,presidenta,closeup,0.29120585322380066,0.541726291179657,0.27390745282173157,0.013940112665295601,0.013773305341601372,0.04764620214700699,0.018339823931455612,0.044150929898023605,0.150650754570961,0.43759140372276306,,,
124.0,125.0,True,presidenta,closeup,0.4907822608947754,0.6183959245681763,0.24567730724811554,0.02534320391714573,0.010707542300224304,0.06201460584998131,0.014930084347724915,0.04451541602611542,0.11918260157108307,0.47762924432754517,,,
125.0,126.0,True,presidenta,closeup,0.3298100233078003,0.09559246897697449,0.3124188482761383,0.007856296375393867,0.029418926686048508,0.03374480828642845,0.01701252907514572,0.02781655080616474,0.09490194916725159,0.47683006525039673,,,
126.0,127.0,True,presidenta,closeup,0.4045095443725586,0.2986641228199005,0.36092621088027954,0.012135609984397888,0.017478210851550102,0.029088472947478294,0.015134327113628387,0.0300406776368618,0.09703067690134048,0.4381658434867859,,,
127.0,128.0,True,presidenta,closeup,0.5810704231262207,0.5738372802734375,0.31754210591316223,0.019626514986157417,0.010738378390669823,0.036792028695344925,0.010820887982845306,0.02330838516354561,0.08742082864046097,0.4937508702278137,,,
128.0,129.0,True,presidenta,closeup,0.2371617555618286,0.45397377014160156,0.33459368348121643,0.009432555176317692,0.011745773255825043,0.03180848807096481,0.011234655044972897,0.03584059700369835,0.12001662701368332,0.44532766938209534,,,
129.0,130.0,True,presidenta,closeup,0.7991440296173096,0.07999247312545776,0.3457476496696472,0.031029129400849342,0.035571202635765076,0.06244465336203575,0.018450498580932617,0.022997956722974777,0.07470078766345978,0.4090581238269806,,,
130.0,131.0,True,presidenta,closeup,0.5310217142105103,0.36592599749565125,0.3712517023086548,0.014412463642656803,0.017088240012526512,0.054678432643413544,0.01639309711754322,0.02431155927479267,0.10375004261732101,0.39811456203460693,,,
131.0,132.0,True,presidenta,closeup,0.4701051712036133,0.3883201479911804,0.3439233899116516,0.014909276738762856,0.02639554999768734,0.04014471173286438,0.017358209937810898,0.036902397871017456,0.09427284449338913,0.42609360814094543,,,
132.0,133.0,True,presidenta,closeup,0.4940168559551239,0.44694197177886963,0.3716092109680176,0.011878143064677715,0.014085439033806324,0.03657127544283867,0.01177372969686985,0.03134961053729057,0.09264589101076126,0.4300866425037384,,,
133.0,134.0,True,presidenta,closeup,0.04290783405303955,0.5979794263839722,0.22559209167957306,0.0075541152618825436,0.01519689243286848,0.05567144975066185,0.020731989294290543,0.05451064929366112,0.1339835822582245,0.486759215593338,,,
134.0,135.0,True,presidenta,closeup,0.30171796679496765,0.3149746060371399,0.3614080846309662,0.00913053099066019,0.015117291361093521,0.0465204156935215,0.012697848491370678,0.031253036111593246,0.12217937409877777,0.4016934335231781,,,
135.0,136.0,True,presidenta,closeup,0.3504732847213745,0.44348645210266113,0.26821574568748474,0.01038557942956686,0.017889369279146194,0.06246994435787201,0.020950743928551674,0.0351053923368454,0.11654737591743469,0.4684358537197113,,,
136.0,137.0,True,presidenta,closeup,0.6564466953277588,0.5164300203323364,0.31012263894081116,0.046754322946071625,0.012904266826808453,0.06203242763876915,0.01770545169711113,0.03409567102789879,0.08185715973377228,0.43452808260917664,,,
137.0,138.0,True,presidenta,closeup,0.8987628817558289,0.44473662972450256,0.30663904547691345,0.10702503472566605,0.013679451309144497,0.08608122169971466,0.014585980214178562,0.021644873544573784,0.07981996238231659,0.37052443623542786,,,
138.0,139.0,True,presidenta,closeup,0.6774983406066895,0.3558029532432556,0.33407115936279297,0.026987165212631226,0.022956617176532745,0.06498122215270996,0.0206049345433712,0.023747198283672333,0.07813870161771774,0.4285130202770233,,,
139.0,140.0,True,presidenta,closeup,0.7043022513389587,0.5957199335098267,0.33621546626091003,0.07579915225505829,0.009855648502707481,0.042616214603185654,0.011371034197509289,0.02422429993748665,0.08941614627838135,0.4105021059513092,,,
140.0,141.0,True,presidenta,closeup,0.4333268404006958,0.4223499298095703,0.2767745554447174,0.018943050876259804,0.016519421711564064,0.03970155492424965,0.016663677990436554,0.03211144357919693,0.10276024788618088,0.49652600288391113,,,
141.0,142.0,True,presidenta,closeup,0.4864645302295685,0.16177260875701904,0.41543295979499817,0.008185252547264099,0.01572757586836815,0.018385766074061394,0.006513538304716349,0.012251567095518112,0.05768729746341705,0.46581602096557617,,,
142.0,143.0,True,presidenta,closeup,0.26361992955207825,0.289743036031723,0.3595818877220154,0.005657189525663853,0.01598762720823288,0.029263421893119812,0.009423277340829372,0.024850184097886086,0.07712750136852264,0.4781090021133423,,,
143.0,144.0,True,presidenta,closeup,0.689908504486084,0.39056578278541565,0.3962636888027191,0.023988980799913406,0.012041485868394375,0.05457422509789467,0.009742104448378086,0.024022677913308144,0.08737752586603165,0.3919893503189087,,,
144.0,145.0,True,presidenta,closeup,-0.2113620936870575,0.6417739391326904,0.194820374250412,0.007555435411632061,0.010513518936932087,0.053834300488233566,0.017185190692543983,0.052564166486263275,0.2060462385416031,0.4574807286262512,,,
145.0,146.0,True,presidenta,closeup,0.17093288898468018,0.2532147467136383,0.27020686864852905,0.01068827509880066,0.027215605601668358,0.05957695469260216,0.024034690111875534,0.038182925432920456,0.1710057258605957,0.399088978767395,,,
146.0,147.0,True,presidenta,closeup,0.5892035961151123,0.24498072266578674,0.3225719928741455,0.015063805505633354,0.020425992086529732,0.06194055825471878,0.017731066793203354,0.032070890069007874,0.0901884138584137,0.4400072991847992,,,
147.0,148.0,True,presidenta,closeup,-0.041723817586898804,0.5163735151290894,0.2730249762535095,0.00749029079452157,0.01465409155935049,0.04231255501508713,0.017168743535876274,0.050603531301021576,0.1118745505809784,0.48287123441696167,,,
148.0,149.0,True,presidenta,closeup,0.20498761534690857,0.2982330620288849,0.31818732619285583,0.010506672784686089,0.019466407597064972,0.03922359272837639,0.017714697867631912,0.04703030362725258,0.10592835396528244,0.44194266200065613,,,
149.0,150.0,True,presidenta,closeup,0.483155757188797,0.30891457200050354,0.3155807852745056,0.014172175899147987,0.021608471870422363,0.060203809291124344,0.02039388380944729,0.038827747106552124,0.10024131089448929,0.4289717674255371,,,
150.0,151.0,True,presidenta,closeup,0.4426041841506958,0.37280890345573425,0.42196327447891235,0.015571200288832188,0.014937400817871094,0.036938950419425964,0.014526204206049442,0.023128271102905273,0.09004154056310654,0.3828931748867035,,,
151.0,152.0,True,presidenta,closeup,-0.13623636960983276,0.3915036916732788,0.3574625253677368,0.006579144392162561,0.0213159192353487,0.034480221569538116,0.015936745330691338,0.03894731402397156,0.10755615681409836,0.4177219569683075,,,
152.0,153.0,True,presidenta,closeup,-0.12517309188842773,0.3730584681034088,0.3019963502883911,0.00377840269356966,0.034494608640670776,0.03471873328089714,0.023301230743527412,0.03617245331406593,0.10229413956403732,0.46324411034584045,,,
153.0,154.0,True,presidenta,closeup,0.22591841220855713,0.44871407747268677,0.4139381945133209,0.007526325061917305,0.013775398023426533,0.024149062111973763,0.010597140528261662,0.02399054728448391,0.06303103268146515,0.44299235939979553,,,
154.0,155.0,True,presidenta,closeup,0.10441917181015015,0.559331476688385,0.30790284276008606,0.004717807285487652,0.012402898631989956,0.03997962549328804,0.014635498635470867,0.036060139536857605,0.08744920790195465,0.49685201048851013,,,
155.0,156.0,True,presidenta,closeup,0.2845923900604248,0.46614229679107666,0.32824838161468506,0.008723115548491478,0.017994223162531853,0.041858214884996414,0.016129055991768837,0.03453482314944267,0.10564976185560226,0.44686248898506165,,,
156.0,157.0,True,presidenta,closeup,0.1975235939025879,0.3005172610282898,0.27650710940361023,0.006225333549082279,0.02771754562854767,0.04427194595336914,0.016602320596575737,0.03812144324183464,0.12972253561019897,0.46083179116249084,,,
157.0,158.0,True,presidenta,closeup,0.41938310861587524,0.541804313659668,0.23263563215732574,0.014177648350596428,0.011506550014019012,0.140415221452713,0.021159997209906578,0.03949157893657684,0.13404062390327454,0.40657278895378113,,,
158.0,159.0,True,presidenta,closeup,0.6096295714378357,0.1367553472518921,0.41369885206222534,0.022157995030283928,0.01817118190228939,0.04344220459461212,0.012367526069283485,0.021689048036932945,0.08028250932693481,0.38819071650505066,,,
159.0,160.0,True,presidenta,closeup,0.3895344138145447,0.23118674755096436,0.2861916124820709,0.014199835248291492,0.025356261059641838,0.056682292371988297,0.01837041601538658,0.0344226248562336,0.16777408123016357,0.3970029056072235,,,
160.0,161.0,True,presidenta,closeup,0.33108821511268616,0.4368593394756317,0.38750338554382324,0.01040224451571703,0.02131025865674019,0.04175659641623497,0.015506381168961525,0.02904248610138893,0.1113218292593956,0.3831568956375122,,,
161.0,162.0,True,presidenta,closeup,0.13483449816703796,0.4295656681060791,0.3490414321422577,0.007628565654158592,0.0214243046939373,0.052991028875112534,0.01668848656117916,0.04207222908735275,0.12639766931533813,0.3837563395500183,,,
162.0,163.0,True,presidenta,closeup,0.3765019178390503,0.3148066997528076,0.32196876406669617,0.010698960162699223,0.02527906373143196,0.03480508551001549,0.01660434901714325,0.03283755108714104,0.08890736103057861,0.4688988924026489,,,
163.0,164.0,True,presidenta,closeup,0.40126287937164307,0.4126143455505371,0.3413865268230438,0.016836339607834816,0.014745457097887993,0.03315194696187973,0.01117299497127533,0.03341849148273468,0.09202850610017776,0.45725977420806885,,,
164.0,165.0,True,presidenta,closeup,0.416667103767395,0.4198538064956665,0.31728053092956543,0.021199552342295647,0.015423965640366077,0.04820398613810539,0.014658790081739426,0.036780234426259995,0.09562798589468002,0.4508248567581177,,,
165.0,166.0,True,presidenta,closeup,0.6574023365974426,0.17643603682518005,0.43032607436180115,0.020888393744826317,0.015407253988087177,0.04278900846838951,0.0161768589168787,0.020948002114892006,0.07094995677471161,0.38251444697380066,,,
166.0,167.0,True,presidenta,closeup,0.5968592166900635,0.46017956733703613,0.222486674785614,0.01917298510670662,0.016758505254983902,0.09898415207862854,0.03014918975532055,0.05784502997994423,0.12141332775354385,0.43319007754325867,,,
167.0,168.0,True,presidenta,closeup,0.6416618824005127,0.6122683882713318,0.23596137762069702,0.05191130191087723,0.013363845646381378,0.09222684800624847,0.02648390643298626,0.03925257548689842,0.09665152430534363,0.4441486597061157,,,
168.0,169.0,True,presidenta,closeup,0.32728683948516846,0.328517347574234,0.3008400797843933,0.012148994021117687,0.01938452757894993,0.053585734218358994,0.018667057156562805,0.04186343401670456,0.11699723452329636,0.43651288747787476,,,
169.0,170.0,True,presidenta,closeup,0.3266323208808899,0.3681911826133728,0.230311319231987,0.005926311947405338,0.03235135227441788,0.05759930610656738,0.026910439133644104,0.04402211681008339,0.10667983442544937,0.4961993396282196,,,
170.0,171.0,True,presidenta,closeup,0.7529105544090271,0.3360540568828583,0.25771471858024597,0.039947379380464554,0.01733531430363655,0.08415406942367554,0.021289708092808723,0.036662984639406204,0.08378317952156067,0.45911261439323425,,,
171.0,172.0,True,presidenta,closeup,0.08749276399612427,0.33691835403442383,0.38183727860450745,0.005367620382457972,0.020519902929663658,0.025694146752357483,0.015205067582428455,0.026547042652964592,0.08269473910331726,0.44213417172431946,,,
172.0,173.0,True,presidenta,closeup,0.30096662044525146,0.3207062780857086,0.3728090822696686,0.007060915231704712,0.018243124708533287,0.03367481008172035,0.011003459803760052,0.02444518730044365,0.09748781472444534,0.4352756142616272,,,
173.0,174.0,True,presidenta,closeup,0.4115220904350281,0.44506874680519104,0.2902332544326782,0.01449563167989254,0.015727238729596138,0.04635791853070259,0.012202450074255466,0.04973208159208298,0.10137446969747543,0.4698769152164459,,,
174.0,175.0,True,presidenta,closeup,0.4152262210845947,0.36795923113822937,0.33443018794059753,0.011687072925269604,0.01657320186495781,0.04806029051542282,0.011190786026418209,0.037528324872255325,0.09003796428442001,0.4504922032356262,,,
175.0,176.0,True,presidenta,closeup,0.1322891116142273,0.41465386748313904,0.3004683554172516,0.009408361278474331,0.01674056611955166,0.053049467504024506,0.018891718238592148,0.04888772964477539,0.11857809871435165,0.4339756965637207,,,
176.0,177.0,True,presidenta,closeup,-0.1980985701084137,0.563538670539856,0.2662630081176758,0.003299940377473831,0.014986961148679256,0.05450775474309921,0.01754746027290821,0.032991331070661545,0.13734544813632965,0.47305816411972046,,,
177.0,178.0,True,presidenta,closeup,0.3054172694683075,0.35958072543144226,0.3454647660255432,0.00807704497128725,0.014952891506254673,0.03509841859340668,0.014422501437366009,0.021788885816931725,0.09333408623933792,0.46686142683029175,,,
178.0,179.0,True,presidenta,closeup,0.2786353528499603,0.6207496523857117,0.13476772606372833,0.0170190017670393,0.021143143996596336,0.13188371062278748,0.033696629106998444,0.03965216502547264,0.2691875100135803,0.35265013575553894,,,
179.0,180.0,True,presidenta,closeup,0.2837330102920532,0.5611557364463806,0.24220772087574005,0.015135081484913826,0.02884487435221672,0.10746190696954727,0.03728081285953522,0.037927206605672836,0.13261286914348602,0.3985295295715332,,,
180.0,181.0,True,presidenta,closeup,0.5595697164535522,0.15977078676223755,0.3956543207168579,0.010667841881513596,0.022669045254588127,0.039704374969005585,0.015565779060125351,0.02094000205397606,0.08973809331655502,0.4050604999065399,,,
181.0,182.0,True,presidenta,closeup,-0.3193182945251465,0.6149024963378906,0.23682095110416412,0.0034355735406279564,0.025376994162797928,0.07655058801174164,0.03777163848280907,0.04758354276418686,0.15252356231212616,0.4199371337890625,,,
182.0,183.0,True,presidenta,closeup,0.3470948040485382,0.3749643862247467,0.2813815176486969,0.009536550380289555,0.03511429205536842,0.08481600135564804,0.037852704524993896,0.033813297748565674,0.10556673258543015,0.41191890835762024,,,
183.0,184.0,True,presidenta,closeup,-0.07907724380493164,0.40527138113975525,0.2667679786682129,0.0049055516719818115,0.03098985180258751,0.04992537572979927,0.021993407979607582,0.03622301667928696,0.1349858194589615,0.4542089104652405,,,
184.0,185.0,True,presidenta,closeup,0.47147926688194275,0.13754883408546448,0.3369591236114502,0.014592521823942661,0.01917109079658985,0.04739599674940109,0.013804851099848747,0.028056437149643898,0.10900324583053589,0.431016743183136,,,
185.0,186.0,True,presidenta,closeup,0.45798811316490173,0.3286379873752594,0.3157736659049988,0.015073261223733425,0.017128797248005867,0.04790320619940758,0.01382390595972538,0.03590916097164154,0.10323534905910492,0.45115265250205994,,,
186.0,187.0,True,presidenta,closeup,0.3749936521053314,0.3698733150959015,0.284027636051178,0.01608586125075817,0.024940453469753265,0.05575379356741905,0.019029652699828148,0.03416547179222107,0.11515725404024124,0.45083996653556824,,,
187.0,188.0,True,presidenta,closeup,0.5620079040527344,0.5691490769386292,0.14805451035499573,0.01676497794687748,0.015445196069777012,0.19086235761642456,0.031542859971523285,0.040086038410663605,0.15885747969150543,0.3983866274356842,,,
188.0,189.0,True,presidenta,closeup,0.7083386182785034,0.37315309047698975,0.4036861062049866,0.036885034292936325,0.018603868782520294,0.056142427027225494,0.016712849959731102,0.02180103398859501,0.07104942947626114,0.3751191794872284,,,
189.0,190.0,True,presidenta,closeup,0.3975469768047333,0.6218134164810181,0.23928500711917877,0.028336653485894203,0.014103786088526249,0.09576699882745743,0.026169270277023315,0.05186006799340248,0.1446700543165207,0.3998081386089325,,,
190.0,191.0,True,presidenta,closeup,0.22647857666015625,0.4550083875656128,0.24222074449062347,0.01237689983099699,0.01813524030148983,0.0814402624964714,0.02804137021303177,0.050969626754522324,0.14950405061244965,0.4173118770122528,,,
191.0,192.0,True,presidenta,closeup,0.22675710916519165,0.268486350774765,0.2742270529270172,0.006100015714764595,0.02832762897014618,0.06227494776248932,0.02106715366244316,0.031056324020028114,0.12156049907207489,0.45538634061813354,,,
192.0,193.0,True,presidenta,closeup,-0.2599782943725586,0.5906956195831299,0.18201668560504913,0.0037992156576365232,0.023215658962726593,0.07655340433120728,0.03462466597557068,0.04244093596935272,0.18745027482509613,0.449899286031723,,,
193.0,194.0,True,presidenta,closeup,0.651095986366272,0.26036712527275085,0.36076709628105164,0.024784082546830177,0.021311815828084946,0.05650670453906059,0.017425203695893288,0.023088771849870682,0.09358589351177216,0.40253040194511414,,,
194.0,195.0,True,presidenta,closeup,-0.09672725200653076,0.36498725414276123,0.24693718552589417,0.004841623827815056,0.02446112222969532,0.034587059170007706,0.020483694970607758,0.060028720647096634,0.130277618765831,0.47838303446769714,,,
195.0,196.0,True,presidenta,closeup,0.39508065581321716,0.11328402161598206,0.3394041359424591,0.010215163230895996,0.023359384387731552,0.03954208269715309,0.015317668206989765,0.036119841039180756,0.1164739727973938,0.41956767439842224,,,
196.0,197.0,True,presidenta,closeup,0.31891095638275146,0.26400434970855713,0.3648603856563568,0.007567347027361393,0.019789567217230797,0.0365639254450798,0.011750193312764168,0.028897052630782127,0.07951833307743073,0.4510532021522522,,,
197.0,198.0,True,presidenta,closeup,0.35975927114486694,0.37139222025871277,0.3254062533378601,0.010663093067705631,0.02097219042479992,0.04381219670176506,0.013435367494821548,0.037031956017017365,0.10714162886142731,0.4415373206138611,,,
198.0,199.0,True,presidenta,closeup,-0.08052048087120056,0.4182727634906769,0.255874902009964,0.0035791692789644003,0.02007417008280754,0.05126989260315895,0.018942438066005707,0.042178813368082047,0.16075952351093292,0.4473210871219635,,,
199.0,200.0,True,presidenta,closeup,0.0869046151638031,0.3734879493713379,0.2884816825389862,0.007922978140413761,0.019319383427500725,0.05624934658408165,0.01909933052957058,0.048393186181783676,0.1359349936246872,0.4245990514755249,,,
200.0,201.0,True,presidenta,closeup,0.2810288667678833,0.329529732465744,0.30325737595558167,0.009461265057325363,0.0217405054718256,0.031077399849891663,0.013342599384486675,0.03525684401392937,0.09993749856948853,0.4859265387058258,,,
201.0,202.0,True,presidenta,closeup,0.5838093161582947,0.17823028564453125,0.3482729494571686,0.01871601492166519,0.015565506182610989,0.049264490604400635,0.009705602191388607,0.03801542520523071,0.12560421228408813,0.3948557674884796,,,
202.0,203.0,True,presidenta,closeup,0.6825506687164307,0.34456002712249756,0.3402775228023529,0.01937985047698021,0.02159896120429039,0.06856318563222885,0.018427535891532898,0.020076490938663483,0.09162241220474243,0.42005404829978943,,,
203.0,204.0,True,presidenta,closeup,0.4013521373271942,0.2789353132247925,0.3486637771129608,0.009122519753873348,0.023648593574762344,0.0347263440489769,0.013866904191672802,0.030811592936515808,0.09673266857862473,0.4424276053905487,,,
204.0,205.0,True,presidenta,closeup,0.6861659288406372,0.12436118721961975,0.2928052246570587,0.019972026348114014,0.026161611080169678,0.07518325746059418,0.026562638580799103,0.030160386115312576,0.11395803838968277,0.41519683599472046,,,
205.0,206.0,True,presidenta,closeup,0.25020498037338257,0.34478315711021423,0.3599766790866852,0.007139808963984251,0.01960945688188076,0.03268134966492653,0.016274476423859596,0.03320642188191414,0.08527062088251114,0.4458411931991577,,,
206.0,207.0,True,presidenta,closeup,0.42430374026298523,0.3486793339252472,0.29428544640541077,0.013297002762556076,0.018398938700556755,0.035524170845746994,0.013096952810883522,0.03513498604297638,0.07168575376272202,0.5185768008232117,,,
207.0,208.0,True,presidenta,closeup,-0.1414828896522522,0.6505682468414307,0.21088889241218567,0.003381977556273341,0.01891801320016384,0.054861608892679214,0.027850113809108734,0.05837871506810188,0.1356496959924698,0.4900709390640259,,,
208.0,209.0,True,presidenta,closeup,0.3579857647418976,0.0803067684173584,0.3388231098651886,0.005761205684393644,0.03044917620718479,0.037823017686605453,0.01825152523815632,0.03086671605706215,0.11375980079174042,0.42426541447639465,,,
209.0,210.0,True,presidenta,closeup,0.3286179304122925,0.1916433870792389,0.3512599766254425,0.006626723799854517,0.026028288528323174,0.031098101288080215,0.015902595594525337,0.03251343593001366,0.10536260902881622,0.4312083423137665,,,
210.0,211.0,True,presidenta,closeup,0.32413449883461,0.5526703596115112,0.2487652450799942,0.0100569361820817,0.02092401310801506,0.06036952883005142,0.021381964907050133,0.046663083136081696,0.1352754384279251,0.4565637707710266,,,
211.0,212.0,True,presidenta,closeup,0.5245374441146851,0.3781580924987793,0.3145298659801483,0.015870893374085426,0.019818704575300217,0.05257818475365639,0.018293384462594986,0.03316860273480415,0.10275531560182571,0.44298502802848816,,,
212.0,213.0,True,presidenta,closeup,0.0814346969127655,0.2451384961605072,0.28894662857055664,0.007730002515017986,0.023626673966646194,0.03878381848335266,0.013191000558435917,0.044065289199352264,0.11896585673093796,0.4646907150745392,,,
213.0,214.0,True,presidenta,closeup,0.365194171667099,0.4606676399707794,0.2478475123643875,0.026330407708883286,0.013880140148103237,0.057618990540504456,0.01413382962346077,0.04716356843709946,0.10756789147853851,0.4854576885700226,,,
214.0,215.0,True,presidenta,closeup,0.4823310971260071,0.34060657024383545,0.3425024747848511,0.013719475828111172,0.02082817070186138,0.06323663890361786,0.022484106943011284,0.02182561345398426,0.11296148598194122,0.40244200825691223,,,
215.0,216.0,True,presidenta,closeup,0.3718615174293518,0.39203712344169617,0.3222930133342743,0.015084757469594479,0.0157111044973135,0.04981278255581856,0.016064902767539024,0.040398407727479935,0.11698085814714432,0.4236542284488678,,,
216.0,217.0,True,presidenta,closeup,0.3471921384334564,0.20053279399871826,0.3382686674594879,0.008472021669149399,0.02643584832549095,0.03897622600197792,0.01835375837981701,0.026618920266628265,0.08628612011671066,0.456588476896286,,,
217.0,218.0,True,presidenta,closeup,0.5887812972068787,0.3753229081630707,0.2786821722984314,0.025220414623618126,0.02426106110215187,0.08201565593481064,0.026758091524243355,0.03216340392827988,0.13174575567245483,0.3991534113883972,,,
218.0,219.0,True,presidenta,closeup,0.6028515696525574,-0.21483653783798218,0.3940577208995819,0.011017268523573875,0.032186251133680344,0.027436239644885063,0.01395945344120264,0.01840491220355034,0.0751929059624672,0.4277452528476715,,,
219.0,220.0,True,presidenta,closeup,-0.12714722752571106,0.5840350985527039,0.323091059923172,0.0055456203408539295,0.01888860948383808,0.0341106578707695,0.020828746259212494,0.051229409873485565,0.12656505405902863,0.4197409152984619,,,
220.0,221.0,True,presidenta,closeup,0.5523233413696289,0.4776346683502197,0.36225759983062744,0.024365965276956558,0.014764011837542057,0.0726662427186966,0.015838732942938805,0.03623581305146217,0.10889431089162827,0.36497732996940613,,,
221.0,222.0,True,presidenta,closeup,0.3267907500267029,0.2613844871520996,0.291998028755188,0.005568074528127909,0.02846880815923214,0.05868307873606682,0.020136259496212006,0.03557952865958214,0.113780677318573,0.4457855522632599,,,
222.0,223.0,True,presidenta,closeup,0.6092183589935303,0.7142903804779053,0.20924578607082367,0.05189714953303337,0.009574019350111485,0.11503312736749649,0.02262416109442711,0.03328811004757881,0.13670726120471954,0.42163047194480896,,,
223.0,224.0,True,presidenta,closeup,0.4954402446746826,0.491864413022995,0.26354703307151794,0.019465921446681023,0.015455665998160839,0.07657581567764282,0.018958237022161484,0.03240394592285156,0.1192464679479599,0.4543468654155731,,,
224.0,225.0,True,presidenta,closeup,0.212121844291687,0.09948095679283142,0.32923179864883423,0.0065221721306443214,0.020727647468447685,0.0507977120578289,0.013544988818466663,0.01770198717713356,0.1300644427537918,0.43140923976898193,,,
225.0,226.0,True,presidenta,closeup,0.35700201988220215,0.31716403365135193,0.2980683147907257,0.013922286219894886,0.01665986143052578,0.06374373286962509,0.018584569916129112,0.026509592309594154,0.129757359623909,0.4327543377876282,,,
226.0,227.0,True,presidenta,closeup,0.16412341594696045,0.5341253876686096,0.22883078455924988,0.01126942504197359,0.017335211858153343,0.09569109976291656,0.02778026834130287,0.04409771040081978,0.13505859673023224,0.43993687629699707,,,
227.0,228.0,True,presidenta,closeup,0.2751157581806183,0.5943632125854492,0.2793833911418915,0.01316702738404274,0.01778332144021988,0.09264151751995087,0.029305871576070786,0.04496407136321068,0.1383446305990219,0.38441017270088196,,,
228.0,229.0,True,presidenta,closeup,0.7480924725532532,0.3587438464164734,0.3302731215953827,0.04365004599094391,0.024606529623270035,0.09386392682790756,0.029885729774832726,0.023437298834323883,0.11702471971511841,0.3372586667537689,,,
229.0,230.0,True,presidenta,closeup,0.6721128225326538,0.21429815888404846,0.3633817136287689,0.015821263194084167,0.028788287192583084,0.06189120560884476,0.020212016999721527,0.0177047960460186,0.08583282679319382,0.40636786818504333,,,
230.0,231.0,True,presidenta,closeup,0.1593492329120636,0.4833129346370697,0.2700856924057007,0.00847642496228218,0.04734877124428749,0.08267676830291748,0.04786050692200661,0.02924666553735733,0.18259355425834656,0.3317115306854248,,,
231.0,232.0,True,presidenta,closeup,-0.29476284980773926,0.7089866995811462,0.14529535174369812,0.004180531017482281,0.029192352667450905,0.06457694619894028,0.04358132928609848,0.06536956876516342,0.2145807147026062,0.4332231879234314,,,
232.0,233.0,True,presidenta,closeup,0.1520388126373291,0.5352517366409302,0.24989932775497437,0.010108863934874535,0.04588540643453598,0.07713773101568222,0.03139062970876694,0.03411480039358139,0.14438340067863464,0.40707987546920776,,,
233.0,234.0,True,presidenta,closeup,0.5778625011444092,0.36820849776268005,0.32400476932525635,0.012368687428534031,0.021684881299734116,0.0527137853205204,0.020554272457957268,0.02351689152419567,0.09801443666219711,0.4471423625946045,,,
234.0,235.0,True,presidenta,closeup,0.5544371008872986,0.3298802077770233,0.3141946792602539,0.018357006832957268,0.022403283044695854,0.046046219766139984,0.0241031963378191,0.0255553238093853,0.08555537462234497,0.46378493309020996,,,
235.0,236.0,True,presidenta,closeup,0.41732558608055115,0.5058199167251587,0.29199638962745667,0.012331575155258179,0.0152262132614851,0.07744567841291428,0.01854986697435379,0.029661092907190323,0.13229086995124817,0.42249828577041626,,,
236.0,237.0,True,presidenta,closeup,0.6859702467918396,0.5681040287017822,0.2800758183002472,0.04797789826989174,0.011005776934325695,0.06763690710067749,0.017315641045570374,0.02455415204167366,0.10600472241640091,0.44542911648750305,,,
237.0,238.0,True,presidenta,closeup,0.18615862727165222,0.61735999584198,0.24491284787654877,0.010284414514899254,0.012509484775364399,0.0499098114669323,0.01479567214846611,0.03479381650686264,0.12341184914112091,0.5093820691108704,,,
238.0,239.0,True,presidenta,closeup,0.41155534982681274,0.1879546344280243,0.3532997965812683,0.007906543090939522,0.022914960980415344,0.058408964425325394,0.013527429662644863,0.023191507905721664,0.10958441346883774,0.41116636991500854,,,
239.0,240.0,True,presidenta,closeup,0.1297396719455719,0.35190942883491516,0.2877432703971863,0.005032608285546303,0.01609419845044613,0.08377592265605927,0.020329805091023445,0.02895577810704708,0.16508489847183228,0.39298346638679504,,,
240.0,241.0,True,presidenta,closeup,0.122795969247818,0.30230528116226196,0.34015828371047974,0.004298890475183725,0.022199241444468498,0.03207622095942497,0.014826619066298008,0.026249583810567856,0.1158692017197609,0.44432201981544495,,,
241.0,242.0,True,presidenta,closeup,0.2282508909702301,0.499081015586853,0.24133267998695374,0.00849449634552002,0.01937980391085148,0.08817868679761887,0.029172448441386223,0.027329927310347557,0.13516870141029358,0.4509432017803192,,,
242.0,243.0,True,presidenta,closeup,0.21154430508613586,0.468788743019104,0.29540762305259705,0.014005964621901512,0.03777342662215233,0.06272956728935242,0.022174280136823654,0.03978411480784416,0.1331571340560913,0.39496785402297974,,,
243.0,244.0,True,presidenta,closeup,0.29301217198371887,0.48790061473846436,0.27752628922462463,0.007621532306075096,0.014976317062973976,0.05410772189497948,0.015558410435914993,0.030933156609535217,0.10317553579807281,0.4961010217666626,,,
244.0,245.0,True,presidenta,closeup,0.18329167366027832,0.42442408204078674,0.29241928458213806,0.007379783783107996,0.018633054569363594,0.04899677634239197,0.017183590680360794,0.03683886677026749,0.1007097065448761,0.477838933467865,,,
245.0,246.0,True,presidenta,closeup,0.4053207039833069,0.3699747622013092,0.35694244503974915,0.008796687237918377,0.016462327912449837,0.029460923746228218,0.0077893598936498165,0.021832657977938652,0.0739438533782959,0.4847717583179474,,,
246.0,247.0,True,presidenta,closeup,0.7806562185287476,0.41605082154273987,0.28745800256729126,0.0721467062830925,0.013021626509726048,0.13621459901332855,0.02598346583545208,0.01799675263464451,0.11884893476963043,0.3283299505710602,,,
247.0,248.0,True,presidenta,closeup,0.30572399497032166,0.49213382601737976,0.27516868710517883,0.025628991425037384,0.015742622315883636,0.09017392992973328,0.022549567744135857,0.0425708033144474,0.12845735251903534,0.399708092212677,,,
248.0,249.0,True,presidenta,closeup,0.6046711802482605,0.06003069877624512,0.3890244662761688,0.01479029655456543,0.024755259975790977,0.04777119308710098,0.014487989246845245,0.02167312428355217,0.09763267636299133,0.389864981174469,,,
249.0,250.0,True,presidenta,closeup,0.026956677436828613,0.39492568373680115,0.22581693530082703,0.004876777995377779,0.02119390107691288,0.06787985563278198,0.020227616652846336,0.03797122463583946,0.14938688278198242,0.4726467430591583,,,
250.0,251.0,True,presidenta,closeup,0.36244168877601624,0.30153414607048035,0.3645171523094177,0.015423936769366264,0.02147670090198517,0.0634055957198143,0.016981538385152817,0.04327375814318657,0.10915998369455338,0.3657613694667816,,,
251.0,252.0,True,presidenta,closeup,0.1718740165233612,0.13312184810638428,0.1781645119190216,0.010622943751513958,0.026255594566464424,0.10392016172409058,0.03223179653286934,0.052121601998806,0.18725049495697021,0.40943285822868347,,,
252.0,253.0,True,presidenta,closeup,0.07456696033477783,0.28119704127311707,0.1327424943447113,0.009873525239527225,0.02776137739419937,0.0677991434931755,0.02290632762014866,0.06904259324073792,0.28590983152389526,0.3839647173881531,,,
253.0,254.0,True,presidenta,closeup,-0.030196577310562134,0.4634523093700409,0.11843571066856384,0.01097780093550682,0.024833301082253456,0.13220110535621643,0.028202857822179794,0.041360367089509964,0.3199658989906311,0.32402294874191284,,,
254.0,255.0,True,presidenta,closeup,0.18056175112724304,0.36027058959007263,0.29215747117996216,0.005120749585330486,0.027512455359101295,0.06548760831356049,0.024846673011779785,0.041240014135837555,0.11623881012201309,0.427396297454834,,,
255.0,256.0,True,presidenta,closeup,0.4043784439563751,0.16411548852920532,0.26634204387664795,0.00919475220143795,0.016867240890860558,0.04618128016591072,0.014967558905482292,0.03266329690814018,0.09055102616548538,0.5232328772544861,,,
256.0,257.0,True,presidenta,closeup,0.06277117133140564,0.39978599548339844,0.2920788526535034,0.00414287718012929,0.01609622687101364,0.09960120916366577,0.020022844895720482,0.029524333775043488,0.19238591194152832,0.34614771604537964,,,
257.0,258.0,True,presidenta,closeup,0.6141877770423889,0.1951885223388672,0.3828926980495453,0.022900205105543137,0.02436918020248413,0.06502769142389297,0.018735013902187347,0.0336315855383873,0.11606953293085098,0.33637410402297974,,,
258.0,259.0,True,presidenta,closeup,0.5253744721412659,0.522276759147644,0.28208115696907043,0.01943325437605381,0.01751166768372059,0.0849524736404419,0.02361639402806759,0.03432701528072357,0.12290596216917038,0.41517215967178345,,,
259.0,260.0,True,presidenta,closeup,0.5230648517608643,0.4555179178714752,0.3248496651649475,0.017571594566106796,0.015469994395971298,0.07064253836870193,0.01547963172197342,0.02878144383430481,0.11169308423995972,0.4155120849609375,,,
260.0,261.0,True,presidenta,closeup,0.36555203795433044,0.23083758354187012,0.3800295889377594,0.01152782142162323,0.01572551392018795,0.04895410314202309,0.013332758098840714,0.026949983090162277,0.11132699251174927,0.39215323328971863,,,
261.0,262.0,True,presidenta,closeup,0.4271157383918762,0.17482882738113403,0.3919963836669922,0.01203371211886406,0.021256761625409126,0.04894405975937843,0.017805462703108788,0.02647840790450573,0.0974104031920433,0.38407477736473083,,,
262.0,263.0,True,presidenta,closeup,0.41449785232543945,0.3914972245693207,0.34344327449798584,0.006657161749899387,0.017636552453041077,0.0796867311000824,0.016807688400149345,0.018393874168395996,0.12262421101331711,0.3947504460811615,,,
263.0,264.0,True,presidenta,closeup,0.6234030723571777,0.5739434957504272,0.24941901862621307,0.050874561071395874,0.011298391968011856,0.0747973769903183,0.020126670598983765,0.03355522081255913,0.10713943839073181,0.4527892470359802,,,
264.0,265.0,True,presidenta,closeup,0.17404696345329285,0.01988959312438965,0.4050009846687317,0.006925892550498247,0.024611297994852066,0.027127478271722794,0.012348699383437634,0.024734344333410263,0.08091773092746735,0.4183335602283478,,,
265.0,266.0,True,presidenta,closeup,0.33725202083587646,0.23354193568229675,0.3591391146183014,0.010059806518256664,0.017983440309762955,0.05240529775619507,0.014646440744400024,0.02818422019481659,0.10461456328630447,0.4129670560359955,,,
266.0,267.0,True,presidenta,closeup,0.3449188470840454,0.41706785559654236,0.3337487280368805,0.00951737817376852,0.015107637271285057,0.0370178297162056,0.011060765013098717,0.029274199157953262,0.0951063260436058,0.4691670835018158,,,
267.0,268.0,True,presidenta,closeup,0.5173428654670715,0.4602193832397461,0.2616507112979889,0.02296837978065014,0.011138265952467918,0.05376970395445824,0.01129532977938652,0.03266847878694534,0.13360470533370972,0.47290435433387756,,,
268.0,269.0,True,presidenta,closeup,0.506367564201355,0.33661800622940063,0.3179355561733246,0.029574783518910408,0.013123374432325363,0.05245916545391083,0.013984937220811844,0.031842391937971115,0.11458686739206314,0.4264928698539734,,,
269.0,270.0,True,presidenta,closeup,0.6172398924827576,0.19859814643859863,0.3538777828216553,0.028466131538152695,0.013803617097437382,0.051077354699373245,0.011462118476629257,0.026912745088338852,0.09668844193220139,0.4177117943763733,,,
270.0,271.0,True,presidenta,closeup,0.5489509105682373,0.2831772267818451,0.34889698028564453,0.014369523152709007,0.018377963453531265,0.07141414284706116,0.017885003238916397,0.022250106558203697,0.09531720727682114,0.4114890694618225,,,
271.0,272.0,True,presidenta,closeup,0.413041353225708,0.22220873832702637,0.34671279788017273,0.00868526566773653,0.022905269637703896,0.047938961535692215,0.017868096008896828,0.03416147828102112,0.1150839552283287,0.40664419531822205,,,
272.0,273.0,True,presidenta,closeup,0.3895542025566101,0.4461348056793213,0.3152916133403778,0.009116399101912975,0.019105639308691025,0.05939886346459389,0.018084973096847534,0.02515500970184803,0.11781002581119537,0.43603745102882385,,,
273.0,274.0,True,presidenta,closeup,0.2526760995388031,0.364667147397995,0.3094633221626282,0.012410885654389858,0.02137763239443302,0.060802727937698364,0.022012216970324516,0.029286200180649757,0.12814080715179443,0.416506290435791,,,
274.0,275.0,True,presidenta,closeup,0.6780070066452026,0.29988035559654236,0.3758184015750885,0.02213885448873043,0.018994135782122612,0.08124062418937683,0.022961072623729706,0.017873022705316544,0.09402021020650864,0.36695364117622375,,,
275.0,276.0,True,presidenta,closeup,0.5299738645553589,0.2976360321044922,0.38501858711242676,0.015499181114137173,0.017035234719514847,0.050477929413318634,0.014193013310432434,0.03348846733570099,0.10807133466005325,0.37621623277664185,,,
276.0,277.0,True,presidenta,closeup,0.45488059520721436,-0.016093015670776367,0.36006683111190796,0.01840830408036709,0.022546838968992233,0.031664494425058365,0.0100407674908638,0.025801682844758034,0.08750249445438385,0.4439685344696045,,,
277.0,278.0,True,presidenta,closeup,0.48061972856521606,0.4253654181957245,0.3350224494934082,0.014355397783219814,0.013833995908498764,0.06477554142475128,0.013866218738257885,0.02886289730668068,0.10158505290746689,0.42769840359687805,,,
278.0,279.0,True,presidenta,closeup,0.7226961851119995,0.09443902969360352,0.25439196825027466,0.03445487841963768,0.023979414254426956,0.16414523124694824,0.029265034943819046,0.029639625921845436,0.15810851752758026,0.30601537227630615,,,
279.0,280.0,True,presidenta,closeup,0.4190753996372223,0.4918970763683319,0.2609504461288452,0.016350891441106796,0.014813954010605812,0.09218333661556244,0.018740078434348106,0.038048915565013885,0.12221803516149521,0.4366943836212158,,,
280.0,281.0,True,presidenta,closeup,0.27248328924179077,-0.08537301421165466,0.4164109528064728,0.007651916705071926,0.02809956669807434,0.03511375933885574,0.015218669548630714,0.022499028593301773,0.07780490070581436,0.39720121026039124,,,
281.0,282.0,True,presidenta,closeup,0.7656015753746033,0.5084361433982849,0.3177427649497986,0.06192056089639664,0.011944371275603771,0.07230842113494873,0.01695186458528042,0.021670684218406677,0.09198544919490814,0.4054758548736572,,,
282.0,283.0,True,presidenta,closeup,0.2725314199924469,0.1034279465675354,0.35281988978385925,0.005795006174594164,0.017637142911553383,0.03149452805519104,0.011000885628163815,0.02254744991660118,0.07426147907972336,0.4844436049461365,,,
283.0,284.0,True,presidenta,closeup,0.5668208599090576,0.28521430492401123,0.3192225992679596,0.0167968962341547,0.020813612267374992,0.0707719549536705,0.022311536595225334,0.02032759040594101,0.11169618368148804,0.4180595874786377,,,
284.0,285.0,True,presidenta,closeup,0.7725774049758911,0.13726350665092468,0.32324859499931335,0.043824318796396255,0.019829988479614258,0.0656542181968689,0.02112007886171341,0.020636795088648796,0.0748564749956131,0.4308294653892517,,,
285.0,286.0,True,presidenta,closeup,0.11711728572845459,0.42159268260002136,0.2791144549846649,0.012196172028779984,0.024439143016934395,0.07038319855928421,0.02475019358098507,0.04844369366765022,0.16723015904426575,0.37344297766685486,,,
286.0,287.0,True,presidenta,closeup,0.4389617145061493,0.25558266043663025,0.314944863319397,0.00939324963837862,0.029316725209355354,0.0649067610502243,0.02236866019666195,0.02865528129041195,0.10980717837810516,0.4206072688102722,,,
287.0,288.0,True,presidenta,closeup,0.5200406312942505,0.16165882349014282,0.37633129954338074,0.01848573051393032,0.018236376345157623,0.06759820133447647,0.01911863312125206,0.024966510012745857,0.10049525648355484,0.3747679591178894,,,
288.0,289.0,True,presidenta,closeup,0.4123322069644928,0.31087708473205566,0.29462218284606934,0.011693199165165424,0.0188993401825428,0.05885923653841019,0.018932733684778214,0.030619166791439056,0.10415158420801163,0.46222254633903503,,,
289.0,290.0,True,presidenta,closeup,0.5991778373718262,0.03478431701660156,0.4351009130477905,0.017457447946071625,0.02016819268465042,0.04491777345538139,0.013432350941002369,0.01605450175702572,0.06795583665370941,0.38491305708885193,,,
290.0,291.0,True,presidenta,closeup,0.44569849967956543,0.018747776746749878,0.2569087743759155,0.012140250764787197,0.026916682720184326,0.07992757111787796,0.02164708450436592,0.05629756301641464,0.14709225296974182,0.39906981587409973,,,
291.0,292.0,True,presidenta,closeup,0.5729875564575195,0.30559059977531433,0.3269852101802826,0.010750043205916882,0.01889849081635475,0.06175445020198822,0.018130529671907425,0.021101366728544235,0.08854099363088608,0.453838974237442,,,
292.0,293.0,True,presidenta,closeup,0.5456520318984985,-0.022277772426605225,0.37203261256217957,0.013781250454485416,0.029478516429662704,0.05121172219514847,0.01802251860499382,0.023211538791656494,0.09656064957380295,0.39570122957229614,,,
293.0,294.0,True,presidenta,closeup,0.7907304763793945,-0.2742276191711426,0.3060820698738098,0.03339846059679985,0.03369714692234993,0.09154193848371506,0.024087103083729744,0.023701760917901993,0.14815539121627808,0.3393361568450928,,,
294.0,295.0,True,presidenta,closeup,0.8110474348068237,0.48057231307029724,0.25365573167800903,0.0332220084965229,0.022342097014188766,0.10106242448091507,0.02433115802705288,0.026683421805500984,0.09773919731378555,0.4409639537334442,,,
295.0,296.0,True,presidenta,closeup,0.36943671107292175,0.4431473910808563,0.37320786714553833,0.01125095784664154,0.017290042713284492,0.05918655917048454,0.016685618087649345,0.03176680952310562,0.119383305311203,0.3712288737297058,,,
296.0,297.0,True,presidenta,closeup,0.3441842794418335,0.4575478732585907,0.3669472634792328,0.018304884433746338,0.01911923848092556,0.04741353541612625,0.01786522939801216,0.03171461448073387,0.1008165180683136,0.3978186547756195,,,
297.0,298.0,True,presidenta,closeup,0.44752928614616394,0.3843945562839508,0.3200215697288513,0.01583896018564701,0.019633471965789795,0.08901996910572052,0.023918772116303444,0.02499188669025898,0.10077130049467087,0.4058040678501129,,,
298.0,299.0,True,presidenta,closeup,0.14115998148918152,0.6201438307762146,0.23635879158973694,0.012700065970420837,0.02098691835999489,0.08896557241678238,0.033048368990421295,0.04463532194495201,0.1427202969789505,0.42058464884757996,,,
299.0,300.0,True,presidenta,closeup,0.48124396800994873,-0.4397251009941101,0.33793941140174866,0.015474184416234493,0.048275526612997055,0.06033911183476448,0.01726808398962021,0.02617998607456684,0.2018059343099594,0.2927177846431732,,,
300.0,301.0,True,presidenta,closeup,0.625985860824585,0.5320942401885986,0.345359206199646,0.035299524664878845,0.010986094363033772,0.07552836090326309,0.01689831353724003,0.017513012513518333,0.10882620513439178,0.3895893394947052,,,
301.0,302.0,True,presidenta,closeup,0.2768157720565796,0.7792933583259583,0.18854346871376038,0.021638188511133194,0.009501274675130844,0.2448101043701172,0.047501254826784134,0.04410674795508385,0.17267122864723206,0.27122774720191956,,,
302.0,303.0,True,presidenta,closeup,0.34864309430122375,0.2224736213684082,0.3576401174068451,0.008029233664274216,0.031620558351278305,0.03935278207063675,0.017257023602724075,0.02744462341070175,0.09402118623256683,0.4246344566345215,,,
303.0,304.0,True,presidenta,closeup,0.21895340085029602,0.45534881949424744,0.2834303677082062,0.010273519903421402,0.021731192246079445,0.06352941691875458,0.022782227024435997,0.043272197246551514,0.1329699158668518,0.42201125621795654,,,
304.0,305.0,True,presidenta,closeup,0.3050152659416199,0.08155292272567749,0.35641878843307495,0.01037553884088993,0.0299429539591074,0.059587642550468445,0.01693475805222988,0.03207426145672798,0.1128002405166626,0.38186585903167725,,,
305.0,306.0,True,presidenta,closeup,-0.1485741138458252,0.33943191170692444,0.1620922088623047,0.010997705161571503,0.04557987302541733,0.1072838306427002,0.032984837889671326,0.03504446893930435,0.18277060985565186,0.42324644327163696,,,
306.0,307.0,True,presidenta,closeup,0.3531523048877716,0.4485011100769043,0.26626119017601013,0.01999245397746563,0.0187373049557209,0.10528438538312912,0.027075186371803284,0.03136695176362991,0.14849446713924408,0.3827880620956421,,,
307.0,308.0,True,presidenta,closeup,0.7739911675453186,0.3716961741447449,0.2518770396709442,0.054014306515455246,0.017470913007855415,0.10718656331300735,0.025658436119556427,0.026774056255817413,0.11209789663553238,0.4049207866191864,,,
308.0,309.0,True,presidenta,closeup,0.6710957288742065,0.12810668349266052,0.3266083002090454,0.024403564631938934,0.018585998564958572,0.06544724106788635,0.019135944545269012,0.02211851254105568,0.09857802838087082,0.4251224100589752,,,
309.0,310.0,True,presidenta,closeup,0.39732685685157776,0.0866871178150177,0.31959378719329834,0.00848436076194048,0.020627900958061218,0.06189964339137077,0.02115391567349434,0.039104580879211426,0.11327701807022095,0.41585883498191833,,,
310.0,311.0,True,presidenta,closeup,0.5992985367774963,0.2356536090373993,0.2627308666706085,0.01605101488530636,0.015232090838253498,0.08483738452196121,0.024891447275877,0.040564268827438354,0.134896919131279,0.4207959771156311,,,
311.0,312.0,True,presidenta,closeup,0.8317601680755615,0.18683388829231262,0.3323037326335907,0.08031082898378372,0.016140051186084747,0.07872382551431656,0.02112145535647869,0.02060256339609623,0.08754623681306839,0.36325132846832275,,,
312.0,313.0,True,presidenta,closeup,0.8233298063278198,0.2118626832962036,0.20879270136356354,0.09285464882850647,0.013732381165027618,0.1306641846895218,0.025801604613661766,0.02712407521903515,0.14427876472473145,0.35675162076950073,,,
313.0,314.0,True,presidenta,closeup,0.3474554121494293,0.5514335036277771,0.21333685517311096,0.012974217534065247,0.01904827170073986,0.10990481823682785,0.0318334624171257,0.03971816599369049,0.1366502046585083,0.43653398752212524,,,
314.0,315.0,True,presidenta,closeup,0.31104856729507446,0.05284437537193298,0.3235446512699127,0.009303129278123379,0.03341079130768776,0.04293689876794815,0.02062659151852131,0.03171350061893463,0.09592753648757935,0.4425368905067444,,,
315.0,316.0,True,presidenta,closeup,0.45292341709136963,0.06360185146331787,0.3731062114238739,0.007917135022580624,0.029782483354210854,0.04920743405818939,0.019389702007174492,0.018502136692404747,0.09144747257232666,0.4106474220752716,,,
316.0,317.0,True,presidenta,closeup,0.5145485997200012,0.4283007085323334,0.32022184133529663,0.020214935764670372,0.01790573261678219,0.08041049540042877,0.02294636145234108,0.026362204924225807,0.12482640892267227,0.3871120512485504,,,
317.0,318.0,True,presidenta,closeup,0.3657684326171875,0.2902328073978424,0.2767140865325928,0.010684981010854244,0.022660449147224426,0.0938924103975296,0.028173014521598816,0.02912970446050167,0.12024520337581635,0.418500155210495,,,
318.0,319.0,True,presidenta,closeup,0.29989713430404663,0.44649961590766907,0.2646580934524536,0.013165408745408058,0.016081828624010086,0.07776731997728348,0.0216214656829834,0.03339071944355965,0.11371420323848724,0.4596009850502014,,,
319.0,320.0,True,presidenta,closeup,0.5835976600646973,0.49773678183555603,0.25882571935653687,0.02459823340177536,0.013101265765726566,0.12415142357349396,0.024353306740522385,0.026064570993185043,0.10371039062738419,0.4251950979232788,,,
320.0,321.0,True,presidenta,closeup,0.5070923566818237,0.3808177709579468,0.3081750273704529,0.016745543107390404,0.02168777398765087,0.10908205062150955,0.020735284313559532,0.02774265594780445,0.15162619948387146,0.34420546889305115,,,
321.0,322.0,True,presidenta,closeup,0.7507798671722412,0.27079400420188904,0.3230128288269043,0.06172054633498192,0.016804702579975128,0.06407897919416428,0.01651681959629059,0.017005743458867073,0.11005669087171555,0.3908037841320038,,,
322.0,323.0,True,presidenta,closeup,-0.08331727981567383,0.572396993637085,0.22864224016666412,0.004566263873130083,0.01587904617190361,0.09968521445989609,0.023974357172846794,0.040866632014513016,0.16624654829502106,0.42013975977897644,,,
323.0,324.0,True,presidenta,closeup,0.6080547571182251,0.22102487087249756,0.3381904363632202,0.017613330855965614,0.017381571233272552,0.056748293340206146,0.014762481674551964,0.018222801387310028,0.11641695350408554,0.42066413164138794,,,
324.0,325.0,True,presidenta,closeup,0.23527613282203674,0.4092694818973541,0.2961918115615845,0.008383440785109997,0.01328242290765047,0.06280078738927841,0.0130370007827878,0.02843637764453888,0.11975656449794769,0.45811164379119873,,,
325.0,326.0,True,presidenta,closeup,0.27789565920829773,0.4093879759311676,0.28574225306510925,0.006914758589118719,0.02169865369796753,0.0841820165514946,0.02425651252269745,0.025284871459007263,0.1231670007109642,0.4287540018558502,,,
326.0,327.0,True,presidenta,closeup,0.5865088105201721,0.17857402563095093,0.34664809703826904,0.00970160961151123,0.028173677623271942,0.07158906012773514,0.024517370387911797,0.017788870260119438,0.11469296365976334,0.3868883550167084,,,
327.0,328.0,True,presidenta,closeup,0.4807680547237396,0.24381008744239807,0.34461164474487305,0.01023477129638195,0.022993529215455055,0.053253211081027985,0.022778015583753586,0.017653489485383034,0.0872216746211052,0.44125375151634216,,,
328.0,329.0,True,presidenta,closeup,0.5764933824539185,0.39007508754730225,0.3107128143310547,0.027401568368077278,0.016979478299617767,0.10053332895040512,0.023136740550398827,0.02558267116546631,0.13403785228729248,0.36161553859710693,,,
329.0,330.0,True,presidenta,closeup,0.22223976254463196,0.5833929181098938,0.22136887907981873,0.014915653504431248,0.013352503068745136,0.08462584018707275,0.02551143616437912,0.043303538113832474,0.14590038359165192,0.4510217607021332,,,
330.0,331.0,True,presidenta,closeup,0.19936269521713257,0.4099695086479187,0.32282692193984985,0.013802317902445793,0.017174657434225082,0.055026762187480927,0.017616460099816322,0.029953505843877792,0.11568127572536469,0.42791810631752014,,,
331.0,332.0,True,presidenta,closeup,-0.013924628496170044,0.6010129451751709,0.21901504695415497,0.007909136824309826,0.009448550641536713,0.14963287115097046,0.02083420567214489,0.03521198034286499,0.23807957768440247,0.3198685944080353,,,
332.0,333.0,True,presidenta,closeup,0.7913597822189331,0.3171407878398895,0.3909115195274353,0.04919501394033432,0.01892835646867752,0.08318213373422623,0.021252183243632317,0.0154436519369483,0.09164164960384369,0.32944557070732117,,,
333.0,334.0,True,presidenta,closeup,0.7597993612289429,0.0352308452129364,0.37906989455223083,0.015275523997843266,0.035998258739709854,0.06235389783978462,0.022055592387914658,0.013557268306612968,0.0843176394701004,0.38737189769744873,,,
334.0,335.0,True,presidenta,closeup,0.662919282913208,0.07516536116600037,0.3488073945045471,0.02449963055551052,0.02435668557882309,0.05310606211423874,0.01794464886188507,0.021638929843902588,0.09619205445051193,0.4134545624256134,,,
335.0,336.0,True,presidenta,closeup,0.29032719135284424,0.13926953077316284,0.3724486529827118,0.00636488851159811,0.0200795978307724,0.04271136224269867,0.012464716099202633,0.022057563066482544,0.09464496374130249,0.4292282164096832,,,
336.0,337.0,True,presidenta,closeup,0.5290841460227966,0.2387273609638214,0.3456322252750397,0.014068768359720707,0.019697126001119614,0.07198034971952438,0.020110897719860077,0.018702581524848938,0.11272239685058594,0.39708566665649414,,,
337.0,338.0,True,presidenta,closeup,0.22406959533691406,0.6065806150436401,0.22271457314491272,0.012524941004812717,0.01643219403922558,0.11032102257013321,0.03391849622130394,0.04193373769521713,0.1852310448884964,0.3769240081310272,,,
338.0,339.0,True,presidenta,closeup,0.2683373987674713,0.4774804413318634,0.2654111981391907,0.01499035581946373,0.016833491623401642,0.09402991831302643,0.022681770846247673,0.027695728465914726,0.1195046529173851,0.43885287642478943,,,
339.0,340.0,True,presidenta,closeup,0.05223020911216736,0.5341510772705078,0.27908819913864136,0.00800249818712473,0.015982432290911674,0.05359024181962013,0.023095181211829185,0.028319500386714935,0.10176204890012741,0.49015986919403076,,,
340.0,341.0,True,presidenta,closeup,0.03420475125312805,0.24567961692810059,0.3018178939819336,0.005227475892752409,0.024734990671277046,0.05709758773446083,0.023218674585223198,0.03301485627889633,0.13268335163593292,0.42220520973205566,,,
341.0,342.0,True,presidenta,closeup,0.14503663778305054,0.1854167878627777,0.275338351726532,0.007387824356555939,0.028375091031193733,0.06314288824796677,0.025181444361805916,0.02967209555208683,0.11719156801700592,0.45371079444885254,,,
342.0,343.0,True,presidenta,closeup,-0.3091118335723877,0.4313003420829773,0.22989603877067566,0.004341247957199812,0.03738250583410263,0.08375722914934158,0.03165379911661148,0.035081494599580765,0.19796553254127502,0.37992221117019653,,,
343.0,344.0,True,presidenta,closeup,0.356695294380188,0.4341791570186615,0.3086203336715698,0.010228690691292286,0.0161310862749815,0.08133230358362198,0.0219974834471941,0.034605178982019424,0.11650003492832184,0.4105849266052246,,,
344.0,345.0,True,presidenta,closeup,0.3386528491973877,0.35227081179618835,0.3452994227409363,0.011137486435472965,0.016887594014406204,0.05845757573843002,0.014586072415113449,0.02604837715625763,0.11847704648971558,0.40910640358924866,,,
345.0,346.0,True,presidenta,closeup,0.3448823392391205,0.20751047134399414,0.4139852523803711,0.013432931154966354,0.02553814835846424,0.047124896198511124,0.017098117619752884,0.026443367823958397,0.0969725176692009,0.35940471291542053,,,
346.0,347.0,True,presidenta,closeup,0.3192763328552246,0.42663511633872986,0.24381501972675323,0.013017680495977402,0.01639154553413391,0.09875746816396713,0.02425340563058853,0.031863387674093246,0.13680800795555115,0.435093492269516,,,
347.0,348.0,True,presidenta,closeup,0.07720997929573059,0.16058987379074097,0.3095342814922333,0.005579428281635046,0.029166262596845627,0.06080594286322594,0.02283470891416073,0.03756805509328842,0.1541285663843155,0.3803827464580536,,,
348.0,349.0,True,presidenta,closeup,0.6569182872772217,0.33776095509529114,0.27927258610725403,0.03174135088920593,0.022412797436118126,0.10142295062541962,0.02808234840631485,0.027099719271063805,0.13710568845272064,0.3728625476360321,,,
349.0,350.0,True,presidenta,closeup,0.6215605139732361,0.356967031955719,0.2835671305656433,0.015898628160357475,0.016801347956061363,0.09758368879556656,0.018282603472471237,0.014715750701725483,0.1023760586977005,0.4507748484611511,,,
350.0,351.0,True,presidenta,closeup,0.7098397612571716,0.373246431350708,0.32555556297302246,0.03313393518328667,0.016767652705311775,0.08018096536397934,0.019558105617761612,0.018412431702017784,0.09002964198589325,0.4163617193698883,,,
351.0,352.0,True,presidenta,closeup,0.2670118808746338,0.4082062244415283,0.21866363286972046,0.008347583934664726,0.02890760637819767,0.09753238409757614,0.03538525477051735,0.05341663956642151,0.1591780036687851,0.39856886863708496,,,
352.0,353.0,True,presidenta,closeup,0.7281488180160522,0.4453519284725189,0.3601977229118347,0.039471495896577835,0.016981320455670357,0.09144831448793411,0.020349230617284775,0.021084444597363472,0.11731606721878052,0.33315134048461914,,,
353.0,354.0,True,presidenta,closeup,0.7163041234016418,0.6108786463737488,0.23403261601924896,0.05590490251779556,0.018973886966705322,0.14387556910514832,0.03988361358642578,0.024929611012339592,0.11574704945087433,0.3666527271270752,,,
354.0,355.0,True,presidenta,closeup,0.7820141315460205,0.3283918797969818,0.27934038639068604,0.03741559013724327,0.02089960128068924,0.0888608768582344,0.025151509791612625,0.02080032043159008,0.0940229669213295,0.4335086941719055,,,
355.0,356.0,True,presidenta,closeup,0.13895857334136963,0.36186686158180237,0.26026684045791626,0.006818500347435474,0.023477677255868912,0.07469125092029572,0.020180432125926018,0.034175366163253784,0.13143084943294525,0.44895902276039124,,,
356.0,357.0,True,presidenta,closeup,0.4705990254878998,0.0723886489868164,0.34359273314476013,0.012291954830288887,0.028186479583382607,0.06332279741764069,0.02101990394294262,0.0383126474916935,0.09851441532373428,0.3947591483592987,,,
357.0,358.0,True,presidenta,closeup,0.5644000768661499,0.2914423942565918,0.32239311933517456,0.010102306492626667,0.026233669370412827,0.07033199071884155,0.024981709197163582,0.019440585747361183,0.10198774933815002,0.42452889680862427,,,
358.0,359.0,True,presidenta,closeup,0.7031586170196533,0.22377613186836243,0.32702353596687317,0.02316414564847946,0.018137669190764427,0.07644324004650116,0.023276807740330696,0.02348146215081215,0.09956890344619751,0.40890422463417053,,,
359.0,360.0,True,presidenta,closeup,0.560929000377655,0.29178744554519653,0.3484395444393158,0.013857793994247913,0.023415936157107353,0.05244318023324013,0.017879892140626907,0.018534211441874504,0.09195277839899063,0.43347668647766113,,,
360.0,361.0,True,presidenta,closeup,0.4748987853527069,0.8052756786346436,0.16303354501724243,0.015166233293712139,0.006254672072827816,0.3123816251754761,0.037877507507801056,0.025719065219163895,0.14690600335597992,0.2926613688468933,,,
361.0,362.0,True,presidenta,closeup,0.7366212010383606,0.31396961212158203,0.39626064896583557,0.037449728697538376,0.020439907908439636,0.05775284767150879,0.020377373322844505,0.01980660855770111,0.07658024877309799,0.37133267521858215,,,
362.0,363.0,True,presidenta,closeup,0.5906449556350708,0.22672033309936523,0.42416009306907654,0.025416143238544464,0.017529230564832687,0.04489288851618767,0.013752120546996593,0.015806259587407112,0.07059572637081146,0.38784754276275635,,,
363.0,364.0,True,presidenta,closeup,-0.2827528715133667,0.622468113899231,0.20595848560333252,0.0031018208246678114,0.013563813641667366,0.10221542418003082,0.03144372999668121,0.03855390474200249,0.20560012757778168,0.39956262707710266,,,
364.0,365.0,True,presidenta,closeup,0.5816326141357422,0.11025553941726685,0.3119470477104187,0.02210952900350094,0.020052002742886543,0.0594472661614418,0.019768262282013893,0.02862711064517498,0.12264922261238098,0.41539961099624634,,,
365.0,366.0,True,presidenta,closeup,0.5434566736221313,0.5726562142372131,0.2957096993923187,0.024686921387910843,0.01553251687437296,0.11520709097385406,0.03020137920975685,0.024737447500228882,0.11419897526502609,0.37972596287727356,,,
366.0,367.0,True,presidenta,closeup,0.0944373607635498,0.2658776640892029,0.30656036734580994,0.005900151561945677,0.021944502368569374,0.04835257679224014,0.01784936524927616,0.02776091918349266,0.126933291554451,0.4446988105773926,,,
367.0,368.0,True,presidenta,closeup,0.4665941596031189,0.49760740995407104,0.2655758857727051,0.01959148980677128,0.014972968026995659,0.08808396756649017,0.018738580867648125,0.02962067723274231,0.13090749084949493,0.4325089454650879,,,
368.0,369.0,True,presidenta,closeup,0.7679824233055115,0.3815063238143921,0.3447099030017853,0.058938056230545044,0.014082623645663261,0.06949476152658463,0.017446395009756088,0.019218068569898605,0.08269475400447845,0.3934154808521271,,,
369.0,370.0,True,presidenta,closeup,0.5011532306671143,0.5752097368240356,0.2477964460849762,0.024396182969212532,0.016485193744301796,0.13841137290000916,0.029545774683356285,0.02036457695066929,0.1853857785463333,0.33761468529701233,,,
370.0,371.0,True,presidenta,closeup,0.6365523338317871,0.5703842639923096,0.2156335413455963,0.033533405512571335,0.014484946615993977,0.13823123276233673,0.03412218019366264,0.03137833625078201,0.16005952656269073,0.3725568354129791,,,
371.0,372.0,True,presidenta,closeup,0.6504460573196411,-0.0021190643310546875,0.40735769271850586,0.019015688449144363,0.020961929112672806,0.05634221434593201,0.014010717160999775,0.01824367791414261,0.08387835323810577,0.3801897466182709,,,
372.0,373.0,True,presidenta,closeup,0.6824295520782471,-0.3088848292827606,0.4047919809818268,0.027400663122534752,0.026161830872297287,0.044561680406332016,0.011964037083089352,0.01693345233798027,0.10611721873283386,0.36206918954849243,,,
373.0,374.0,True,presidenta,closeup,0.7148867845535278,0.3297008275985718,0.34730884432792664,0.030944213271141052,0.01363836508244276,0.07609118521213531,0.015776529908180237,0.014832539483904839,0.07968153059482574,0.421726793050766,,,
374.0,375.0,True,presidenta,closeup,0.025601059198379517,0.2567288875579834,0.3564259111881256,0.005020346026867628,0.01172624807804823,0.032042406499385834,0.00843061227351427,0.017303435131907463,0.12327728420495987,0.44577381014823914,,,
375.0,376.0,True,presidenta,closeup,0.3208226263523102,0.3919357657432556,0.32450270652770996,0.013242627494037151,0.0237724706530571,0.05335656553506851,0.01603248342871666,0.024977875873446465,0.11767672002315521,0.4264385402202606,,,
376.0,377.0,True,presidenta,closeup,0.29378852248191833,0.5434850454330444,0.2739129662513733,0.016864871606230736,0.012934975326061249,0.08336849510669708,0.022005483508110046,0.04049348831176758,0.12056336551904678,0.4298563599586487,,,
377.0,378.0,True,presidenta,closeup,0.32576897740364075,0.23636102676391602,0.3842621147632599,0.011452713049948215,0.012489132583141327,0.04207654669880867,0.012079127132892609,0.022840814664959908,0.08918830007314682,0.4256112575531006,,,
378.0,379.0,True,presidenta,closeup,0.21696871519088745,0.36427226662635803,0.2854378819465637,0.009709215722978115,0.019374709576368332,0.08618056029081345,0.03046799823641777,0.03356189653277397,0.1335001289844513,0.4017676115036011,,,
379.0,380.0,True,presidenta,closeup,0.43830204010009766,0.271240234375,0.3508739769458771,0.019111393019557,0.019801374524831772,0.07376746833324432,0.02079530619084835,0.024385279044508934,0.12930603325366974,0.3619590997695923,,,
380.0,381.0,True,presidenta,closeup,0.31092363595962524,0.22295337915420532,0.3536838889122009,0.009862562641501427,0.02572104148566723,0.07608507573604584,0.02426820993423462,0.022795503959059715,0.11420067399740219,0.3733830153942108,,,
381.0,382.0,True,presidenta,closeup,0.7149224281311035,0.25474169850349426,0.41624635457992554,0.028065338730812073,0.020207475870847702,0.06996319442987442,0.020433366298675537,0.01708945445716381,0.08219993859529495,0.3457949161529541,,,
382.0,383.0,True,presidenta,closeup,0.7682214975357056,0.060071974992752075,0.4101530611515045,0.04549071192741394,0.024196850135922432,0.06121806427836418,0.016903743147850037,0.018470322713255882,0.0926835760474205,0.33088362216949463,,,
383.0,384.0,True,presidenta,closeup,0.40248993039131165,0.3344755470752716,0.2958967089653015,0.018666161224246025,0.019977092742919922,0.056217849254608154,0.01838751509785652,0.02927926555275917,0.09377896040678024,0.46779653429985046,,,
384.0,385.0,True,presidenta,closeup,0.8471782207489014,0.22417083382606506,0.389340877532959,0.1014786884188652,0.016206594184041023,0.053665101528167725,0.011618883349001408,0.01688372902572155,0.0810309574007988,0.3297751545906067,,,
385.0,386.0,True,presidenta,closeup,0.5883910655975342,0.16964662075042725,0.35975131392478943,0.018689878284931183,0.02472943812608719,0.09891355037689209,0.025160176679491997,0.018952708691358566,0.1115848571062088,0.3422180712223053,,,
386.0,387.0,True,presidenta,closeup,0.5791906714439392,0.493623286485672,0.3004438281059265,0.024455828592181206,0.012755746953189373,0.086044542491436,0.016543885692954063,0.02029983326792717,0.11781077831983566,0.4216456413269043,,,
387.0,388.0,True,presidenta,closeup,0.15718653798103333,0.2686902582645416,0.33667755126953125,0.006517533678561449,0.018221238628029823,0.05691194534301758,0.015571419149637222,0.026819884777069092,0.10102946311235428,0.43825098872184753,,,
388.0,389.0,True,presidenta,closeup,0.28228750824928284,0.1637001633644104,0.38174495100975037,0.010151149705052376,0.028350606560707092,0.05454252287745476,0.01896359771490097,0.01865444704890251,0.08823076635599136,0.3993619680404663,,,
389.0,390.0,True,presidenta,closeup,0.4301277697086334,0.27374160289764404,0.34034034609794617,0.012357117608189583,0.01770062744617462,0.05738017335534096,0.016430377960205078,0.018569543957710266,0.08854716271162033,0.44867464900016785,,,
390.0,391.0,True,presidenta,closeup,0.22495800256729126,0.4224104583263397,0.3029339015483856,0.013140546157956123,0.016569603234529495,0.09687715768814087,0.02930780127644539,0.037692807614803314,0.14611855149269104,0.3573596179485321,,,
391.0,392.0,True,presidenta,closeup,0.14791840314865112,0.6345580220222473,0.220857173204422,0.010996680706739426,0.013306060805916786,0.1547163724899292,0.029760492965579033,0.04049086943268776,0.16839013993740082,0.36148226261138916,,,
392.0,393.0,True,presidenta,closeup,0.6088073253631592,0.33659324049949646,0.3190660774707794,0.029863903298974037,0.02824128232896328,0.06803260743618011,0.02497829869389534,0.02763109840452671,0.11820531636476517,0.38398146629333496,,,
393.0,394.0,True,presidenta,closeup,0.27342677116394043,0.34605979919433594,0.2913813889026642,0.008834244683384895,0.023351632058620453,0.08090928941965103,0.02658628672361374,0.03153611347079277,0.13816697895526886,0.39923402667045593,,,
394.0,395.0,True,presidenta,closeup,0.17119306325912476,0.2773289978504181,0.27600914239883423,0.007394392509013414,0.016642002388834953,0.050967276096343994,0.01614709571003914,0.030473798513412476,0.11508625000715256,0.4872800409793854,,,
395.0,396.0,True,presidenta,closeup,0.3788301944732666,0.14433333277702332,0.31589049100875854,0.012781462632119656,0.0292984489351511,0.0380738265812397,0.017447426915168762,0.03141586482524872,0.13513141870498657,0.41996103525161743,,,
396.0,397.0,True,presidenta,closeup,0.22907760739326477,0.1404733955860138,0.35589370131492615,0.007964671589434147,0.022720376029610634,0.049757346510887146,0.017010796815156937,0.024419544264674187,0.13740159571170807,0.3848319351673126,,,
397.0,398.0,True,presidenta,closeup,0.6142185926437378,0.5022165179252625,0.2517685890197754,0.019687512889504433,0.013974576257169247,0.07887429744005203,0.02141774445772171,0.0490662157535553,0.10713090747594833,0.45808008313179016,,,
398.0,399.0,True,presidenta,closeup,0.6599166393280029,0.27672943472862244,0.3624567985534668,0.025561323389410973,0.013938730582594872,0.04343655705451965,0.010057893581688404,0.02311505191028118,0.09512747824192047,0.4263061583042145,,,
399.0,400.0,True,presidenta,closeup,0.36129462718963623,0.22554850578308105,0.3512491285800934,0.007682960480451584,0.02938368357717991,0.03822632133960724,0.01936717890202999,0.023936321958899498,0.07770571112632751,0.45244866609573364,,,
400.0,401.0,True,presidenta,closeup,0.40726619958877563,0.15306347608566284,0.35244086384773254,0.012365962378680706,0.02579459175467491,0.05156080797314644,0.01950342394411564,0.03424402326345444,0.11983149498701096,0.38425880670547485,,,
401.0,402.0,True,presidenta,closeup,0.6662346124649048,0.26300084590911865,0.4103299379348755,0.024777337908744812,0.019622575491666794,0.06744814664125443,0.016526948660612106,0.014104447327554226,0.0792132243514061,0.3679773807525635,,,
402.0,403.0,True,presidenta,closeup,0.5912085771560669,0.24477025866508484,0.3772296905517578,0.01807606965303421,0.02131832391023636,0.06623687595129013,0.019237473607063293,0.0270419679582119,0.09514644742012024,0.37571313977241516,,,
403.0,404.0,True,presidenta,closeup,0.4061552882194519,0.32556477189064026,0.2894856035709381,0.015726959332823753,0.013788299635052681,0.09592048078775406,0.01703224517405033,0.02722199261188507,0.11096799373626709,0.42985644936561584,,,
404.0,405.0,True,presidenta,closeup,0.49742260575294495,0.3966559171676636,0.26313337683677673,0.017420796677470207,0.01087403018027544,0.07916482537984848,0.012384454719722271,0.031622640788555145,0.10985288769006729,0.4755469262599945,,,
405.0,406.0,True,presidenta,closeup,0.449967622756958,0.21079671382904053,0.3188481032848358,0.01176646538078785,0.02107328735291958,0.061277102679014206,0.0176820270717144,0.02316112443804741,0.11693144589662552,0.4292604625225067,,,
406.0,407.0,True,presidenta,closeup,0.4942898750305176,0.31441530585289,0.3278067708015442,0.01945391111075878,0.020464468747377396,0.09169334173202515,0.02099515311419964,0.02296297624707222,0.13933368027210236,0.3572896420955658,,,
407.0,408.0,True,presidenta,closeup,0.4875372350215912,0.024793773889541626,0.4218439757823944,0.010478418320417404,0.02010170742869377,0.04151547700166702,0.010662127286195755,0.01748916506767273,0.0879257395863533,0.3899834454059601,,,
408.0,409.0,True,presidenta,closeup,0.24847745895385742,0.08545863628387451,0.3172179162502289,0.01030738651752472,0.017261071130633354,0.05370330810546875,0.01501709409058094,0.022024808451533318,0.11512529104948044,0.44934317469596863,,,
409.0,410.0,True,presidenta,closeup,0.8815365433692932,0.019275188446044922,0.4343653619289398,0.06831196695566177,0.015327297151088715,0.054983701556921005,0.012924904003739357,0.010429938323795795,0.05888550728559494,0.34477129578590393,,,
410.0,411.0,True,presidenta,closeup,0.13466835021972656,0.5582717061042786,0.19635090231895447,0.014287176541984081,0.01772034540772438,0.06548529863357544,0.019957777112722397,0.04416937008500099,0.1250704824924469,0.5169587135314941,,,
411.0,412.0,True,presidenta,closeup,0.4010472297668457,0.2388901710510254,0.3857802450656891,0.01138779055327177,0.03015262261033058,0.07388823479413986,0.025186575949192047,0.023987943306565285,0.11061974614858627,0.3389967978000641,,,
412.0,413.0,True,presidenta,closeup,-0.21993538737297058,0.6855261325836182,0.14507563412189484,0.005601945798844099,0.011487992480397224,0.14017030596733093,0.03348170593380928,0.05257875472307205,0.20995590090751648,0.4016477167606354,,,
413.0,414.0,True,presidenta,closeup,0.11851009726524353,0.24462231993675232,0.3318973779678345,0.004594843368977308,0.026392221450805664,0.04866904392838478,0.017134860157966614,0.030376190319657326,0.09720102697610855,0.44373443722724915,,,
414.0,415.0,True,presidenta,closeup,0.7228255867958069,0.31156739592552185,0.35557302832603455,0.03181381896138191,0.017921678721904755,0.07229424268007278,0.01995823346078396,0.027653707191348076,0.09862557053565979,0.3761596381664276,,,
415.0,416.0,True,presidenta,closeup,0.6035371422767639,0.10081800818443298,0.3946186304092407,0.021082313731312752,0.0204335805028677,0.04405447095632553,0.010792568325996399,0.028601907193660736,0.08233107626438141,0.3980855345726013,,,
416.0,417.0,True,presidenta,closeup,0.8467813730239868,0.22426384687423706,0.35707712173461914,0.06836378574371338,0.023059049621224403,0.06159500777721405,0.0151623310521245,0.014667551964521408,0.08535618335008621,0.37471893429756165,,,
417.0,418.0,True,presidenta,closeup,0.8117383718490601,0.5931174755096436,0.20705047249794006,0.08395165950059891,0.009981140494346619,0.18852411210536957,0.028400979936122894,0.024802789092063904,0.14104002714157104,0.3162488341331482,,,
418.0,419.0,True,presidenta,closeup,-0.13723963499069214,0.5795366168022156,0.22229982912540436,0.0054334127344191074,0.013289334252476692,0.1154569461941719,0.020625434815883636,0.05042275786399841,0.19525685906410217,0.3772154748439789,,,
419.0,420.0,True,presidenta,closeup,0.6845980882644653,0.46330323815345764,0.32910051941871643,0.02791476622223854,0.01894223876297474,0.1377105712890625,0.027206886559724808,0.02606763318181038,0.10705840587615967,0.325998991727829,,,
420.0,421.0,True,presidenta,closeup,0.30709531903266907,0.3033621311187744,0.29033657908439636,0.00892349798232317,0.022772232070565224,0.07427240908145905,0.02482830546796322,0.02839812822639942,0.12963001430034637,0.4208388328552246,,,
421.0,422.0,True,presidenta,closeup,0.5909488797187805,0.22321927547454834,0.30758771300315857,0.01712958514690399,0.015310181304812431,0.0758456364274025,0.016633260995149612,0.024996940046548843,0.1061527281999588,0.4363439083099365,,,
422.0,423.0,True,presidenta,closeup,0.09722274541854858,0.41910994052886963,0.23340030014514923,0.004636277444660664,0.02269190549850464,0.10014449059963226,0.030074022710323334,0.03639194369316101,0.16461730003356934,0.408043771982193,,,
423.0,424.0,True,presidenta,closeup,0.6366844177246094,0.5092974901199341,0.2810743749141693,0.04439900815486908,0.016386177390813828,0.08364684879779816,0.02670561708509922,0.03374756872653961,0.10889741033315659,0.40514296293258667,,,
424.0,425.0,True,presidenta,closeup,0.6364809274673462,0.2266812026500702,0.38600677251815796,0.015096698887646198,0.03043692745268345,0.06944987922906876,0.022408373653888702,0.023198649287223816,0.09307536482810974,0.3603273630142212,,,
425.0,426.0,True,presidenta,closeup,0.6253628134727478,0.29328110814094543,0.3298856019973755,0.019005505368113518,0.017484504729509354,0.056688278913497925,0.017816606909036636,0.02907443977892399,0.08327639847993851,0.44676870107650757,,,
426.0,427.0,True,presidenta,closeup,0.43881043791770935,0.46879562735557556,0.28017136454582214,0.021387724205851555,0.023388134315609932,0.0835910364985466,0.02452370710670948,0.03630800545215607,0.1154208853840828,0.41520917415618896,,,
427.0,428.0,True,presidenta,closeup,0.22102439403533936,0.2965352237224579,0.24522657692432404,0.006723473314195871,0.03460315614938736,0.09883275628089905,0.02954217791557312,0.031787801533937454,0.17221982777118683,0.381064236164093,,,
428.0,429.0,True,presidenta,closeup,0.14785078167915344,0.38939690589904785,0.28605401515960693,0.00781242037191987,0.021259410306811333,0.07402610778808594,0.025511901825666428,0.033452242612838745,0.15864737331867218,0.39323651790618896,,,
429.0,430.0,True,presidenta,closeup,0.7994037866592407,-0.07862710952758789,0.31722405552864075,0.07250774651765823,0.014100136235356331,0.05242379382252693,0.008448229171335697,0.019606247544288635,0.16330821812152863,0.3523815870285034,,,
430.0,431.0,True,presidenta,closeup,0.6177434921264648,0.15773388743400574,0.231659933924675,0.013692195527255535,0.033652856945991516,0.10438903421163559,0.026471775025129318,0.031682565808296204,0.20141711831092834,0.35703447461128235,,,
431.0,432.0,True,presidenta,closeup,0.29423463344573975,0.7431088089942932,0.22992539405822754,0.024348024278879166,0.011694961227476597,0.10181143134832382,0.026318110525608063,0.048040058463811874,0.16418614983558655,0.39367589354515076,,,
432.0,433.0,True,presidenta,closeup,0.5632472038269043,0.22482514381408691,0.44814664125442505,0.018304454162716866,0.014626501128077507,0.049332037568092346,0.010111600160598755,0.01970892958343029,0.11934296041727066,0.320426881313324,,,
433.0,434.0,True,presidenta,closeup,0.307880699634552,0.42477235198020935,0.3763965368270874,0.00938448403030634,0.01979142054915428,0.06774009764194489,0.01913571171462536,0.02923518791794777,0.11806154251098633,0.36025509238243103,,,
434.0,435.0,True,presidenta,closeup,0.5383301377296448,0.3135444223880768,0.31936198472976685,0.014549828134477139,0.014955859631299973,0.07217549532651901,0.01644229330122471,0.02438342571258545,0.10295921564102173,0.43517187237739563,,,
435.0,436.0,True,presidenta,closeup,0.5275040864944458,0.05067962408065796,0.3420505225658417,0.011874918825924397,0.020362133160233498,0.04695197567343712,0.012441614642739296,0.025070838630199432,0.09383649379014969,0.44741150736808777,,,
436.0,437.0,True,presidenta,closeup,0.6217783689498901,0.43761396408081055,0.29422250390052795,0.02598409354686737,0.011878864839673042,0.08819030970335007,0.016068866476416588,0.021349944174289703,0.09596990048885345,0.4463355541229248,,,
437.0,438.0,True,presidenta,closeup,0.6774699687957764,0.20624962449073792,0.34143513441085815,0.017987195402383804,0.015552982687950134,0.05611885339021683,0.013092759065330029,0.019947068765759468,0.08929508179426193,0.44657084345817566,,,
438.0,439.0,True,presidenta,closeup,0.15654337406158447,0.3881291449069977,0.29360443353652954,0.009287804365158081,0.0163373164832592,0.05386350303888321,0.02238539047539234,0.03982679545879364,0.12903566658496857,0.4356590807437897,,,
439.0,440.0,True,presidenta,closeup,0.5874323844909668,0.2155645787715912,0.3416232168674469,0.01970328763127327,0.019077684730291367,0.054069194942712784,0.017392178997397423,0.02630557119846344,0.10872010141611099,0.413108766078949,,,
440.0,441.0,True,presidenta,closeup,0.8116803169250488,0.33529260754585266,0.34237903356552124,0.06920474022626877,0.015848614275455475,0.05435003340244293,0.014134535565972328,0.019037382677197456,0.0841427892446518,0.4009028673171997,,,
441.0,442.0,True,presidenta,closeup,0.6184995174407959,0.4048478603363037,0.2826644480228424,0.03505316004157066,0.015411914326250553,0.06923133134841919,0.020441783592104912,0.029198503121733665,0.09574121236801147,0.4522576928138733,,,
442.0,443.0,True,presidenta,closeup,0.4146448075771332,0.6877423524856567,0.21875226497650146,0.03462996333837509,0.00806352961808443,0.11854628473520279,0.020162833854556084,0.0401756726205349,0.123841293156147,0.43582820892333984,,,
443.0,444.0,True,presidenta,closeup,-0.18242931365966797,0.5762060284614563,0.28044235706329346,0.005266554653644562,0.006169028580188751,0.046148646622896194,0.005990168079733849,0.02373271994292736,0.2207014560699463,0.4115491211414337,,,
444.0,445.0,True,presidenta,closeup,0.39772599935531616,0.2958294749259949,0.3445569574832916,0.012803136371076107,0.012627394869923592,0.040713515132665634,0.010580357164144516,0.02681172825396061,0.11130180209875107,0.44060513377189636,,,
445.0,446.0,True,presidenta,closeup,0.09866932034492493,0.35888922214508057,0.2776511609554291,0.008619904518127441,0.015367352403700352,0.0393313392996788,0.015727810561656952,0.0304414089769125,0.10489708930253983,0.5079638957977295,,,
446.0,447.0,True,presidenta,closeup,0.09378683567047119,0.5997087955474854,0.2092701643705368,0.007131022401154041,0.014048842713236809,0.09505854547023773,0.024157920852303505,0.03543401509523392,0.14917388558387756,0.4657256305217743,,,
447.0,448.0,True,presidenta,closeup,0.7434409260749817,0.4198880195617676,0.28673291206359863,0.040525056421756744,0.01757971942424774,0.15380410850048065,0.025618020445108414,0.026242198422551155,0.09439972788095474,0.35509824752807617,,,
448.0,449.0,True,presidenta,closeup,0.7695903778076172,0.09050047397613525,0.3863660395145416,0.038086023181676865,0.018490521237254143,0.05141029506921768,0.012589482590556145,0.013593250885605812,0.10624661296606064,0.37321773171424866,,,
449.0,450.0,True,presidenta,closeup,0.5501893758773804,0.2721829116344452,0.36322370171546936,0.014837690629065037,0.018453331664204597,0.04402535408735275,0.01625947281718254,0.02492034062743187,0.0866655558347702,0.4316145181655884,,,
450.0,451.0,True,presidenta,closeup,0.7532365918159485,0.36443811655044556,0.35767340660095215,0.04321480914950371,0.011437710374593735,0.05839075520634651,0.014603926800191402,0.02170863375067711,0.08458060771226883,0.40839022397994995,,,
451.0,452.0,True,presidenta,closeup,0.19665232300758362,0.16148367524147034,0.34078097343444824,0.007252349518239498,0.01870165579020977,0.0313299298286438,0.013288641348481178,0.031894322484731674,0.08646222949028015,0.4702899158000946,,,
452.0,453.0,True,presidenta,closeup,0.5382065773010254,0.2013390064239502,0.35836005210876465,0.013101654127240181,0.014908618293702602,0.06521928310394287,0.015302550978958607,0.02143753506243229,0.08265990018844604,0.42901045083999634,,,
453.0,454.0,True,presidenta,closeup,0.24678802490234375,0.5780208110809326,0.24068006873130798,0.007492393720895052,0.010844996199011803,0.09274186193943024,0.0216620322316885,0.033321354538202286,0.14741270244121552,0.4458445608615875,,,
454.0,455.0,True,presidenta,closeup,-0.13743796944618225,0.3958015441894531,0.22228318452835083,0.007825061678886414,0.09406920522451401,0.03901088610291481,0.030862094834446907,0.02688196860253811,0.18334734439849854,0.39572030305862427,,,
455.0,456.0,True,presidenta,closeup,0.17510703206062317,0.08255627751350403,0.3445281386375427,0.007519994396716356,0.050947315990924835,0.023967457935214043,0.015315975993871689,0.0189242884516716,0.09905220568180084,0.4397446811199188,,,
456.0,457.0,True,presidenta,closeup,0.607277512550354,0.3547283709049225,0.3122328221797943,0.018063854426145554,0.016233308240771294,0.06079455465078354,0.014032433740794659,0.03584332764148712,0.12356994301080704,0.4192298352718353,,,
457.0,458.0,True,presidenta,closeup,0.699592113494873,0.22892898321151733,0.35169273614883423,0.024309277534484863,0.020895499736070633,0.08740001171827316,0.023533198982477188,0.0224340558052063,0.10003473609685898,0.36970049142837524,,,
458.0,459.0,True,presidenta,closeup,0.44435930252075195,0.043039411306381226,0.3946859538555145,0.009215456433594227,0.027352292090654373,0.03603191673755646,0.011794197373092175,0.019988201558589935,0.0828242227435112,0.4181077182292938,,,
459.0,460.0,True,presidenta,closeup,0.5941193103790283,0.2082788050174713,0.3383224606513977,0.017208324745297432,0.021831471472978592,0.06974437832832336,0.020370634272694588,0.022409578785300255,0.10373494774103165,0.4063781797885895,,,
460.0,461.0,True,presidenta,closeup,0.3209008574485779,0.21687686443328857,0.3395645320415497,0.013115026988089085,0.019368745386600494,0.06911671161651611,0.023411646485328674,0.0274713933467865,0.12734970450401306,0.38060227036476135,,,
461.0,462.0,True,presidenta,closeup,0.21478694677352905,0.6582930684089661,0.16271020472049713,0.01276387833058834,0.009588807821273804,0.18238551914691925,0.036157116293907166,0.037781696766614914,0.17196312546730042,0.38664963841438293,,,
462.0,463.0,True,presidenta,closeup,0.2178795337677002,0.2139744758605957,0.3684207499027252,0.012655566446483135,0.017743373289704323,0.04222853109240532,0.016864581033587456,0.033420875668525696,0.1008441373705864,0.4078221023082733,,,
463.0,464.0,True,presidenta,closeup,0.702727735042572,0.39226555824279785,0.37703368067741394,0.035214681178331375,0.014964898116886616,0.06772186607122421,0.014285032637417316,0.020840927958488464,0.08671130239963531,0.3832276165485382,,,
464.0,465.0,True,presidenta,closeup,-1.7642974853515625e-05,-0.05650410056114197,0.27309510111808777,0.010385521687567234,0.020203255116939545,0.07242470979690552,0.013732755556702614,0.022969063371419907,0.1842166930437088,0.4029729962348938,,,
465.0,466.0,True,presidenta,closeup,0.535423219203949,0.24014601111412048,0.2787667512893677,0.019427349790930748,0.01426762342453003,0.07536338269710541,0.021680230274796486,0.028528768569231033,0.13090704381465912,0.4310588538646698,,,
466.0,467.0,True,presidenta,closeup,0.349106103181839,0.23322835564613342,0.2735767662525177,0.007826471701264381,0.016071440652012825,0.07297728210687637,0.01933070458471775,0.03126375749707222,0.12690266966819763,0.4520508944988251,,,
467.0,468.0,True,presidenta,closeup,0.5410646200180054,0.3749215602874756,0.33570027351379395,0.012991783209145069,0.021503692492842674,0.08262322098016739,0.02379448711872101,0.02639857307076454,0.11528697609901428,0.3817010223865509,,,
468.0,469.0,True,presidenta,closeup,0.6319072842597961,-0.005821347236633301,0.38142648339271545,0.013105016201734543,0.021931979805231094,0.04839413985610008,0.014093461446464062,0.02037588693201542,0.0880386084318161,0.41263440251350403,,,
469.0,470.0,True,presidenta,closeup,0.6999573707580566,0.10675224661827087,0.34723231196403503,0.019419632852077484,0.01855635829269886,0.0699845552444458,0.020765114575624466,0.018992576748132706,0.0844011902809143,0.4206482470035553,,,
470.0,471.0,True,presidenta,closeup,0.7114353179931641,0.31989431381225586,0.27651605010032654,0.027022790163755417,0.018046025186777115,0.08624149858951569,0.018837090581655502,0.024373777210712433,0.1169695258140564,0.4319932758808136,,,
471.0,472.0,True,presidenta,closeup,0.3402886688709259,0.15220490097999573,0.3156636953353882,0.012206900864839554,0.022960547357797623,0.06091085448861122,0.019631685689091682,0.037786610424518585,0.1272621750831604,0.403577595949173,,,
472.0,473.0,True,presidenta,closeup,0.6636589765548706,0.3671009838581085,0.30919867753982544,0.022863591089844704,0.01956266351044178,0.06265424937009811,0.015459888614714146,0.020861217752099037,0.09783332794904709,0.4515663981437683,,,
473.0,474.0,True,presidenta,closeup,0.7706992030143738,0.4925752878189087,0.2674010694026947,0.09326865524053574,0.012452471069991589,0.13134624063968658,0.024959295988082886,0.026911536231637,0.08913406729698181,0.35452666878700256,,,
474.0,475.0,True,presidenta,closeup,0.4138827621936798,0.4298572540283203,0.3467817008495331,0.014394833706319332,0.01840178482234478,0.08862531930208206,0.01759278029203415,0.02804417535662651,0.1263940930366516,0.35976532101631165,,,
475.0,476.0,True,presidenta,closeup,0.11856785416603088,0.6462182998657227,0.18426690995693207,0.014795470982789993,0.021762123331427574,0.12177195399999619,0.028926659375429153,0.028694625943899155,0.21173664927482605,0.38804560899734497,,,
476.0,477.0,True,presidenta,closeup,-0.09282729029655457,0.5344907641410828,0.2579655945301056,0.0058552916161715984,0.018381763249635696,0.07976417243480682,0.021469872444868088,0.03769779950380325,0.16597002744674683,0.412895530462265,,,
477.0,478.0,True,presidenta,closeup,0.6752298474311829,0.15249744057655334,0.30656927824020386,0.022624896839261055,0.024004530161619186,0.0921454057097435,0.024929789826273918,0.01986883394420147,0.1019454374909401,0.40791186690330505,,,
478.0,479.0,True,presidenta,closeup,0.5871120691299438,0.2112223207950592,0.30013298988342285,0.02780991792678833,0.01707300916314125,0.08915331214666367,0.02159770578145981,0.028113286942243576,0.1149778664112091,0.4011419117450714,,,
479.0,480.0,True,presidenta,closeup,0.8167657852172852,0.37504446506500244,0.3486216962337494,0.0583706796169281,0.017876386642456055,0.06507892906665802,0.015077881515026093,0.02116231434047222,0.08732857555150986,0.38648349046707153,,,
480.0,481.0,True,presidenta,closeup,0.5871013402938843,-0.08171606063842773,0.23826992511749268,0.027671894058585167,0.05058243125677109,0.08107654005289078,0.02099582925438881,0.019315222278237343,0.23954904079437256,0.3225391209125519,,,
481.0,482.0,True,presidenta,closeup,-0.2129737138748169,0.45865631103515625,0.08427020907402039,0.008444755338132381,0.024141445755958557,0.11146604269742966,0.03563305735588074,0.055595558136701584,0.36457592248916626,0.31587299704551697,,,
482.0,483.0,True,presidenta,closeup,0.06747424602508545,0.6138520836830139,0.17120061814785004,0.008882146328687668,0.020765768364071846,0.11396808922290802,0.03397628292441368,0.04909755662083626,0.1712224781513214,0.43088698387145996,,,
483.0,484.0,True,presidenta,closeup,0.51515132188797,0.17145130038261414,0.2895612120628357,0.006218644790351391,0.021992715075612068,0.03360676392912865,0.012574857100844383,0.023197446018457413,0.07076295465230942,0.5420854687690735,,,
484.0,485.0,True,presidenta,closeup,0.7743303775787354,0.3766072988510132,0.301486074924469,0.05947665497660637,0.01177125796675682,0.07889437675476074,0.015122662298381329,0.025732722133398056,0.11385932564735413,0.39365696907043457,,,
485.0,486.0,True,presidenta,closeup,0.7932338714599609,-0.004286468029022217,0.2194785177707672,0.03774826601147652,0.03143051266670227,0.09168399125337601,0.02307860553264618,0.0273249763995409,0.13378110527992249,0.4354740083217621,,,
486.0,487.0,True,presidenta,closeup,0.581069827079773,0.1409587264060974,0.3049822449684143,0.01590486243367195,0.02615061029791832,0.042257118970155716,0.01814151369035244,0.03646903857588768,0.09691885113716125,0.45917579531669617,,,
487.0,488.0,True,presidenta,closeup,0.11856785416603088,0.5338152050971985,0.2511434555053711,0.010620909743010998,0.01228991337120533,0.08980897068977356,0.018562225624918938,0.042796600610017776,0.1477212905883789,0.42705661058425903,,,
488.0,489.0,True,presidenta,closeup,0.5462469458580017,0.45491012930870056,0.2603805363178253,0.024542128667235374,0.01888125017285347,0.12606164813041687,0.02271116152405739,0.032591719180345535,0.10601351410150528,0.4088180959224701,,,
489.0,490.0,True,presidenta,closeup,0.04519721865653992,0.3158106505870819,0.31574419140815735,0.005447384901344776,0.01966380886733532,0.06827262789011002,0.020741784945130348,0.0269706379622221,0.14802134037017822,0.3951382339000702,,,
490.0,491.0,True,presidenta,closeup,0.6179476976394653,0.2912379503250122,0.35798323154449463,0.022781819105148315,0.020106591284275055,0.06492060422897339,0.019778374582529068,0.022643908858299255,0.10482516139745712,0.38696032762527466,,,
491.0,492.0,True,presidenta,closeup,0.33393317461013794,0.1961599886417389,0.3717592656612396,0.009656909853219986,0.03547116369009018,0.057948701083660126,0.025009319186210632,0.024602876976132393,0.1212308257818222,0.3543209731578827,,,
492.0,493.0,True,presidenta,closeup,0.46664395928382874,0.34202101826667786,0.35114580392837524,0.01368274912238121,0.018915146589279175,0.0725201964378357,0.02550373785197735,0.02717648819088936,0.11317101866006851,0.3778848648071289,,,
493.0,494.0,True,presidenta,closeup,0.5055977702140808,-0.05007699131965637,0.3440767526626587,0.011263854801654816,0.029668156057596207,0.042507804930210114,0.01907866634428501,0.0268172025680542,0.10047583281993866,0.4261116683483124,,,
494.0,495.0,True,presidenta,closeup,0.5053212642669678,0.21830785274505615,0.2985672652721405,0.014564299024641514,0.026272200047969818,0.0727764368057251,0.02614704892039299,0.02721177041530609,0.1068321093916893,0.42762890458106995,,,
495.0,496.0,True,presidenta,closeup,0.4860955476760864,0.22310471534729004,0.32914918661117554,0.011391103267669678,0.014657045714557171,0.08342490345239639,0.014978600665926933,0.015273313038051128,0.10442831367254257,0.42669758200645447,,,
496.0,497.0,True,presidenta,closeup,0.5090737342834473,0.2865979075431824,0.3244163691997528,0.018146438524127007,0.012669137679040432,0.12071619927883148,0.018176905810832977,0.02509489469230175,0.12886406481266022,0.35191598534584045,,,
497.0,498.0,True,presidenta,closeup,0.15715214610099792,0.602178692817688,0.27214038372039795,0.006420108489692211,0.0114959217607975,0.10184350609779358,0.01973024010658264,0.024975553154945374,0.14658041298389435,0.4168139696121216,,,
498.0,499.0,True,presidenta,closeup,0.5995863080024719,0.2156102955341339,0.37450745701789856,0.013712572865188122,0.01574585773050785,0.0552855022251606,0.012957008555531502,0.01448553241789341,0.10100190341472626,0.4123041331768036,,,
499.0,500.0,True,presidenta,closeup,0.6859785318374634,0.37440812587738037,0.3001262843608856,0.028478609398007393,0.01603815145790577,0.09704095125198364,0.017796460539102554,0.01872396282851696,0.09869254380464554,0.42310306429862976,,,
500.0,501.0,True,presidenta,closeup,0.8245048522949219,0.3285013437271118,0.23211951553821564,0.07534840703010559,0.012523694895207882,0.11653506755828857,0.023588526993989944,0.03589164465665817,0.10848840326070786,0.39550474286079407,,,
501.0,502.0,True,presidenta,closeup,0.6092751026153564,0.21300053596496582,0.29425784945487976,0.019745035097002983,0.01929154060781002,0.07521330565214157,0.018648549914360046,0.040711358189582825,0.1144816055893898,0.4176507592201233,,,
502.0,503.0,True,presidenta,closeup,0.10136950016021729,0.16285037994384766,0.3547026515007019,0.006394525058567524,0.021562431007623672,0.037540655583143234,0.01652686297893524,0.02791113778948784,0.10453200340270996,0.4308297634124756,,,
503.0,504.0,True,presidenta,closeup,-0.03451693058013916,0.402850866317749,0.28344807028770447,0.00479766633361578,0.029281921684741974,0.05217025801539421,0.023647820577025414,0.0273283664137125,0.12317854911088943,0.4561474323272705,,,
504.0,505.0,True,presidenta,closeup,0.4444619119167328,0.45601886510849,0.23240873217582703,0.01787533424794674,0.019737087190151215,0.06726968288421631,0.019338583573698997,0.02989988774061203,0.1339855045080185,0.47948524355888367,,,
505.0,506.0,True,presidenta,closeup,0.11506438255310059,0.6198822259902954,0.24078162014484406,0.014361940324306488,0.015713583678007126,0.0877203494310379,0.02833942323923111,0.035103265196084976,0.13674062490463257,0.4412391781806946,,,
506.0,507.0,True,presidenta,closeup,0.6826271414756775,0.14644774794578552,0.38134488463401794,0.017894389107823372,0.0317520946264267,0.08115082234144211,0.025868982076644897,0.01906164176762104,0.08564526587724686,0.35728195309638977,,,
507.0,508.0,True,presidenta,closeup,0.2945028841495514,0.3785625696182251,0.2871153652667999,0.006089612375944853,0.013960887677967548,0.07557626813650131,0.01188739575445652,0.018370499834418297,0.17501451075077057,0.41198545694351196,,,
508.0,509.0,True,presidenta,closeup,0.6342984437942505,0.3286426365375519,0.3656681776046753,0.010727785527706146,0.013504503294825554,0.0627051591873169,0.01082616951316595,0.012706419453024864,0.08864163607358932,0.4352201819419861,,,
509.0,510.0,True,presidenta,closeup,0.17846110463142395,0.5425604581832886,0.26196804642677307,0.007110727950930595,0.01567084714770317,0.07875585556030273,0.024989813566207886,0.037660151720047,0.124819315969944,0.4490252435207367,,,
510.0,511.0,True,presidenta,closeup,0.673795223236084,-0.18055438995361328,0.4713467061519623,0.015286058187484741,0.03395835682749748,0.031153621152043343,0.014204012230038643,0.01356919202953577,0.05298035219311714,0.3675016462802887,,,
511.0,512.0,True,presidenta,closeup,0.5370345115661621,0.524946391582489,0.28241369128227234,0.021242279559373856,0.014962331391870975,0.12780696153640747,0.026405323296785355,0.024578293785452843,0.11578727513551712,0.3868038058280945,,,
512.0,513.0,True,presidenta,closeup,0.124593585729599,0.38023099303245544,0.3167462944984436,0.006034124176949263,0.018880777060985565,0.06503388285636902,0.020034682005643845,0.03387799859046936,0.13153840601444244,0.40785378217697144,,,
513.0,514.0,True,presidenta,closeup,0.5903540849685669,0.3475128412246704,0.3229440748691559,0.02027224935591221,0.01561184786260128,0.07124357670545578,0.01733560860157013,0.02225916087627411,0.1251831352710724,0.40515032410621643,,,
514.0,515.0,True,presidenta,closeup,0.2321801483631134,0.5991190075874329,0.2786175310611725,0.009171470068395138,0.010360549204051495,0.07467560470104218,0.017174068838357925,0.027322378009557724,0.11808834224939346,0.46459004282951355,,,
515.0,516.0,True,presidenta,closeup,0.49257561564445496,0.4523118734359741,0.35235968232154846,0.011999523267149925,0.013007322326302528,0.04019220545887947,0.009828897193074226,0.022984759882092476,0.09292612969875336,0.45670148730278015,,,
516.0,517.0,True,presidenta,closeup,0.362097829580307,0.18951880931854248,0.34220945835113525,0.005666357930749655,0.01603849232196808,0.030743008479475975,0.010163946077227592,0.02012721449136734,0.08788179606199265,0.48716968297958374,,,
517.0,518.0,True,presidenta,closeup,0.40962713956832886,0.3768945038318634,0.2884213626384735,0.01094071101397276,0.019416209310293198,0.11688113957643509,0.027760246768593788,0.03020390495657921,0.14337985217571259,0.36299654841423035,,,
518.0,519.0,True,presidenta,closeup,0.6251228451728821,0.2831404209136963,0.35273978114128113,0.03126867115497589,0.0264944676309824,0.09252780675888062,0.02514045313000679,0.02686920017004013,0.12781481444835663,0.31714487075805664,,,
519.0,520.0,True,presidenta,closeup,0.7609602808952332,0.03280922770500183,0.39848560094833374,0.026298517361283302,0.02529210038483143,0.05138620361685753,0.01420424785465002,0.015371949411928654,0.08932994306087494,0.3796314299106598,,,
520.0,521.0,True,presidenta,closeup,0.7269925475120544,0.4633197486400604,0.31473445892333984,0.025025399401783943,0.015380127355456352,0.10735201090574265,0.02299889735877514,0.02201511524617672,0.10526770353317261,0.3872263431549072,,,
521.0,522.0,True,presidenta,closeup,0.23115181922912598,0.3208243250846863,0.30872511863708496,0.007131916470825672,0.014019436202943325,0.08441847562789917,0.01682659611105919,0.01916631869971752,0.1165923997759819,0.4331198036670685,,,
522.0,523.0,True,presidenta,closeup,0.6609334945678711,0.16989952325820923,0.30956631898880005,0.023938555270433426,0.019307726994156837,0.08089254796504974,0.016223780810832977,0.028697900474071503,0.12562131881713867,0.39575180411338806,,,
523.0,524.0,True,presidenta,closeup,0.7181639671325684,0.015496939420700073,0.3918378949165344,0.02431771531701088,0.026047643274068832,0.05898527428507805,0.02126201242208481,0.017509063705801964,0.09763993322849274,0.36240047216415405,,,
524.0,525.0,True,presidenta,closeup,0.4817275404930115,0.27025967836380005,0.2500024735927582,0.01346140168607235,0.022624008357524872,0.10506211221218109,0.02346092276275158,0.03132113814353943,0.15380658209323883,0.4002613127231598,,,
525.0,526.0,True,presidenta,closeup,0.7312440276145935,0.04594758152961731,0.4537719488143921,0.01985534094274044,0.02550937794148922,0.04833051562309265,0.014963175170123577,0.018085045740008354,0.08307672291994095,0.3364078104496002,,,
526.0,527.0,True,presidenta,closeup,0.7503910064697266,0.5293747186660767,0.29675281047821045,0.03231923282146454,0.01325363852083683,0.10774335265159607,0.0164374727755785,0.022732187062501907,0.08975770324468613,0.4210036098957062,,,
527.0,528.0,True,presidenta,closeup,0.4066377580165863,0.29538625478744507,0.3130366802215576,0.009565894491970539,0.022783176973462105,0.13998878002166748,0.023744771257042885,0.024908894672989845,0.1685612052679062,0.29741063714027405,,,
528.0,529.0,True,presidenta,closeup,0.44966596364974976,0.2540995478630066,0.2912784516811371,0.015457448549568653,0.0105610815808177,0.0624019056558609,0.009953567758202553,0.019413810223340988,0.13612580299377441,0.45480799674987793,,,
529.0,530.0,True,presidenta,closeup,0.3902221918106079,0.49356743693351746,0.22133979201316833,0.015383804216980934,0.0204172283411026,0.1290864199399948,0.038952626287937164,0.03190919756889343,0.15602397918701172,0.38688698410987854,,,
530.0,531.0,True,presidenta,closeup,0.6347721815109253,0.1900651454925537,0.371701180934906,0.017379987984895706,0.01563287153840065,0.07260699570178986,0.015041700564324856,0.019023114815354347,0.10860785096883774,0.380006343126297,,,
531.0,532.0,True,presidenta,closeup,0.5518838167190552,0.4353574216365814,0.2556709349155426,0.023289263248443604,0.014890903607010841,0.11893793940544128,0.02173307165503502,0.026744019240140915,0.11761405318975449,0.4211198389530182,,,
532.0,533.0,True,presidenta,closeup,0.28423216938972473,0.34110915660858154,0.30529388785362244,0.010037722997367382,0.014110380783677101,0.0874241441488266,0.018038470298051834,0.040739599615335464,0.15095771849155426,0.373398095369339,,,
533.0,534.0,True,presidenta,closeup,0.43235430121421814,0.4871361553668976,0.2959205210208893,0.012025602161884308,0.016999924555420876,0.0806916281580925,0.018633907660841942,0.02825704589486122,0.10916706919670105,0.43830421566963196,,,
534.0,535.0,True,presidenta,closeup,0.2297860085964203,0.2655835449695587,0.33862847089767456,0.00541614880785346,0.024722227826714516,0.05751040577888489,0.021179767325520515,0.030812853947281837,0.12664270401000977,0.3950873911380768,,,
535.0,536.0,True,presidenta,closeup,0.48687970638275146,0.32773885130882263,0.3222208023071289,0.01943158358335495,0.017508206889033318,0.07968862354755402,0.0208196472376585,0.030797626823186874,0.12149663269519806,0.38803690671920776,,,
536.0,537.0,True,presidenta,closeup,0.7430799007415771,0.5764790177345276,0.2779028117656708,0.11700954288244247,0.01601659134030342,0.08445389568805695,0.02199871651828289,0.023363908752799034,0.10752472281455994,0.3517298400402069,,,
537.0,538.0,True,presidenta,closeup,0.026465922594070435,0.3655593991279602,0.3333812952041626,0.007470321375876665,0.02236367017030716,0.06383394449949265,0.023798897862434387,0.039824310690164566,0.14608612656593323,0.3632415235042572,,,
538.0,539.0,True,presidenta,closeup,0.2441251575946808,0.6353201866149902,0.22826018929481506,0.013331469148397446,0.013763783499598503,0.168007493019104,0.038038283586502075,0.03537556529045105,0.16225078701972961,0.3409724831581116,,,
539.0,540.0,True,presidenta,closeup,0.5028469562530518,0.4032590687274933,0.36471566557884216,0.0217329990118742,0.021818963810801506,0.07198517769575119,0.022011147812008858,0.026399940252304077,0.10409946739673615,0.3672366440296173,,,
540.0,541.0,True,presidenta,closeup,0.48651477694511414,0.32271549105644226,0.32259970903396606,0.01434656698256731,0.024599069729447365,0.08306668698787689,0.02672678790986538,0.025908520445227623,0.11200468242168427,0.39074796438217163,,,
541.0,542.0,True,presidenta,closeup,0.5255256295204163,0.18174698948860168,0.36175650358200073,0.015508132986724377,0.019612738862633705,0.07189657539129257,0.02118641324341297,0.024246878921985626,0.11591944843530655,0.3698732852935791,,,
542.0,543.0,True,presidenta,closeup,0.3167063295841217,0.21780544519424438,0.3416169285774231,0.007409772835671902,0.020145127549767494,0.04995843395590782,0.0157395601272583,0.03041248954832554,0.1206628829240799,0.41405484080314636,,,
543.0,544.0,True,presidenta,closeup,0.4681941866874695,0.4816761910915375,0.3232502043247223,0.012268747203052044,0.013980323448777199,0.11067993193864822,0.01723010465502739,0.02219572477042675,0.10692177712917328,0.3934732675552368,,,
544.0,545.0,True,presidenta,closeup,0.7572818398475647,0.6641829609870911,0.20709024369716644,0.03635786101222038,0.012538409791886806,0.19478407502174377,0.02279874123632908,0.02426275610923767,0.1386958509683609,0.363472044467926,,,
545.0,546.0,True,presidenta,closeup,0.6589870452880859,0.24477025866508484,0.44542446732521057,0.030527206137776375,0.013430644758045673,0.042549967765808105,0.013513107784092426,0.022578127682209015,0.09001833945512772,0.34195807576179504,,,
546.0,547.0,True,presidenta,closeup,0.2296351194381714,0.4337948262691498,0.27912840247154236,0.007193273399025202,0.01854483224451542,0.053497716784477234,0.022466110065579414,0.038271214812994,0.13008421659469604,0.4508141875267029,,,
547.0,548.0,True,presidenta,closeup,0.03583347797393799,-0.005217939615249634,0.2789803445339203,0.0049412306398153305,0.0275775995105505,0.047471385449171066,0.013863041065633297,0.030465956777334213,0.08808419108390808,0.5086162686347961,,,
548.0,549.0,True,presidenta,closeup,0.5534089803695679,0.3471250534057617,0.3065066337585449,0.01524114515632391,0.019176222383975983,0.08768737316131592,0.024488957598805428,0.027882525697350502,0.12689688801765442,0.3921203315258026,,,
549.0,550.0,True,presidenta,closeup,0.6653789281845093,0.576342761516571,0.31667637825012207,0.024300770834088326,0.020043231546878815,0.09042299538850784,0.02409876324236393,0.022120237350463867,0.10215474665164948,0.400182843208313,,,
550.0,551.0,True,presidenta,closeup,0.47559672594070435,0.36158815026283264,0.2884756028652191,0.020430902019143105,0.01882242225110531,0.09367161244153976,0.024629559367895126,0.03123578429222107,0.15589751303195953,0.3668366074562073,,,
551.0,552.0,True,presidenta,closeup,0.475624680519104,0.2317042052745819,0.32958734035491943,0.01885935850441456,0.03264715522527695,0.06422704458236694,0.02493838407099247,0.02689599059522152,0.10070258378982544,0.40214210748672485,,,
552.0,553.0,True,presidenta,closeup,0.5807475447654724,0.3217732012271881,0.3124958872795105,0.01969239115715027,0.0181389432400465,0.0848381295800209,0.022088203579187393,0.02688012644648552,0.10573902726173401,0.41012731194496155,,,
553.0,554.0,True,presidenta,closeup,0.5002562999725342,-0.05516314506530762,0.37794822454452515,0.009417209774255753,0.027910882607102394,0.06686736643314362,0.017350949347019196,0.01602224074304104,0.09684460610151291,0.3876385986804962,,,
554.0,555.0,True,presidenta,closeup,0.32119691371917725,0.5252429246902466,0.28452634811401367,0.011275041848421097,0.012986172921955585,0.11715810745954514,0.024981016293168068,0.023251691833138466,0.15124835073947906,0.3745732307434082,,,
555.0,556.0,True,presidenta,closeup,0.47399699687957764,0.07551759481430054,0.3356669545173645,0.012513929978013039,0.016563456505537033,0.0700697973370552,0.012263979762792587,0.020104149356484413,0.14872165024280548,0.38409605622291565,,,
556.0,557.0,True,presidenta,closeup,0.21389350295066833,0.40915337204933167,0.24839730560779572,0.01269825454801321,0.014585788361728191,0.07997739315032959,0.017468634992837906,0.03851485252380371,0.15770567953586578,0.43065211176872253,,,
557.0,558.0,True,presidenta,closeup,0.7076646089553833,0.36214524507522583,0.32547563314437866,0.04316544160246849,0.03081624023616314,0.08679909259080887,0.0222352035343647,0.016968226060271263,0.10178276151418686,0.3727574050426483,,,
558.0,559.0,True,presidenta,closeup,0.6963770389556885,0.2431744635105133,0.34351983666419983,0.026184091344475746,0.01968592032790184,0.08322262763977051,0.021788250654935837,0.01709337905049324,0.08154215663671494,0.4069637954235077,,,
559.0,560.0,True,presidenta,closeup,0.5060672760009766,0.16240420937538147,0.3539295196533203,0.011190657503902912,0.02673226036131382,0.061023011803627014,0.02135903760790825,0.020579470321536064,0.10854630172252655,0.39663979411125183,,,
560.0,561.0,True,presidenta,closeup,0.42533063888549805,0.3283729553222656,0.28493037819862366,0.0128578906878829,0.01846977137029171,0.07023967802524567,0.015422649681568146,0.025130057707428932,0.16899670660495758,0.40395286679267883,,,
561.0,562.0,True,presidenta,closeup,0.5871784687042236,0.38701844215393066,0.382894903421402,0.013663310557603836,0.01780250482261181,0.0731668621301651,0.02010856568813324,0.015755202621221542,0.11771806329488754,0.358890563249588,,,
562.0,563.0,True,presidenta,closeup,0.257275253534317,0.032605767250061035,0.3770533800125122,0.005867050029337406,0.028238553553819656,0.044568635523319244,0.014017757959663868,0.017735779285430908,0.09747091680765152,0.4150480031967163,,,
563.0,564.0,True,presidenta,closeup,0.5843567252159119,0.06777465343475342,0.39383184909820557,0.024093545973300934,0.01645277626812458,0.04265708476305008,0.012696970254182816,0.0165588166564703,0.07755393534898758,0.41615504026412964,,,
564.0,565.0,True,presidenta,closeup,-0.17226296663284302,0.4005785286426544,0.22904935479164124,0.0045171212404966354,0.022964615374803543,0.06961602717638016,0.026869947090744972,0.03658387437462807,0.13952027261257172,0.4708787500858307,,,
565.0,566.0,True,presidenta,closeup,0.48050498962402344,0.2548525333404541,0.3839464783668518,0.009411067701876163,0.01739411987364292,0.03757384419441223,0.011958322487771511,0.022507959976792336,0.08471798151731491,0.4324902594089508,,,
566.0,567.0,True,presidenta,closeup,0.7222110033035278,0.33891183137893677,0.34614184498786926,0.0345211997628212,0.022078096866607666,0.06304804980754852,0.020723100751638412,0.017821837216615677,0.09599071741104126,0.3996751606464386,,,
567.0,568.0,True,presidenta,closeup,0.5855979919433594,0.27985644340515137,0.33232492208480835,0.020897943526506424,0.020365502685308456,0.06580626219511032,0.022072818130254745,0.023222165182232857,0.10882801562547684,0.40648239850997925,,,
568.0,569.0,True,presidenta,closeup,0.30877307057380676,0.37726953625679016,0.25766465067863464,0.015059943310916424,0.021865567192435265,0.06018418073654175,0.018144505098462105,0.04018741473555565,0.08675089478492737,0.5001428127288818,,,
569.0,570.0,True,presidenta,closeup,0.1809016764163971,0.48682713508605957,0.2738463878631592,0.00550762377679348,0.016735559329390526,0.10741450637578964,0.02369033358991146,0.02973216399550438,0.16601498425006866,0.3770584166049957,,,
570.0,571.0,True,presidenta,closeup,0.8539267182350159,0.046800971031188965,0.4205198884010315,0.04922730103135109,0.02284807525575161,0.07753217965364456,0.019607335329055786,0.013323314487934113,0.0693654716014862,0.32757648825645447,,,
571.0,572.0,True,presidenta,closeup,0.16055408120155334,0.4197418689727783,0.20967286825180054,0.008108274079859257,0.025087416172027588,0.07691390067338943,0.031367912888526917,0.05106521397829056,0.17574597895145416,0.4220384359359741,,,
572.0,573.0,True,presidenta,closeup,0.7237269878387451,0.3618370294570923,0.34444335103034973,0.061320774257183075,0.012971336022019386,0.08300808072090149,0.014547905884683132,0.024625379592180252,0.09301350265741348,0.3660696744918823,,,
573.0,574.0,True,presidenta,closeup,0.6950930953025818,0.41281113028526306,0.29821571707725525,0.037829864770174026,0.013043731451034546,0.08722436428070068,0.020313451066613197,0.02756292000412941,0.10799752175807953,0.4078124463558197,,,
574.0,575.0,True,presidenta,closeup,0.6274359226226807,0.45041316747665405,0.387582004070282,0.02354944683611393,0.01703338883817196,0.0732710137963295,0.01775115169584751,0.01975189708173275,0.085246741771698,0.3758143186569214,,,
575.0,576.0,True,presidenta,closeup,0.32566025853157043,0.43078505992889404,0.31077951192855835,0.010713715106248856,0.01660815067589283,0.07523906975984573,0.018592823296785355,0.024634437635540962,0.11750073730945587,0.4259316027164459,,,
576.0,577.0,True,presidenta,closeup,0.4508889615535736,0.10476303100585938,0.3313595950603485,0.015365354716777802,0.019272325560450554,0.06476321816444397,0.012811950407922268,0.01666243188083172,0.16298885643482208,0.3767763078212738,,,
577.0,578.0,True,presidenta,closeup,0.40865078568458557,0.3356280028820038,0.33322522044181824,0.013691318221390247,0.014909525401890278,0.07717833667993546,0.015370555222034454,0.027718273922801018,0.11440186202526093,0.4035049080848694,,,
578.0,579.0,True,presidenta,closeup,0.5593926906585693,0.24147316813468933,0.3669513761997223,0.022374436259269714,0.0124500198289752,0.07155486941337585,0.013180329464375973,0.017955204471945763,0.10935463011264801,0.3861791789531708,,,
579.0,580.0,True,presidenta,closeup,0.637294352054596,-0.030305206775665283,0.33050021529197693,0.01927378959953785,0.027959441766142845,0.07039440423250198,0.021704860031604767,0.026554448530077934,0.12104036659002304,0.3825724720954895,,,
580.0,581.0,True,presidenta,closeup,0.4478386640548706,0.7306725382804871,0.19159625470638275,0.023021982982754707,0.012551830150187016,0.18013262748718262,0.037145838141441345,0.03723260387778282,0.17876611649990082,0.33955276012420654,,,
581.0,582.0,True,presidenta,closeup,0.4840571880340576,0.25724518299102783,0.3789953589439392,0.012774464674293995,0.019536077976226807,0.05142055079340935,0.016100874170660973,0.022161846980452538,0.09460780024528503,0.40440303087234497,,,
582.0,583.0,True,presidenta,closeup,0.5747562050819397,0.2931956946849823,0.35359257459640503,0.01709451712667942,0.028401408344507217,0.06424126029014587,0.025897683575749397,0.017404159530997276,0.10439176857471466,0.38897666335105896,,,
583.0,584.0,True,presidenta,closeup,-0.09638619422912598,0.2943460941314697,0.2601655423641205,0.006393882445991039,0.05865054205060005,0.02307807095348835,0.018974171951413155,0.029015522450208664,0.11873773485422134,0.48498454689979553,,,
584.0,585.0,True,presidenta,closeup,0.534156322479248,0.5031100511550903,0.253126323223114,0.013883419334888458,0.014334838837385178,0.14278770983219147,0.020537981763482094,0.02000255323946476,0.1568642556667328,0.37846288084983826,,,
585.0,586.0,True,presidenta,closeup,0.5691992044448853,0.38668638467788696,0.25623011589050293,0.020129729062318802,0.018802227452397346,0.09793004393577576,0.019902650266885757,0.026048896834254265,0.12798140943050385,0.4329749047756195,,,
586.0,587.0,True,presidenta,closeup,0.44854000210762024,0.1683209240436554,0.4181508719921112,0.007902009412646294,0.026507128030061722,0.05262228846549988,0.015312266536056995,0.016408419236540794,0.095843605697155,0.3672533631324768,,,
587.0,588.0,True,presidenta,closeup,0.4892464876174927,0.5399806499481201,0.2630731463432312,0.023396870121359825,0.018523015081882477,0.10133691132068634,0.025405433028936386,0.03821558505296707,0.14827078580856323,0.3817782700061798,,,
588.0,589.0,True,presidenta,closeup,0.37999269366264343,0.5483599901199341,0.27700892090797424,0.011623718775808811,0.016904661431908607,0.12827043235301971,0.030310198664665222,0.024876436218619347,0.14731600880622864,0.3636896312236786,,,
589.0,590.0,True,presidenta,closeup,0.6682450771331787,0.13883700966835022,0.37093406915664673,0.014798472635447979,0.021646711975336075,0.05654502287507057,0.016511203721165657,0.01945371739566326,0.07981307804584503,0.4202977120876312,,,
590.0,591.0,True,presidenta,closeup,0.5577490925788879,0.2231317162513733,0.27945682406425476,0.0283864364027977,0.02380627952516079,0.05814163014292717,0.020331745967268944,0.03256727010011673,0.11743401736021042,0.43987584114074707,,,
591.0,592.0,True,presidenta,closeup,0.6737211346626282,0.38064754009246826,0.3601982593536377,0.02893262729048729,0.01718931831419468,0.07675056904554367,0.02200712263584137,0.025697628036141396,0.08398105949163437,0.38524338603019714,,,
592.0,593.0,True,presidenta,closeup,0.2515396177768707,0.12360697984695435,0.3838982880115509,0.005733956582844257,0.032592009752988815,0.035711538046598434,0.015097450464963913,0.03062319941818714,0.10127532482147217,0.3950681984424591,,,
593.0,594.0,True,presidenta,closeup,0.14104267954826355,0.6052455902099609,0.2029336541891098,0.012697284109890461,0.017668405547738075,0.11472828686237335,0.036307983100414276,0.035092175006866455,0.17298871278762817,0.4075835049152374,,,
594.0,595.0,True,presidenta,closeup,0.23230469226837158,0.386906236410141,0.2794174253940582,0.013076899573206902,0.01989130675792694,0.05869746208190918,0.021182557567954063,0.02549583651125431,0.11722248047590256,0.46501606702804565,,,
595.0,596.0,True,presidenta,closeup,0.3802933394908905,0.31142982840538025,0.23873969912528992,0.020923243835568428,0.017606355249881744,0.07797852903604507,0.02604827471077442,0.0385918952524662,0.13642510771751404,0.443686842918396,,,
596.0,597.0,True,presidenta,closeup,0.3764638304710388,0.3003314137458801,0.3206683099269867,0.011733630672097206,0.019284415990114212,0.058042194694280624,0.01428915187716484,0.02768462337553501,0.13525480031967163,0.41304293274879456,,,
597.0,598.0,True,presidenta,closeup,0.6531342267990112,0.2527778446674347,0.3022916913032532,0.02221658267080784,0.016178710386157036,0.051663950085639954,0.01409913320094347,0.023371588438749313,0.09746454656124115,0.47271379828453064,,,
598.0,599.0,True,presidenta,closeup,0.5559796094894409,0.2909173369407654,0.3280043303966522,0.014372628182172775,0.0289058368653059,0.08661560714244843,0.02610020712018013,0.024501971900463104,0.1333536058664322,0.3581458330154419,,,
599.0,600.0,True,presidenta,closeup,0.4208160638809204,0.27425476908683777,0.32591620087623596,0.013455323874950409,0.020110763609409332,0.05992427095770836,0.018391482532024384,0.03176796808838844,0.11528199911117554,0.4151519536972046,,,
600.0,601.0,True,presidenta,closeup,0.6736059188842773,0.41586238145828247,0.23780705034732819,0.03595534339547157,0.011506756767630577,0.2003980576992035,0.034689586609601974,0.0332464799284935,0.11628440767526627,0.33011236786842346,,,
601.0,602.0,True,presidenta,closeup,0.8225690722465515,0.34442806243896484,0.34828874468803406,0.06959781795740128,0.015295736491680145,0.09388486295938492,0.01998685859143734,0.015405804850161076,0.07286648452281952,0.3646736443042755,,,
602.0,603.0,True,presidenta,closeup,0.6967409253120422,0.1028406023979187,0.40197357535362244,0.02093328908085823,0.02483396977186203,0.06654705107212067,0.021080804988741875,0.012634413316845894,0.0751633495092392,0.37683355808258057,,,
603.0,604.0,True,presidenta,closeup,0.30251434445381165,0.5826677680015564,0.20368075370788574,0.010088508017361164,0.018300160765647888,0.06341666728258133,0.024187332019209862,0.0482800230383873,0.1436421424150467,0.48840442299842834,,,
604.0,605.0,True,presidenta,closeup,0.21420332789421082,0.559891402721405,0.20010672509670258,0.010023442097008228,0.020283762365579605,0.12171139568090439,0.03886314854025841,0.05190880596637726,0.1778208166360855,0.3792819678783417,,,
605.0,606.0,True,presidenta,closeup,0.19920793175697327,0.3218694031238556,0.30170392990112305,0.011159968562424183,0.05574833229184151,0.05359761416912079,0.026639919728040695,0.02345399744808674,0.1389402449131012,0.38875600695610046,,,
606.0,607.0,True,presidenta,closeup,0.6266720294952393,0.3724290430545807,0.34276360273361206,0.02025269903242588,0.016764068976044655,0.09156699478626251,0.01961713470518589,0.02098207175731659,0.11217771470546722,0.37587568163871765,,,
607.0,608.0,True,presidenta,closeup,0.5290722250938416,0.24604567885398865,0.33065927028656006,0.011262438260018826,0.016993800178170204,0.06253288686275482,0.01471821777522564,0.02067236416041851,0.09390638023614883,0.4492546021938324,,,
608.0,609.0,True,presidenta,closeup,0.6838754415512085,0.11445292830467224,0.33604443073272705,0.028552038595080376,0.02340003475546837,0.04517753794789314,0.016309579834342003,0.022386418655514717,0.07542537897825241,0.45270463824272156,,,
609.0,610.0,True,presidenta,closeup,0.4220806360244751,0.4446465075016022,0.2985301911830902,0.020041486248373985,0.01421505305916071,0.06316298991441727,0.01849036104977131,0.0316241979598999,0.10754786431789398,0.44638779759407043,,,
610.0,611.0,True,presidenta,closeup,0.40603864192962646,0.16822871565818787,0.3505719304084778,0.009835455566644669,0.019774794578552246,0.0442623570561409,0.0146669652312994,0.022644327953457832,0.06998611986637115,0.46825799345970154,,,
611.0,612.0,True,presidenta,closeup,0.2798721194267273,0.3285163342952728,0.3305858075618744,0.008820725604891777,0.021482352167367935,0.07246793806552887,0.01950596645474434,0.022896552458405495,0.1089433953166008,0.41529732942581177,,,
612.0,613.0,True,presidenta,closeup,0.41167861223220825,0.4356854259967804,0.20708507299423218,0.013454928062856197,0.016364827752113342,0.06998125463724136,0.015158304944634438,0.05274626985192299,0.1218910962343216,0.5033182501792908,,,
613.0,614.0,True,presidenta,closeup,0.8342480659484863,0.47309327125549316,0.2993919849395752,0.0850413367152214,0.010739574208855629,0.06745176017284393,0.013284413143992424,0.026215938851237297,0.087778739631176,0.41009628772735596,,,
614.0,615.0,True,presidenta,closeup,0.6247044205665588,0.44959017634391785,0.3020337224006653,0.018868649378418922,0.014408254995942116,0.06786701083183289,0.013640047051012516,0.024162176996469498,0.12498664110898972,0.4340335428714752,,,
615.0,616.0,True,presidenta,closeup,0.8195984363555908,0.05545642971992493,0.363352507352829,0.043762724846601486,0.023601960390806198,0.054776228964328766,0.01408193539828062,0.014977551996707916,0.06980273872613907,0.4156443774700165,,,
616.0,617.0,True,presidenta,closeup,0.7694087624549866,0.2541615068912506,0.3319632112979889,0.022265467792749405,0.01590927131474018,0.07369644939899445,0.014335996471345425,0.014233981259167194,0.07332313060760498,0.4542725086212158,,,
617.0,618.0,True,presidenta,closeup,0.8543857932090759,0.3326660096645355,0.29783767461776733,0.0684250220656395,0.012681243941187859,0.0943131372332573,0.02004125341773033,0.027693985030055046,0.09830611199140549,0.38070154190063477,,,
618.0,619.0,True,presidenta,closeup,0.4064566195011139,0.5770182013511658,0.22783564031124115,0.02270287647843361,0.011525589972734451,0.08874686062335968,0.023461725562810898,0.041253712028265,0.12231665849685669,0.4621569514274597,,,
619.0,620.0,True,presidenta,closeup,0.6786436438560486,0.636741042137146,0.19371896982192993,0.07771734148263931,0.010389692150056362,0.12348347902297974,0.02496018446981907,0.05473795533180237,0.15691521763801575,0.35807710886001587,,,
620.0,621.0,True,presidenta,closeup,0.5726379752159119,0.6326289176940918,0.23003537952899933,0.024672485888004303,0.012050296179950237,0.1857040524482727,0.03352208063006401,0.035086359828710556,0.1211508959531784,0.35777848958969116,,,
621.0,622.0,True,presidenta,closeup,0.7328869700431824,0.22426661849021912,0.3928821384906769,0.042179472744464874,0.018313130363821983,0.06760101765394211,0.01824893057346344,0.02076376974582672,0.0778813362121582,0.36213022470474243,,,
622.0,623.0,True,presidenta,closeup,0.6554224491119385,0.04924175143241882,0.15186060965061188,0.03294973447918892,0.02268272079527378,0.13206177949905396,0.02683096192777157,0.03223514184355736,0.2790662348270416,0.3223128616809845,,,
623.0,624.0,True,presidenta,closeup,-0.38482216000556946,0.5320248603820801,0.06669584661722183,0.003077632747590542,0.020327569916844368,0.1024167388677597,0.028631551191210747,0.05615277215838432,0.3667733371257782,0.35592448711395264,,,
624.0,625.0,True,presidenta,closeup,0.31982266902923584,0.5063133239746094,0.24891650676727295,0.010037588886916637,0.03399502485990524,0.07191096991300583,0.01922449842095375,0.05766560509800911,0.18386276066303253,0.37438705563545227,,,
625.0,626.0,True,presidenta,closeup,0.6916163563728333,0.18905240297317505,0.3591585159301758,0.020431114360690117,0.032172124832868576,0.056146278977394104,0.019185367971658707,0.021481245756149292,0.10230942815542221,0.38911592960357666,,,
626.0,627.0,True,presidenta,closeup,0.6633754968643188,0.25383248925209045,0.285446435213089,0.021054305136203766,0.018128961324691772,0.06299189478158951,0.013810930773615837,0.02217933163046837,0.10449916869401932,0.4718889892101288,,,
627.0,628.0,True,presidenta,closeup,0.3608272969722748,0.5192169547080994,0.274911105632782,0.011798299849033356,0.01720893755555153,0.07058718800544739,0.021133093163371086,0.03001490607857704,0.15441998839378357,0.41992640495300293,,,
628.0,629.0,True,presidenta,closeup,0.4774515628814697,0.3419405519962311,0.25334280729293823,0.014831663109362125,0.01623690314590931,0.0801616981625557,0.016249768435955048,0.0361962728202343,0.14465053379535675,0.4383303225040436,,,
629.0,630.0,True,presidenta,closeup,0.3712782859802246,0.2527041435241699,0.3180023729801178,0.011380219832062721,0.015441566705703735,0.04976452514529228,0.013808873482048512,0.03103051148355007,0.10355085134506226,0.45702117681503296,,,
630.0,631.0,True,presidenta,closeup,0.22246527671813965,0.4916745722293854,0.2744262218475342,0.009285959415137768,0.020411264151334763,0.08022977411746979,0.0251624695956707,0.03679376095533371,0.14565441012382507,0.40803611278533936,,,
631.0,632.0,True,presidenta,closeup,0.2516535222530365,0.41760769486427307,0.30702370405197144,0.016150755807757378,0.016055595129728317,0.07295054197311401,0.017787640914320946,0.03165014088153839,0.13399985432624817,0.40438181161880493,,,
632.0,633.0,True,presidenta,closeup,0.547268271446228,0.45024290680885315,0.30461040139198303,0.02042335458099842,0.017019301652908325,0.06182771921157837,0.016734769567847252,0.02684159204363823,0.11933448910713196,0.4332083761692047,,,
633.0,634.0,True,presidenta,closeup,0.4517281949520111,0.011467456817626953,0.37013912200927734,0.01211127545684576,0.02902866154909134,0.06491254270076752,0.021002648398280144,0.018259255215525627,0.10269572585821152,0.3818507194519043,,,
634.0,635.0,True,presidenta,closeup,0.6427455544471741,0.22252145409584045,0.2902800440788269,0.02744048275053501,0.016856424510478973,0.07450927793979645,0.016737917438149452,0.024028778076171875,0.12173756211996078,0.4284095764160156,,,
635.0,636.0,True,presidenta,closeup,0.26393136382102966,0.2057078778743744,0.2719346880912781,0.007566750980913639,0.024757536128163338,0.06214921548962593,0.023790773004293442,0.03239097073674202,0.1530098021030426,0.4244002401828766,,,
636.0,637.0,True,presidenta,closeup,0.6505331993103027,0.24751010537147522,0.3187713921070099,0.030921095982193947,0.02343836985528469,0.06113060191273689,0.023839779198169708,0.02016526088118553,0.08570047467947006,0.43603307008743286,,,
637.0,638.0,True,presidenta,closeup,0.5672727227210999,0.1560572385787964,0.35758131742477417,0.012590330094099045,0.029100945219397545,0.04447953775525093,0.017564918845891953,0.021825002506375313,0.07458874583244324,0.4422691762447357,,,
638.0,639.0,True,presidenta,closeup,0.43510329723358154,0.2688167691230774,0.3278750777244568,0.013242696411907673,0.01908559910953045,0.06100508198142052,0.016972703859210014,0.026576006785035133,0.10611949115991592,0.42912331223487854,,,
639.0,640.0,True,presidenta,closeup,0.5533103942871094,0.1888561248779297,0.3506314158439636,0.013171386905014515,0.017407285049557686,0.06349468231201172,0.01729203574359417,0.020467573776841164,0.09785478562116623,0.4196808636188507,,,
640.0,641.0,True,presidenta,closeup,0.13135483860969543,0.3592790365219116,0.3684077858924866,0.010950041934847832,0.017332743853330612,0.05994439497590065,0.016987573355436325,0.034889012575149536,0.1359502375125885,0.3555382192134857,,,
641.0,642.0,True,presidenta,closeup,0.5857037305831909,0.18226194381713867,0.3996904194355011,0.013393091037869453,0.01986471377313137,0.058774471282958984,0.018862677738070488,0.01684253290295601,0.10819768905639648,0.36437439918518066,,,
642.0,643.0,True,presidenta,closeup,0.7337307333946228,0.13741418719291687,0.3747580051422119,0.02384733222424984,0.018683038651943207,0.054626718163490295,0.013282510451972485,0.014999864622950554,0.07709407806396484,0.42270851135253906,,,
643.0,644.0,True,presidenta,closeup,0.2869683802127838,0.4898684322834015,0.2550244629383087,0.01483556255698204,0.018194491043686867,0.07603120803833008,0.023348333314061165,0.043508876115083694,0.11733537167310715,0.4517216682434082,,,
644.0,645.0,True,presidenta,closeup,0.7138671875,0.41564446687698364,0.348795086145401,0.031660038977861404,0.018414149060845375,0.08591977506875992,0.022217964753508568,0.022809091955423355,0.09239602833986282,0.37778788805007935,,,
645.0,646.0,True,presidenta,closeup,0.3675869405269623,-0.021926194429397583,0.38357388973236084,0.00901392288506031,0.0268247127532959,0.02997671440243721,0.01195293478667736,0.02050819806754589,0.07589228451251984,0.4422573745250702,,,
646.0,647.0,True,presidenta,closeup,0.7414401769638062,0.5297888517379761,0.2712816894054413,0.05715705826878548,0.018926464021205902,0.13443776965141296,0.03039681725203991,0.02145686186850071,0.11910326778888702,0.34724006056785583,,,
647.0,648.0,True,presidenta,closeup,0.6218904852867126,0.6134899854660034,0.25543203949928284,0.035066667944192886,0.012625684961676598,0.10461527854204178,0.023220252245664597,0.028987320140004158,0.12453120946884155,0.415521502494812,,,
648.0,649.0,True,presidenta,closeup,0.2873632311820984,0.7888548970222473,0.16207575798034668,0.009931014850735664,0.008475761860609055,0.21127460896968842,0.033768247812986374,0.03647609055042267,0.1965651959180832,0.3414333760738373,,,
649.0,650.0,True,presidenta,closeup,0.40835922956466675,0.46207067370414734,0.2809322774410248,0.027899987995624542,0.01400132104754448,0.0729479268193245,0.01805453561246395,0.03625266253948212,0.12830017507076263,0.42161107063293457,,,
650.0,651.0,True,presidenta,closeup,0.7661438584327698,0.24939393997192383,0.3155500292778015,0.031243951991200447,0.0156558845192194,0.08763676881790161,0.020899709314107895,0.017458287999033928,0.0932915210723877,0.4182639420032501,,,
651.0,652.0,True,presidenta,closeup,0.8036644458770752,0.31148672103881836,0.36558711528778076,0.04083465039730072,0.021993868052959442,0.0992235615849495,0.024603307247161865,0.01278205681592226,0.09107858687639236,0.3438968360424042,,,
652.0,653.0,True,presidenta,closeup,0.793908953666687,0.16135624051094055,0.3354272246360779,0.055587708950042725,0.019939832389354706,0.08364810049533844,0.021314432844519615,0.01812676340341568,0.0889601856470108,0.3769957721233368,,,
653.0,654.0,True,presidenta,closeup,0.7685789465904236,0.21769651770591736,0.32590165734291077,0.047457341104745865,0.015163049101829529,0.10418231785297394,0.020080219954252243,0.019821347668766975,0.08545345067977905,0.381940633058548,,,
654.0,655.0,True,presidenta,closeup,0.5580926537513733,0.24260258674621582,0.3526652157306671,0.01939018815755844,0.016747018322348595,0.057896688580513,0.016476895660161972,0.018931234255433083,0.0969325378537178,0.4209602177143097,,,
655.0,656.0,True,presidenta,closeup,0.5833061933517456,0.3086436688899994,0.31822800636291504,0.013958433642983437,0.021475063636898994,0.07687556743621826,0.01830294355750084,0.018099380657076836,0.11291628330945969,0.42014431953430176,,,
656.0,657.0,True,presidenta,closeup,0.5854132771492004,0.4083782434463501,0.34452202916145325,0.02429049275815487,0.015228903852403164,0.05969841405749321,0.01577521115541458,0.0223667174577713,0.13028569519519806,0.3878325819969177,,,
657.0,658.0,True,presidenta,closeup,0.16016611456871033,0.10865938663482666,0.3272126615047455,0.009716524742543697,0.04446043074131012,0.030048904940485954,0.020465724170207977,0.02608492039144039,0.1247909665107727,0.41721978783607483,,,
658.0,659.0,True,presidenta,closeup,0.658261775970459,0.4131231904029846,0.28203117847442627,0.028136640787124634,0.02015579305589199,0.0942952111363411,0.030262453481554985,0.03171698749065399,0.1260511726140976,0.38735049962997437,,,
659.0,660.0,True,presidenta,closeup,0.3081948757171631,0.32203224301338196,0.33345577120780945,0.011070653796195984,0.021105853840708733,0.05475079268217087,0.01701483316719532,0.03019135259091854,0.11222252994775772,0.4201882481575012,,,
660.0,661.0,True,presidenta,closeup,0.4077817499637604,0.3603055775165558,0.37259066104888916,0.010625417344272137,0.018186096101999283,0.05401373654603958,0.012868612073361874,0.021794041618704796,0.09940428286790848,0.4105170965194702,,,
661.0,662.0,True,presidenta,closeup,0.6672880053520203,0.38713017106056213,0.254250168800354,0.022875355556607246,0.014595533721148968,0.148251473903656,0.02352234721183777,0.02338123321533203,0.1308630406856537,0.382260799407959,,,
662.0,663.0,True,presidenta,closeup,0.627389669418335,0.44748654961586,0.28164878487586975,0.0266425721347332,0.01533275842666626,0.0491270013153553,0.014337761327624321,0.027052918449044228,0.11937708407640457,0.46648108959198,,,
663.0,664.0,True,presidenta,closeup,0.6279793977737427,0.22441422939300537,0.3887004554271698,0.014773828908801079,0.015175562351942062,0.03949405625462532,0.012910069897770882,0.016085807234048843,0.07148994505405426,0.44137030839920044,,,
664.0,665.0,True,presidenta,closeup,0.8118495941162109,0.10163477063179016,0.382234662771225,0.05448064208030701,0.014287866652011871,0.03673125430941582,0.00981097761541605,0.01470660325139761,0.05395018309354782,0.4337978661060333,,,
665.0,666.0,True,presidenta,closeup,0.4069083631038666,0.21827781200408936,0.27891018986701965,0.012402363121509552,0.027599602937698364,0.06727584451436996,0.020796192809939384,0.025418149307370186,0.10755202919244766,0.46004560589790344,,,
666.0,667.0,True,presidenta,closeup,0.21494433283805847,0.4073582887649536,0.20911307632923126,0.011097541078925133,0.020841792225837708,0.09054583311080933,0.031155837699770927,0.047174517065286636,0.16767233610153198,0.4223990738391876,,,
667.0,668.0,True,presidenta,closeup,0.5736328363418579,0.2775611877441406,0.35205313563346863,0.0137683330103755,0.020054388791322708,0.07932569086551666,0.01814333349466324,0.015681752935051918,0.1451648622751236,0.3558084964752197,,,
668.0,669.0,True,presidenta,closeup,0.09538272023200989,0.45445847511291504,0.2902147173881531,0.009701470844447613,0.017664514482021332,0.07397641241550446,0.022348713129758835,0.030573910102248192,0.19831770658493042,0.3572024405002594,,,
669.0,670.0,True,presidenta,closeup,0.366938978433609,0.5034751892089844,0.19088809192180634,0.02000892534852028,0.013853759504854679,0.11922699213027954,0.023042291402816772,0.03920504450798035,0.15681718289852142,0.4369576573371887,,,
670.0,671.0,True,presidenta,closeup,0.880156934261322,0.13898691534996033,0.37880706787109375,0.07235702127218246,0.019632665440440178,0.09102204442024231,0.02018877863883972,0.014140326529741287,0.07263331115245819,0.33121880888938904,,,
671.0,672.0,True,presidenta,closeup,0.46390068531036377,0.3724037706851959,0.3592618703842163,0.01605038531124592,0.015695536509156227,0.07604577392339706,0.018771681934595108,0.028466513380408287,0.11508670449256897,0.37062153220176697,,,
672.0,673.0,True,presidenta,closeup,0.35608235001564026,0.32804784178733826,0.34054306149482727,0.011709662154316902,0.020107785239815712,0.05286607891321182,0.015518426895141602,0.0297587588429451,0.11990974098443985,0.40958648920059204,,,
673.0,674.0,True,presidenta,closeup,0.5350329279899597,0.20737752318382263,0.3528364896774292,0.01927640102803707,0.018165523186326027,0.057263780385255814,0.014376746490597725,0.026965593919157982,0.10505546629428864,0.4060600697994232,,,
674.0,675.0,True,presidenta,closeup,0.5550515651702881,0.4472607970237732,0.22902663052082062,0.027336494997143745,0.015829987823963165,0.1293453872203827,0.021003689616918564,0.05095285922288895,0.14089012145996094,0.38561487197875977,,,
675.0,676.0,True,presidenta,closeup,0.47855228185653687,0.5187888145446777,0.24037359654903412,0.02483661100268364,0.012840338982641697,0.09942842274904251,0.02004620060324669,0.03706448897719383,0.13141173124313354,0.43399861454963684,,,
676.0,677.0,True,presidenta,closeup,0.0739884078502655,0.3754427134990692,0.251079261302948,0.005945701617747545,0.01618005894124508,0.0750773623585701,0.016632994636893272,0.03330327570438385,0.14564552903175354,0.4561358690261841,,,
677.0,678.0,True,presidenta,closeup,0.4477328658103943,0.6585996747016907,0.20297813415527344,0.03130409121513367,0.013255428522825241,0.13686947524547577,0.03506189584732056,0.04641227051615715,0.1675064116716385,0.3666122853755951,,,
678.0,679.0,True,presidenta,closeup,0.34044790267944336,0.44325944781303406,0.26812809705734253,0.014030562713742256,0.018766678869724274,0.06765782088041306,0.021297166123986244,0.03781791031360626,0.1356206089258194,0.43668118119239807,,,
679.0,680.0,True,presidenta,closeup,0.5244460105895996,0.13125267624855042,0.26556119322776794,0.01941772922873497,0.03699721395969391,0.05760277807712555,0.02685249038040638,0.03164838254451752,0.12507034838199615,0.436849981546402,,,
680.0,681.0,True,presidenta,closeup,0.472542405128479,0.5068429112434387,0.30151212215423584,0.018384011462330818,0.016160428524017334,0.06201196834445,0.020067719742655754,0.034732650965452194,0.12056650221347809,0.4265645146369934,,,
681.0,682.0,True,presidenta,closeup,0.4922407567501068,0.45707234740257263,0.2998802661895752,0.02182689681649208,0.01222312357276678,0.07056840509176254,0.014883218333125114,0.03315790370106697,0.11295327544212341,0.43450692296028137,,,
682.0,683.0,True,presidenta,closeup,0.647563636302948,0.2121666669845581,0.36639678478240967,0.022152595221996307,0.01837342418730259,0.0477103590965271,0.013456540182232857,0.020172109827399254,0.08383575826883316,0.42790234088897705,,,
683.0,684.0,True,presidenta,closeup,-0.1314256191253662,0.43903404474258423,0.22183473408222198,0.003997154999524355,0.018928958103060722,0.0670025646686554,0.02334466762840748,0.04815639182925224,0.1720512956380844,0.4446842074394226,,,
684.0,685.0,True,presidenta,closeup,0.6763089299201965,0.576184868812561,0.24226123094558716,0.04956335946917534,0.01441994123160839,0.12687063217163086,0.033488672226667404,0.03134800121188164,0.11950448900461197,0.3825436532497406,,,
685.0,686.0,True,presidenta,closeup,0.6723431944847107,0.4171576201915741,0.3125200867652893,0.038284555077552795,0.015556573867797852,0.08477719873189926,0.021781733259558678,0.021796464920043945,0.0800018236041069,0.4252815544605255,,,
686.0,687.0,True,presidenta,closeup,0.3348737955093384,0.21374177932739258,0.35057762265205383,0.006794940680265427,0.01605354994535446,0.05623387172818184,0.01795153133571148,0.0208586435765028,0.09205231815576553,0.4394775629043579,,,
687.0,688.0,True,presidenta,closeup,0.582770586013794,0.2708536982536316,0.36368608474731445,0.01297446247190237,0.02479436807334423,0.0527091920375824,0.022782986983656883,0.020574217662215233,0.09148933738470078,0.4109894037246704,,,
688.0,689.0,True,presidenta,closeup,0.33095934987068176,0.6560611724853516,0.22476254403591156,0.022427519783377647,0.00956287607550621,0.1377752423286438,0.029866667464375496,0.04865522310137749,0.16060206294059753,0.3663478493690491,,,
689.0,690.0,True,presidenta,closeup,0.5919063687324524,0.6185064315795898,0.20763303339481354,0.03703376278281212,0.01035928912460804,0.12054652720689774,0.03226800262928009,0.04647323489189148,0.12516574561595917,0.42052048444747925,,,
690.0,691.0,True,presidenta,closeup,0.5137432217597961,0.29928505420684814,0.3806225061416626,0.012283825315535069,0.01247953437268734,0.04212714731693268,0.01227453351020813,0.017325175926089287,0.07936421036720276,0.44352301955223083,,,
691.0,692.0,True,presidenta,closeup,0.37135353684425354,0.4433436989784241,0.3245278000831604,0.011691298335790634,0.012233040295541286,0.07048879563808441,0.016335494816303253,0.024522578343749046,0.1024833619594574,0.4377176761627197,,,
692.0,693.0,True,presidenta,closeup,0.6260370016098022,0.06470519304275513,0.40665870904922485,0.021264519542455673,0.01935080997645855,0.0445181168615818,0.01348856184631586,0.020575616508722305,0.08553687483072281,0.3886067569255829,,,
693.0,694.0,True,presidenta,closeup,0.6940994262695312,0.29281604290008545,0.39906802773475647,0.023526934906840324,0.016830675303936005,0.050534676760435104,0.011459826491773129,0.022765083238482475,0.08433212339878082,0.3914826214313507,,,
694.0,695.0,True,presidenta,closeup,0.5297684669494629,0.24619126319885254,0.3449588119983673,0.01368122361600399,0.014678663574159145,0.03017633967101574,0.012762435711920261,0.022427352145314217,0.08904635161161423,0.4722687602043152,,,
695.0,696.0,True,presidenta,closeup,0.4166805148124695,0.514366090297699,0.34258320927619934,0.010456579737365246,0.013282897882163525,0.03831707313656807,0.014235747046768665,0.02309013344347477,0.09430621564388275,0.4637281596660614,,,
696.0,697.0,True,presidenta,closeup,0.5534536838531494,0.4853517711162567,0.2871839106082916,0.019556868821382523,0.011608650907874107,0.0626654103398323,0.013790130615234375,0.02083154395222664,0.09937974065542221,0.4849837124347687,,,
697.0,698.0,True,presidenta,closeup,0.45016002655029297,0.35573840141296387,0.24990342557430267,0.01623191125690937,0.018287187442183495,0.06313792616128922,0.013802380301058292,0.039369355887174606,0.11127656698226929,0.48799121379852295,,,
698.0,699.0,True,presidenta,closeup,0.37927913665771484,0.5273722410202026,0.28685691952705383,0.012925640679895878,0.01666983589529991,0.09103457629680634,0.01830200105905533,0.029697943478822708,0.12354022264480591,0.42097294330596924,,,
699.0,700.0,True,presidenta,closeup,0.49463120102882385,0.335768461227417,0.3406265676021576,0.016628995537757874,0.01816433295607567,0.04381352663040161,0.019611595198512077,0.027758704498410225,0.09552603960037231,0.4378702640533447,,,
700.0,701.0,True,presidenta,closeup,0.3959362506866455,0.37329304218292236,0.403156042098999,0.011536268517374992,0.014290287159383297,0.03691406920552254,0.014116823673248291,0.02353569306433201,0.0939498096704483,0.40250101685523987,,,
701.0,702.0,True,presidenta,closeup,0.2359422743320465,0.40141767263412476,0.3169223964214325,0.009017711505293846,0.010552674531936646,0.045407429337501526,0.013010394759476185,0.03085734136402607,0.09997507184743881,0.4742569625377655,,,
702.0,703.0,True,presidenta,closeup,0.5508352518081665,0.19020211696624756,0.4410877227783203,0.015318234451115131,0.018612399697303772,0.03504267707467079,0.012452388182282448,0.017281372100114822,0.07704876363277435,0.3831563889980316,,,
703.0,704.0,True,presidenta,closeup,0.7989382147789001,0.5589775443077087,0.29124367237091064,0.1320720762014389,0.013322760351002216,0.12929369509220123,0.023253396153450012,0.017822112888097763,0.1008654460310936,0.29212686419487,,,
704.0,705.0,True,presidenta,closeup,0.5565401315689087,0.17157575488090515,0.3332892954349518,0.018027907237410545,0.03032352216541767,0.056336890906095505,0.018935978412628174,0.01759539358317852,0.12558577954769135,0.39990517497062683,,,
705.0,706.0,True,presidenta,closeup,0.3909669518470764,0.5127689242362976,0.28416794538497925,0.01692335493862629,0.015707414597272873,0.08856803923845291,0.01919982209801674,0.0429825559258461,0.12293826788663864,0.40951257944107056,,,
706.0,707.0,True,presidenta,closeup,0.4403574466705322,0.39164721965789795,0.3094145655632019,0.017029790207743645,0.01544437650591135,0.05360376089811325,0.016814757138490677,0.029696019366383553,0.0981336459517479,0.4598631262779236,,,
707.0,708.0,True,presidenta,closeup,0.263837605714798,0.6229022741317749,0.18657897412776947,0.012455828487873077,0.012845011427998543,0.08857400715351105,0.02670854702591896,0.045956987887620926,0.15904521942138672,0.4678354263305664,,,
708.0,709.0,True,presidenta,closeup,-0.11919334530830383,0.7309479117393494,0.19353164732456207,0.005066533572971821,0.00856340304017067,0.10328461229801178,0.025592457503080368,0.0365876778960228,0.1285005509853363,0.49887314438819885,,,
709.0,710.0,True,presidenta,closeup,0.34712255001068115,0.4051581621170044,0.32048898935317993,0.007719619665294886,0.01657664030790329,0.05563782900571823,0.02148262783885002,0.023016566410660744,0.08167672902345657,0.47340095043182373,,,
710.0,711.0,True,presidenta,closeup,0.37103983759880066,0.1084815263748169,0.32669317722320557,0.010022662580013275,0.0202433243393898,0.03742894530296326,0.012520826421678066,0.027021216228604317,0.10489430278539658,0.46117550134658813,,,
711.0,712.0,True,presidenta,closeup,0.5814217329025269,0.2653951942920685,0.37048986554145813,0.01478722132742405,0.018625669181346893,0.02855481021106243,0.009684721007943153,0.01882312074303627,0.06985025852918625,0.46918439865112305,,,
712.0,713.0,True,presidenta,closeup,0.3806673288345337,0.1790957748889923,0.24584802985191345,0.009746194817125797,0.025009576231241226,0.058725252747535706,0.016528699547052383,0.029470253735780716,0.20245735347270966,0.41221457719802856,,,
713.0,714.0,True,presidenta,closeup,0.6041646003723145,0.6422210931777954,0.15062178671360016,0.04154270142316818,0.013793417252600193,0.1952751874923706,0.029071107506752014,0.04702157527208328,0.16814424097537994,0.35453000664711,,,
714.0,715.0,True,presidenta,closeup,-0.4733419418334961,0.7365742921829224,0.15039792656898499,0.0023056778591126204,0.016320768743753433,0.09987562149763107,0.03688701242208481,0.06258180737495422,0.19177372753620148,0.4398573637008667,,,
715.0,716.0,True,presidenta,closeup,0.7740455269813538,-0.09105804562568665,0.4418613016605377,0.016085421666502953,0.022644009441137314,0.039806295186281204,0.011001182720065117,0.015907667577266693,0.090317003428936,0.36237701773643494,,,
716.0,717.0,True,presidenta,closeup,0.5569136738777161,0.2447611391544342,0.3444626033306122,0.01879480853676796,0.02155306190252304,0.043383389711380005,0.015647828578948975,0.02801530621945858,0.10044720768928528,0.4276958703994751,,,
717.0,718.0,True,presidenta,closeup,0.840667188167572,0.22775182127952576,0.3301529288291931,0.06869985163211823,0.017764613032341003,0.06274670362472534,0.011789385229349136,0.021071137860417366,0.0899137631058693,0.3978615999221802,,,
718.0,719.0,True,presidenta,closeup,0.6662740111351013,0.2988163232803345,0.3347989618778229,0.03510754555463791,0.015710435807704926,0.09188376367092133,0.018756454810500145,0.02414509654045105,0.09215299040079117,0.3874446749687195,,,
719.0,720.0,True,presidenta,closeup,0.6313869953155518,0.2356126308441162,0.37685224413871765,0.015247334726154804,0.014830519445240498,0.06903485953807831,0.013101275078952312,0.01818244345486164,0.09539491683244705,0.39735642075538635,,,
720.0,721.0,True,presidenta,closeup,0.715888261795044,0.19872185587882996,0.38077157735824585,0.02690647542476654,0.020771238952875137,0.08251065760850906,0.022157687693834305,0.014842263422906399,0.10559718310832977,0.34644296765327454,,,
721.0,722.0,True,presidenta,closeup,0.036991387605667114,0.6555968523025513,0.17593522369861603,0.007331305183470249,0.014271916821599007,0.16489076614379883,0.03742613270878792,0.05242506414651871,0.18588295578956604,0.36183664202690125,,,
722.0,723.0,True,presidenta,closeup,0.5626413822174072,0.43723973631858826,0.33323541283607483,0.02222050167620182,0.014553013257682323,0.06959543377161026,0.014674589969217777,0.026647377759218216,0.09496219456195831,0.42411139607429504,,,
723.0,724.0,True,presidenta,closeup,0.743151068687439,0.2248803675174713,0.33442559838294983,0.03955265134572983,0.018798787146806717,0.08160562068223953,0.017192376777529716,0.025278158485889435,0.08909186720848083,0.39405491948127747,,,
724.0,725.0,True,presidenta,closeup,0.78749680519104,0.20787370204925537,0.37262123823165894,0.03380050137639046,0.014151377603411674,0.05457598716020584,0.010812323540449142,0.016476763412356377,0.07111258804798126,0.42644914984703064,,,
725.0,726.0,True,presidenta,closeup,0.506439208984375,0.4840787649154663,0.21729348599910736,0.020552843809127808,0.01773815043270588,0.08860933035612106,0.023928571492433548,0.028988342732191086,0.14353035390377045,0.4593588709831238,,,
726.0,727.0,True,presidenta,closeup,0.7192305326461792,0.15679198503494263,0.3454453647136688,0.0342838317155838,0.025235194712877274,0.04860946536064148,0.016369670629501343,0.018691256642341614,0.09762188047170639,0.41374334692955017,,,
727.0,728.0,True,presidenta,closeup,0.5794235467910767,0.048842161893844604,0.3703177869319916,0.010602150112390518,0.026677221059799194,0.037331584841012955,0.01463876198977232,0.018696079030632973,0.09132293611764908,0.43041351437568665,,,
728.0,729.0,True,presidenta,closeup,0.586229145526886,0.387196809053421,0.2677340507507324,0.017351770773530006,0.015207745134830475,0.10864941030740738,0.02254403755068779,0.02545296773314476,0.1286708563566208,0.4143891930580139,,,
729.0,730.0,True,presidenta,closeup,0.12431919574737549,0.33310338854789734,0.21671272814273834,0.0081870062276721,0.0213325135409832,0.13825084269046783,0.02488747611641884,0.041092392057180405,0.2669183611869812,0.2826186716556549,,,
730.0,731.0,True,presidenta,closeup,0.3471187651157379,0.3227022588253021,0.33248141407966614,0.007025633938610554,0.027834396809339523,0.06850908696651459,0.023757772520184517,0.02232286147773266,0.13280200958251953,0.38526684045791626,,,
731.0,732.0,True,presidenta,closeup,0.7711817622184753,0.27053284645080566,0.33327817916870117,0.0561978816986084,0.024309907108545303,0.080159030854702,0.024865513667464256,0.019175276160240173,0.10109774768352509,0.36091646552085876,,,
732.0,733.0,True,presidenta,closeup,-0.1716299057006836,0.5914090275764465,0.1813662052154541,0.004546116106212139,0.019204532727599144,0.09134235978126526,0.037597496062517166,0.05160452425479889,0.19137701392173767,0.4229618012905121,,,
733.0,734.0,True,presidenta,closeup,0.07529574632644653,0.41840100288391113,0.27462446689605713,0.006400353275239468,0.015207326039671898,0.08840446919202805,0.02138092927634716,0.03423592448234558,0.13120685517787933,0.42853960394859314,,,
734.0,735.0,True,presidenta,closeup,0.33196887373924255,0.5203016996383667,0.279380202293396,0.006253950763493776,0.012729636393487453,0.09604702889919281,0.016585128381848335,0.02587270550429821,0.1467464417219162,0.41638487577438354,,,
735.0,736.0,True,presidenta,closeup,0.3814132511615753,0.25584182143211365,0.2926262617111206,0.009518025442957878,0.022046677768230438,0.059104714542627335,0.01712687686085701,0.03130677714943886,0.12027031928300858,0.4480002820491791,,,
736.0,737.0,True,presidenta,closeup,0.511600911617279,0.2817215025424957,0.32484930753707886,0.019277460873126984,0.026576081290841103,0.07323576509952545,0.023079054430127144,0.02343841642141342,0.10712647438049316,0.40241739153862,,,
737.0,738.0,True,presidenta,closeup,0.1901685893535614,0.5176056623458862,0.2787173092365265,0.008153318427503109,0.014919288456439972,0.08281240612268448,0.016827233135700226,0.03505491465330124,0.1440000832080841,0.4195154011249542,,,
738.0,739.0,True,presidenta,closeup,0.44760361313819885,0.382133424282074,0.32892298698425293,0.014786818996071815,0.017154498025774956,0.05999932438135147,0.018744539469480515,0.03321240842342377,0.11318843066692352,0.41399097442626953,,,
739.0,740.0,True,presidenta,closeup,0.3196792006492615,0.5336693525314331,0.23856286704540253,0.008089837618172169,0.017818551510572433,0.1205858364701271,0.025402694940567017,0.030680829659104347,0.15403717756271362,0.4048222601413727,,,
740.0,741.0,True,presidenta,closeup,0.5634864568710327,0.13103172183036804,0.33289122581481934,0.011947140097618103,0.020539406687021255,0.04218578711152077,0.01526099443435669,0.02379581332206726,0.07773763686418533,0.47564202547073364,,,
741.0,742.0,True,presidenta,closeup,0.381369024515152,0.25729912519454956,0.2506476938724518,0.00937348511070013,0.030145233497023582,0.0454973541200161,0.019206620752811432,0.02287054806947708,0.10438381880521774,0.5178752541542053,,,
742.0,743.0,True,presidenta,closeup,0.061288654804229736,0.5889577865600586,0.24648262560367584,0.006904118694365025,0.01842310093343258,0.06361027806997299,0.028501350432634354,0.04076474905014038,0.13913564383983612,0.4561781883239746,,,
743.0,744.0,True,presidenta,closeup,0.45091554522514343,0.33997541666030884,0.3112194836139679,0.013666149228811264,0.017233004793524742,0.09114973247051239,0.022039467468857765,0.027362631633877754,0.11367873847484589,0.40365079045295715,,,
744.0,745.0,True,presidenta,closeup,0.005508869886398315,0.3724695146083832,0.23633845150470734,0.00854825135320425,0.018838420510292053,0.0824136808514595,0.024124516174197197,0.04357951879501343,0.1474975049495697,0.43865957856178284,,,
745.0,746.0,True,presidenta,closeup,0.5384249687194824,-0.06824147701263428,0.3650299906730652,0.010353749617934227,0.03275199607014656,0.04298166558146477,0.017487240955233574,0.020961906760931015,0.08982546627521515,0.4206079840660095,,,
746.0,747.0,True,presidenta,closeup,0.3912840187549591,0.38416486978530884,0.21826089918613434,0.012000028043985367,0.017543794587254524,0.07818899303674698,0.024244075641036034,0.032719798386096954,0.12931221723556519,0.4877302944660187,,,
747.0,748.0,True,presidenta,closeup,0.1812918484210968,0.37549757957458496,0.23222242295742035,0.017733335494995117,0.01758204959332943,0.06293096393346786,0.0196523517370224,0.0458393394947052,0.14565324783325195,0.45838627219200134,,,
748.0,749.0,True,presidenta,closeup,0.09161365032196045,0.3675324320793152,0.2326529324054718,0.012193698436021805,0.017489871010184288,0.06690545380115509,0.020721638575196266,0.05188066139817238,0.15214131772518158,0.4460144639015198,,,
749.0,750.0,True,presidenta,closeup,0.031204581260681152,0.3868016004562378,0.2928091585636139,0.006580983754247427,0.021325867623090744,0.08766026794910431,0.031200315803289413,0.04009580239653587,0.1345365345478058,0.3857910633087158,,,
750.0,751.0,True,presidenta,closeup,0.6365989446640015,0.3184875249862671,0.2712337374687195,0.025883659720420837,0.023464759811758995,0.11275627464056015,0.025039497762918472,0.029171496629714966,0.1109289824962616,0.4015216529369354,,,
751.0,752.0,True,presidenta,closeup,0.5069875121116638,0.21271100640296936,0.3294413983821869,0.015143555589020252,0.02255392074584961,0.08371711522340775,0.022495578974485397,0.02448669821023941,0.10311777889728546,0.3990440368652344,,,
752.0,753.0,True,presidenta,closeup,0.03852963447570801,0.7001613974571228,0.16582618653774261,0.00682986481115222,0.016064386814832687,0.19284647703170776,0.04188618063926697,0.03411751985549927,0.2030307501554489,0.3393986225128174,,,
753.0,754.0,True,presidenta,closeup,0.2732335925102234,0.4442709684371948,0.25797712802886963,0.016244877129793167,0.018144743517041206,0.09055391699075699,0.02744317054748535,0.03723764792084694,0.16295570135116577,0.3894428312778473,,,
754.0,755.0,True,presidenta,closeup,0.6608585119247437,0.3008970022201538,0.33205145597457886,0.023329371586441994,0.01736256293952465,0.07038971036672592,0.016609683632850647,0.024503815919160843,0.09802643209695816,0.41772690415382385,,,
755.0,756.0,True,presidenta,closeup,0.7864987850189209,0.33382007479667664,0.34108227491378784,0.06317617744207382,0.015250984579324722,0.0600249208509922,0.012485923245549202,0.021689679473638535,0.09810661524534225,0.38818350434303284,,,
756.0,757.0,True,presidenta,closeup,0.7681066393852234,0.34877586364746094,0.3894810974597931,0.04250479117035866,0.014613504521548748,0.06527873128652573,0.012256412766873837,0.016464048996567726,0.09003844857215881,0.36936289072036743,,,
757.0,758.0,True,presidenta,closeup,0.4444030225276947,0.17132079601287842,0.34177514910697937,0.012672148644924164,0.03942616656422615,0.04390754923224449,0.0186072438955307,0.023668551817536354,0.09548218548297882,0.4244610369205475,,,
758.0,759.0,True,presidenta,closeup,0.4758349359035492,0.6686904430389404,0.24009063839912415,0.015888160094618797,0.011662519536912441,0.14851003885269165,0.035429347306489944,0.035978663712739944,0.15497955679893494,0.357461154460907,,,
759.0,760.0,True,presidenta,closeup,0.5751917362213135,0.31553012132644653,0.3065298795700073,0.016311809420585632,0.01902010850608349,0.06274843961000443,0.021680409088730812,0.026007894426584244,0.11808767914772034,0.42961370944976807,,,
760.0,761.0,True,presidenta,closeup,0.37006083130836487,0.20581650733947754,0.28851690888404846,0.009075666777789593,0.016516592353582382,0.03802262991666794,0.011174987070262432,0.021338731050491333,0.10803155601024628,0.5073229074478149,,,
761.0,762.0,True,presidenta,closeup,0.06765881180763245,0.3361203968524933,0.39325061440467834,0.00526828458532691,0.01666385307908058,0.04284615069627762,0.010526400990784168,0.023900389671325684,0.10333296656608582,0.40421128273010254,,,
762.0,763.0,True,presidenta,closeup,0.556593120098114,0.47320687770843506,0.28922906517982483,0.019625406712293625,0.013310087844729424,0.0809299424290657,0.016261432319879532,0.02838197723031044,0.0962505117058754,0.4560115933418274,,,
763.0,764.0,True,presidenta,closeup,0.677812397480011,0.02239900827407837,0.37846440076828003,0.017022883519530296,0.026938531547784805,0.07592262327671051,0.018214428797364235,0.018876535817980766,0.14076194167137146,0.32379862666130066,,,
764.0,765.0,True,presidenta,closeup,0.4557771384716034,0.3629837930202484,0.3116558790206909,0.009844631887972355,0.023119240999221802,0.09531200677156448,0.02317758835852146,0.023843754082918167,0.15069341659545898,0.36235350370407104,,,
765.0,766.0,True,presidenta,closeup,0.5181072354316711,0.3133556842803955,0.3294072151184082,0.015946898609399796,0.019809143617749214,0.06763720512390137,0.015406403690576553,0.018049277365207672,0.10594793409109116,0.427795946598053,,,
766.0,767.0,True,presidenta,closeup,0.7920420169830322,0.3642578125,0.3590753674507141,0.052716393023729324,0.015286367386579514,0.08512478321790695,0.015398012474179268,0.018394099548459053,0.08199481666088104,0.372010201215744,,,
767.0,768.0,True,presidenta,closeup,0.44978567957878113,0.5552010536193848,0.2244383692741394,0.026700222864747047,0.01289601344615221,0.13364188373088837,0.026428669691085815,0.030140163376927376,0.12359911948442459,0.42215561866760254,,,
768.0,769.0,True,presidenta,closeup,-0.005676239728927612,0.7175971269607544,0.17372561991214752,0.006658389698714018,0.017949659377336502,0.10614307969808578,0.036989305168390274,0.03886951506137848,0.18656247854232788,0.43310195207595825,,,
769.0,770.0,True,presidenta,closeup,0.27663692831993103,0.2493983805179596,0.38388440012931824,0.007978709414601326,0.02854417823255062,0.05425119027495384,0.019306039437651634,0.02174481749534607,0.13732825219631195,0.34696248173713684,,,
770.0,771.0,True,presidenta,closeup,0.44964051246643066,0.4669630229473114,0.26578816771507263,0.01735958643257618,0.01743154600262642,0.09248451888561249,0.01931958831846714,0.02716878429055214,0.11619468033313751,0.4442530870437622,,,
771.0,772.0,True,presidenta,closeup,0.4893707036972046,0.31139862537384033,0.3328990936279297,0.0159772802144289,0.016869843006134033,0.0692855566740036,0.013892844319343567,0.02222730964422226,0.10136701166629791,0.4274810552597046,,,
772.0,773.0,True,presidenta,closeup,0.6435476541519165,0.2252877950668335,0.3555978536605835,0.02824462205171585,0.02191883698105812,0.07835324853658676,0.01960035413503647,0.02570958063006401,0.10015569627285004,0.37041980028152466,,,
773.0,774.0,True,presidenta,closeup,0.32228273153305054,0.3261295258998871,0.33529478311538696,0.0107940174639225,0.020518578588962555,0.05881394073367119,0.022231006994843483,0.026035510003566742,0.10189514607191086,0.4244169592857361,,,
774.0,775.0,True,presidenta,closeup,0.7558988332748413,0.3760778605937958,0.2542659640312195,0.040335286408662796,0.017556359991431236,0.08188052475452423,0.022494692355394363,0.04251636192202568,0.09477680921554565,0.4461740255355835,,,
775.0,776.0,True,presidenta,closeup,0.3168976902961731,0.2856503427028656,0.2654762864112854,0.013716070912778378,0.02640800178050995,0.06890144944190979,0.023640522733330727,0.050016988068819046,0.13271227478981018,0.4191283881664276,,,
776.0,777.0,True,presidenta,closeup,0.7445129156112671,0.3292573094367981,0.2757051885128021,0.032697804272174835,0.019462840631604195,0.11786563694477081,0.031011482700705528,0.02352927438914776,0.10897859185934067,0.3907492458820343,,,
777.0,778.0,True,presidenta,closeup,0.6621506214141846,0.3231276273727417,0.31892648339271545,0.025119267404079437,0.020590223371982574,0.0804448351264,0.026335211470723152,0.02601337991654873,0.09875322878360748,0.4038173258304596,,,
778.0,779.0,True,presidenta,closeup,0.7200205326080322,0.1257515251636505,0.3415883183479309,0.02471674419939518,0.02774493768811226,0.06285479664802551,0.02140650898218155,0.02042492665350437,0.08329945802688599,0.4179643392562866,,,
779.0,780.0,True,presidenta,closeup,0.33389824628829956,0.4376929700374603,0.2123187929391861,0.03117232583463192,0.03685077279806137,0.07942835241556168,0.03898321092128754,0.04656811058521271,0.16804467141628265,0.3866337537765503,,,
780.0,781.0,True,presidenta,closeup,0.4131348431110382,0.44877687096595764,0.3468468189239502,0.015201203525066376,0.01457535196095705,0.05982430651783943,0.011813788674771786,0.02821645513176918,0.09293115884065628,0.4305908977985382,,,
781.0,782.0,True,presidenta,closeup,0.18283724784851074,0.2368619740009308,0.2707382142543793,0.005601536948233843,0.02351284585893154,0.06073693931102753,0.01694585382938385,0.02829299122095108,0.12222310155630112,0.471948504447937,,,
782.0,783.0,True,presidenta,closeup,0.6862128376960754,0.28129273653030396,0.3104729652404785,0.02064848318696022,0.01796307973563671,0.06193733215332031,0.01629817858338356,0.02496280148625374,0.07805289328098297,0.4696642756462097,,,
783.0,784.0,True,presidenta,closeup,0.48747631907463074,0.2314862310886383,0.36497271060943604,0.009994708001613617,0.026206793263554573,0.04200800135731697,0.0131558608263731,0.021233901381492615,0.10167375952005386,0.42075416445732117,,,
784.0,785.0,True,presidenta,closeup,0.25071534514427185,0.26627418398857117,0.38929155468940735,0.007245819084346294,0.011786321178078651,0.04511315003037453,0.010606844909489155,0.02784808725118637,0.10970684885978699,0.3984013497829437,,,
785.0,786.0,True,presidenta,closeup,0.46824872493743896,0.4452465772628784,0.3227348327636719,0.013839656487107277,0.014592337422072887,0.07074785977602005,0.01701420545578003,0.027705799788236618,0.1119537279009819,0.42141157388687134,,,
786.0,787.0,True,presidenta,closeup,0.6094074249267578,0.32863181829452515,0.35102295875549316,0.022269975394010544,0.015871359035372734,0.10513380169868469,0.018207184970378876,0.025487827137112617,0.11345578730106354,0.3485511243343353,,,
787.0,788.0,True,presidenta,closeup,0.49177485704421997,0.07821622490882874,0.3680659830570221,0.01703990437090397,0.0218866728246212,0.06854728609323502,0.015291626565158367,0.029596518725156784,0.09668321162462234,0.3828887343406677,,,
788.0,789.0,True,presidenta,closeup,0.3578552305698395,0.2967818081378937,0.2882334291934967,0.018806710839271545,0.024987928569316864,0.0764555111527443,0.020123261958360672,0.0320131741464138,0.13464318215847015,0.4047367572784424,,,
789.0,790.0,True,presidenta,closeup,0.7896941900253296,0.22934645414352417,0.35291072726249695,0.038036637008190155,0.017622405663132668,0.06490635871887207,0.012494654394686222,0.018543975427746773,0.08196312934160233,0.4135221540927887,,,
790.0,791.0,True,presidenta,closeup,0.5986393690109253,0.06806039810180664,0.3750297427177429,0.03508128225803375,0.021368782967329025,0.05395429581403732,0.013596058823168278,0.01791343465447426,0.09228264540433884,0.390773743391037,,,
791.0,792.0,True,presidenta,closeup,0.19505158066749573,0.18217992782592773,0.28566625714302063,0.009779366664588451,0.02623281069099903,0.05251653492450714,0.01565902680158615,0.025586707517504692,0.11115259677171707,0.47340673208236694,,,
792.0,793.0,True,presidenta,closeup,0.16226544976234436,0.3656562566757202,0.3127371370792389,0.008862389251589775,0.01330354530364275,0.07242023199796677,0.01213885098695755,0.027228880673646927,0.14218340814113617,0.4111255705356598,,,
793.0,794.0,True,presidenta,closeup,0.5009646415710449,0.31780171394348145,0.2711547911167145,0.009093988686800003,0.014719665050506592,0.07223588228225708,0.0153623316437006,0.021089129149913788,0.11197517067193985,0.48436909914016724,,,
794.0,795.0,True,presidenta,closeup,0.542365312576294,0.34608978033065796,0.29959940910339355,0.026764830574393272,0.0175248384475708,0.04852716624736786,0.017591113224625587,0.028272949159145355,0.09552913904190063,0.4661905765533447,,,
795.0,796.0,True,presidenta,closeup,0.563876748085022,0.5160453915596008,0.28707122802734375,0.03547365590929985,0.013727549463510513,0.07848510146141052,0.01835067756474018,0.02732553705573082,0.11503097414970398,0.4245353639125824,,,
796.0,797.0,True,presidenta,closeup,0.09570303559303284,0.559402585029602,0.26651063561439514,0.013437168672680855,0.03300866484642029,0.07901500165462494,0.034644950181245804,0.02502080611884594,0.1559160351753235,0.3924467861652374,,,
797.0,798.0,True,presidenta,closeup,0.5918923616409302,0.4114026427268982,0.3043230473995209,0.019782643765211105,0.018435580655932426,0.12235568463802338,0.022600525990128517,0.02294033206999302,0.1296364963054657,0.35992562770843506,,,
798.0,799.0,True,presidenta,closeup,0.5114467144012451,0.689223051071167,0.22451183199882507,0.0229464303702116,0.01573452353477478,0.18386471271514893,0.03624183312058449,0.028883816674351692,0.16219601035118103,0.3256208002567291,,,
799.0,800.0,True,presidenta,closeup,0.2840709090232849,0.8745288252830505,0.10797155648469925,0.012355946935713291,0.00650573568418622,0.31739962100982666,0.0364195890724659,0.03976656496524811,0.20491023361682892,0.2746707797050476,,,
800.0,801.0,True,presidenta,closeup,0.44368138909339905,0.4976734220981598,0.2523851990699768,0.032476529479026794,0.04756803438067436,0.0684804618358612,0.03177917003631592,0.02727130427956581,0.14173048734664917,0.3983088433742523,,,
801.0,802.0,True,presidenta,closeup,0.8200185894966125,0.623477041721344,0.23333673179149628,0.14773425459861755,0.00913984514772892,0.09238619357347488,0.013846507295966148,0.0311722531914711,0.11048588901758194,0.36189839243888855,,,
802.0,803.0,True,presidenta,closeup,0.6000399589538574,0.24906665086746216,0.34918588399887085,0.01904040016233921,0.015157502144575119,0.048453934490680695,0.010423521511256695,0.02525399997830391,0.09363070875406265,0.4388539791107178,,,
803.0,804.0,True,presidenta,closeup,0.7491286993026733,0.16142868995666504,0.40961337089538574,0.03270582854747772,0.01447367575019598,0.04773792624473572,0.009133156388998032,0.02412397600710392,0.06472834199666977,0.3974837064743042,,,
804.0,805.0,True,presidenta,closeup,0.010675281286239624,0.7374148368835449,0.15641407668590546,0.008237323723733425,0.009503606706857681,0.14026017487049103,0.028953073546290398,0.04408388212323189,0.17463602125644684,0.4379117786884308,,,
805.0,806.0,True,presidenta,closeup,0.4175903797149658,0.4271368980407715,0.2292257845401764,0.014584122225642204,0.013012074865400791,0.09001968801021576,0.016132155433297157,0.038058165460824966,0.11871805787086487,0.48024997115135193,,,
806.0,807.0,True,presidenta,closeup,0.7183831930160522,0.35964691638946533,0.3818556070327759,0.0381443053483963,0.0174938403069973,0.08337133377790451,0.01985689252614975,0.020535258576273918,0.09589293599128723,0.34284988045692444,,,
807.0,808.0,True,presidenta,closeup,0.7083387970924377,0.16303303837776184,0.466007262468338,0.04479757323861122,0.01666579209268093,0.042430926114320755,0.013689413666725159,0.016509026288986206,0.08681035786867142,0.31308963894844055,,,
808.0,809.0,True,presidenta,closeup,0.5593132972717285,0.33226922154426575,0.3450542390346527,0.012635468505322933,0.01668202504515648,0.07491172850131989,0.01455939095467329,0.02023589424788952,0.1062810868024826,0.4096401333808899,,,
809.0,810.0,True,presidenta,closeup,0.7504580020904541,0.3777298033237457,0.34822335839271545,0.04544040933251381,0.012842298485338688,0.09073584526777267,0.015802858397364616,0.018391627818346024,0.09049396216869354,0.378069669008255,,,
810.0,811.0,True,presidenta,closeup,0.6269904375076294,0.4908767342567444,0.28709617257118225,0.032055653631687164,0.0180421844124794,0.08677473664283752,0.024893667548894882,0.03594536706805229,0.11698585748672485,0.3982063829898834,,,
811.0,812.0,True,presidenta,closeup,0.4611525237560272,0.3105393350124359,0.2956816256046295,0.014617939479649067,0.02518380433320999,0.05669677257537842,0.021426154300570488,0.02768818661570549,0.12565593421459198,0.43304958939552307,,,
812.0,813.0,True,presidenta,closeup,0.48289987444877625,0.1869567334651947,0.3061595857143402,0.010496015660464764,0.01906651072204113,0.05959216505289078,0.014659909531474113,0.022336484864354134,0.10910899192094803,0.4585803151130676,,,
813.0,814.0,True,presidenta,closeup,0.7475252151489258,0.25093185901641846,0.444436252117157,0.038271281868219376,0.017211541533470154,0.05688362941145897,0.014550707302987576,0.014786615036427975,0.0651869997382164,0.3486730456352234,,,
814.0,815.0,True,presidenta,closeup,0.6842492818832397,0.16047978401184082,0.40163543820381165,0.02116682007908821,0.01794988475739956,0.04098443686962128,0.013062200509011745,0.019554827362298965,0.074335478246212,0.41131097078323364,,,
815.0,816.0,True,presidenta,closeup,0.6517355442047119,0.3401021361351013,0.362106055021286,0.03478504344820976,0.016235925257205963,0.09108567982912064,0.016409555450081825,0.025683028623461723,0.1042248010635376,0.349469929933548,,,
816.0,817.0,True,presidenta,closeup,0.23375216126441956,0.3222235143184662,0.2934160828590393,0.012824885547161102,0.02656463161110878,0.08037775754928589,0.02334115467965603,0.032344792038202286,0.18694861233234406,0.3441821038722992,,,
817.0,818.0,True,presidenta,closeup,0.20672324299812317,0.574152946472168,0.2634107768535614,0.01768985018134117,0.022221121937036514,0.0911792516708374,0.029141154140233994,0.03912711516022682,0.1560465395450592,0.3811841607093811,,,
818.0,819.0,True,presidenta,closeup,0.29237455129623413,0.47403424978256226,0.27708950638771057,0.014476504176855087,0.018873153254389763,0.07088368386030197,0.024745190516114235,0.03246019035577774,0.13731925189495087,0.42415258288383484,,,
819.0,820.0,True,presidenta,closeup,0.18294793367385864,0.6583400964736938,0.25913527607917786,0.011328530497848988,0.012624738737940788,0.11639521270990372,0.02530914917588234,0.03478004038333893,0.1566588431596756,0.3837682604789734,,,
820.0,821.0,True,presidenta,closeup,0.5801945328712463,0.030287981033325195,0.35799333453178406,0.01969015970826149,0.024965794757008553,0.04434521868824959,0.013247793540358543,0.038473814725875854,0.09381555020809174,0.40746834874153137,,,
821.0,822.0,True,presidenta,closeup,0.5468974113464355,0.18609723448753357,0.2339458018541336,0.00970544945448637,0.029149867594242096,0.05584202706813812,0.011270490474998951,0.0300174281001091,0.09512410312891006,0.5349448323249817,,,
822.0,823.0,True,presidenta,closeup,0.39870789647102356,0.29367852210998535,0.3258377015590668,0.011217385530471802,0.01918395608663559,0.07504472881555557,0.02157912589609623,0.03477727249264717,0.14470823109149933,0.3676515221595764,,,
823.0,824.0,True,presidenta,closeup,0.5717358589172363,0.44636064767837524,0.27561572194099426,0.02660318836569786,0.01768328994512558,0.09582757204771042,0.02470942586660385,0.03265371173620224,0.1238396167755127,0.4030674695968628,,,
824.0,825.0,True,presidenta,closeup,0.39693254232406616,0.45802223682403564,0.24071244895458221,0.016062287613749504,0.019810732454061508,0.06901291012763977,0.02281433343887329,0.04273848608136177,0.13603974878787994,0.45280903577804565,,,
825.0,826.0,True,presidenta,closeup,0.7067397236824036,0.4492145776748657,0.2681320011615753,0.04910562187433243,0.017344152554869652,0.125253364443779,0.0278028417378664,0.026827791705727577,0.11683017015457153,0.36870402097702026,,,
826.0,827.0,True,presidenta,closeup,-0.20736217498779297,0.7543879747390747,0.17432087659835815,0.005460846237838268,0.013743840157985687,0.1638919711112976,0.0401274673640728,0.04996616020798683,0.20208024978637695,0.3504085838794708,,,
827.0,828.0,True,presidenta,closeup,0.25008147954940796,0.5947285890579224,0.2551650404930115,0.013669122010469437,0.018131420016288757,0.11488495767116547,0.024983089417219162,0.040832675993442535,0.17415869235992432,0.3581750690937042,,,
828.0,829.0,True,presidenta,closeup,0.1929604411125183,0.3295096158981323,0.32982492446899414,0.008730393834412098,0.01892380230128765,0.06765255331993103,0.01838042587041855,0.021673819050192833,0.14884249866008759,0.3859716057777405,,,
829.0,830.0,True,presidenta,closeup,0.5385806560516357,0.2718903422355652,0.34802907705307007,0.02901431918144226,0.01477752160280943,0.07161535322666168,0.016915250569581985,0.02084987424314022,0.1445748507976532,0.3542238175868988,,,
830.0,831.0,True,presidenta,closeup,0.6430976986885071,0.3628554046154022,0.26749277114868164,0.027138959616422653,0.017669396474957466,0.10009181499481201,0.022025544196367264,0.03308806195855141,0.1180863305926323,0.4144071936607361,,,
831.0,832.0,True,presidenta,closeup,0.6829344630241394,0.6529611945152283,0.17761856317520142,0.07023941725492477,0.011775493621826172,0.13497669994831085,0.026009760797023773,0.04295443370938301,0.17160844802856445,0.36481720209121704,,,
832.0,833.0,True,presidenta,closeup,0.5701761245727539,0.04881715774536133,0.36771881580352783,0.01477794349193573,0.02261003665626049,0.05817003548145294,0.019646255299448967,0.027557525783777237,0.10123567283153534,0.3882836699485779,,,
833.0,834.0,True,presidenta,closeup,0.5066615343093872,0.4841643273830414,0.30656978487968445,0.017904624342918396,0.018840020522475243,0.0737832561135292,0.020589128136634827,0.03877240791916847,0.12427111715078354,0.3992696702480316,,,
834.0,835.0,True,presidenta,closeup,0.49153050780296326,0.37790966033935547,0.3518182039260864,0.016460947692394257,0.015213881619274616,0.07224684208631516,0.013656585477292538,0.019229525700211525,0.10823516547679901,0.4031389057636261,,,
835.0,836.0,True,presidenta,closeup,0.20189762115478516,0.3614782691001892,0.26224175095558167,0.008783021941781044,0.018262695521116257,0.07977095246315002,0.020257696509361267,0.028984516859054565,0.1410377472639084,0.4406616687774658,,,
836.0,837.0,True,presidenta,closeup,0.07439768314361572,0.5858346819877625,0.2542746365070343,0.0107765207067132,0.016964374110102654,0.06545388698577881,0.023506030440330505,0.05317101627588272,0.1518654227256775,0.42398810386657715,,,
837.0,838.0,True,presidenta,closeup,0.48194536566734314,0.3032006323337555,0.3343683183193207,0.017626112326979637,0.015032121911644936,0.06906979531049728,0.015491451136767864,0.029981443658471107,0.10032569617033005,0.4181050956249237,,,
838.0,839.0,True,presidenta,closeup,0.23880717158317566,0.28415268659591675,0.3194119334220886,0.010682927444577217,0.016728505492210388,0.07429464906454086,0.017773518338799477,0.023770229890942574,0.12997129559516907,0.40736696124076843,,,
839.0,840.0,True,presidenta,closeup,0.32841625809669495,0.3948608636856079,0.26024189591407776,0.009552281349897385,0.019817454740405083,0.10121046006679535,0.023130029439926147,0.035012245178222656,0.14294077455997467,0.4080949127674103,,,
840.0,841.0,True,presidenta,closeup,0.17543748021125793,0.5146012306213379,0.3243293762207031,0.010398047044873238,0.01291627623140812,0.061422038823366165,0.017179017886519432,0.03432730212807655,0.13125093281269073,0.40817704796791077,,,
841.0,842.0,True,presidenta,closeup,0.5836167335510254,0.3588026165962219,0.30601760745048523,0.030388396233320236,0.01953910104930401,0.07573838531970978,0.02185949869453907,0.02551897242665291,0.08450017124414444,0.43643784523010254,,,
842.0,843.0,True,presidenta,closeup,0.3498321771621704,0.45230939984321594,0.23577140271663666,0.02781802788376808,0.02420360967516899,0.08054719120264053,0.027661440894007683,0.04200366884469986,0.16097605228424072,0.40101858973503113,,,
843.0,844.0,True,presidenta,closeup,0.4837248623371124,0.4197096526622772,0.26128602027893066,0.014405748806893826,0.014678042382001877,0.10635831952095032,0.017917824909090996,0.021941842511296272,0.13920322060585022,0.42420893907546997,,,
844.0,845.0,True,presidenta,closeup,0.4529258906841278,0.2171117663383484,0.32628053426742554,0.00952859129756689,0.02225329354405403,0.06017811968922615,0.020107246935367584,0.024005943909287453,0.10698433965444565,0.43066197633743286,,,
845.0,846.0,True,presidenta,closeup,0.7480140924453735,0.12067914009094238,0.38542962074279785,0.028767701238393784,0.016411107033491135,0.04372281953692436,0.010852170176804066,0.014620519243180752,0.06894685328006744,0.43124920129776,,,
846.0,847.0,True,presidenta,closeup,-0.08853062987327576,0.16351640224456787,0.2248021364212036,0.006620781030505896,0.028093378990888596,0.05264078825712204,0.017344394698739052,0.03536052256822586,0.11001913994550705,0.5251188278198242,,,
847.0,848.0,True,presidenta,closeup,0.7962996363639832,0.2335200309753418,0.3057868182659149,0.03926374763250351,0.018401600420475006,0.14231301844120026,0.02364598773419857,0.02032819576561451,0.08927813917398453,0.3609825074672699,,,
848.0,849.0,True,presidenta,closeup,0.6781947016716003,0.4340876340866089,0.30243492126464844,0.03799060359597206,0.02226996421813965,0.11696724593639374,0.02436213567852974,0.025233803316950798,0.14701037108898163,0.3237309455871582,,,
849.0,850.0,True,presidenta,closeup,0.6377101540565491,0.536779522895813,0.31017211079597473,0.03422953188419342,0.018918346613645554,0.0954187735915184,0.025989001616835594,0.023297810927033424,0.11904413998126984,0.3729303181171417,,,
850.0,851.0,True,presidenta,closeup,0.5090457201004028,0.3932853937149048,0.2710810899734497,0.027520835399627686,0.018517309799790382,0.0653795376420021,0.019802609458565712,0.03327895700931549,0.1074100211262703,0.45700961351394653,,,
851.0,852.0,True,presidenta,closeup,0.35760778188705444,0.4671221971511841,0.3187142014503479,0.018995461985468864,0.01812152750790119,0.060013093054294586,0.020403612405061722,0.03260825574398041,0.11562709510326385,0.41551682353019714,,,
852.0,853.0,True,presidenta,closeup,0.46537086367607117,0.23504218459129333,0.35580143332481384,0.011928236111998558,0.0235355943441391,0.046773698180913925,0.015340461395680904,0.024203496053814888,0.10297050327062607,0.41944649815559387,,,
853.0,854.0,True,presidenta,closeup,0.3935753405094147,0.6519477367401123,0.19468769431114197,0.05182962864637375,0.013666095212101936,0.09746772795915604,0.022665997967123985,0.0442587248980999,0.1706811636686325,0.40474292635917664,,,
854.0,855.0,True,presidenta,closeup,0.5100945830345154,0.536285936832428,0.2735361158847809,0.02873248979449272,0.013583242893218994,0.09679648280143738,0.020104646682739258,0.03545859456062317,0.14041195809841156,0.3913764953613281,,,
855.0,856.0,True,presidenta,closeup,0.6436516046524048,0.2493000030517578,0.323914110660553,0.038579218089580536,0.013692588545382023,0.04795345291495323,0.011649638414382935,0.028375204652547836,0.08223909884691238,0.45359671115875244,,,
856.0,857.0,True,presidenta,closeup,0.7580506801605225,0.09825754165649414,0.40261682868003845,0.027832165360450745,0.019768277183175087,0.03528452664613724,0.011056847870349884,0.02027728781104088,0.07621443271636963,0.40694960951805115,,,
857.0,858.0,True,presidenta,closeup,0.3052137792110443,0.3217603862285614,0.2718449532985687,0.009021851234138012,0.01785612851381302,0.09953215718269348,0.019351117312908173,0.02722974494099617,0.11319093406200409,0.44197314977645874,,,
858.0,859.0,True,presidenta,closeup,0.6827240586280823,0.41445860266685486,0.34680622816085815,0.03369579091668129,0.020148633047938347,0.07693949341773987,0.021072546020150185,0.030355973169207573,0.1008838340640068,0.3700975775718689,,,
859.0,860.0,True,presidenta,closeup,0.2947297990322113,0.3658497929573059,0.26987627148628235,0.01913343369960785,0.021222617477178574,0.06471257656812668,0.019380085170269012,0.03519140183925629,0.1671966165304184,0.40328699350357056,,,
860.0,861.0,True,presidenta,closeup,0.08601102232933044,0.4737023115158081,0.2484111338853836,0.014202790334820747,0.018981091678142548,0.09700321406126022,0.024329716339707375,0.039166294038295746,0.171681210398674,0.38622453808784485,,,
861.0,862.0,True,presidenta,closeup,0.13489022850990295,0.6047555804252625,0.22490370273590088,0.011626224964857101,0.012458723038434982,0.1386512815952301,0.027119845151901245,0.037026215344667435,0.17618247866630554,0.372031569480896,,,
862.0,863.0,True,presidenta,closeup,0.36513182520866394,0.5550934076309204,0.28039032220840454,0.019787782803177834,0.010367845185101032,0.10083583742380142,0.01962977834045887,0.03449387475848198,0.13374090194702148,0.4007536768913269,,,
863.0,864.0,True,presidenta,closeup,0.5514413118362427,0.4049457013607025,0.2548079788684845,0.020323174074292183,0.014912516809999943,0.09791548550128937,0.021206555888056755,0.03640790283679962,0.13571499288082123,0.41871142387390137,,,
864.0,865.0,True,presidenta,closeup,0.7360434532165527,0.38110634684562683,0.3618987202644348,0.04349733516573906,0.0126862283796072,0.06925967335700989,0.009212302975356579,0.020538123324513435,0.12541545927524567,0.3574921488761902,,,
865.0,866.0,True,presidenta,closeup,0.41032519936561584,-0.00469633936882019,0.36939945816993713,0.012520872987806797,0.03683164715766907,0.04265034943819046,0.01850609853863716,0.019580673426389694,0.11335484683513641,0.38715606927871704,,,
866.0,867.0,True,presidenta,closeup,0.13370653986930847,0.3792809545993805,0.3218329846858978,0.010410197079181671,0.025554277002811432,0.04900522157549858,0.02111193910241127,0.03573630377650261,0.13333138823509216,0.40301772952079773,,,
867.0,868.0,True,presidenta,closeup,0.4244377613067627,0.41866573691368103,0.31249141693115234,0.01300972793251276,0.01603812724351883,0.07648458331823349,0.02032192423939705,0.031854886561632156,0.10874799638986588,0.42105135321617126,,,
868.0,869.0,True,presidenta,closeup,0.3837471306324005,0.3432823419570923,0.2672998309135437,0.012262825854122639,0.01908349245786667,0.07208328694105148,0.018576858565211296,0.036712128669023514,0.14073950052261353,0.43324199318885803,,,
869.0,870.0,True,presidenta,closeup,0.3552524149417877,0.43762969970703125,0.2467220276594162,0.014529318548738956,0.017653880640864372,0.05701446533203125,0.01874067261815071,0.03914983570575714,0.1058574914932251,0.5003323554992676,,,
870.0,871.0,True,presidenta,closeup,0.40058058500289917,0.5211654901504517,0.2595365047454834,0.013893112540245056,0.011830399744212627,0.04691582918167114,0.012484552338719368,0.022275805473327637,0.0957522839307785,0.5373114943504333,,,
871.0,872.0,True,presidenta,closeup,0.3126261830329895,0.4149198830127716,0.24906548857688904,0.013547182083129883,0.012984772212803364,0.03939204290509224,0.01418680977076292,0.02622288279235363,0.0772959440946579,0.5673049092292786,,,
872.0,873.0,True,presidenta,closeup,0.6551653146743774,0.16247552633285522,0.29646503925323486,0.01552876178175211,0.02525370568037033,0.10078134387731552,0.026579253375530243,0.0228862464427948,0.09751113504171371,0.41499459743499756,,,
873.0,874.0,True,presidenta,closeup,0.46254587173461914,0.32396867871284485,0.2622429132461548,0.011627157218754292,0.017128564417362213,0.05417724698781967,0.017893776297569275,0.032845087349414825,0.10132671892642975,0.5027585625648499,,,
874.0,875.0,True,presidenta,closeup,0.6872162222862244,0.24209678173065186,0.36866724491119385,0.029360057786107063,0.015272095799446106,0.06428121775388718,0.016736695542931557,0.023305708542466164,0.09986148029565811,0.3825155198574066,,,
875.0,876.0,True,presidenta,closeup,0.288425475358963,0.283825546503067,0.33195847272872925,0.0057048131711781025,0.01831449754536152,0.05048646405339241,0.013254685327410698,0.02525533363223076,0.1432042121887207,0.4118214547634125,,,
876.0,877.0,True,presidenta,closeup,0.8065930604934692,0.3659939467906952,0.3041042685508728,0.0904051885008812,0.012648096308112144,0.05293697863817215,0.012116804718971252,0.02379019372165203,0.06432152539491653,0.4396769106388092,,,
877.0,878.0,True,presidenta,closeup,0.8567236661911011,0.5703422427177429,0.2702633738517761,0.10108862072229385,0.01017561461776495,0.07106848061084747,0.012942983768880367,0.021636920049786568,0.06590297073125839,0.44692105054855347,,,
878.0,879.0,True,presidenta,closeup,0.7211136817932129,0.4701543152332306,0.3164900243282318,0.039412692189216614,0.010842259973287582,0.08064117282629013,0.01399331633001566,0.02306956984102726,0.07657232880592346,0.4389786124229431,,,
879.0,880.0,True,presidenta,closeup,0.5171027183532715,0.30713510513305664,0.32073020935058594,0.011723869480192661,0.0169066209346056,0.04113352671265602,0.013329747132956982,0.027129817754030228,0.08647125959396362,0.4825749397277832,,,
880.0,881.0,True,presidenta,closeup,0.3813524842262268,0.37858179211616516,0.23880143463611603,0.012333412654697895,0.020088577643036842,0.08294792473316193,0.026478562504053116,0.030824024230241776,0.1528162807226181,0.4357098340988159,,,
881.0,882.0,True,presidenta,closeup,0.6494675874710083,-0.18830835819244385,0.34467267990112305,0.024195998907089233,0.02847612276673317,0.06737601011991501,0.015291139483451843,0.016983384266495705,0.14418181777000427,0.35882285237312317,,,
882.0,883.0,True,presidenta,closeup,0.6459144353866577,0.43962469696998596,0.3355156183242798,0.02908831275999546,0.01915847137570381,0.05481693521142006,0.021089226007461548,0.02751431241631508,0.08455410599708557,0.4282630681991577,,,
883.0,884.0,True,presidenta,closeup,0.6281067132949829,0.32869914174079895,0.36968493461608887,0.011970750987529755,0.01817127875983715,0.044183820486068726,0.014260569587349892,0.02198544330894947,0.0739736557006836,0.4457694888114929,,,
884.0,885.0,True,presidenta,closeup,0.6157793402671814,0.1673382818698883,0.3889419734477997,0.015665454789996147,0.017346147447824478,0.03940644487738609,0.011654858477413654,0.018122661858797073,0.06704265624284744,0.44181978702545166,,,
885.0,886.0,True,presidenta,closeup,0.718925952911377,0.14053019881248474,0.35036978125572205,0.022275414317846298,0.016073601320385933,0.048578593879938126,0.01518073957413435,0.019349034875631332,0.06960268318653107,0.4585701525211334,,,
886.0,887.0,True,presidenta,closeup,0.4353843033313751,0.4753827154636383,0.22896157205104828,0.014599870890378952,0.019940724596381187,0.09063965827226639,0.02468995936214924,0.038813911378383636,0.10324735194444656,0.4791069030761719,,,
887.0,888.0,True,presidenta,closeup,0.4360089898109436,0.45991185307502747,0.2731914222240448,0.019467171281576157,0.020958449691534042,0.06280260533094406,0.01644132472574711,0.034700360149145126,0.11407922208309174,0.45835942029953003,,,
888.0,889.0,True,presidenta,closeup,0.17344015836715698,0.4711149334907532,0.27814069390296936,0.00775202875956893,0.020189547911286354,0.09196122735738754,0.023006845265626907,0.03807045519351959,0.15371465682983398,0.38716456294059753,,,
889.0,890.0,True,presidenta,closeup,0.6517571210861206,0.03923165798187256,0.42209482192993164,0.018409356474876404,0.024681484326720238,0.03500228747725487,0.011960949748754501,0.02270151861011982,0.09090233594179153,0.37424713373184204,,,
890.0,891.0,True,presidenta,closeup,0.41051676869392395,0.38332703709602356,0.3145652711391449,0.01622929610311985,0.015165239572525024,0.07511159032583237,0.016444358974695206,0.024338092654943466,0.13077212870121002,0.40737399458885193,,,
891.0,892.0,True,presidenta,closeup,0.6534280776977539,0.3413092792034149,0.35163596272468567,0.04811633750796318,0.018268154934048653,0.07124614715576172,0.02126455493271351,0.020487116649746895,0.11635345965623856,0.35262829065322876,,,
892.0,893.0,True,presidenta,closeup,0.6487857699394226,0.3825828731060028,0.34624186158180237,0.031886301934719086,0.017531540244817734,0.0942264273762703,0.02405514009296894,0.016871463507413864,0.09495726972818375,0.3742300271987915,,,
893.0,894.0,True,presidenta,closeup,0.6358675956726074,0.5613971948623657,0.2719762325286865,0.020556574687361717,0.009703878313302994,0.09246794134378433,0.015212207101285458,0.02565717324614525,0.1263691633939743,0.4380568265914917,,,
894.0,895.0,True,presidenta,closeup,0.5302255749702454,0.43086355924606323,0.2929096221923828,0.025278784334659576,0.015558086335659027,0.09963724762201309,0.024830535054206848,0.036326851695775986,0.11427690088748932,0.39118194580078125,,,
895.0,896.0,True,presidenta,closeup,0.697555661201477,0.45659857988357544,0.2969799041748047,0.04091853275895119,0.02454577013850212,0.12307354062795639,0.031111355870962143,0.01935572549700737,0.11650638282299042,0.3475087881088257,,,
896.0,897.0,True,presidenta,closeup,0.43895936012268066,0.3295752704143524,0.32794877886772156,0.00924200564622879,0.026959829032421112,0.07703372091054916,0.026968661695718765,0.021345680579543114,0.15753139555454254,0.3529699146747589,,,
897.0,898.0,True,presidenta,closeup,0.3886276185512543,0.6181322336196899,0.2955217957496643,0.01739397458732128,0.01049787551164627,0.09282650053501129,0.02166658639907837,0.042117033153772354,0.1490224450826645,0.37095382809638977,,,
898.0,899.0,True,presidenta,closeup,0.663692831993103,0.384928435087204,0.3141266703605652,0.0247619841247797,0.01641993783414364,0.08629031479358673,0.022723330184817314,0.03456026315689087,0.12810881435871124,0.37300872802734375,,,
899.0,900.0,True,presidenta,closeup,0.4561997652053833,0.5147606134414673,0.28620317578315735,0.017217464745044708,0.013543056324124336,0.0844770148396492,0.028651846572756767,0.03208433836698532,0.11132058501243591,0.4265024960041046,,,
900.0,901.0,True,presidenta,closeup,0.5030803680419922,0.24630364775657654,0.3305816948413849,0.016096198931336403,0.022618254646658897,0.04700151085853577,0.01819664239883423,0.03304406628012657,0.10067721456289291,0.431784451007843,,,
901.0,902.0,True,presidenta,closeup,0.7837321758270264,0.2374342381954193,0.31757423281669617,0.05067212134599686,0.015786800533533096,0.08271866291761398,0.020292820408940315,0.027606340125203133,0.0973065197467804,0.3880424499511719,,,
902.0,903.0,True,presidenta,closeup,0.3055073320865631,0.28752753138542175,0.29047924280166626,0.015054063871502876,0.027674099430441856,0.0670204907655716,0.022591788321733475,0.04354332387447357,0.16275693476200104,0.37088003754615784,,,
903.0,904.0,True,presidenta,closeup,0.299773633480072,0.1802794337272644,0.3491440415382385,0.0078536132350564,0.027365176007151604,0.058953236788511276,0.020569078624248505,0.030262034386396408,0.12678509950637817,0.3790677785873413,,,
904.0,905.0,True,presidenta,closeup,0.002480030059814453,0.7129777073860168,0.16786393523216248,0.006190024316310883,0.009973147884011269,0.2067311406135559,0.03239016607403755,0.03350888192653656,0.20053662359714508,0.3428061008453369,,,
905.0,906.0,True,presidenta,closeup,-0.009687632322311401,0.48259833455085754,0.17207659780979156,0.01281960029155016,0.03611251339316368,0.13444015383720398,0.041353415697813034,0.05139235407114029,0.22649931907653809,0.3253059685230255,,,
906.0,907.0,True,presidenta,closeup,0.5957393646240234,0.1476607620716095,0.33213749527931213,0.0165259912610054,0.021149173378944397,0.050985187292099,0.014100469648838043,0.027382224798202515,0.09557060897350311,0.4421488344669342,,,
907.0,908.0,True,presidenta,closeup,0.5797255635261536,0.05804067850112915,0.44825902581214905,0.014006383717060089,0.02278096228837967,0.032082267105579376,0.012441560626029968,0.02569020353257656,0.09778591990470886,0.34695371985435486,,,
908.0,909.0,True,presidenta,closeup,0.5529659390449524,0.056995540857315063,0.3724845349788666,0.022986184805631638,0.027140842750668526,0.03413443639874458,0.014188711531460285,0.019732845947146416,0.12431998550891876,0.3850124478340149,,,
909.0,910.0,True,presidenta,closeup,-0.059284210205078125,0.333514928817749,0.28611502051353455,0.0028599605429917574,0.02382010966539383,0.050651680678129196,0.014954748563468456,0.03007347323000431,0.1225910484790802,0.46893396973609924,,,
910.0,911.0,True,presidenta,closeup,0.49396616220474243,0.6077778339385986,0.23208613693714142,0.024812566116452217,0.014409164898097515,0.1198328360915184,0.028259774670004845,0.04350890591740608,0.13213644921779633,0.4049541652202606,,,
911.0,912.0,True,presidenta,closeup,0.5119976997375488,0.4826017916202545,0.26674795150756836,0.02134951390326023,0.014366928488016129,0.08729449659585953,0.019754601642489433,0.032933399081230164,0.12078205496072769,0.436771035194397,,,
912.0,913.0,True,presidenta,closeup,0.5348392724990845,0.2798628509044647,0.34310296177864075,0.020996324717998505,0.014992152340710163,0.06948377937078476,0.015387162566184998,0.023852592334151268,0.12702572345733643,0.3851592242717743,,,
913.0,914.0,True,presidenta,closeup,0.4730270504951477,0.43242189288139343,0.3029720187187195,0.015747785568237305,0.017735691741108894,0.10436756908893585,0.030390961095690727,0.025644099339842796,0.12037719041109085,0.38276466727256775,,,
914.0,915.0,True,presidenta,closeup,0.5550650954246521,0.42415428161621094,0.3354624807834625,0.011881420388817787,0.018392259255051613,0.05291638895869255,0.016887638717889786,0.02377156913280487,0.09290286898612976,0.4477854371070862,,,
915.0,916.0,True,presidenta,closeup,0.4690348207950592,0.5520724654197693,0.26041412353515625,0.022690296173095703,0.017729533836245537,0.09180044382810593,0.026125051081180573,0.030621925368905067,0.12909911572933197,0.42151957750320435,,,
916.0,917.0,True,presidenta,closeup,0.5790432691574097,0.317999005317688,0.27180051803588867,0.01489675510674715,0.012098687700927258,0.07339166849851608,0.016155030578374863,0.027789216488599777,0.08854755759239197,0.49532052874565125,,,
917.0,918.0,True,presidenta,closeup,0.5937120914459229,0.35872966051101685,0.3219144940376282,0.030499229207634926,0.01962515152990818,0.07646868377923965,0.02480880357325077,0.025410350412130356,0.11449592560529709,0.3867773413658142,,,
918.0,919.0,True,presidenta,closeup,0.6171405911445618,0.364654541015625,0.3139427900314331,0.028620783239603043,0.015427382662892342,0.08706693351268768,0.021824046969413757,0.02343224734067917,0.1243903860449791,0.38529545068740845,,,
919.0,920.0,True,presidenta,closeup,-0.2049035131931305,0.5241295695304871,0.24687768518924713,0.005365743767470121,0.015247111208736897,0.06357623636722565,0.023043425753712654,0.042685385793447495,0.1447923630475998,0.4584120512008667,,,
920.0,921.0,True,presidenta,closeup,-0.15607953071594238,0.6015507578849792,0.20839664340019226,0.0039731282740831375,0.019314654171466827,0.05414195731282234,0.023107653483748436,0.0437760166823864,0.15569846332073212,0.4915914535522461,,,
921.0,922.0,True,presidenta,closeup,0.7856929898262024,0.4931839406490326,0.30732616782188416,0.032510288059711456,0.01863628439605236,0.10760627686977386,0.030956339091062546,0.016909873113036156,0.11295531690120697,0.37309950590133667,,,
922.0,923.0,True,presidenta,closeup,0.6140138506889343,0.2382434606552124,0.3460856080055237,0.012440926395356655,0.02692224457859993,0.06963367015123367,0.025742899626493454,0.020122181624174118,0.08875169605016708,0.41030070185661316,,,
923.0,924.0,True,presidenta,closeup,0.5046036839485168,0.30290359258651733,0.330280065536499,0.013850556686520576,0.012492164969444275,0.0915537104010582,0.015449754893779755,0.015577618964016438,0.1263938844203949,0.3944021761417389,,,
924.0,925.0,True,presidenta,closeup,0.6309261322021484,0.14722296595573425,0.41897326707839966,0.02134486474096775,0.02237730100750923,0.05468990281224251,0.018005704507231712,0.017362594604492188,0.07805337011814117,0.3691929876804352,,,
925.0,926.0,True,presidenta,closeup,0.4035778343677521,0.12122255563735962,0.32198435068130493,0.013053057715296745,0.020624268800020218,0.047053493559360504,0.017153535038232803,0.026322124525904655,0.0976625606417656,0.4561466574668884,,,
926.0,927.0,True,presidenta,closeup,0.5799335241317749,0.2402721345424652,0.3736053705215454,0.020429063588380814,0.01478070393204689,0.03892531618475914,0.011946571990847588,0.02344796247780323,0.08116915076971054,0.43569597601890564,,,
927.0,928.0,True,presidenta,closeup,0.3079407215118408,-0.0022373199462890625,0.3960576057434082,0.010894061997532845,0.03017333522439003,0.03824571147561073,0.01668713428080082,0.027320612221956253,0.08553118258714676,0.39509034156799316,,,
928.0,929.0,True,presidenta,closeup,0.5310049057006836,0.5692576169967651,0.24517372250556946,0.03380551189184189,0.016055570915341377,0.1520603448152542,0.029710063710808754,0.02899336628615856,0.1519533395767212,0.34224802255630493,,,
929.0,930.0,True,presidenta,closeup,0.13007155060768127,0.24801790714263916,0.3043987452983856,0.007970084436237812,0.02455059438943863,0.058559317141771317,0.01760185696184635,0.02907537668943405,0.13686296343803406,0.4209810495376587,,,
930.0,931.0,True,presidenta,closeup,0.65046226978302,0.07987329363822937,0.2924274504184723,0.020706677809357643,0.03010362572968006,0.07633068412542343,0.022255757823586464,0.026856500655412674,0.12606172263622284,0.40525761246681213,,,
931.0,932.0,True,presidenta,closeup,0.39013513922691345,0.5362454652786255,0.2453009933233261,0.01688971184194088,0.01658833585679531,0.11074194312095642,0.02536686882376671,0.0416547991335392,0.13595418632030487,0.4075030982494354,,,
932.0,933.0,True,presidenta,closeup,0.5076762437820435,0.48210233449935913,0.2298109084367752,0.023680293932557106,0.017025625333189964,0.16837680339813232,0.03012530505657196,0.03106045350432396,0.15437515079975128,0.3455454707145691,,,
933.0,934.0,True,presidenta,closeup,0.5598711967468262,0.3800880014896393,0.3092416524887085,0.020076321437954903,0.02251569740474224,0.0826994925737381,0.022221369668841362,0.026013566181063652,0.10087554901838303,0.4163563847541809,,,
934.0,935.0,True,presidenta,closeup,0.43735748529434204,0.2644749581813812,0.3171575963497162,0.014211387373507023,0.021192723885178566,0.07596589624881744,0.025750866159796715,0.02760322019457817,0.10543682426214218,0.4126814007759094,,,
935.0,936.0,True,presidenta,closeup,0.514136552810669,0.35586249828338623,0.3609362840652466,0.018468985334038734,0.015518244355916977,0.06909453123807907,0.017366502434015274,0.024625644087791443,0.10329978168010712,0.39069005846977234,,,
936.0,937.0,True,presidenta,closeup,0.48222020268440247,0.27955785393714905,0.3327730894088745,0.02075960487127304,0.019502969458699226,0.0776783898472786,0.020055608823895454,0.030570439994335175,0.11140625178813934,0.3872535824775696,,,
937.0,938.0,True,presidenta,closeup,0.3479786217212677,0.26993656158447266,0.2855183482170105,0.01055607758462429,0.020125405862927437,0.06855486333370209,0.018152475357055664,0.048597145825624466,0.14225123822689056,0.4062444269657135,,,
938.0,939.0,True,presidenta,closeup,0.6203604936599731,0.22458034753799438,0.3586052358150482,0.019458863884210587,0.02161228097975254,0.058344196528196335,0.019306475296616554,0.021397912874817848,0.0788605734705925,0.42241451144218445,,,
939.0,940.0,True,presidenta,closeup,0.4892582595348358,0.33164677023887634,0.27370890974998474,0.0215567909181118,0.021029332652688026,0.08456257730722427,0.03154287487268448,0.029911722987890244,0.10304369777441025,0.43464410305023193,,,
940.0,941.0,True,presidenta,closeup,0.692133367061615,0.5438633561134338,0.2288099229335785,0.04429306089878082,0.0103227524086833,0.13001829385757446,0.02576807141304016,0.03316337242722511,0.11465515196323395,0.4129693806171417,,,
941.0,942.0,True,presidenta,closeup,0.6544903516769409,-0.015239030122756958,0.38907355070114136,0.026766058057546616,0.02576591446995735,0.07044227421283722,0.014803615398705006,0.01900937780737877,0.11047545075416565,0.3436638116836548,,,
942.0,943.0,True,presidenta,closeup,0.3433572053909302,0.3029745817184448,0.2799835503101349,0.01895834133028984,0.016001107171177864,0.08898405730724335,0.016873594373464584,0.04419170320034027,0.1219048947095871,0.41310277581214905,,,
943.0,944.0,True,presidenta,closeup,0.5771849155426025,0.4522637128829956,0.3165988624095917,0.033986449241638184,0.02885056845843792,0.07066377252340317,0.022860581055283546,0.02838773839175701,0.10563168674707413,0.39302030205726624,,,
944.0,945.0,True,presidenta,closeup,0.4462188184261322,0.2702336013317108,0.3414834439754486,0.015634750947356224,0.03660301864147186,0.060303010046482086,0.023854466155171394,0.025328032672405243,0.13752853870391846,0.3592647314071655,,,
945.0,946.0,True,presidenta,closeup,0.3689711391925812,0.6493762135505676,0.1948787420988083,0.012724273838102818,0.010116246528923512,0.2078479677438736,0.027480483055114746,0.026767848059535027,0.1801971197128296,0.3399873971939087,,,
946.0,947.0,True,presidenta,closeup,0.6963845491409302,0.4956274628639221,0.310634970664978,0.031914565712213516,0.013384238816797733,0.0817493423819542,0.01853775605559349,0.029320672154426575,0.09807104617357254,0.4163873493671417,,,
947.0,948.0,True,presidenta,closeup,0.626876175403595,0.38200265169143677,0.33992451429367065,0.02291490137577057,0.013827205635607243,0.06789767742156982,0.014786120504140854,0.02293289452791214,0.10163180530071259,0.41608482599258423,,,
948.0,949.0,True,presidenta,closeup,0.5844623446464539,0.3023804724216461,0.33559873700141907,0.013857237063348293,0.018270449712872505,0.05199200287461281,0.012476795352995396,0.025193246081471443,0.0928112044930458,0.44980037212371826,,,
949.0,950.0,True,presidenta,closeup,0.624871015548706,0.35301291942596436,0.3534330129623413,0.019830666482448578,0.014897806569933891,0.03946783021092415,0.011482538655400276,0.024642031639814377,0.08907002955675125,0.4471759796142578,,,
950.0,951.0,True,presidenta,closeup,0.287736177444458,0.3385867774486542,0.3128279745578766,0.01215664017945528,0.02170240879058838,0.05143187567591667,0.02140793204307556,0.03821802884340286,0.11466272920370102,0.4275924563407898,,,
951.0,952.0,True,presidenta,closeup,0.6442020535469055,0.11106988787651062,0.37377578020095825,0.014592945575714111,0.02296728827059269,0.05247491970658302,0.01625649258494377,0.020810091868042946,0.08573438972234726,0.4133881628513336,,,
952.0,953.0,True,presidenta,closeup,0.5912532210350037,0.6483909487724304,0.21987180411815643,0.023060403764247894,0.012617466039955616,0.10851764678955078,0.024279018864035606,0.029288921505212784,0.10612951964139938,0.47623521089553833,,,
953.0,954.0,True,presidenta,closeup,0.2233593463897705,0.06141078472137451,0.3346717655658722,0.007324925158172846,0.02575329691171646,0.04078156128525734,0.013324192725121975,0.03091973252594471,0.10484427958726883,0.4423801898956299,,,
954.0,955.0,True,presidenta,closeup,0.47614067792892456,0.44307374954223633,0.30526334047317505,0.021847154945135117,0.013048569671809673,0.06642326712608337,0.015474441461265087,0.029796620830893517,0.10099729895591736,0.44714927673339844,,,
955.0,956.0,True,presidenta,closeup,0.3403422236442566,0.06889998912811279,0.3263823986053467,0.01130218431353569,0.024257145822048187,0.040633924305438995,0.017484601587057114,0.024854514747858047,0.1159755066037178,0.4391097128391266,,,
956.0,957.0,True,presidenta,closeup,0.5542905926704407,0.08080780506134033,0.3318508267402649,0.018828315660357475,0.025218147784471512,0.061559006571769714,0.019740290939807892,0.0252684373408556,0.09830010682344437,0.4192348122596741,,,
957.0,958.0,True,presidenta,closeup,0.6695464849472046,0.5511548519134521,0.2523181140422821,0.04767169430851936,0.015590736642479897,0.1224050223827362,0.030130591243505478,0.02722848206758499,0.10604404658079147,0.3986113965511322,,,
958.0,959.0,True,presidenta,closeup,0.33179596066474915,0.35606154799461365,0.2760477364063263,0.008044352754950523,0.020492322742938995,0.08180705457925797,0.01816931739449501,0.024652604013681412,0.13883055746555328,0.43195608258247375,,,
959.0,960.0,True,presidenta,closeup,0.503517746925354,0.066613107919693,0.3964194655418396,0.013224860653281212,0.03365707769989967,0.0356101393699646,0.016291605308651924,0.024776170030236244,0.07711724191904068,0.40290337800979614,,,
960.0,961.0,True,presidenta,closeup,0.6033790111541748,0.20453715324401855,0.34467262029647827,0.018377937376499176,0.030720043927431107,0.07123643904924393,0.01908482424914837,0.03550565615296364,0.10340967029333115,0.3769928216934204,,,
961.0,962.0,True,presidenta,closeup,0.48604971170425415,0.16447925567626953,0.36830252408981323,0.011825422756373882,0.022966915741562843,0.061613332480192184,0.01756843365728855,0.020471250638365746,0.08371656388044357,0.41353562474250793,,,
962.0,963.0,True,presidenta,closeup,0.08913543820381165,0.19227838516235352,0.32976284623146057,0.008937676437199116,0.01790064387023449,0.03689025342464447,0.010748056694865227,0.03679908812046051,0.10786959528923035,0.45109185576438904,,,
963.0,964.0,True,presidenta,closeup,0.14511066675186157,0.5005557537078857,0.2643111050128937,0.02020152471959591,0.011060290038585663,0.08772821724414825,0.020690347999334335,0.05212636664509773,0.13057759404182434,0.41330447793006897,,,
964.0,965.0,True,presidenta,closeup,0.47848832607269287,0.4474102556705475,0.2785882353782654,0.027438774704933167,0.012059396132826805,0.08331870287656784,0.015316320583224297,0.029137926176190376,0.13097050786018372,0.4231700897216797,,,
965.0,966.0,True,presidenta,closeup,0.61211097240448,0.588805079460144,0.21121035516262054,0.04461745172739029,0.013538123108446598,0.16968072950839996,0.026384608820080757,0.039355356246232986,0.1680295169353485,0.32718390226364136,,,
966.0,967.0,True,presidenta,closeup,-0.12225958704948425,0.5194392204284668,0.13896045088768005,0.008201438933610916,0.034465689212083817,0.07578125596046448,0.03966144099831581,0.04276927188038826,0.22897949814796448,0.4311809837818146,,,
967.0,968.0,True,presidenta,closeup,-0.01744711399078369,0.6169688701629639,0.19474151730537415,0.009623974561691284,0.01057503093034029,0.1022828221321106,0.01856488175690174,0.04815361276268959,0.22939394414424896,0.3866642117500305,,,
968.0,969.0,True,presidenta,closeup,0.14644849300384521,0.3360593318939209,0.249015212059021,0.00519532011821866,0.024671204388141632,0.06181148439645767,0.020827779546380043,0.035829152911901474,0.12310019135475159,0.47954973578453064,,,
969.0,970.0,True,presidenta,closeup,0.1053784191608429,0.3285766541957855,0.26587891578674316,0.007283526007086039,0.01575593650341034,0.06764273345470428,0.014728941954672337,0.03574139624834061,0.15073303878307343,0.44223546981811523,,,
970.0,971.0,True,presidenta,closeup,0.7352705001831055,0.11190414428710938,0.31055837869644165,0.03833847492933273,0.02019306644797325,0.07952853292226791,0.015211950056254864,0.01986936666071415,0.10839289426803589,0.40790727734565735,,,
971.0,972.0,True,presidenta,closeup,0.40584924817085266,0.28506210446357727,0.35446539521217346,0.010110324248671532,0.02082809992134571,0.06636469066143036,0.020712926983833313,0.02521461434662342,0.12223995476961136,0.3800639808177948,,,
972.0,973.0,True,presidenta,closeup,0.3357672095298767,0.5071274042129517,0.3024938702583313,0.020679108798503876,0.016085680574178696,0.055750831961631775,0.02016289345920086,0.0358523391187191,0.12804220616817474,0.4209331274032593,,,
973.0,974.0,True,presidenta,closeup,0.6640843152999878,0.27271461486816406,0.42639100551605225,0.03588906675577164,0.016684595495462418,0.05848822742700577,0.015793733298778534,0.02086307294666767,0.0839446410536766,0.3419456481933594,,,
974.0,975.0,True,presidenta,closeup,0.39345407485961914,0.37612202763557434,0.4067082405090332,0.018646394833922386,0.03189956769347191,0.05781209096312523,0.024754025042057037,0.019807513803243637,0.10253777354955673,0.3378344178199768,,,
975.0,976.0,True,presidenta,closeup,0.23739707469940186,0.5422622561454773,0.22944208979606628,0.011986039578914642,0.018200812861323357,0.10188784450292587,0.026148924604058266,0.031155385076999664,0.13002964854240417,0.45114922523498535,,,
976.0,977.0,True,presidenta,closeup,0.1315521001815796,0.36444389820098877,0.2956090569496155,0.0127418739721179,0.016351329162716866,0.055499982088804245,0.015581788495182991,0.04439876228570938,0.18304091691970825,0.3767763078212738,,,
977.0,978.0,True,presidenta,closeup,0.42467936873435974,0.5527745485305786,0.3221728503704071,0.02598547376692295,0.010146900080144405,0.07824620604515076,0.01662716642022133,0.031965240836143494,0.15343008935451508,0.36142605543136597,,,
978.0,979.0,True,presidenta,closeup,0.42027243971824646,0.25392991304397583,0.3486744463443756,0.01881064474582672,0.014034371823072433,0.05362365022301674,0.012939238920807838,0.03579580411314964,0.13745732605457306,0.3786645233631134,,,
979.0,980.0,True,presidenta,closeup,0.28644758462905884,0.33156490325927734,0.24509459733963013,0.013049708679318428,0.01920551247894764,0.07192908972501755,0.020904147997498512,0.04413575306534767,0.15682193636894226,0.4288592040538788,,,
980.0,981.0,True,presidenta,closeup,0.19219064712524414,0.2581435441970825,0.28621989488601685,0.00996632780879736,0.024580996483564377,0.05350540950894356,0.019913911819458008,0.04871419072151184,0.1132025495171547,0.44389665126800537,,,
981.0,982.0,True,presidenta,closeup,0.5470728874206543,0.4104970097541809,0.3395419120788574,0.030235549435019493,0.013078765012323856,0.06409557908773422,0.0174539927393198,0.02259874902665615,0.10679251700639725,0.4062029719352722,,,
982.0,983.0,True,presidenta,closeup,0.234904944896698,0.2258109748363495,0.34247642755508423,0.008913286961615086,0.020114723592996597,0.04226139932870865,0.016114821657538414,0.036372486501932144,0.11833500117063522,0.4154118001461029,,,
983.0,984.0,True,presidenta,closeup,0.31984254717826843,0.5601785182952881,0.26958680152893066,0.016700178384780884,0.017244404181838036,0.11265350133180618,0.028219321742653847,0.038963448256254196,0.13719575107097626,0.37943658232688904,,,
984.0,985.0,True,presidenta,closeup,0.5628632307052612,0.29030510783195496,0.4299377202987671,0.018597617745399475,0.012933913618326187,0.026763105764985085,0.008579280227422714,0.02521013654768467,0.07791996002197266,0.4000582695007324,,,
985.0,986.0,True,presidenta,closeup,0.7623139023780823,0.16873806715011597,0.3888150751590729,0.036022771149873734,0.016282161697745323,0.04012290760874748,0.01114436611533165,0.017934076488018036,0.07731031626462936,0.4123682975769043,,,
986.0,987.0,True,presidenta,closeup,0.5286686420440674,0.32933270931243896,0.334401398897171,0.03164498880505562,0.014596320688724518,0.04326685518026352,0.011615440249443054,0.02420705184340477,0.09239237010478973,0.44787561893463135,,,
987.0,988.0,True,presidenta,closeup,-0.05695423483848572,0.5021620988845825,0.23255929350852966,0.007785686291754246,0.02547498792409897,0.09778415411710739,0.035809341818094254,0.056976571679115295,0.17553392052650452,0.3680761158466339,,,
988.0,989.0,True,presidenta,closeup,0.02475804090499878,0.5945241451263428,0.24355261027812958,0.007046638522297144,0.017129341140389442,0.1130710169672966,0.030433131381869316,0.036438316106796265,0.16442106664180756,0.3879079222679138,,,
989.0,990.0,True,presidenta,closeup,0.4577510356903076,0.38772207498550415,0.2956151068210602,0.022672094404697418,0.011998736299574375,0.08626551181077957,0.015730349346995354,0.03188762068748474,0.13307148218154907,0.4027591645717621,,,
990.0,991.0,True,presidenta,closeup,0.3157539963722229,0.3639944791793823,0.24377165734767914,0.014254951849579811,0.014888194389641285,0.08737064152956009,0.01699194125831127,0.03361205756664276,0.11771759390830994,0.4713929295539856,,,
991.0,992.0,True,presidenta,closeup,0.4475231468677521,0.08281528949737549,0.39356234669685364,0.01062794029712677,0.03497971221804619,0.0399005264043808,0.017441602423787117,0.02110891044139862,0.09733401983976364,0.38504502177238464,,,
992.0,993.0,True,presidenta,closeup,0.1795600950717926,0.3435521423816681,0.3513486981391907,0.00794470589607954,0.017177792266011238,0.05761678144335747,0.014797975309193134,0.024545559659600258,0.12595193088054657,0.4006165564060211,,,
993.0,994.0,True,presidenta,closeup,0.05876249074935913,0.7157191634178162,0.15025128424167633,0.0065854392014443874,0.010558555833995342,0.1607263684272766,0.03068707510828972,0.04106607288122177,0.1739959418773651,0.4261293113231659,,,
994.0,995.0,True,presidenta,closeup,0.6743066310882568,0.14485648274421692,0.32907113432884216,0.03596372902393341,0.018994778394699097,0.06414352357387543,0.014996250160038471,0.025587046518921852,0.08465726673603058,0.4265862703323364,,,
995.0,996.0,True,presidenta,closeup,0.6387009620666504,0.3303224742412567,0.3618523180484772,0.025807829573750496,0.014259140007197857,0.08768341690301895,0.014076427556574345,0.028746530413627625,0.10098210722208023,0.3665921986103058,,,
996.0,997.0,True,presidenta,closeup,0.4683932065963745,0.37105461955070496,0.3064400851726532,0.01298067532479763,0.019984804093837738,0.08020446449518204,0.015668625012040138,0.023189011961221695,0.11632862687110901,0.42520374059677124,,,
997.0,998.0,True,presidenta,closeup,0.26974111795425415,0.5122162103652954,0.2649834156036377,0.014585323631763458,0.014668411575257778,0.07708634436130524,0.016780929639935493,0.044542644172906876,0.12245261669158936,0.4449002146720886,,,
998.0,999.0,True,presidenta,closeup,0.24977508187294006,0.5748872756958008,0.16468411684036255,0.016123639419674873,0.017026010900735855,0.11618213355541229,0.031703777611255646,0.06195079907774925,0.24713033437728882,0.3451991677284241,,,
999.0,1000.0,True,presidenta,closeup,0.10539770126342773,0.4610428214073181,0.20633988082408905,0.00613506929948926,0.01662539690732956,0.14656436443328857,0.023916494101285934,0.04270588234066963,0.19119170308113098,0.3665212094783783,,,
1000.0,1001.0,True,presidenta,closeup,0.5845710635185242,0.32900360226631165,0.3572564721107483,0.0305313840508461,0.013604884967207909,0.06552238762378693,0.01530204527080059,0.02641800045967102,0.09863973408937454,0.3927250802516937,,,
1001.0,1002.0,True,presidenta,closeup,0.527000904083252,0.36726394295692444,0.31387850642204285,0.028229782357811928,0.011489150114357471,0.05432203784584999,0.010685306042432785,0.019998278468847275,0.12281184643507004,0.43858516216278076,,,
1002.0,1003.0,True,presidenta,closeup,0.5836762189865112,0.7473567128181458,0.07649710774421692,0.013733187690377235,0.004319423343986273,0.39098674058914185,0.0131924357265234,0.024228693917393684,0.21583926677703857,0.26120316982269287,,,
1003.0,1004.0,True,presidenta,closeup,0.1346205770969391,0.49696084856987,0.22471284866333008,0.00604932801797986,0.020856572315096855,0.1115376353263855,0.027662675827741623,0.03920869156718254,0.17700988054275513,0.39296233654022217,,,
1004.0,1005.0,True,presidenta,closeup,0.07076290249824524,0.4328628182411194,0.2592787444591522,0.015005665831267834,0.018242040649056435,0.058037590235471725,0.01669873297214508,0.03362595662474632,0.2516977787017822,0.3474135100841522,,,
1005.0,1006.0,True,presidenta,closeup,0.5477591753005981,0.5970595479011536,0.27856433391571045,0.03892451524734497,0.012930947355926037,0.08188744634389877,0.018837273120880127,0.031618449836969376,0.13947084546089172,0.39776623249053955,,,
1006.0,1007.0,True,presidenta,closeup,0.49665480852127075,0.4409169554710388,0.29329684376716614,0.024762112647294998,0.019705848768353462,0.0784977525472641,0.023288555443286896,0.030836615711450577,0.12363606691360474,0.405976265668869,,,
1007.0,1008.0,True,presidenta,closeup,0.36954742670059204,0.5194205045700073,0.30435267090797424,0.014129829593002796,0.013156872242689133,0.06974270194768906,0.017681794241070747,0.025447217747569084,0.12791365385055542,0.4275752007961273,,,
1008.0,1009.0,True,presidenta,closeup,0.45477622747421265,0.38426676392555237,0.29548853635787964,0.01815073750913143,0.015537946484982967,0.049970705062150955,0.012929878197610378,0.026897570118308067,0.1353282630443573,0.4456963539123535,,,
1009.0,1010.0,True,presidenta,closeup,0.27799883484840393,0.6471258997917175,0.21769997477531433,0.017027702182531357,0.014973177574574947,0.09690727293491364,0.02773306705057621,0.04118965193629265,0.14904238283634186,0.4354267716407776,,,
1010.0,1011.0,True,presidenta,closeup,-0.23514875769615173,0.5833399295806885,0.22309188544750214,0.004165178630501032,0.0198759026825428,0.08681198209524155,0.03322029486298561,0.03442055359482765,0.2289486825466156,0.36946550011634827,,,
1011.0,1012.0,True,presidenta,closeup,0.1776960790157318,0.43295302987098694,0.23711158335208893,0.013438699766993523,0.018304213881492615,0.07392027974128723,0.0184490866959095,0.051177941262722015,0.15571941435337067,0.4318787753582001,,,
1012.0,1013.0,True,presidenta,closeup,0.5745516419410706,0.21465188264846802,0.33657434582710266,0.01971653662621975,0.02224651165306568,0.06494012475013733,0.014729660004377365,0.030431164428591728,0.10364110767841339,0.40772053599357605,,,
1013.0,1014.0,True,presidenta,closeup,0.5478105545043945,0.43286898732185364,0.35453519225120544,0.017926432192325592,0.020778324455022812,0.09199570119380951,0.02165229246020317,0.024710804224014282,0.10590983927249908,0.36249133944511414,,,
1014.0,1015.0,True,presidenta,closeup,0.6729917526245117,0.11621001362800598,0.3843952715396881,0.02526373416185379,0.025283269584178925,0.07657809555530548,0.02434963919222355,0.021151047199964523,0.09912096709012985,0.3438579738140106,,,
1015.0,1016.0,True,presidenta,closeup,0.636141300201416,0.05530598759651184,0.3944442570209503,0.02145792916417122,0.021478811278939247,0.04063030332326889,0.014134363271296024,0.021576277911663055,0.08591245859861374,0.40036556124687195,,,
1016.0,1017.0,True,presidenta,closeup,0.3563708961009979,0.4353271424770355,0.28211575746536255,0.010919414460659027,0.014830481261014938,0.11891895532608032,0.019002558663487434,0.02607499063014984,0.1515449732542038,0.37659281492233276,,,
1017.0,1018.0,True,presidenta,closeup,0.6558815836906433,0.08381399512290955,0.2418186068534851,0.054285645484924316,0.020385142415761948,0.12282487004995346,0.0181894488632679,0.03186079114675522,0.15736320614814758,0.3532722592353821,,,
1018.0,1019.0,True,presidenta,closeup,0.7391179800033569,0.40522560477256775,0.3207356333732605,0.05733158066868782,0.012853899039328098,0.08604036271572113,0.016207298263907433,0.025434622541069984,0.11194543540477753,0.3694511353969574,,,
1019.0,1020.0,True,presidenta,closeup,0.44235801696777344,0.5992527008056641,0.2330319881439209,0.01936642825603485,0.017551742494106293,0.14255668222904205,0.03282010182738304,0.027924461290240288,0.15992549061775208,0.3668230473995209,,,
1020.0,1021.0,True,presidenta,closeup,0.5039490461349487,0.2546779215335846,0.33425313234329224,0.020234208554029465,0.0234109815210104,0.07547030597925186,0.02563142403960228,0.03077595867216587,0.13332898914813995,0.3568950295448303,,,
1021.0,1022.0,True,presidenta,closeup,0.4237760901451111,0.34133994579315186,0.31537267565727234,0.01627146452665329,0.026695672422647476,0.06258255243301392,0.027189234271645546,0.03426318243145943,0.12179240584373474,0.39583274722099304,,,
1022.0,1023.0,True,presidenta,closeup,0.2548215389251709,0.12657767534255981,0.27982449531555176,0.011034906841814518,0.0707605630159378,0.05787494033575058,0.029354147613048553,0.02406221441924572,0.12296231836080551,0.4041264057159424,,,
1023.0,1024.0,True,presidenta,closeup,0.4349876940250397,-0.08596086502075195,0.2760370671749115,0.010843825526535511,0.03972119837999344,0.05379867181181908,0.018187252804636955,0.02715630829334259,0.14166739583015442,0.43258824944496155,,,
1024.0,1025.0,True,presidenta,closeup,0.419354110956192,0.003227710723876953,0.3131123483181,0.010752512142062187,0.025318602100014687,0.04779947176575661,0.020460179075598717,0.034570127725601196,0.12063892930746078,0.4273478388786316,,,
1025.0,1026.0,True,presidenta,closeup,0.5506263971328735,0.32666972279548645,0.30148473381996155,0.03978760167956352,0.017620675265789032,0.09034533053636551,0.025377865880727768,0.04614313319325447,0.10461504012346268,0.37462565302848816,,,
1026.0,1027.0,True,presidenta,closeup,0.38400742411613464,0.5903043746948242,0.2449987828731537,0.015811333432793617,0.01821918971836567,0.11176691204309464,0.031198251992464066,0.04148707538843155,0.17661602795124054,0.35990241169929504,,,
1027.0,1028.0,True,presidenta,closeup,0.526289701461792,0.3130199909210205,0.3368169963359833,0.026961248368024826,0.01699194870889187,0.0573611781001091,0.016219336539506912,0.026329807937145233,0.10736139118671417,0.41195806860923767,,,
1028.0,1029.0,True,presidenta,closeup,0.12307354807853699,0.5104085206985474,0.29293274879455566,0.0098293861374259,0.008679211139678955,0.0698651373386383,0.014761336147785187,0.030023571103811264,0.11151988059282303,0.4623887240886688,,,
1029.0,1030.0,True,presidenta,closeup,0.48370805382728577,0.6901710033416748,0.18029341101646423,0.028061941266059875,0.008212526328861713,0.12917335331439972,0.020108003169298172,0.037426020950078964,0.16757723689079285,0.42914751172065735,,,
1030.0,1031.0,True,presidenta,closeup,0.5606642961502075,0.5525052547454834,0.31565412878990173,0.022433383390307426,0.014443397521972656,0.0878283679485321,0.021459361538290977,0.027997268363833427,0.13382472097873688,0.3763594627380371,,,
1031.0,1032.0,True,presidenta,closeup,0.31246477365493774,0.3519437313079834,0.33242684602737427,0.008181829936802387,0.018762657418847084,0.052200790494680405,0.017127109691500664,0.025848735123872757,0.11387282609939575,0.4315791726112366,,,
1032.0,1033.0,True,presidenta,closeup,0.5067561268806458,0.25386130809783936,0.35191208124160767,0.015962691977620125,0.018916279077529907,0.05969212204217911,0.016116926446557045,0.0380796454846859,0.1270381212234497,0.37228214740753174,,,
1033.0,1034.0,True,presidenta,closeup,0.7908254265785217,0.23008045554161072,0.3931368291378021,0.06868210434913635,0.016889121383428574,0.06501971930265427,0.012888670898973942,0.02214604616165161,0.09664756059646606,0.32458993792533875,,,
1034.0,1035.0,True,presidenta,closeup,0.5987519025802612,0.3260132074356079,0.2861156463623047,0.0643024891614914,0.02085842564702034,0.07884743064641953,0.020040957257151604,0.03357657790184021,0.11783600598573685,0.3784225583076477,,,
1035.0,1036.0,True,presidenta,closeup,0.5944945812225342,0.22515875101089478,0.35876956582069397,0.02625528909265995,0.01684885285794735,0.06213018298149109,0.013526925817131996,0.027052320539951324,0.11236809939146042,0.38304880261421204,,,
1036.0,1037.0,True,presidenta,closeup,0.016208648681640625,0.5754441022872925,0.19710329174995422,0.008943958207964897,0.017342492938041687,0.12541809678077698,0.03211390599608421,0.0641043558716774,0.17638055980205536,0.3785933554172516,,,
1037.0,1038.0,True,presidenta,closeup,0.33208343386650085,0.7451175451278687,0.19613251090049744,0.015515794046223164,0.01319852750748396,0.12925666570663452,0.033583156764507294,0.04472464323043823,0.1691104769706726,0.3984781801700592,,,
1038.0,1039.0,True,presidenta,closeup,0.15247133374214172,0.40814268589019775,0.2725406289100647,0.01047804206609726,0.023908909410238266,0.07759766280651093,0.026872869580984116,0.032035816460847855,0.1423642486333847,0.41420185565948486,,,
1039.0,1040.0,True,presidenta,closeup,0.3882790207862854,0.17238643765449524,0.3690647482872009,0.009817239828407764,0.021488403901457787,0.04037050902843475,0.012681839987635612,0.02714758738875389,0.10064297169446945,0.4187866449356079,,,
1040.0,1041.0,True,presidenta,closeup,0.33254918456077576,0.34041035175323486,0.2015751749277115,0.019477125257253647,0.02209310233592987,0.06981266289949417,0.020759083330631256,0.06384263187646866,0.15788762271404266,0.44455260038375854,,,
1041.0,1042.0,True,presidenta,closeup,0.1928502321243286,0.5177700519561768,0.2290729284286499,0.008059347048401833,0.0156226372346282,0.073954738676548,0.025002384558320045,0.038761600852012634,0.1429087519645691,0.466617614030838,,,
1042.0,1043.0,True,presidenta,closeup,0.29779550433158875,0.3815588653087616,0.2345554679632187,0.009152320213615894,0.02061380445957184,0.06648793816566467,0.02307598665356636,0.040154505521059036,0.1326344907283783,0.4733255207538605,,,
1043.0,1044.0,True,presidenta,closeup,0.34651345014572144,0.20969197154045105,0.2607653737068176,0.024012820795178413,0.019831521436572075,0.09725373238325119,0.02297796495258808,0.034041933715343475,0.10693790763616562,0.4341787099838257,,,
1044.0,1045.0,True,presidenta,closeup,0.5208500623703003,0.31626108288764954,0.30061566829681396,0.026767656207084656,0.01389605738222599,0.06838444620370865,0.013939698226749897,0.03096122294664383,0.10998910665512085,0.43544620275497437,,,
1045.0,1046.0,True,presidenta,closeup,0.026993900537490845,0.7980682849884033,0.13541541993618011,0.009756057523190975,0.011306275613605976,0.14763393998146057,0.043684735894203186,0.05528656765818596,0.1971072256565094,0.3998097777366638,,,
1046.0,1047.0,True,presidenta,closeup,0.7088243961334229,0.043386369943618774,0.41111013293266296,0.03280210494995117,0.02820509672164917,0.04846986010670662,0.017071206122636795,0.01216980628669262,0.07845254242420197,0.37171927094459534,,,
1047.0,1048.0,True,presidenta,closeup,-0.09502005577087402,0.2747856080532074,0.25736096501350403,0.00485161691904068,0.024634620174765587,0.04729023575782776,0.021940166130661964,0.03951488807797432,0.13211295008659363,0.4722946286201477,,,
1048.0,1049.0,True,presidenta,closeup,0.07777166366577148,0.5780659317970276,0.20219577848911285,0.007276039104908705,0.014752398245036602,0.09322375804185867,0.02123328484594822,0.0382118783891201,0.16143637895584106,0.46167048811912537,,,
1049.0,1050.0,True,presidenta,closeup,-0.18224820494651794,0.6920140981674194,0.16790489852428436,0.0076485914178192616,0.012714707292616367,0.12769939005374908,0.031613539904356,0.059075724333524704,0.22398775815963745,0.36935538053512573,,,
1050.0,1051.0,True,presidenta,closeup,0.24999308586120605,0.11207270622253418,0.3695985674858093,0.010472143068909645,0.021839935332536697,0.03257256746292114,0.014301011338829994,0.02760959602892399,0.10115774720907211,0.42244836688041687,,,
1051.0,1052.0,True,presidenta,closeup,0.4296492636203766,0.25165748596191406,0.4086194634437561,0.015825675800442696,0.011369938962161541,0.04107709228992462,0.009960798546671867,0.022260485216975212,0.11639869213104248,0.37448781728744507,,,
1052.0,1053.0,True,presidenta,closeup,0.07410693168640137,0.43759864568710327,0.383831262588501,0.008849854581058025,0.01627618633210659,0.07406041771173477,0.019788525998592377,0.029843645170331,0.13902705907821655,0.32832300662994385,,,
1053.0,1054.0,True,presidenta,closeup,0.6444607377052307,0.4327450096607208,0.33192676305770874,0.022044355049729347,0.015409677289426327,0.08843917399644852,0.021808382123708725,0.020966004580259323,0.11389575898647308,0.3855098783969879,,,
1054.0,1055.0,True,presidenta,closeup,0.32467934489250183,0.38654446601867676,0.3852311968803406,0.007951886393129826,0.013062695041298866,0.043358247727155685,0.010552480816841125,0.022307846695184708,0.07296783477067947,0.44456785917282104,,,
1055.0,1056.0,True,presidenta,closeup,0.637086808681488,0.37396135926246643,0.41475987434387207,0.029901407659053802,0.016435373574495316,0.0560004822909832,0.020701969042420387,0.02364972047507763,0.0699540227651596,0.36859720945358276,,,
1056.0,1057.0,True,presidenta,closeup,0.7007210850715637,0.4846077263355255,0.3181547522544861,0.060730449855327606,0.011365813203155994,0.06905578821897507,0.012123007327318192,0.01976606622338295,0.14358927309513092,0.36521488428115845,,,
1057.0,1058.0,True,presidenta,closeup,0.8764895796775818,0.45450475811958313,0.2809581756591797,0.19823400676250458,0.01291896216571331,0.111554816365242,0.01610061526298523,0.021948853507637978,0.0808643102645874,0.2774202525615692,,,
1058.0,1059.0,True,presidenta,closeup,0.6358351707458496,0.16786473989486694,0.3735276162624359,0.016355503350496292,0.014865136705338955,0.032656118273735046,0.008278809487819672,0.027202339842915535,0.0853201299905777,0.4417943060398102,,,
1059.0,1060.0,True,presidenta,closeup,0.25893986225128174,0.4851180911064148,0.3883756399154663,0.011241589672863483,0.013575091026723385,0.04091762751340866,0.01194103341549635,0.027634456753730774,0.08964478969573975,0.4166697859764099,,,
1060.0,1061.0,True,presidenta,closeup,0.16405656933784485,0.5644288659095764,0.23758718371391296,0.006774031091481447,0.0134236179292202,0.08473702520132065,0.02145109511911869,0.04939580336213112,0.13939882814884186,0.44723233580589294,,,
1061.0,1062.0,True,presidenta,closeup,0.5701310634613037,0.15667083859443665,0.40055206418037415,0.02124723605811596,0.015494465827941895,0.055133428424596786,0.014582623727619648,0.02089870721101761,0.07678396999835968,0.3953074812889099,,,
1062.0,1063.0,True,presidenta,closeup,0.19187259674072266,0.46537908911705017,0.2338060587644577,0.013368506915867329,0.021049056202173233,0.08884642273187637,0.03323567286133766,0.04298301041126251,0.13904209434986115,0.4276691973209381,,,
1063.0,1064.0,True,presidenta,closeup,0.5176040530204773,0.2881917953491211,0.38489702343940735,0.0164241511374712,0.016380220651626587,0.05833930894732475,0.017941491678357124,0.02536976896226406,0.09026536345481873,0.39038264751434326,,,
1064.0,1065.0,True,presidenta,closeup,0.4537063539028168,0.3889065384864807,0.2972450256347656,0.01641167141497135,0.013869565911591053,0.058241475373506546,0.018842490389943123,0.049259018152952194,0.114358089864254,0.43177270889282227,,,
1065.0,1066.0,True,presidenta,closeup,0.44898056983947754,0.3614731431007385,0.32477280497550964,0.020598718896508217,0.012689728289842606,0.04615427926182747,0.012846812605857849,0.0408618301153183,0.10067076981067657,0.4414050579071045,,,
1066.0,1067.0,True,presidenta,closeup,0.31534549593925476,0.5620483160018921,0.23292392492294312,0.011016554199159145,0.012178733013570309,0.08650901913642883,0.02073863334953785,0.03570115566253662,0.1383223831653595,0.46260958909988403,,,
1067.0,1068.0,True,presidenta,closeup,0.5234121680259705,0.5506104230880737,0.28160560131073,0.02406003698706627,0.012981804087758064,0.06893280148506165,0.015436900779604912,0.031158560886979103,0.11651796102523804,0.44930630922317505,,,
1068.0,1069.0,True,presidenta,closeup,0.6346255540847778,0.22548803687095642,0.44662219285964966,0.024450130760669708,0.018338682129979134,0.04372727498412132,0.011129004880785942,0.019581586122512817,0.08231377601623535,0.3538373112678528,,,
1069.0,1070.0,True,presidenta,closeup,0.4883419871330261,0.18493255972862244,0.399855375289917,0.019669895991683006,0.019092794507741928,0.041972771286964417,0.010921058245003223,0.02557598054409027,0.09493520855903625,0.38797691464424133,,,
1070.0,1071.0,True,presidenta,closeup,0.32554903626441956,0.270842581987381,0.31929701566696167,0.008456450887024403,0.01392569299787283,0.04456748813390732,0.011601701378822327,0.03357566148042679,0.10891678184270859,0.459659218788147,,,
1071.0,1072.0,True,presidenta,closeup,0.44977596402168274,0.07489931583404541,0.3800268769264221,0.009682712145149708,0.017743997275829315,0.03295033797621727,0.009980903007090092,0.018530039116740227,0.08036361634731293,0.45072147250175476,,,
1072.0,1073.0,True,presidenta,closeup,0.20335620641708374,0.24565449357032776,0.40746843814849854,0.007543652784079313,0.018465064465999603,0.061151374131441116,0.020034676417708397,0.022588731721043587,0.13038945198059082,0.3323586583137512,,,
1073.0,1074.0,True,presidenta,closeup,-0.1548129916191101,0.7928710579872131,0.15327082574367523,0.0040406733751297,0.009569898247718811,0.2087441384792328,0.04491296783089638,0.04240882024168968,0.21317309141159058,0.32387953996658325,,,
1074.0,1075.0,True,presidenta,closeup,-0.15990689396858215,0.8203409314155579,0.09208560734987259,0.005847770720720291,0.0072576734237372875,0.18922005593776703,0.04428839311003685,0.11615096032619476,0.20298779010772705,0.34216171503067017,,,
1075.0,1076.0,True,presidenta,closeup,0.5240751504898071,0.3418109118938446,0.311471164226532,0.012490104883909225,0.01984056457877159,0.06973317265510559,0.019473372027277946,0.027321161702275276,0.104986272752285,0.43468421697616577,,,
1076.0,1077.0,True,presidenta,closeup,0.6662167310714722,0.07770243287086487,0.21659620106220245,0.019646184518933296,0.02410464733839035,0.09661602973937988,0.01850326918065548,0.038397420197725296,0.15533971786499023,0.4307965338230133,,,
1077.0,1078.0,False,,wide,,,,,,,,,,,,,
1078.0,1079.0,False,,wide,,,,,,,,,,,,,
1079.0,1080.0,False,,wide,,,,,,,,,,,,,
1080.0,1081.0,True,otro,closeup,-0.30149728059768677,0.8218281865119934,0.2718283236026764,0.006021216977387667,0.008386249653995037,0.03164326772093773,0.011836686171591282,0.07160297781229019,0.20621727406978607,0.3924640417098999,,,
1081.0,1082.0,True,otro,closeup,0.2177041471004486,0.8634137511253357,0.2345408797264099,0.06511186063289642,0.006875345949083567,0.03483244404196739,0.014116956852376461,0.05639132857322693,0.20415838062763214,0.38397282361984253,,,
1082.0,1083.0,True,otro,closeup,0.22867456078529358,0.7783507704734802,0.22679343819618225,0.07421683520078659,0.008171575143933296,0.03486097604036331,0.011354233138263226,0.060951024293899536,0.20013229548931122,0.38351961970329285,,,
1083.0,1084.0,True,otro,closeup,0.3563552498817444,0.7683315873146057,0.2562074065208435,0.05827448144555092,0.009826350957155228,0.040575530380010605,0.01316862553358078,0.05180360749363899,0.19623823463916779,0.3739057183265686,,,
1084.0,1085.0,True,otro,closeup,0.3429661989212036,0.8226355910301208,0.2334751933813095,0.06553823500871658,0.008685825392603874,0.04460294917225838,0.012988624162971973,0.055253271013498306,0.2105514407157898,0.3689044415950775,,,
1085.0,1086.0,True,otro,closeup,0.004766196012496948,0.769343912601471,0.22633349895477295,0.029819248244166374,0.009854739531874657,0.035533592104911804,0.01265627145767212,0.043252088129520416,0.2613179087638855,0.38123270869255066,,,
1086.0,1087.0,True,otro,closeup,0.14204072952270508,0.6726094484329224,0.041873205453157425,0.007572369184345007,0.017013516277074814,0.28022846579551697,0.023043114691972733,0.13625892996788025,0.2900042235851288,0.2040061205625534,,,
1087.0,1088.0,True,otro,closeup,0.09424552321434021,0.10226988792419434,0.10979476571083069,0.006279297173023224,0.02975018322467804,0.15082189440727234,0.018068300560116768,0.12395615130662918,0.260582834482193,0.3007465898990631,,,
1088.0,1089.0,True,otro,closeup,0.6205664873123169,0.8179559707641602,0.06098085269331932,0.031197547912597656,0.0071134669706225395,0.31419679522514343,0.01955154724419117,0.13140185177326202,0.16605441272258759,0.2695035934448242,,,
1089.0,1090.0,True,otro,closeup,0.3840646743774414,0.762628972530365,0.057198576629161835,0.01374268252402544,0.008926141075789928,0.3299942910671234,0.019118931144475937,0.13717928528785706,0.1891000121831894,0.24474003911018372,,,
1090.0,1091.0,True,otro,closeup,0.1612626016139984,0.8771498203277588,0.0507543571293354,0.008250204846262932,0.006156606134027243,0.28669473528862,0.023068800568580627,0.18670988082885742,0.19030962884426117,0.24805577099323273,,,
1091.0,1092.0,True,otro,closeup,0.4243283271789551,0.9271653890609741,0.04258362576365471,0.012790998443961143,0.003820830024778843,0.4664387106895447,0.026029707863926888,0.10926356911659241,0.1577056348323822,0.1813669353723526,,,
1092.0,1093.0,True,otro,closeup,0.4807889461517334,0.8501351475715637,0.048744507133960724,0.015395189635455608,0.005371612496674061,0.3320986330509186,0.023080874234437943,0.16139116883277893,0.17819911241531372,0.23571889102458954,,,
1093.0,1094.0,True,otro,closeup,0.31187155842781067,0.4152522683143616,0.07899324595928192,0.012329136952757835,0.013647589832544327,0.23423311114311218,0.020397644490003586,0.10707178711891174,0.2512800097465515,0.28204748034477234,,,
1094.0,1095.0,True,otro,closeup,0.19220831990242004,0.8665493726730347,0.047284677624702454,0.006110738031566143,0.004517164081335068,0.36769989132881165,0.0262297410517931,0.10207954049110413,0.2113616168498993,0.23471671342849731,,,
1095.0,1096.0,True,otro,closeup,0.20486542582511902,0.9292417168617249,0.0432707779109478,0.014169422909617424,0.0033269706182181835,0.45102089643478394,0.03888809308409691,0.09626583009958267,0.1790749877691269,0.17398299276828766,,,
1096.0,1097.0,True,otro,closeup,-0.5043671131134033,0.9408118724822998,0.01732344552874565,0.00253244093619287,0.002992647932842374,0.29757943749427795,0.029773371294140816,0.1795482039451599,0.34222614765167236,0.12802430987358093,,,
1097.0,1098.0,True,otro,closeup,-0.1404925286769867,0.7707474827766418,0.035286467522382736,0.003973518963903189,0.011992479674518108,0.2349199801683426,0.021923817694187164,0.14085876941680908,0.3326883912086487,0.21835659444332123,,,
1098.0,1099.0,True,otro,closeup,-0.10374376177787781,0.7887203097343445,0.0369923934340477,0.0038784812204539776,0.007774066645652056,0.20876508951187134,0.019004996865987778,0.260526567697525,0.24530495703220367,0.21775345504283905,,,
1099.0,1100.0,True,otro,closeup,0.20173674821853638,0.8159566521644592,0.043695446103811264,0.00687044020742178,0.007871149107813835,0.3199650049209595,0.022863924503326416,0.2139960378408432,0.18803636729717255,0.19670161604881287,,,
1100.0,1101.0,True,otro,closeup,-0.040005773305892944,0.8590172529220581,0.02812778390944004,0.0058921766467392445,0.004371225833892822,0.4291415214538574,0.022013625130057335,0.1048438549041748,0.24600575864315033,0.159604012966156,,,
1101.0,1102.0,True,otro,closeup,0.122100830078125,0.4373249411582947,0.09661910682916641,0.007689677178859711,0.014955556951463223,0.24484191834926605,0.02525937929749489,0.08619549125432968,0.23497682809829712,0.28946200013160706,,,
1102.0,1103.0,True,otro,closeup,0.33595529198646545,0.9565273523330688,0.02289648912847042,0.011694281361997128,0.0022738799452781677,0.4673331677913666,0.029166458174586296,0.1166805848479271,0.19758854806423187,0.15236656367778778,,,
1103.0,1104.0,True,otro,closeup,-0.015426158905029297,0.8552467823028564,0.037381257861852646,0.00617119949311018,0.004521973896771669,0.3414425253868103,0.01771729253232479,0.13772815465927124,0.27215734124183655,0.18288017809391022,,,
1104.0,1105.0,True,otro,closeup,0.3274754285812378,0.8169730305671692,0.053242478519678116,0.008931593969464302,0.006768553983420134,0.3498213291168213,0.02349981665611267,0.15459656715393066,0.18839581310749054,0.21474377810955048,,,
1105.0,1106.0,True,otro,closeup,0.4809947907924652,0.7317647337913513,0.09802597761154175,0.01250256784260273,0.011245792731642723,0.3128255605697632,0.021000593900680542,0.10768572986125946,0.17139539122581482,0.265318363904953,,,
1106.0,1107.0,True,otro,closeup,0.6582638621330261,0.7852281928062439,0.07156597077846527,0.02046487294137478,0.008499317802488804,0.36152392625808716,0.01984863169491291,0.11228267848491669,0.17054353654384613,0.23527109622955322,,,
1107.0,1108.0,True,otro,closeup,0.038630515336990356,0.7637638449668884,0.045385852456092834,0.007370670326054096,0.007859337143599987,0.28561195731163025,0.02668938785791397,0.17506015300750732,0.2278750091791153,0.2241477221250534,,,
1108.0,1109.0,True,otro,closeup,0.5331805944442749,0.08825814723968506,0.11805924028158188,0.01868961751461029,0.02722286619246006,0.1973285973072052,0.01633545756340027,0.10684940218925476,0.18322083353996277,0.33229395747184753,,,
1109.0,1110.0,True,otro,closeup,0.3738323450088501,0.8233534097671509,0.056926123797893524,0.009936165995895863,0.004778334870934486,0.3509925305843353,0.020653562620282173,0.10356779396533966,0.19064925611019135,0.2624962031841278,,,
1110.0,1111.0,True,otro,closeup,0.8187892436981201,0.8070945739746094,0.043717898428440094,0.16180197894573212,0.00521038006991148,0.3237417936325073,0.020125992596149445,0.051890622824430466,0.17536433041095734,0.21814705431461334,,,
1111.0,1112.0,True,otro,closeup,0.7973712086677551,0.7675600051879883,0.0664454847574234,0.03162297606468201,0.0034129468258470297,0.5020277500152588,0.020827649161219597,0.057960398495197296,0.1471095234155655,0.17059332132339478,,,
1112.0,1113.0,True,otro,closeup,0.24536997079849243,0.6879828572273254,0.0671616792678833,0.007838600315153599,0.008907007984817028,0.29165446758270264,0.021289002150297165,0.09995277971029282,0.25841814279556274,0.24477830529212952,,,
1113.0,1114.0,True,otro,closeup,0.504930853843689,0.5947532057762146,0.08592641353607178,0.00926599558442831,0.014830958098173141,0.27242574095726013,0.024018410593271255,0.10834053158760071,0.19667606055736542,0.2885158956050873,,,
1114.0,1115.0,True,otro,closeup,0.2402631640434265,0.9332547187805176,0.016352981328964233,0.005725128576159477,0.0035202668514102697,0.5712083578109741,0.02322445996105671,0.10309344530105591,0.1968439221382141,0.08003143966197968,,,
1115.0,1116.0,True,otro,closeup,0.3162364959716797,0.8579956293106079,0.042378831654787064,0.006814120803028345,0.006048421375453472,0.3694854974746704,0.014939053915441036,0.10161714255809784,0.25951987504959106,0.19919706881046295,,,
1116.0,1117.0,True,otro,closeup,0.4258207082748413,0.8305096626281738,0.050186678767204285,0.007070476654917002,0.00566869368776679,0.5102279782295227,0.018125206232070923,0.0816943421959877,0.16903908550739288,0.1579875648021698,,,
1117.0,1118.0,True,otro,closeup,0.4209233522415161,0.773786187171936,0.06875533610582352,0.010899236425757408,0.00906351301819086,0.27799558639526367,0.021775564178824425,0.1244998350739479,0.23801729083061218,0.24899360537528992,,,
1118.0,1119.0,True,otro,closeup,0.29070115089416504,0.939924418926239,0.027510199695825577,0.011171892285346985,0.003118610242381692,0.4285661578178406,0.02520158886909485,0.12818221747875214,0.20880809426307678,0.1674412190914154,,,
1119.0,1120.0,True,otro,closeup,0.17337363958358765,0.9178822636604309,0.025173531845211983,0.008911221288144588,0.0024322483222931623,0.4359802007675171,0.02656107395887375,0.0822477787733078,0.2668881118297577,0.1518058180809021,,,
1120.0,1121.0,True,otro,closeup,0.6291351318359375,0.92851322889328,0.031147588044404984,0.028756193816661835,0.00267735100351274,0.5322802066802979,0.022671084851026535,0.08059399574995041,0.1701706200838089,0.1317029744386673,,,
1121.0,1122.0,True,otro,closeup,0.42169424891471863,0.8497812151908875,0.05034734681248665,0.00938415341079235,0.005448660813271999,0.31811705231666565,0.01980668306350708,0.14553463459014893,0.23436331748962402,0.2169981300830841,,,
1122.0,1123.0,True,otro,closeup,0.3919370472431183,0.9131633043289185,0.03294064849615097,0.014711709693074226,0.003608802566304803,0.4705926775932312,0.02932988852262497,0.11988198757171631,0.16344474256038666,0.1654895395040512,,,
1123.0,1124.0,True,otro,closeup,0.8096799850463867,0.8632707595825195,0.03743896260857582,0.05642956122756004,0.003374285064637661,0.42553266882896423,0.014977321028709412,0.0862881988286972,0.17164672911167145,0.2043122798204422,,,
1124.0,1125.0,True,otro,closeup,-0.027342915534973145,0.2024059295654297,0.09239665418863297,0.012667139060795307,0.01803959719836712,0.16835637390613556,0.03569301962852478,0.13994601368904114,0.27531614899635315,0.2575850188732147,,,
1125.0,1126.0,True,presidenta,closeup,0.5163595676422119,-0.17966485023498535,0.2878400683403015,0.014812271110713482,0.03915780037641525,0.0933888778090477,0.023926859721541405,0.02403894066810608,0.18873700499534607,0.32809823751449585,,,
1126.0,1127.0,True,presidenta,closeup,0.7682688236236572,0.19607651233673096,0.23757502436637878,0.045789219439029694,0.015568504109978676,0.10506149381399155,0.01660262793302536,0.042913828045129776,0.14319156110286713,0.39329779148101807,,,
1127.0,1128.0,True,presidenta,closeup,0.8023510575294495,0.38227608799934387,0.19040215015411377,0.0822763666510582,0.014598457142710686,0.10526865720748901,0.01675465516746044,0.03572141379117966,0.1527853161096573,0.40219300985336304,,,
1128.0,1129.0,True,presidenta,closeup,0.8573333024978638,0.3996654450893402,0.1430116891860962,0.09152813255786896,0.01822073385119438,0.16485373675823212,0.029020041227340698,0.03987646475434303,0.1404334306716919,0.3730558156967163,,,
1129.0,1130.0,True,presidenta,closeup,0.6020219326019287,0.6831285357475281,0.16440823674201965,0.02325432188808918,0.012193123809993267,0.13089005649089813,0.028643885627388954,0.03785676136612892,0.14079873263835907,0.46195483207702637,,,
1130.0,1131.0,True,presidenta,closeup,0.6806825995445251,0.42047518491744995,0.23755589127540588,0.042922377586364746,0.012539061717689037,0.129043310880661,0.02751944586634636,0.031208502128720284,0.1076510027050972,0.41156038641929626,,,
1131.0,1132.0,True,presidenta,closeup,0.7617208361625671,0.4519345760345459,0.25284329056739807,0.08538373559713364,0.012509401887655258,0.08282386511564255,0.02308293618261814,0.043154120445251465,0.1253058910369873,0.3748967945575714,,,
1132.0,1133.0,True,presidenta,closeup,0.5220263600349426,0.7424286603927612,0.178645521402359,0.02948886528611183,0.013725582510232925,0.08715733885765076,0.025693926960229874,0.05660461634397507,0.14372871816158295,0.46495550870895386,,,
1133.0,1134.0,True,presidenta,closeup,0.8616477251052856,0.5119132995605469,0.25518766045570374,0.08544997870922089,0.013776683248579502,0.07539369910955429,0.017199773341417313,0.03090635873377323,0.0738818570971489,0.4482039213180542,,,
1134.0,1135.0,True,presidenta,closeup,0.867007851600647,0.5069462656974792,0.21365119516849518,0.1331929862499237,0.009006725624203682,0.08707306534051895,0.018078917637467384,0.027111563831567764,0.07754828780889511,0.4343372583389282,,,
1135.0,1136.0,True,presidenta,closeup,0.7445686459541321,0.5329203605651855,0.2092609405517578,0.045362453907728195,0.008013036102056503,0.07013318687677383,0.01186959259212017,0.03126934915781021,0.08608313649892807,0.5380083322525024,,,
1136.0,1137.0,True,presidenta,closeup,0.8783860206604004,0.2704055607318878,0.2636338174343109,0.06640837341547012,0.01474532950669527,0.09069476276636124,0.017211195081472397,0.03236106038093567,0.08525978773832321,0.42968571186065674,,,
1137.0,1138.0,True,presidenta,closeup,0.791101336479187,0.4312952756881714,0.2667880058288574,0.04965129494667053,0.011895452626049519,0.047869663685560226,0.017112242057919502,0.03841539844870567,0.08977938443422318,0.478488564491272,,,
1138.0,1139.0,True,presidenta,closeup,0.9337146282196045,-0.12320828437805176,0.22612407803535461,0.23286056518554688,0.019175643101334572,0.09170667082071304,0.015354462899267673,0.01662406139075756,0.09930045902729034,0.2988540828227997,,,
1139.0,1140.0,True,presidenta,closeup,0.7980408668518066,0.2357533872127533,0.235103577375412,0.03978445753455162,0.01690550148487091,0.09883180260658264,0.02265949733555317,0.0330156609416008,0.1051597148180008,0.4485398232936859,,,
1140.0,1141.0,True,presidenta,closeup,0.45360445976257324,0.2584153115749359,0.15967661142349243,0.01196446642279625,0.024586627259850502,0.11960142105817795,0.02477504126727581,0.03483420982956886,0.17398817837238312,0.45057350397109985,,,
1141.0,1142.0,True,presidenta,closeup,0.7454851269721985,-0.007487446069717407,0.2512909471988678,0.03667723387479782,0.02474653162062168,0.10376156866550446,0.0195712111890316,0.02339906617999077,0.1206161305308342,0.4199373126029968,,,
1142.0,1143.0,True,presidenta,closeup,0.855252206325531,0.4051066040992737,0.16979342699050903,0.2020316869020462,0.0117605896666646,0.1418766975402832,0.018260709941387177,0.029166204854846,0.13974227011203766,0.28736844658851624,,,
1143.0,1144.0,True,presidenta,closeup,0.7250131368637085,0.14146465063095093,0.28338518738746643,0.02280200645327568,0.02556106075644493,0.0790841355919838,0.020905017852783203,0.026945244520902634,0.12058435380458832,0.42073291540145874,,,
1144.0,1145.0,True,presidenta,closeup,0.8205491304397583,0.24741771817207336,0.18762089312076569,0.031123828142881393,0.0167301706969738,0.1410638839006424,0.016230229288339615,0.02716774307191372,0.09094054251909256,0.4891227185726166,,,
1145.0,1146.0,True,presidenta,closeup,0.774766206741333,0.49119916558265686,0.2910294532775879,0.06721555441617966,0.013988597318530083,0.06845949590206146,0.019252244383096695,0.026729639619588852,0.07309289276599884,0.4402320683002472,,,
1146.0,1147.0,True,presidenta,closeup,0.908486008644104,0.3285751938819885,0.2660449743270874,0.09526463598012924,0.011109892278909683,0.10318104177713394,0.020365040749311447,0.015485518611967564,0.06642208248376846,0.42212677001953125,,,
1147.0,1148.0,True,presidenta,closeup,0.6434270739555359,0.5688645243644714,0.24135856330394745,0.020291341468691826,0.013475785963237286,0.16149835288524628,0.028586873784661293,0.024750545620918274,0.14063748717308044,0.3694010078907013,,,
1148.0,1149.0,True,presidenta,closeup,0.5041979551315308,0.49102911353111267,0.26457199454307556,0.009686403907835484,0.013218358159065247,0.09644247591495514,0.02327359840273857,0.025171097368001938,0.10241047292947769,0.4652256667613983,,,
1149.0,1150.0,True,presidenta,closeup,0.7565435171127319,0.4830092191696167,0.18320885300636292,0.026280608028173447,0.014899193309247494,0.14053769409656525,0.026602689176797867,0.046911172568798065,0.11399899423122406,0.4475608170032501,,,
1150.0,1151.0,True,presidenta,closeup,0.6625959873199463,0.4178127646446228,0.3175767660140991,0.016851026564836502,0.014031371101737022,0.06846840679645538,0.0181698277592659,0.026569701731204987,0.08550804853439331,0.4528248906135559,,,
1151.0,1152.0,True,presidenta,closeup,0.7604321837425232,0.2943068742752075,0.3361484408378601,0.03031354397535324,0.023770218715071678,0.0753963515162468,0.02330910414457321,0.028954805806279182,0.0892474427819252,0.39286017417907715,,,
1152.0,1153.0,True,presidenta,closeup,0.8140499591827393,0.2654576301574707,0.3270152807235718,0.052822861820459366,0.016587546095252037,0.09395764023065567,0.015359913930296898,0.021289531141519547,0.13362812995910645,0.33933910727500916,,,
1153.0,1154.0,True,presidenta,closeup,0.6193622350692749,0.2623242735862732,0.320596307516098,0.020529503002762794,0.01734888181090355,0.08634338527917862,0.017779000103473663,0.0244151521474123,0.10017726570367813,0.41281041502952576,,,
1154.0,1155.0,True,presidenta,closeup,0.7364586591720581,0.41206464171409607,0.27912524342536926,0.041126273572444916,0.013910914771258831,0.09186253696680069,0.022354645654559135,0.02763357199728489,0.10307098925113678,0.420915812253952,,,
1155.0,1156.0,True,presidenta,closeup,0.7253143787384033,0.5044698119163513,0.22259803116321564,0.01875002309679985,0.013565628789365292,0.15066303312778473,0.022969184443354607,0.02553117647767067,0.1257905513048172,0.42013242840766907,,,
1156.0,1157.0,True,presidenta,closeup,0.3587968349456787,0.46270477771759033,0.26306018233299255,0.010905756615102291,0.0164702869951725,0.09313766658306122,0.02170359529554844,0.03660392016172409,0.13645587861537933,0.42166268825531006,,,
1157.0,1158.0,True,presidenta,closeup,0.48147186636924744,-0.42811882495880127,0.2890428602695465,0.008131683804094791,0.058627329766750336,0.037674952298402786,0.016634196043014526,0.016253476962447166,0.18654677271842957,0.38708874583244324,,,
1158.0,1159.0,True,presidenta,closeup,0.6284290552139282,0.1803620159626007,0.25836268067359924,0.02140413224697113,0.030726581811904907,0.10641110688447952,0.0256054624915123,0.02328445203602314,0.19283820688724518,0.3413674235343933,,,
1159.0,1160.0,True,presidenta,closeup,0.7395259141921997,0.5165331959724426,0.2785116136074066,0.04104987904429436,0.015342364087700844,0.12755587697029114,0.029152505099773407,0.024142544716596603,0.11317066103219986,0.3710746169090271,,,
1160.0,1161.0,True,presidenta,closeup,0.29300421476364136,0.3478216230869293,0.2788774073123932,0.005757207982242107,0.026359939947724342,0.07663244009017944,0.028178486973047256,0.03509673476219177,0.13366998732089996,0.4154278337955475,,,
1161.0,1162.0,True,presidenta,closeup,0.6492454409599304,0.6590304374694824,0.22247111797332764,0.038612205535173416,0.012226345017552376,0.1101689487695694,0.02912687510251999,0.03865543752908707,0.12814122438430786,0.4205978512763977,,,
1162.0,1163.0,True,presidenta,closeup,0.31122317910194397,0.6781491637229919,0.14514154195785522,0.009067459031939507,0.008542637340724468,0.1379069685935974,0.021786663681268692,0.036933887749910355,0.15791942179203033,0.4827013909816742,,,
1163.0,1164.0,True,presidenta,closeup,0.9182685017585754,0.5358282327651978,0.20613811910152435,0.21811114251613617,0.010381603613495827,0.16567328572273254,0.024272505193948746,0.021053997799754143,0.09589608758687973,0.2584732472896576,,,
1164.0,1165.0,True,presidenta,closeup,0.799451470375061,0.15674751996994019,0.30824753642082214,0.01986858807504177,0.02216814085841179,0.07310336083173752,0.01751358062028885,0.025602305307984352,0.0874192863702774,0.4460771679878235,,,
1165.0,1166.0,True,presidenta,closeup,0.638546884059906,0.10256153345108032,0.31599923968315125,0.011565043590962887,0.02571563981473446,0.08749160170555115,0.02422354184091091,0.027750084176659584,0.0960458368062973,0.41120901703834534,,,
1166.0,1167.0,True,presidenta,closeup,0.6134308576583862,0.4589889347553253,0.2753917872905731,0.01870265230536461,0.014273599721491337,0.11505136638879776,0.027948442846536636,0.03491337597370148,0.11366608738899231,0.4000527262687683,,,
1167.0,1168.0,True,presidenta,closeup,0.8235394954681396,0.4715888798236847,0.2544443607330322,0.05303774029016495,0.01258771400898695,0.09971361607313156,0.021147778257727623,0.02463848516345024,0.08351080119609833,0.4509194493293762,,,
1168.0,1169.0,True,presidenta,closeup,0.7892013788223267,0.306719571352005,0.3171256184577942,0.03912406414747238,0.01576825976371765,0.07389719784259796,0.016299515962600708,0.0248713418841362,0.0939139649271965,0.4190000593662262,,,
1169.0,1170.0,True,presidenta,closeup,0.46665164828300476,0.0977257490158081,0.23958534002304077,0.009704259224236012,0.023404067382216454,0.0682947039604187,0.01900036446750164,0.04064208269119263,0.16235877573490143,0.4370104670524597,,,
1170.0,1171.0,True,presidenta,closeup,0.6477749347686768,0.609734296798706,0.14520221948623657,0.029264017939567566,0.010445195250213146,0.14545485377311707,0.022067081183195114,0.0426669605076313,0.14979656040668488,0.45510321855545044,,,
1171.0,1172.0,True,presidenta,closeup,0.6198735237121582,0.4504075348377228,0.2279946655035019,0.01606380194425583,0.0155373839661479,0.09352386742830276,0.020433753728866577,0.033872175961732864,0.0956234559416771,0.49695098400115967,,,
1172.0,1173.0,True,presidenta,closeup,0.6434426307678223,0.4318539500236511,0.2207040935754776,0.02813558652997017,0.017770402133464813,0.11523504555225372,0.031743329018354416,0.05060446634888649,0.121112160384655,0.4146948754787445,,,
1173.0,1174.0,True,presidenta,closeup,0.7587593197822571,0.326152503490448,0.2642260491847992,0.03429719805717468,0.015801381319761276,0.08375120908021927,0.019847489893436432,0.033921681344509125,0.10710502415895462,0.44104987382888794,,,
1174.0,1175.0,True,presidenta,closeup,0.566994845867157,-0.05524444580078125,0.35218480229377747,0.008838457055389881,0.03324887901544571,0.05019133538007736,0.020542992278933525,0.02171776443719864,0.10823465883731842,0.4050410985946655,,,
1175.0,1176.0,True,presidenta,closeup,0.8178821206092834,0.5067567825317383,0.172226682305336,0.05499262735247612,0.010124954394996166,0.1718868613243103,0.0313507542014122,0.03104294463992119,0.12917156517505646,0.3992036283016205,,,
1176.0,1177.0,True,presidenta,closeup,0.767211377620697,0.4668973684310913,0.24042531847953796,0.043660275638103485,0.018704449757933617,0.1349574774503708,0.03078259713947773,0.02812672033905983,0.10783389955759048,0.3955092132091522,,,
1177.0,1178.0,True,presidenta,closeup,0.6411545872688293,0.3520934581756592,0.32332050800323486,0.03201984986662865,0.01993553340435028,0.0752418041229248,0.02591538242995739,0.032202593982219696,0.09060228615999222,0.40076202154159546,,,
1178.0,1179.0,True,presidenta,closeup,0.8371973633766174,0.2220371663570404,0.2534787356853485,0.04923384636640549,0.01985040307044983,0.09119683504104614,0.026613878086209297,0.03802821412682533,0.10687991976737976,0.4147181212902069,,,
1179.0,1180.0,True,presidenta,closeup,0.8466548323631287,0.7018181085586548,0.17582868039608002,0.19320876896381378,0.006697143893688917,0.11361109465360641,0.01696404069662094,0.04622432962059975,0.10987023264169693,0.33759570121765137,,,
1180.0,1181.0,True,presidenta,closeup,0.7528272867202759,0.5348694324493408,0.22369034588336945,0.05924087390303612,0.010532302781939507,0.07182054221630096,0.014679472893476486,0.03816455975174904,0.10131150484085083,0.4805604815483093,,,
1181.0,1182.0,True,presidenta,closeup,0.8868615031242371,0.7187665700912476,0.11555308103561401,0.2568061649799347,0.004843245726078749,0.17842572927474976,0.022512909024953842,0.03793405741453171,0.09506509453058243,0.28885969519615173,,,
1182.0,1183.0,True,presidenta,closeup,0.8563764691352844,0.31450894474983215,0.17129382491111755,0.12494802474975586,0.01280592568218708,0.09209874272346497,0.013486320152878761,0.034596797078847885,0.1319592148065567,0.4188111424446106,,,
1183.0,1184.0,True,presidenta,closeup,0.6790506839752197,0.39435723423957825,0.2606622874736786,0.022688398137688637,0.016061151400208473,0.13306213915348053,0.024496672675013542,0.0329652763903141,0.10758095979690552,0.4024830460548401,,,
1184.0,1185.0,True,presidenta,closeup,0.8449960947036743,0.32303500175476074,0.2942819893360138,0.05000343546271324,0.026926372200250626,0.10802441835403442,0.02919190563261509,0.023352786898612976,0.09024220705032349,0.3779769241809845,,,
1185.0,1186.0,True,presidenta,closeup,0.40519747138023376,0.5387451648712158,0.21106545627117157,0.01625833846628666,0.01830972731113434,0.14688248932361603,0.03783475235104561,0.0438644103705883,0.16011330485343933,0.3656715750694275,,,
1186.0,1187.0,True,presidenta,closeup,0.6902236938476562,-0.09423208236694336,0.30423417687416077,0.03662535548210144,0.03311919420957565,0.08552943170070648,0.026605447754263878,0.019801417365670204,0.11586576700210571,0.3782191872596741,,,
1187.0,1188.0,True,presidenta,closeup,0.8889440298080444,0.46499645709991455,0.30328184366226196,0.08314234763383865,0.01656484045088291,0.09996391832828522,0.021102305501699448,0.024409351870417595,0.08573339879512787,0.36580193042755127,,,
1188.0,1189.0,True,presidenta,closeup,0.623997688293457,0.6142841577529907,0.16917788982391357,0.01731162518262863,0.009210792370140553,0.19996477663516998,0.028565624728798866,0.04335418716073036,0.1447669416666031,0.3876481354236603,,,
1189.0,1190.0,True,presidenta,closeup,0.641172468662262,0.27391955256462097,0.22304505109786987,0.012501899152994156,0.01709813065826893,0.11690732091665268,0.030765380710363388,0.03945956751704216,0.12249843031167984,0.43772420287132263,,,
1190.0,1191.0,True,presidenta,closeup,0.6666248440742493,0.40809494256973267,0.22152923047542572,0.014925810508430004,0.018631037324666977,0.10363256931304932,0.027744730934500694,0.039378851652145386,0.11273997277021408,0.4614177644252777,,,
1191.0,1192.0,True,presidenta,closeup,0.7691019177436829,0.5049402713775635,0.21986886858940125,0.04709145799279213,0.011814692988991737,0.1162412092089653,0.02269812487065792,0.028865132480859756,0.09490064531564713,0.45851996541023254,,,
1192.0,1193.0,True,presidenta,closeup,0.679128885269165,0.39207974076271057,0.29184362292289734,0.014271137304604053,0.0203161109238863,0.09898090362548828,0.023775700479745865,0.02397320419549942,0.08234700560569763,0.4444921910762787,,,
1193.0,1194.0,True,presidenta,closeup,0.5955830812454224,0.6938427686691284,0.23709148168563843,0.029240626841783524,0.014970000833272934,0.1003219336271286,0.03238335996866226,0.0318770594894886,0.11280886828899384,0.4413066804409027,,,
1194.0,1195.0,True,presidenta,closeup,0.6978609561920166,0.4012950658798218,0.3160950243473053,0.029375923797488213,0.017840737476944923,0.08263574540615082,0.024571740999817848,0.01977807842195034,0.0904470756649971,0.41925573348999023,,,
1195.0,1196.0,True,presidenta,closeup,0.7064069509506226,0.4046516418457031,0.2579178214073181,0.02003386616706848,0.016016963869333267,0.09204722940921783,0.02468925341963768,0.03202039748430252,0.11860593408346176,0.43866854906082153,,,
1196.0,1197.0,True,presidenta,closeup,0.205036461353302,0.46729663014411926,0.18170283734798431,0.006151237525045872,0.018312858417630196,0.09973201155662537,0.019912751391530037,0.04704054817557335,0.129774272441864,0.49737343192100525,,,
1197.0,1198.0,True,presidenta,closeup,0.28324779868125916,0.6406165957450867,0.15382051467895508,0.007046577986329794,0.012246144004166126,0.13914673030376434,0.0279094148427248,0.06846269220113754,0.14953385293483734,0.44183412194252014,,,
1198.0,1199.0,True,presidenta,closeup,0.15895980596542358,0.6362975239753723,0.20009326934814453,0.00901622325181961,0.02019388973712921,0.11550576239824295,0.02564149908721447,0.03646472468972206,0.15352222323417664,0.4395623505115509,,,
1199.0,1200.0,True,presidenta,closeup,0.7201381325721741,0.42719149589538574,0.28595998883247375,0.01706439070403576,0.018190179020166397,0.09376487135887146,0.02611817792057991,0.02104574255645275,0.09555887430906296,0.4422978162765503,,,
1200.0,1201.0,True,presidenta,closeup,0.34329384565353394,-0.2644765377044678,0.29224124550819397,0.008068973198533058,0.033557504415512085,0.06319845467805862,0.019716907292604446,0.037681423127651215,0.19360670447349548,0.3519287705421448,,,
1201.0,1202.0,True,presidenta,closeup,0.8179528713226318,0.32553961873054504,0.35528016090393066,0.06386037915945053,0.020152729004621506,0.0877823680639267,0.01951725035905838,0.02240973711013794,0.09570737928152084,0.33528995513916016,,,
1202.0,1203.0,True,presidenta,closeup,0.7969748377799988,0.14234638214111328,0.3561023771762848,0.035034701228141785,0.01766052469611168,0.07078953087329865,0.01503133773803711,0.024151133373379707,0.07609786093235016,0.4051324725151062,,,
1203.0,1204.0,True,presidenta,closeup,0.7405058741569519,0.31046178936958313,0.25640907883644104,0.031175382435321808,0.02395024336874485,0.10324661433696747,0.027829956263303757,0.029452795162796974,0.118503637611866,0.4094323515892029,,,
1204.0,1205.0,True,presidenta,closeup,0.8275392055511475,0.2533397376537323,0.20007342100143433,0.026678871363401413,0.019658640027046204,0.08710828423500061,0.021826379001140594,0.03334744647145271,0.10282120108604431,0.5084856748580933,,,
1205.0,1206.0,True,presidenta,closeup,0.5889772176742554,0.8643516302108765,0.07926825433969498,0.01491139642894268,0.009190806187689304,0.3553397059440613,0.05604789778590202,0.04287893325090408,0.21888232231140137,0.22348076105117798,,,
1206.0,1207.0,True,presidenta,closeup,0.8698228597640991,0.35750821232795715,0.19144798815250397,0.03813335672020912,0.013523626141250134,0.14729619026184082,0.027426443994045258,0.03726479783654213,0.0926518663764,0.4522556960582733,,,
1207.0,1208.0,True,presidenta,closeup,0.8848068714141846,0.5217494368553162,0.10756240785121918,0.11786811798810959,0.018419913947582245,0.14376896619796753,0.03127554804086685,0.06463156640529633,0.12694652378559113,0.38952699303627014,,,
1208.0,1209.0,True,presidenta,closeup,0.9103002548217773,-0.10684511065483093,0.2982044219970703,0.10832498222589493,0.023965589702129364,0.052245818078517914,0.014367545023560524,0.023104965686798096,0.0969606339931488,0.3828260898590088,,,
1209.0,1210.0,True,presidenta,closeup,0.5488687753677368,-0.08353129029273987,0.27588149905204773,0.0162936020642519,0.032626308500766754,0.0902225449681282,0.02591249905526638,0.03563818708062172,0.1513718217611313,0.3720535933971405,,,
1210.0,1211.0,True,presidenta,closeup,0.7524845004081726,0.5325802564620972,0.22130729258060455,0.027164246886968613,0.01724461279809475,0.14656038582324982,0.03630096837878227,0.03052549809217453,0.10186082869768143,0.4190360903739929,,,
1211.0,1212.0,True,presidenta,closeup,0.5695794820785522,0.16280770301818848,0.33537641167640686,0.009985456243157387,0.027216536924242973,0.057511892169713974,0.031444989144802094,0.034698400646448135,0.08747439831495285,0.41629189252853394,,,
1212.0,1213.0,True,presidenta,closeup,0.7550526857376099,0.47750988602638245,0.20329292118549347,0.029731931164860725,0.015221716836094856,0.10680792480707169,0.027938704937696457,0.047410111874341965,0.09878184646368027,0.47081485390663147,,,
1213.0,1214.0,True,presidenta,closeup,0.7453789710998535,0.3996145725250244,0.2513667941093445,0.0482635535299778,0.01627853512763977,0.09265213459730148,0.0289542768150568,0.03810261934995651,0.09489279985427856,0.42948928475379944,,,
1214.0,1215.0,True,presidenta,closeup,0.6677432060241699,0.3396967947483063,0.2655285894870758,0.022241679951548576,0.023615702986717224,0.08596134930849075,0.028625525534152985,0.03548474982380867,0.09529764950275421,0.4432447850704193,,,
1215.0,1216.0,True,presidenta,closeup,0.8159060478210449,0.4349077045917511,0.2827114164829254,0.0646372064948082,0.013861303217709064,0.06975656747817993,0.020008612424135208,0.03996514156460762,0.09227962791919708,0.4167800843715668,,,
1216.0,1217.0,True,presidenta,closeup,0.8556032180786133,0.3441508114337921,0.26629531383514404,0.08104769140481949,0.0156449843198061,0.061545126140117645,0.018705138936638832,0.04264732822775841,0.08656542003154755,0.42754900455474854,,,
1217.0,1218.0,True,presidenta,closeup,0.7654414772987366,0.4757227599620819,0.2344493865966797,0.04585979878902435,0.01023673452436924,0.10962704569101334,0.02519700862467289,0.04206401854753494,0.0989198088645935,0.43364623188972473,,,
1218.0,1219.0,True,presidenta,closeup,0.7324551939964294,0.5197597742080688,0.2604537308216095,0.025020215660333633,0.013092375360429287,0.16094161570072174,0.02175157517194748,0.035374145954847336,0.09016237407922745,0.3932039737701416,,,
1219.0,1220.0,True,presidenta,closeup,0.5112602710723877,0.33463752269744873,0.2716998755931854,0.014479326084256172,0.04323519393801689,0.0775739997625351,0.032608382403850555,0.029342155903577805,0.13277937471866608,0.3982817232608795,,,
1220.0,1221.0,True,presidenta,closeup,0.7746824026107788,0.2429552674293518,0.2635054886341095,0.040169842541217804,0.023848332464694977,0.09462831914424896,0.02687029168009758,0.04235508292913437,0.13389718532562256,0.37472546100616455,,,
1221.0,1222.0,True,presidenta,closeup,0.8298406600952148,0.37623339891433716,0.26059937477111816,0.06006339564919472,0.015195894986391068,0.10613419115543365,0.01965922862291336,0.04491718113422394,0.09738528728485107,0.3960455060005188,,,
1222.0,1223.0,True,presidenta,closeup,0.6020475625991821,0.2884213626384735,0.2533251941204071,0.012811056338250637,0.017038807272911072,0.055996302515268326,0.018925191834568977,0.04914650321006775,0.09522630274295807,0.49753060936927795,,,
1223.0,1224.0,True,presidenta,closeup,0.8188391923904419,0.5241916179656982,0.19950297474861145,0.09667465090751648,0.010226879268884659,0.11640416830778122,0.0233252365142107,0.043692007660865784,0.1039256826043129,0.40624845027923584,,,
1224.0,1225.0,True,presidenta,closeup,0.8868045210838318,0.3924964368343353,0.30303841829299927,0.08330075442790985,0.011421246454119682,0.07353418320417404,0.014199892990291119,0.022641126066446304,0.05743612349033356,0.43442824482917786,,,
1225.0,1226.0,True,presidenta,closeup,0.26394179463386536,-0.03308066725730896,0.21056391298770905,0.00520291505381465,0.02089301496744156,0.08282054215669632,0.01681855320930481,0.04255824536085129,0.19670787453651428,0.42443498969078064,,,
1226.0,1227.0,True,presidenta,closeup,0.011745452880859375,0.8078472018241882,0.09776940196752548,0.005128918681293726,0.008460448123514652,0.2422824651002884,0.03472575172781944,0.06265173107385635,0.18411953747272491,0.36486175656318665,,,
1227.0,1228.0,True,presidenta,closeup,0.8903277516365051,0.22986680269241333,0.2826846241950989,0.07309632003307343,0.01662561483681202,0.07959950715303421,0.018082035705447197,0.023618508130311966,0.09044087678194046,0.41585248708724976,,,
1228.0,1229.0,True,presidenta,closeup,0.806627094745636,0.5706708431243896,0.22498275339603424,0.07051971554756165,0.008994816802442074,0.0769677609205246,0.01441529206931591,0.03318299353122711,0.09051163494586945,0.48042502999305725,,,
1229.0,1230.0,True,presidenta,closeup,0.5936071872711182,0.4097740650177002,0.22648951411247253,0.01338034588843584,0.014272014610469341,0.08472787588834763,0.021573981270194054,0.043632060289382935,0.12733635306358337,0.4685879051685333,,,
1230.0,1231.0,True,presidenta,closeup,0.8768266439437866,0.38683193922042847,0.22335824370384216,0.057784710079431534,0.017547452822327614,0.1418604999780655,0.024348683655261993,0.020057162269949913,0.12797963619232178,0.3870636820793152,,,
1231.0,1232.0,True,presidenta,closeup,0.8564981818199158,0.10307717323303223,0.3564262390136719,0.0392862930893898,0.021662592887878418,0.07501116394996643,0.01980091817677021,0.02229035459458828,0.0813814252614975,0.38414105772972107,,,
1232.0,1233.0,True,presidenta,closeup,0.873299777507782,0.551588773727417,0.25095146894454956,0.12395636737346649,0.01120984647423029,0.11834200471639633,0.02167695388197899,0.026529135182499886,0.1052820086479187,0.3420521914958954,,,
1233.0,1234.0,True,presidenta,closeup,0.7602024078369141,0.58015376329422,0.25377321243286133,0.06036655604839325,0.01409483328461647,0.11563054472208023,0.028332877904176712,0.03524236008524895,0.11349953711032867,0.3790600597858429,,,
1234.0,1235.0,True,presidenta,closeup,0.7391791343688965,0.6105518937110901,0.2168707251548767,0.04623015224933624,0.013944496400654316,0.12820938229560852,0.032493043690919876,0.04210453853011131,0.12472627311944962,0.39542144536972046,,,
1235.0,1236.0,True,presidenta,closeup,0.7564364671707153,0.5752408504486084,0.22907571494579315,0.05240752920508385,0.01900460571050644,0.09753067046403885,0.02783188968896866,0.04253024980425835,0.12255975604057312,0.4090595841407776,,,
1236.0,1237.0,True,presidenta,closeup,0.8067121505737305,0.19673669338226318,0.31093543767929077,0.04327254742383957,0.019320223480463028,0.09112291038036346,0.022876925766468048,0.043490905314683914,0.10009507834911346,0.36888593435287476,,,
1237.0,1238.0,True,presidenta,closeup,0.7565920352935791,0.2525140047073364,0.2861129641532898,0.046218760311603546,0.013967430219054222,0.06558781862258911,0.01622605137526989,0.035163410007953644,0.10176703333854675,0.4349565804004669,,,
1238.0,1239.0,True,presidenta,closeup,0.7866407632827759,0.36628293991088867,0.31969451904296875,0.03799564763903618,0.018491065129637718,0.08699115365743637,0.019893139600753784,0.030041469261050224,0.10974104702472687,0.3771519362926483,,,
1239.0,1240.0,True,presidenta,closeup,0.6551300287246704,0.5766516327857971,0.304268479347229,0.027275659143924713,0.019154638051986694,0.10371359437704086,0.030868766829371452,0.027113839983940125,0.10565628856420517,0.3819487690925598,,,
1240.0,1241.0,True,presidenta,closeup,0.6922995448112488,0.26703888177871704,0.2956185042858124,0.038025904446840286,0.054443154484033585,0.0825873538851738,0.030172845348715782,0.030169911682605743,0.1148107647895813,0.35417160391807556,,,
1241.0,1242.0,True,presidenta,closeup,0.6694284081459045,0.3216235935688019,0.30891141295433044,0.01640552654862404,0.02481820248067379,0.09061483293771744,0.024398911744356155,0.030344689264893532,0.11165028810501099,0.3928561210632324,,,
1242.0,1243.0,True,presidenta,closeup,0.7591644525527954,0.14207863807678223,0.2401438057422638,0.055674031376838684,0.0237711314111948,0.09865385293960571,0.023127907887101173,0.02880731038749218,0.15385892987251282,0.3759630024433136,,,
1243.0,1244.0,True,presidenta,closeup,0.6373937129974365,0.36186641454696655,0.26142463088035583,0.018615830689668655,0.020214077085256577,0.1366662234067917,0.03307776898145676,0.03898223862051964,0.13886435329914093,0.3521548807621002,,,
1244.0,1245.0,True,presidenta,closeup,0.8669458627700806,0.24606263637542725,0.2790192663669586,0.03831186145544052,0.0222697164863348,0.13478179275989532,0.034036967903375626,0.03317924216389656,0.10821182280778885,0.35018929839134216,,,
1245.0,1246.0,True,presidenta,closeup,0.8028512001037598,0.05039799213409424,0.2720000147819519,0.02714647725224495,0.02510656602680683,0.10151749849319458,0.029290318489074707,0.04081897810101509,0.14514818787574768,0.3589719235897064,,,
1246.0,1247.0,True,presidenta,closeup,0.8486088514328003,0.03382959961891174,0.22293366491794586,0.04893570393323898,0.02483365684747696,0.1093461737036705,0.027751700952649117,0.030538098886609077,0.16460013389587402,0.37106090784072876,,,
1247.0,1248.0,True,presidenta,closeup,0.4683007001876831,-0.21581149101257324,0.2559504508972168,0.012568583711981773,0.07742918282747269,0.038038063794374466,0.021561482921242714,0.034435439854860306,0.14354395866394043,0.41647282242774963,,,
1248.0,1249.0,True,presidenta,closeup,0.6792749166488647,0.28450119495391846,0.23283976316452026,0.03835665434598923,0.01854683645069599,0.06924563646316528,0.01819971762597561,0.05656738579273224,0.17939621210098267,0.3868478238582611,,,
1249.0,1250.0,True,presidenta,closeup,0.5745602250099182,0.2639775276184082,0.17499971389770508,0.026118822395801544,0.026042310521006584,0.06776780635118484,0.0276788379997015,0.04684899002313614,0.23583577573299408,0.39470770955085754,,,
1250.0,1251.0,True,presidenta,closeup,0.7841707468032837,0.21985211968421936,0.21256722509860992,0.02870236523449421,0.02741776779294014,0.12470681965351105,0.02774074859917164,0.031699907034635544,0.15495093166828156,0.39221417903900146,,,
1251.0,1252.0,True,presidenta,closeup,0.7550005912780762,0.17422103881835938,0.23474827408790588,0.017019856721162796,0.022897226735949516,0.1236548200249672,0.03140624240040779,0.03417390212416649,0.13033589720726013,0.40576377511024475,,,
1252.0,1253.0,True,presidenta,closeup,0.29661813378334045,0.5333110094070435,0.11230341345071793,0.009815678000450134,0.02186482772231102,0.07692068815231323,0.028476594015955925,0.04877839982509613,0.20727548003196716,0.4945650100708008,,,
1253.0,1254.0,True,presidenta,closeup,0.8096563816070557,0.16656020283699036,0.30377909541130066,0.030416494235396385,0.020107056945562363,0.07996181398630142,0.020788129419088364,0.032176673412323,0.07420642673969269,0.4385643005371094,,,
1254.0,1255.0,True,presidenta,closeup,0.7368218302726746,0.552413821220398,0.2067318707704544,0.030138088390231133,0.013777438551187515,0.13309435546398163,0.03074653260409832,0.04074905067682266,0.13328208029270172,0.4114806056022644,,,
1255.0,1256.0,True,presidenta,closeup,0.6269896030426025,0.5146456956863403,0.16185617446899414,0.019076645374298096,0.010404122062027454,0.22121849656105042,0.031049232929944992,0.04401164874434471,0.12450104206800461,0.38788264989852905,,,
1256.0,1257.0,True,presidenta,closeup,0.9192412495613098,0.5275776982307434,0.19035734236240387,0.17412793636322021,0.009189585223793983,0.14376430213451385,0.01900608465075493,0.027639266103506088,0.08145912736654282,0.35445636510849,,,
1257.0,1258.0,True,presidenta,closeup,0.8246806859970093,0.7872393131256104,0.14351284503936768,0.038909830152988434,0.006304170936346054,0.24043703079223633,0.022077221423387527,0.040795840322971344,0.11331550776958466,0.3946475684642792,,,
1258.0,1259.0,True,presidenta,closeup,0.8500884771347046,0.2221534550189972,0.29044973850250244,0.05821308493614197,0.019324297085404396,0.10114210844039917,0.02425004169344902,0.02734707109630108,0.09255516529083252,0.38671842217445374,,,
1259.0,1260.0,True,presidenta,closeup,0.8717663884162903,0.586705207824707,0.13745735585689545,0.1512307971715927,0.008994437754154205,0.1746722161769867,0.03148845210671425,0.056157343089580536,0.10813849419355392,0.33186087012290955,,,
1260.0,1261.0,True,presidenta,closeup,0.5869433879852295,0.45275190472602844,0.23431016504764557,0.022846737876534462,0.015154150314629078,0.10112744569778442,0.024885734543204308,0.04600655287504196,0.12681828439235687,0.428850919008255,,,
1261.0,1262.0,True,presidenta,closeup,0.4496621787548065,0.08336129784584045,0.23878289759159088,0.024343617260456085,0.027988962829113007,0.05229717865586281,0.014918808825314045,0.03323381766676903,0.1913762390613556,0.41705840826034546,,,
1262.0,1263.0,True,presidenta,closeup,0.8931875228881836,0.3153783082962036,0.26847878098487854,0.22095860540866852,0.014718733727931976,0.07879430800676346,0.01417551003396511,0.05151133984327316,0.11579836905002594,0.23556433618068695,,,
1263.0,1264.0,True,presidenta,closeup,0.6155611276626587,0.6623131036758423,0.1747613251209259,0.019577231258153915,0.013814957812428474,0.13120773434638977,0.02237197384238243,0.04695406183600426,0.12380171567201614,0.46751096844673157,,,
1264.0,1265.0,True,presidenta,closeup,0.9018682241439819,0.17817744612693787,0.23244833946228027,0.10121428966522217,0.022170670330524445,0.08674660325050354,0.018849417567253113,0.06029518321156502,0.14154048264026642,0.3367350399494171,,,
1265.0,1266.0,True,presidenta,closeup,0.897189199924469,0.6279572248458862,0.255944162607193,0.3605503737926483,0.007269605062901974,0.0630691647529602,0.013697718270123005,0.02034967765212059,0.056533921509981155,0.22258539497852325,,,
1266.0,1267.0,True,otro,closeup,-0.5656828880310059,0.7782065868377686,0.1704082489013672,0.0068330345675349236,0.012941976077854633,0.03766394779086113,0.01596701703965664,0.07416367530822754,0.26946941018104553,0.4125526547431946,,,
1267.0,1268.0,True,otro,closeup,-0.6686123609542847,0.8947973251342773,0.15231315791606903,0.005771782249212265,0.008731819689273834,0.04281775653362274,0.021842001006007195,0.1140260100364685,0.26112428307533264,0.39337319135665894,,,
1268.0,1269.0,True,otro,closeup,-0.1792488396167755,0.8290851712226868,0.20716707408428192,0.023239227011799812,0.008609533309936523,0.02935069613158703,0.012936821207404137,0.07907641679048538,0.21587347984313965,0.42374682426452637,,,
1269.0,1270.0,True,otro,closeup,-0.24813377857208252,0.9373432397842407,0.12160032242536545,0.01698552630841732,0.004718563985079527,0.05556858703494072,0.017646610736846924,0.0943153128027916,0.26058992743492126,0.42857515811920166,,,
1270.0,1271.0,True,otro,closeup,-0.09083440899848938,0.8617644309997559,0.2015761286020279,0.022282099351286888,0.005376965273171663,0.05756540223956108,0.01899251714348793,0.07095448672771454,0.20526888966560364,0.4179834723472595,,,
1271.0,1272.0,True,otro,closeup,-0.47208371758461,0.8197351694107056,0.1490212380886078,0.005766460672020912,0.007396434433758259,0.03414979204535484,0.014603921212255955,0.125169575214386,0.29825446009635925,0.3656381666660309,,,
1272.0,1273.0,True,otro,closeup,-0.07161092758178711,0.7873031497001648,0.2963176667690277,0.02369072660803795,0.01164422556757927,0.02565920352935791,0.013429930433630943,0.058822598308324814,0.15434662997722626,0.4160890281200409,,,
1273.0,1274.0,True,otro,closeup,0.4798662066459656,0.40389731526374817,0.2541465163230896,0.02151055820286274,0.011943861842155457,0.05797107145190239,0.012168066576123238,0.08266831934452057,0.184517502784729,0.3750740587711334,,,
1274.0,1275.0,True,otro,closeup,0.26441091299057007,0.49296990036964417,0.2619263529777527,0.01177390106022358,0.013725909404456615,0.10319340229034424,0.016228066757321358,0.07483632862567902,0.2139422446489334,0.3043738007545471,,,
1275.0,1276.0,True,otro,closeup,0.29180970788002014,0.5522922277450562,0.16282030940055847,0.011699278838932514,0.01484599057585001,0.11636404693126678,0.0242901723831892,0.12538161873817444,0.264987975358963,0.2796105444431305,,,
1276.0,1277.0,True,otro,closeup,0.09788915514945984,0.46629437804222107,0.16411590576171875,0.007269355934113264,0.020800523459911346,0.06476350128650665,0.013569655828177929,0.15773512423038483,0.238131582736969,0.3336142599582672,,,
1277.0,1278.0,True,otro,closeup,0.14074286818504333,0.5060803890228271,0.20523548126220703,0.010295798070728779,0.013465833850204945,0.09431656450033188,0.02146771363914013,0.11604931205511093,0.24812638759613037,0.29104292392730713,,,
1278.0,1279.0,True,otro,closeup,-0.14081883430480957,0.5684318542480469,0.2043517380952835,0.006242669653147459,0.012763312086462975,0.08900658041238785,0.02038799598813057,0.11645687371492386,0.27958914637565613,0.2712016701698303,,,
1279.0,1280.0,True,otro,closeup,0.4897454082965851,0.8552952408790588,0.12678846716880798,0.02329026348888874,0.005328657571226358,0.24164173007011414,0.028759269043803215,0.10426366329193115,0.26910334825515747,0.20082460343837738,,,
1280.0,1281.0,True,otro,closeup,0.20417070388793945,0.5619637966156006,0.24603398144245148,0.005674955900758505,0.008009800687432289,0.035658083856105804,0.010194370523095131,0.09203092008829117,0.17360809445381165,0.42878976464271545,,,
1281.0,1282.0,True,otro,closeup,-0.0014159679412841797,0.44066160917282104,0.20282110571861267,0.004670941270887852,0.010291256941854954,0.0304353516548872,0.010304880328476429,0.10200752317905426,0.23864232003688812,0.40082666277885437,,,
1282.0,1283.0,True,otro,closeup,0.1306971311569214,0.5226422548294067,0.2550375759601593,0.008795020170509815,0.006195946596562862,0.0390767864882946,0.00857553817331791,0.07371234148740768,0.20838917791843414,0.4002176821231842,,,
1283.0,1284.0,True,otro,closeup,0.22379305958747864,0.3836606442928314,0.21621425449848175,0.005196691490709782,0.010763083584606647,0.032600801438093185,0.008139795623719692,0.10671307891607285,0.21956823766231537,0.4008040428161621,,,
1284.0,1285.0,True,otro,closeup,0.3509504795074463,0.49037227034568787,0.2670343518257141,0.011828271672129631,0.01101637538522482,0.07029131054878235,0.013025607913732529,0.13074499368667603,0.1870172619819641,0.3090417683124542,,,
1285.0,1286.0,True,otro,closeup,0.20374563336372375,0.4541606307029724,0.3057079613208771,0.009306296706199646,0.011409258469939232,0.04101858288049698,0.008530564606189728,0.10186344385147095,0.17422768473625183,0.3479361832141876,,,
1286.0,1287.0,True,otro,closeup,0.4990726411342621,0.6596002578735352,0.2697877883911133,0.04220049828290939,0.01104273647069931,0.11554580926895142,0.01664113625884056,0.061926744878292084,0.2012726068496704,0.28158268332481384,,,
1287.0,1288.0,True,otro,closeup,0.42990779876708984,0.5210633873939514,0.276174932718277,0.013001865707337856,0.01722828671336174,0.06244676187634468,0.015252592973411083,0.04091353341937065,0.21146047115325928,0.363521546125412,,,
1288.0,1289.0,True,otro,closeup,0.49346673488616943,0.5431099534034729,0.3393392860889435,0.021063415333628654,0.01197818759828806,0.06964831054210663,0.017348414286971092,0.038455914705991745,0.17877933382987976,0.3233872056007385,,,
1289.0,1290.0,True,otro,closeup,0.19552302360534668,0.640106737613678,0.2716367542743683,0.011762027628719807,0.013147330842912197,0.06412968784570694,0.016385557129979134,0.06765417754650116,0.22902025282382965,0.3262642025947571,,,
1290.0,1291.0,True,otro,closeup,0.2835850715637207,0.510468602180481,0.23237240314483643,0.01097198948264122,0.015018679201602936,0.05892639234662056,0.01610388793051243,0.05437556654214859,0.275718092918396,0.3365130126476288,,,
1291.0,1292.0,True,otro,closeup,0.4364965856075287,0.6207889318466187,0.22566397488117218,0.025431759655475616,0.00845565926283598,0.10656601935625076,0.01578969694674015,0.0691218301653862,0.24048440158367157,0.308486670255661,,,
1292.0,1293.0,True,otro,closeup,0.45638614892959595,0.3668346107006073,0.2723817229270935,0.017828237265348434,0.0149552496150136,0.05615920573472977,0.013294314965605736,0.06879113614559174,0.21840155124664307,0.3381885886192322,,,
1293.0,1294.0,True,otro,closeup,0.20242080092430115,0.6774758696556091,0.24609874188899994,0.008499913848936558,0.012497596442699432,0.058116260915994644,0.01921682432293892,0.06187956780195236,0.24179767072200775,0.3518933951854706,,,
1294.0,1295.0,True,otro,closeup,-0.3419923782348633,0.569441556930542,0.1939237266778946,0.0022880390752106905,0.014364528469741344,0.037208061665296555,0.012813298031687737,0.08317068219184875,0.3140445351600647,0.34218719601631165,,,
1295.0,1296.0,True,otro,closeup,0.421609103679657,0.522066056728363,0.3080969750881195,0.01200021430850029,0.010400068014860153,0.05709434673190117,0.0104333171620965,0.05070427805185318,0.21121282875537872,0.34005793929100037,,,
1296.0,1297.0,True,otro,closeup,0.562318742275238,0.8008655309677124,0.1965956687927246,0.03539407253265381,0.006110308691859245,0.14438027143478394,0.022948233410716057,0.08767567574977875,0.23391063511371613,0.2729851007461548,,,
1297.0,1298.0,True,otro,closeup,0.46664881706237793,0.3897724449634552,0.3324965238571167,0.018311461433768272,0.01063916739076376,0.06189972162246704,0.016773482784628868,0.056407734751701355,0.22279120981693268,0.28068071603775024,,,
1298.0,1299.0,True,otro,closeup,0.26155421137809753,0.5784667134284973,0.2744716703891754,0.014484766870737076,0.009341453202068806,0.09271182864904404,0.023675912991166115,0.07185399532318115,0.23121540248394012,0.2822449803352356,,,
1299.0,1300.0,True,otro,closeup,0.36425575613975525,0.4211999773979187,0.23062455654144287,0.014078621752560139,0.011811123229563236,0.07938417047262192,0.0175279900431633,0.0772038921713829,0.25614652037620544,0.31322312355041504,,,
1300.0,1301.0,True,otro,closeup,0.3661046028137207,0.4818503260612488,0.22910833358764648,0.014239076524972916,0.014275419525802135,0.052557896822690964,0.011089726351201534,0.09307695180177689,0.2237086296081543,0.36194396018981934,,,
1301.0,1302.0,True,otro,closeup,0.0967797040939331,0.39057207107543945,0.20940141379833221,0.009979598224163055,0.01597418822348118,0.05914236605167389,0.01514681987464428,0.13890229165554047,0.28004416823387146,0.27140918374061584,,,
1302.0,1303.0,True,otro,closeup,0.29074278473854065,0.5081974864006042,0.27126938104629517,0.014483677223324776,0.011683880351483822,0.0468757264316082,0.011118225753307343,0.09887853264808655,0.2412222921848297,0.3044683039188385,,,
1303.0,1304.0,True,otro,closeup,0.5496371388435364,0.27953585982322693,0.28882670402526855,0.011134033091366291,0.018009522929787636,0.087956003844738,0.019808832556009293,0.04794635996222496,0.20693962275981903,0.3193790018558502,,,
1304.0,1305.0,True,otro,closeup,0.344557523727417,0.4153619110584259,0.34960025548934937,0.011572699062526226,0.018119076266884804,0.05858595669269562,0.013619465753436089,0.041208695620298386,0.20125888288021088,0.30603498220443726,,,
1305.0,1306.0,True,otro,closeup,0.3512725830078125,0.44511905312538147,0.31373947858810425,0.00994912814348936,0.012447422370314598,0.05116583779454231,0.012259732000529766,0.061276305466890335,0.20739759504795074,0.33176448941230774,,,
1306.0,1307.0,True,otro,closeup,0.14105224609375,0.3811601400375366,0.30769476294517517,0.008826108649373055,0.013954242691397667,0.04333759471774101,0.013205325230956078,0.07151923328638077,0.2189854085445404,0.3224773406982422,,,
1307.0,1308.0,True,otro,closeup,-0.21823692321777344,0.34910058975219727,0.1609499156475067,0.0032640930730849504,0.013049867935478687,0.03347388282418251,0.013912346214056015,0.09767972677946091,0.3367291986942291,0.3409409523010254,,,
1308.0,1309.0,True,otro,closeup,0.313090056180954,0.4489457607269287,0.29333704710006714,0.016364600509405136,0.012292567640542984,0.06043615564703941,0.014204814098775387,0.07549924403429031,0.23106426000595093,0.29680135846138,,,
1309.0,1310.0,True,otro,closeup,0.34363436698913574,0.336379736661911,0.21535709500312805,0.020405638962984085,0.01884664222598076,0.06409382820129395,0.012588129378855228,0.08918300271034241,0.22347339987754822,0.3560522496700287,,,
1310.0,1311.0,True,otro,closeup,0.33100560307502747,0.4995158314704895,0.30399090051651,0.014070744626224041,0.01385355181992054,0.0723314955830574,0.021170973777770996,0.06743580102920532,0.2363474816083908,0.27079907059669495,,,
1311.0,1312.0,True,otro,closeup,0.2537749409675598,0.6236006617546082,0.25522977113723755,0.015623224899172783,0.008813302963972092,0.08128328621387482,0.017805390059947968,0.06046584993600845,0.23244675993919373,0.32833245396614075,,,
1312.0,1313.0,True,otro,closeup,0.09531137347221375,0.6214200258255005,0.22230486571788788,0.006267917808145285,0.015139315277338028,0.0562216192483902,0.014895187690854073,0.07730142027139664,0.2539578378200531,0.3539118766784668,,,
1313.0,1314.0,True,otro,closeup,0.3030635416507721,0.241453617811203,0.3126218914985657,0.017790645360946655,0.015220731496810913,0.04067781940102577,0.010051782242953777,0.07795047014951706,0.20334526896476746,0.3223413825035095,,,
1314.0,1315.0,True,presidenta,closeup,0.45588311553001404,0.25913336873054504,0.2657017409801483,0.03509712219238281,0.019474048167467117,0.07075724005699158,0.0194261334836483,0.02652381733059883,0.18802860379219055,0.374991238117218,,,
1315.0,1316.0,True,presidenta,closeup,0.17110204696655273,0.5708750486373901,0.22466734051704407,0.01147479098290205,0.015148046426475048,0.06359991431236267,0.018374135717749596,0.050994254648685455,0.15801595151424408,0.45772555470466614,,,
1316.0,1317.0,True,presidenta,closeup,-0.1503279209136963,0.28859272599220276,0.22448427975177765,0.005011934321373701,0.03737169876694679,0.028585610911250114,0.014249933883547783,0.04921753332018852,0.15641950070858002,0.4846595227718353,,,
1317.0,1318.0,True,presidenta,closeup,-0.06114479899406433,0.5203194618225098,0.26232513785362244,0.006154513917863369,0.02003372088074684,0.031672172248363495,0.0126799950376153,0.035778895020484924,0.11009445041418076,0.5212611556053162,,,
1318.0,1319.0,True,presidenta,closeup,0.20088469982147217,0.14744827151298523,0.2644962668418884,0.004768639337271452,0.03511487692594528,0.03757883608341217,0.021299375221133232,0.051409706473350525,0.12141332030296326,0.4639190435409546,,,
1319.0,1320.0,True,presidenta,closeup,0.698943555355072,0.52061927318573,0.3407544791698456,0.03994612768292427,0.010509677231311798,0.06396690756082535,0.013345172628760338,0.032343555241823196,0.11218076199293137,0.38695332407951355,,,
1320.0,1321.0,True,presidenta,closeup,0.6247730255126953,0.1301550567150116,0.2553800046443939,0.025731680914759636,0.032737042754888535,0.06975644826889038,0.02230777032673359,0.026705678552389145,0.12051821500062943,0.4468631446361542,,,
1321.0,1322.0,True,presidenta,closeup,0.721253514289856,-0.1375432312488556,0.32066354155540466,0.03589516505599022,0.024765513837337494,0.05235132947564125,0.013478697277605534,0.03208356350660324,0.11511621624231339,0.4056459963321686,,,
1322.0,1323.0,True,presidenta,closeup,0.636716902256012,0.26489293575286865,0.2771284878253937,0.026900639757514,0.017617350444197655,0.05141889676451683,0.015455592423677444,0.044715072959661484,0.10698459297418594,0.45977944135665894,,,
1323.0,1324.0,True,presidenta,closeup,0.37261441349983215,0.3802505433559418,0.2550092935562134,0.011798551306128502,0.029124697670340538,0.058839958161115646,0.023636167868971825,0.046594005078077316,0.13573674857616425,0.4392605423927307,,,
1324.0,1325.0,True,presidenta,closeup,0.6921671628952026,0.14167916774749756,0.26290610432624817,0.03905883803963661,0.024933135136961937,0.05988435819745064,0.015559649094939232,0.03278914466500282,0.1936829388141632,0.3711858093738556,,,
1325.0,1326.0,True,presidenta,closeup,0.6696227788925171,0.48440122604370117,0.21028921008110046,0.04842815548181534,0.02203674241900444,0.09321960806846619,0.018939198926091194,0.026117447763681412,0.200911745429039,0.3800578713417053,,,
1326.0,1327.0,True,presidenta,closeup,0.6923516988754272,0.33948540687561035,0.18321849405765533,0.042101312428712845,0.040428612381219864,0.09160306304693222,0.022112324833869934,0.024728460237383842,0.2129567712545395,0.38285091519355774,,,
1327.0,1328.0,True,presidenta,closeup,0.7429507970809937,-0.03068530559539795,0.26289573311805725,0.028605792671442032,0.031004201620817184,0.08483953773975372,0.016362398862838745,0.019060838967561722,0.1615864485502243,0.3956450819969177,,,
1328.0,1329.0,True,presidenta,closeup,0.6086262464523315,0.14999166131019592,0.3361828625202179,0.019949274137616158,0.025378264486789703,0.07636336982250214,0.014793407171964645,0.029330724850296974,0.1491139531135559,0.348888099193573,,,
1329.0,1330.0,True,presidenta,closeup,0.6910117864608765,-0.22543004155158997,0.3417564332485199,0.02015085704624653,0.03965884447097778,0.05224571377038956,0.019692059606313705,0.02730407379567623,0.11634920537471771,0.38284286856651306,,,
1330.0,1331.0,True,presidenta,closeup,0.23398616909980774,0.40514859557151794,0.26972270011901855,0.008397586643695831,0.02059779316186905,0.07919621467590332,0.023382242769002914,0.04144297540187836,0.1726621836423874,0.3845982551574707,,,
1331.0,1332.0,True,presidenta,closeup,0.1490040123462677,0.47188878059387207,0.26237908005714417,0.009725182317197323,0.012665554881095886,0.0753481388092041,0.015606891363859177,0.030637158080935478,0.1561032235622406,0.43753480911254883,,,
1332.0,1333.0,True,presidenta,closeup,-0.29267677664756775,0.3410637676715851,0.22514145076274872,0.004745685029774904,0.041636936366558075,0.042127419263124466,0.017896009609103203,0.04884783551096916,0.17792381346225739,0.4416808784008026,,,
1333.0,1334.0,True,presidenta,closeup,0.19918692111968994,0.361314982175827,0.31611549854278564,0.006776989903301001,0.018515372648835182,0.04369594156742096,0.017386583611369133,0.030453119426965714,0.09451745450496674,0.4725390672683716,,,
1334.0,1335.0,True,presidenta,closeup,0.6667290329933167,0.057734131813049316,0.3429583013057709,0.04160856083035469,0.029429500922560692,0.05330977588891983,0.016445450484752655,0.032717134803533554,0.1041339561343193,0.37939730286598206,,,
1335.0,1336.0,True,presidenta,closeup,0.27459073066711426,0.6352889537811279,0.2331693172454834,0.019427672028541565,0.015164769254624844,0.07332667708396912,0.020081263035535812,0.050191331654787064,0.13288424909114838,0.45575469732284546,,,
1336.0,1337.0,True,presidenta,closeup,0.7127776741981506,0.2208375632762909,0.3407711684703827,0.029371507465839386,0.020662814378738403,0.05086236074566841,0.017300250008702278,0.028391655534505844,0.08089904487133026,0.43174123764038086,,,
1337.0,1338.0,True,presidenta,closeup,0.11069619655609131,0.1344590187072754,0.28457263112068176,0.010185835883021355,0.01710161194205284,0.04001665487885475,0.01136618759483099,0.037398356944322586,0.18561464548110962,0.4137440323829651,,,
1338.0,1339.0,True,presidenta,closeup,0.6045734882354736,0.1410861611366272,0.24585551023483276,0.033191289752721786,0.02815057709813118,0.07670243829488754,0.019064461812376976,0.028188038617372513,0.18254965543746948,0.3862980902194977,,,
1339.0,1340.0,True,presidenta,closeup,0.45898908376693726,0.4978545904159546,0.2114553302526474,0.019892776384949684,0.023829162120819092,0.1049673780798912,0.03714188560843468,0.04713083803653717,0.15067791938781738,0.4049047529697418,,,
1340.0,1341.0,True,presidenta,closeup,0.36372458934783936,0.32775694131851196,0.2830115258693695,0.007294868119060993,0.03024027869105339,0.06069611757993698,0.025677494704723358,0.029368041083216667,0.12008104473352432,0.44363072514533997,,,
1341.0,1342.0,True,presidenta,closeup,-0.1113240122795105,0.38453659415245056,0.2260105013847351,0.002921260893344879,0.02896324172616005,0.04407518357038498,0.0213423203676939,0.040219150483608246,0.1447509080171585,0.4917174279689789,,,
1342.0,1343.0,True,presidenta,closeup,-0.047271281480789185,0.4138997793197632,0.24302294850349426,0.004088584333658218,0.03129896894097328,0.05852285772562027,0.02161584421992302,0.04332771524786949,0.15309208631515503,0.44503098726272583,,,
1343.0,1344.0,True,presidenta,closeup,0.5180652141571045,0.2045435607433319,0.2959842085838318,0.01631610095500946,0.024701425805687904,0.06874741613864899,0.021349512040615082,0.03530364856123924,0.12271153926849365,0.41488614678382874,,,
1344.0,1345.0,True,presidenta,closeup,0.7420089244842529,-0.13252219557762146,0.2948322594165802,0.02458321675658226,0.028436928987503052,0.08256100863218307,0.023934204131364822,0.026639951393008232,0.14625518023967743,0.37275728583335876,,,
1345.0,1346.0,True,presidenta,closeup,0.49657726287841797,0.2983449101448059,0.35707393288612366,0.012026411481201649,0.021350182592868805,0.052484042942523956,0.017725590616464615,0.020890282467007637,0.08990447968244553,0.42854511737823486,,,
1346.0,1347.0,True,presidenta,closeup,0.1989963948726654,0.49190521240234375,0.25159069895744324,0.00984969548881054,0.017051417380571365,0.0611325241625309,0.021481696516275406,0.05212218686938286,0.14676150679588318,0.4400102198123932,,,
1347.0,1348.0,True,presidenta,closeup,0.1956925392150879,0.7589157819747925,0.1945178359746933,0.016016332432627678,0.015711672604084015,0.07360318303108215,0.03274775296449661,0.06153959035873413,0.13936413824558258,0.4664994478225708,,,
1348.0,1349.0,True,presidenta,closeup,0.3226906955242157,0.41574516892433167,0.30580493807792664,0.012699097394943237,0.018411388620734215,0.05070631578564644,0.018800439313054085,0.039792250841856,0.11005654186010361,0.44372910261154175,,,
1349.0,1350.0,True,presidenta,closeup,0.850982666015625,0.08859780430793762,0.18591146171092987,0.032669901847839355,0.02140142023563385,0.12793079018592834,0.02547668293118477,0.033084336668252945,0.1564168781042099,0.41710853576660156,,,
1350.0,1351.0,True,presidenta,closeup,0.7741133570671082,0.42916467785835266,0.14415590465068817,0.040687885135412216,0.01715252920985222,0.15334667265415192,0.03206389397382736,0.06195272132754326,0.17113633453845978,0.3795040547847748,,,
1351.0,1352.0,True,presidenta,closeup,0.5581761002540588,0.33157679438591003,0.14470914006233215,0.026870720088481903,0.034961018711328506,0.10602182149887085,0.03423989936709404,0.06305941194295883,0.24731294810771942,0.3428250849246979,,,
1352.0,1353.0,True,presidenta,closeup,0.6828502416610718,0.17001527547836304,0.31018099188804626,0.02418440766632557,0.030954357236623764,0.06398642808198929,0.01962313801050186,0.03414733335375786,0.13101688027381897,0.38590648770332336,,,
1353.0,1354.0,True,otro,closeup,0.2884480059146881,0.46384197473526,0.27865177392959595,0.00904099177569151,0.011687427759170532,0.05370315909385681,0.0131950369104743,0.05867624282836914,0.1573963612318039,0.41764897108078003,,,
1354.0,1355.0,True,otro,closeup,0.03991127014160156,0.7826419472694397,0.1885482370853424,0.010171031579375267,0.006073800381273031,0.10277090966701508,0.01972801610827446,0.06775160878896713,0.2635819911956787,0.3413744568824768,,,
1355.0,1356.0,True,otro,closeup,0.11930829286575317,0.34817197918891907,0.27902495861053467,0.006086577661335468,0.013388835825026035,0.031838204711675644,0.010728939436376095,0.050543978810310364,0.1583520472049713,0.4500364661216736,,,
1356.0,1357.0,True,otro,closeup,0.3628578782081604,0.46191874146461487,0.3169499933719635,0.01026679016649723,0.007691982202231884,0.04498346894979477,0.012438002973794937,0.0452863909304142,0.16211596131324768,0.40026742219924927,,,
1357.0,1358.0,True,otro,closeup,0.18367132544517517,0.5589004755020142,0.2870558202266693,0.006544000934809446,0.010553240776062012,0.04477610066533089,0.012339307926595211,0.050697989761829376,0.1924639791250229,0.39556965231895447,,,
1358.0,1359.0,True,otro,closeup,0.5052592754364014,0.3259267210960388,0.29540514945983887,0.011129675433039665,0.011828235350549221,0.03765161707997322,0.008769580163061619,0.04219096153974533,0.14229603111743927,0.4507286846637726,,,
1359.0,1360.0,True,otro,closeup,0.22534099221229553,0.6224717497825623,0.27290040254592896,0.008708037436008453,0.006628681905567646,0.04862600937485695,0.013839280232787132,0.05328737199306488,0.20768380165100098,0.3883264362812042,,,
1360.0,1361.0,True,otro,closeup,0.18168702721595764,0.4711942672729492,0.32163235545158386,0.007516366895288229,0.010187754407525063,0.03995469957590103,0.009658324532210827,0.062466684728860855,0.1945950984954834,0.3539886474609375,,,
1361.0,1362.0,True,otro,closeup,-0.001687765121459961,0.6038403511047363,0.20187659561634064,0.005667608696967363,0.012180591002106667,0.0757027119398117,0.02909761667251587,0.09843521565198898,0.24589276313781738,0.33114686608314514,,,
1362.0,1363.0,True,otro,closeup,0.09454911947250366,0.5901649594306946,0.21992509067058563,0.006359708495438099,0.010852194391191006,0.028558775782585144,0.012591779232025146,0.09766626358032227,0.20420347154140472,0.4198426902294159,,,
1363.0,1364.0,True,otro,closeup,0.28722435235977173,0.6291595697402954,0.2504010796546936,0.009199388325214386,0.00939550343900919,0.03491221368312836,0.010924105532467365,0.07412861287593842,0.19018404185771942,0.4208550751209259,,,
1364.0,1365.0,True,otro,closeup,-0.23106876015663147,0.4022930860519409,0.22948381304740906,0.0033998864237219095,0.011108584702014923,0.03672819584608078,0.012732751667499542,0.10902897268533707,0.2630899250507355,0.3344278931617737,,,
1365.0,1366.0,True,otro,closeup,0.12278982996940613,0.6537749767303467,0.2361462563276291,0.006834832485765219,0.009172032587230206,0.037302277982234955,0.011959420517086983,0.09032628685235977,0.20669198036193848,0.40156692266464233,,,
1366.0,1367.0,True,otro,closeup,0.2451261579990387,0.7561457753181458,0.09617242962121964,0.042886946350336075,0.006853886414319277,0.22329242527484894,0.021777305752038956,0.18614286184310913,0.21842409670352936,0.20445004105567932,,,
1367.0,1368.0,True,presidenta,closeup,0.3294692039489746,-0.16396793723106384,0.2136521339416504,0.005925052333623171,0.04541339725255966,0.07458362728357315,0.020995279774069786,0.03667164593935013,0.1985016018152237,0.4042571783065796,,,
1368.0,1369.0,True,presidenta,closeup,0.6461425423622131,-0.0194358229637146,0.33126792311668396,0.038746897131204605,0.02927258051931858,0.055502843111753464,0.01362009160220623,0.024949878454208374,0.13866972923278809,0.3679700195789337,,,
1369.0,1370.0,True,presidenta,closeup,0.589677631855011,0.2731843590736389,0.31889453530311584,0.026470545679330826,0.02020866423845291,0.06485241651535034,0.018770340830087662,0.03557886555790901,0.09479499608278275,0.42042967677116394,,,
1370.0,1371.0,True,presidenta,closeup,0.5655997395515442,0.43413564562797546,0.31984445452690125,0.018986135721206665,0.017067797482013702,0.03936557471752167,0.016257135197520256,0.02866854891180992,0.08275292068719864,0.47705745697021484,,,
1371.0,1372.0,True,presidenta,closeup,0.06737121939659119,0.4259204566478729,0.15514345467090607,0.0056089679710567,0.026098918169736862,0.0829705074429512,0.0339326411485672,0.0592673234641552,0.17721961438655853,0.4597586393356323,,,
1372.0,1373.0,True,presidenta,closeup,0.6681958436965942,0.30291417241096497,0.17546792328357697,0.018375389277935028,0.018029140308499336,0.11630301177501678,0.024828491732478142,0.03608426824212074,0.18361961841583252,0.427292138338089,,,
1373.0,1374.0,True,presidenta,closeup,0.06384497880935669,0.2868213653564453,0.11930755525827408,0.009116288274526596,0.1251731961965561,0.057041287422180176,0.039333853870630264,0.034084271639585495,0.24850231409072876,0.3674412667751312,,,
1374.0,1375.0,True,presidenta,closeup,0.35179078578948975,0.15549516677856445,0.17039451003074646,0.011524560861289501,0.038388945162296295,0.0987030640244484,0.02622675523161888,0.03958733379840851,0.23326177895069122,0.38191303610801697,,,
1375.0,1376.0,True,presidenta,closeup,0.42010635137557983,0.6184866428375244,0.13705918192863464,0.013409039005637169,0.016204921528697014,0.17313139140605927,0.034632086753845215,0.05689189210534096,0.19933117926120758,0.3693402409553528,,,
1376.0,1377.0,True,presidenta,closeup,-0.40436476469039917,0.11975455284118652,0.24915295839309692,0.002566038863733411,0.19361500442028046,0.024098210036754608,0.026283731684088707,0.02955629862844944,0.13209831714630127,0.34262946248054504,,,
1377.0,1378.0,True,presidenta,closeup,0.4636981785297394,0.19828346371650696,0.3289901614189148,0.007965977303683758,0.03063165582716465,0.047864701598882675,0.016925692558288574,0.025121811777353287,0.09759152680635452,0.44490846991539,,,
1378.0,1379.0,True,presidenta,closeup,0.6062850952148438,0.15755373239517212,0.37087538838386536,0.013640250079333782,0.029576929286122322,0.04842890053987503,0.017798710614442825,0.025352640077471733,0.08385122567415237,0.41047587990760803,,,
1379.0,1380.0,True,presidenta,closeup,0.39057302474975586,0.2925136983394623,0.30488455295562744,0.00924660637974739,0.02341626025736332,0.03845596686005592,0.01653968170285225,0.029739968478679657,0.09217341244220734,0.4855435788631439,,,
1380.0,1381.0,True,presidenta,closeup,0.1439177691936493,0.48535826802253723,0.22183384001255035,0.008692537434399128,0.015398304909467697,0.06542167067527771,0.01758124865591526,0.046676572412252426,0.15528558194637299,0.4691101908683777,,,
1381.0,1382.0,True,presidenta,closeup,0.6504719257354736,0.2546251118183136,0.27929913997650146,0.0220174677670002,0.014087577350437641,0.05632494390010834,0.012216980569064617,0.025203650817275047,0.07739125192165375,0.5134589076042175,,,
1382.0,1383.0,True,presidenta,closeup,0.49292367696762085,0.06409570574760437,0.3448999226093292,0.01362832635641098,0.030878042802214622,0.04132366180419922,0.02000437304377556,0.028904041275382042,0.09099242836236954,0.429369181394577,,,
1383.0,1384.0,True,presidenta,closeup,0.06625020503997803,0.7930349111557007,0.1494905650615692,0.006210078485310078,0.008964748121798038,0.13620802760124207,0.024888308718800545,0.07148346304893494,0.22184166312217712,0.3809131383895874,,,
1384.0,1385.0,True,presidenta,closeup,0.17109817266464233,0.4374026358127594,0.18286941945552826,0.007595552131533623,0.025359395891427994,0.06420423090457916,0.02429862692952156,0.08751348406076431,0.18362542986869812,0.4245338439941406,,,
1385.0,1386.0,True,presidenta,closeup,0.11969366669654846,0.8216513991355896,0.17966465651988983,0.006763529498130083,0.011964456178247929,0.1611938625574112,0.032159268856048584,0.04026644304394722,0.16923075914382935,0.39875704050064087,,,
1386.0,1387.0,True,presidenta,closeup,0.21772733330726624,0.6053372621536255,0.26575779914855957,0.008134805597364902,0.014878949150443077,0.07342059910297394,0.020633390173316002,0.04486196115612984,0.11624511331319809,0.45606738328933716,,,
1387.0,1388.0,True,presidenta,closeup,0.59433913230896,0.5358227491378784,0.2759697735309601,0.0257470291107893,0.02658376656472683,0.11255025118589401,0.03282558545470238,0.03442912548780441,0.14541657269001007,0.3464778959751129,,,
1388.0,1389.0,True,presidenta,closeup,0.33145666122436523,0.45675769448280334,0.31346410512924194,0.00831175222992897,0.019100790843367577,0.05731319263577461,0.014610028825700283,0.02841229923069477,0.11148684471845627,0.4473010003566742,,,
1389.0,1390.0,True,presidenta,closeup,0.44777172803878784,0.6262818574905396,0.24096575379371643,0.01969863660633564,0.015605404041707516,0.1173044741153717,0.024273550137877464,0.0429435633122921,0.142719566822052,0.3964890241622925,,,
1390.0,1391.0,True,presidenta,closeup,0.5086871385574341,-0.11730349063873291,0.2978917956352234,0.012523968704044819,0.030566493049263954,0.05294528603553772,0.015896949917078018,0.03142576664686203,0.1610628217458725,0.3976868987083435,,,
1391.0,1392.0,True,presidenta,closeup,0.5369066596031189,0.32784929871559143,0.2880895435810089,0.018146002665162086,0.01718226633965969,0.08257170766592026,0.018213480710983276,0.039663441479206085,0.11804041266441345,0.41809308528900146,,,
1392.0,1393.0,True,presidenta,closeup,0.8649842143058777,-0.03428569436073303,0.32386651635169983,0.02598760277032852,0.0433310829102993,0.06851806491613388,0.021096866577863693,0.018778951838612556,0.08873908221721649,0.4096817672252655,,,
1393.0,1394.0,True,presidenta,closeup,0.8198650479316711,0.2677355110645294,0.365607887506485,0.048368774354457855,0.021139178425073624,0.08000745624303818,0.022796815261244774,0.023591546341776848,0.09139931201934814,0.3470890522003174,,,
1394.0,1395.0,True,presidenta,closeup,0.5164026021957397,0.2778007984161377,0.2799297273159027,0.018415510654449463,0.026617947965860367,0.06212855502963066,0.02499643713235855,0.02565147913992405,0.08517604321241379,0.47708427906036377,,,
1395.0,1396.0,True,presidenta,closeup,0.7045137882232666,0.36317795515060425,0.3420962989330292,0.04796139523386955,0.017723390832543373,0.06211621314287186,0.01723814755678177,0.027022499591112137,0.09710473567247391,0.388737291097641,,,
1396.0,1397.0,True,presidenta,closeup,0.7072442770004272,0.33782944083213806,0.32539883255958557,0.02387167513370514,0.018422726541757584,0.0700635239481926,0.01810881495475769,0.02368192747235298,0.09298432618379593,0.42746812105178833,,,
1397.0,1398.0,True,presidenta,closeup,0.7236588001251221,0.2530848979949951,0.25317084789276123,0.028088003396987915,0.018742648884654045,0.08431036025285721,0.017437610775232315,0.02975563146173954,0.12183036655187607,0.4466645121574402,,,
1398.0,1399.0,True,presidenta,closeup,0.31411316990852356,0.7035391330718994,0.22867077589035034,0.009413630701601505,0.01172834075987339,0.05348755791783333,0.012280112132430077,0.06885852664709091,0.1876901388168335,0.42787086963653564,,,
1399.0,1400.0,True,presidenta,closeup,0.8022366762161255,-0.11732938885688782,0.28955742716789246,0.03823632746934891,0.03172741457819939,0.06387534737586975,0.012725560925900936,0.02098507434129715,0.1345868855714798,0.4083060324192047,,,
1400.0,1401.0,True,presidenta,closeup,0.4240821599960327,-0.4092698395252228,0.2906935513019562,0.0052675832994282246,0.05670516937971115,0.04369088262319565,0.02003317140042782,0.03198780119419098,0.13274401426315308,0.41887781023979187,,,
1401.0,1402.0,True,presidenta,closeup,0.30185097455978394,0.3353402316570282,0.33031418919563293,0.017180781811475754,0.025352664291858673,0.032223936170339584,0.01375314686447382,0.04686121270060539,0.0996311753988266,0.4346829056739807,,,
1402.0,1403.0,True,presidenta,closeup,0.8181260228157043,0.26939141750335693,0.3054414391517639,0.03505035489797592,0.023268578574061394,0.08005920052528381,0.02246103808283806,0.02384491264820099,0.08343620598316193,0.4264383316040039,,,
1403.0,1404.0,True,presidenta,closeup,0.5150208473205566,0.13991710543632507,0.2522590756416321,0.00921834260225296,0.02986822836101055,0.0631236732006073,0.026355350390076637,0.026188485324382782,0.0941598042845726,0.4988270103931427,,,
1404.0,1405.0,True,presidenta,closeup,0.40059196949005127,0.3936837613582611,0.19306820631027222,0.008688727393746376,0.021620973944664,0.07751427590847015,0.01959819160401821,0.05225897580385208,0.13705791532993317,0.490192711353302,,,
1405.0,1406.0,True,presidenta,closeup,0.8283337354660034,0.39410898089408875,0.2820279896259308,0.05602795630693436,0.017903219908475876,0.10701942443847656,0.024449296295642853,0.03293771296739578,0.11659379303455353,0.3630405366420746,,,
1406.0,1407.0,True,presidenta,closeup,0.4573797583580017,0.32091379165649414,0.34582120180130005,0.010593831539154053,0.020992828533053398,0.0531199611723423,0.014966177754104137,0.03189525008201599,0.10491574555635452,0.41769495606422424,,,
1407.0,1408.0,True,presidenta,closeup,-0.29530438780784607,0.5076345205307007,0.1292370706796646,0.004834625404328108,0.06635540723800659,0.03979067876935005,0.022878853604197502,0.04761258140206337,0.18620184063911438,0.5030888915061951,,,
1408.0,1409.0,True,presidenta,closeup,0.37516164779663086,0.09843063354492188,0.294447124004364,0.007143569644540548,0.02898455038666725,0.05638644099235535,0.017940228804945946,0.029035428538918495,0.09525781124830246,0.4708048105239868,,,
1409.0,1410.0,True,presidenta,closeup,0.27816951274871826,0.27646368741989136,0.2643775939941406,0.005654571577906609,0.026276936754584312,0.0564042329788208,0.020114367827773094,0.04445287957787514,0.10720989853143692,0.4755094647407532,,,
1410.0,1411.0,True,presidenta,closeup,-0.5459290146827698,0.2954495847225189,0.19735606014728546,0.0008899836102500558,0.038782667368650436,0.023754147812724113,0.01951693743467331,0.05586877465248108,0.12733955681324005,0.5364919304847717,,,
1411.0,1412.0,True,presidenta,closeup,0.28643667697906494,0.5362657308578491,0.3121757507324219,0.015051232650876045,0.015887493267655373,0.044352345168590546,0.013905958272516727,0.04448419064283371,0.10635486245155334,0.44778820872306824,,,
1412.0,1413.0,True,presidenta,closeup,-0.022039175033569336,0.4778177738189697,0.24170607328414917,0.007034071255475283,0.02199658192694187,0.04430698975920677,0.019848657771945,0.05745124816894531,0.13497638702392578,0.4726800322532654,,,
1413.0,1414.0,True,presidenta,closeup,-0.1403340995311737,0.43211695551872253,0.22254325449466705,0.007305503822863102,0.016766861081123352,0.040663447231054306,0.016655365005135536,0.061435434967279434,0.15028204023838043,0.4843480587005615,,,
1414.0,1415.0,True,presidenta,closeup,0.4754595458507538,0.4659062325954437,0.16946262121200562,0.014027542434632778,0.029641391709446907,0.08040324598550797,0.028701895847916603,0.04107382893562317,0.15370148420333862,0.48298799991607666,,,
1415.0,1416.0,True,presidenta,closeup,0.41217073798179626,0.38172057271003723,0.2357708364725113,0.007044000551104546,0.03356241434812546,0.06051750108599663,0.022978780791163445,0.03902151808142662,0.1137017086148262,0.4874032735824585,,,
1416.0,1417.0,True,presidenta,closeup,0.4326777458190918,0.5583379864692688,0.3079594671726227,0.022261328995227814,0.014893985353410244,0.06697361171245575,0.01923256739974022,0.0391673669219017,0.12001810222864151,0.409493625164032,,,
1417.0,1418.0,True,presidenta,closeup,0.4389151334762573,0.8105905055999756,0.16411899030208588,0.02113305777311325,0.009684955701231956,0.22662854194641113,0.04335155338048935,0.04051671549677849,0.15996135771274567,0.33460482954978943,,,
1418.0,1419.0,True,presidenta,closeup,0.3780452013015747,0.4191317856311798,0.371579110622406,0.007001724559813738,0.01497519388794899,0.04240238666534424,0.010863590054214,0.022075744345784187,0.09409606456756592,0.43700623512268066,,,
1419.0,1420.0,True,presidenta,closeup,0.25205186009407043,0.5635150671005249,0.18910814821720123,0.015144080854952335,0.00971660204231739,0.08054959028959274,0.01920429989695549,0.051997918635606766,0.1725912243127823,0.4616880714893341,,,
1420.0,1421.0,True,presidenta,closeup,0.22053316235542297,0.29314184188842773,0.24365496635437012,0.010332237929105759,0.024093231186270714,0.050115495920181274,0.014707186259329319,0.037155233323574066,0.13494689762592316,0.4849947988986969,,,
1421.0,1422.0,True,presidenta,closeup,0.24595201015472412,0.6894854307174683,0.1786973923444748,0.009727290831506252,0.013142361305654049,0.12633557617664337,0.02674422226846218,0.0402938574552536,0.14561791718006134,0.45944130420684814,,,
1422.0,1423.0,True,presidenta,closeup,0.6173115968704224,0.41295576095581055,0.2679767310619354,0.03199886158108711,0.011977736838161945,0.08426699042320251,0.01683827117085457,0.038412827998399734,0.13749197125434875,0.41103658080101013,,,
1423.0,1424.0,True,presidenta,closeup,0.7108349800109863,0.45869603753089905,0.22085757553577423,0.03408365696668625,0.01514699961990118,0.14100538194179535,0.020942294970154762,0.0450492762029171,0.1563202142715454,0.3665946424007416,,,
1424.0,1425.0,True,presidenta,closeup,0.5946614146232605,0.5082278251647949,0.27586495876312256,0.019572192803025246,0.01656406931579113,0.07976480573415756,0.0188707634806633,0.027814356610178947,0.12891608476638794,0.43263280391693115,,,
1425.0,1426.0,True,presidenta,closeup,0.003687828779220581,0.522018551826477,0.3146565556526184,0.006897754967212677,0.013109184801578522,0.06763873249292374,0.015262527391314507,0.03844786435365677,0.13932101428508759,0.40466639399528503,,,
1426.0,1427.0,True,presidenta,closeup,0.4162410497665405,0.24264976382255554,0.3403473496437073,0.02283516526222229,0.018511377274990082,0.053141482174396515,0.018054243177175522,0.05322661250829697,0.11101215332746506,0.3828715980052948,,,
1427.0,1428.0,True,presidenta,closeup,-0.2964698374271393,0.4674680233001709,0.18449223041534424,0.002475087298080325,0.022736266255378723,0.04395686462521553,0.022671924903988838,0.05522121116518974,0.16499905288219452,0.503447413444519,,,
1428.0,1429.0,True,presidenta,closeup,0.5896580219268799,0.5110510587692261,0.26707199215888977,0.030940929427742958,0.011699706315994263,0.05901016667485237,0.014544123783707619,0.0262619536370039,0.09910198301076889,0.4913690984249115,,,
1429.0,1430.0,True,presidenta,closeup,0.3721860647201538,0.5290302634239197,0.2604627013206482,0.018494553864002228,0.014178724028170109,0.06979082524776459,0.023462675511837006,0.0537608340382576,0.11234792321920395,0.44750162959098816,,,
1430.0,1431.0,True,presidenta,closeup,-0.07358860969543457,0.6991196274757385,0.16376133263111115,0.011664633639156818,0.01701475866138935,0.06973741948604584,0.02629058249294758,0.06081933528184891,0.18431225419044495,0.4663996398448944,,,
1431.0,1432.0,True,presidenta,closeup,0.6246886849403381,0.06307917833328247,0.32758650183677673,0.035103149712085724,0.02201560139656067,0.03463807702064514,0.011941256932914257,0.02894812449812889,0.09418129920959473,0.44558602571487427,,,
1432.0,1433.0,True,presidenta,closeup,0.6929367184638977,0.15875619649887085,0.3538357615470886,0.033358700573444366,0.020105712115764618,0.05561833828687668,0.016715945675969124,0.025960007682442665,0.09140847623348236,0.40299707651138306,,,
1433.0,1434.0,True,presidenta,closeup,0.799064576625824,0.32139575481414795,0.3115195333957672,0.05466436594724655,0.01841624453663826,0.07634926587343216,0.017026154324412346,0.02613851986825466,0.08662022650241852,0.4092657268047333,,,
1434.0,1435.0,True,presidenta,closeup,0.7191076874732971,0.2565400004386902,0.2801685035228729,0.028416110202670097,0.02002965286374092,0.06869043409824371,0.015573238022625446,0.021607695147395134,0.11039420962333679,0.4551202058792114,,,
1435.0,1436.0,True,presidenta,closeup,0.4930773079395294,0.2594420313835144,0.3466867506504059,0.018924230709671974,0.018939433619379997,0.07088761031627655,0.019033152610063553,0.027056843042373657,0.11754906177520752,0.38092291355133057,,,
1436.0,1437.0,True,presidenta,closeup,0.32290467619895935,0.10681211948394775,0.3245297968387604,0.013812490738928318,0.021641209721565247,0.05743454024195671,0.014610201120376587,0.04621989279985428,0.12902478873729706,0.39272716641426086,,,
1437.0,1438.0,True,presidenta,closeup,0.6735938787460327,0.3508417010307312,0.3699094355106354,0.05950845777988434,0.014725646004080772,0.05824887007474899,0.012940199114382267,0.031013429164886475,0.10405275970697403,0.34960120916366577,,,
1438.0,1439.0,True,presidenta,closeup,0.8378950357437134,0.40223976969718933,0.2177160531282425,0.1210806593298912,0.011547650210559368,0.07063940167427063,0.013807631097733974,0.02881769649684429,0.13572558760643005,0.40066537261009216,,,
1439.0,1440.0,True,presidenta,closeup,0.32556307315826416,0.4821704626083374,0.25106942653656006,0.016272159293293953,0.011613871902227402,0.08297578990459442,0.01770876906812191,0.047822412103414536,0.13548249006271362,0.43705514073371887,,,
1440.0,1441.0,True,presidenta,closeup,0.5327867865562439,0.35584545135498047,0.28032824397087097,0.010149208828806877,0.02206892892718315,0.08743806183338165,0.022333255037665367,0.03896218538284302,0.13719569146633148,0.40152445435523987,,,
1441.0,1442.0,True,presidenta,closeup,0.5417835712432861,0.4724205434322357,0.24934643507003784,0.0174250528216362,0.024899059906601906,0.11295489221811295,0.0350162610411644,0.02689104899764061,0.13684913516044617,0.3966180384159088,,,
1442.0,1443.0,True,presidenta,closeup,0.39030393958091736,0.37801551818847656,0.3120059669017792,0.011536957696080208,0.02406521514058113,0.07357490062713623,0.02356620691716671,0.03352848440408707,0.11329998075962067,0.4084223508834839,,,
1443.0,1444.0,True,presidenta,closeup,0.14022567868232727,0.4895055294036865,0.1808236986398697,0.004741523880511522,0.01792771928012371,0.10995851457118988,0.03309604898095131,0.04670024290680885,0.19271154701709747,0.41404062509536743,,,
1444.0,1445.0,True,presidenta,closeup,-0.02061644196510315,0.3704700469970703,0.21044789254665375,0.005912105552852154,0.033004116266965866,0.08210647851228714,0.03279559314250946,0.06303437799215317,0.19037094712257385,0.38232851028442383,,,
1445.0,1446.0,True,presidenta,closeup,0.0009813308715820312,0.3789282441139221,0.21159861981868744,0.008779807947576046,0.048779573291540146,0.08270309865474701,0.03809238225221634,0.0490606352686882,0.1700943261384964,0.39089155197143555,,,
1446.0,1447.0,True,presidenta,closeup,0.6917811036109924,0.5204802751541138,0.21475867927074432,0.04347160458564758,0.018091710284352303,0.15135036408901215,0.031155195087194443,0.029356421902775764,0.14296096563339233,0.3688550293445587,,,
1447.0,1448.0,True,presidenta,closeup,0.4069198966026306,0.4668567180633545,0.3193293511867523,0.014601585455238819,0.016591325402259827,0.05739927664399147,0.015050116926431656,0.03219061717391014,0.11572812497615814,0.4291096031665802,,,
1448.0,1449.0,True,presidenta,closeup,-0.0453946590423584,0.5664594173431396,0.2444964051246643,0.004037175327539444,0.024295270442962646,0.06501876562833786,0.027600683271884918,0.041544292122125626,0.14431798458099365,0.448689341545105,,,
1449.0,1450.0,True,presidenta,closeup,0.48088955879211426,0.46934184432029724,0.3136785626411438,0.012257324531674385,0.018552511930465698,0.06613355129957199,0.01927206851541996,0.02205117978155613,0.11141416430473328,0.4366406798362732,,,
1450.0,1451.0,True,presidenta,closeup,0.7584249973297119,0.3536090850830078,0.36608436703681946,0.040089718997478485,0.020237110555171967,0.077851302921772,0.01900991052389145,0.022149361670017242,0.08825847506523132,0.3663197457790375,,,
1451.0,1452.0,True,presidenta,closeup,-0.010128885507583618,0.3862309157848358,0.253292053937912,0.004359082318842411,0.030955955386161804,0.07748707383871078,0.03618025407195091,0.04479508474469185,0.15396249294281006,0.39896801114082336,,,
1452.0,1453.0,True,presidenta,closeup,0.630609393119812,0.6285416483879089,0.23875820636749268,0.05489485338330269,0.013632156886160374,0.06952767074108124,0.015268049202859402,0.0358516126871109,0.11996898800134659,0.4520984888076782,,,
1453.0,1454.0,True,presidenta,closeup,-0.4240254759788513,0.732810378074646,0.13994233310222626,0.0066719818860292435,0.025624819099903107,0.05823513865470886,0.02486884966492653,0.08112506568431854,0.18186555802822113,0.4816662669181824,,,
1454.0,1455.0,True,presidenta,closeup,0.39614444971084595,0.17394056916236877,0.4012438654899597,0.00796468649059534,0.02763119898736477,0.042588476091623306,0.014206076972186565,0.02106587216258049,0.08992699533700943,0.3953728973865509,,,
1455.0,1456.0,True,presidenta,closeup,0.6131696701049805,0.7166918516159058,0.14366471767425537,0.02191837690770626,0.013308177702128887,0.181610107421875,0.03686850517988205,0.051827333867549896,0.19978740811347961,0.3510153889656067,,,
1456.0,1457.0,True,presidenta,closeup,0.6638195514678955,0.46407297253608704,0.15620912611484528,0.02320515550673008,0.025667890906333923,0.14783096313476562,0.05248880758881569,0.04838254302740097,0.18888051807880402,0.3573349416255951,,,
1457.0,1458.0,True,presidenta,closeup,0.5213495492935181,0.553381085395813,0.2094201147556305,0.01526510901749134,0.019305750727653503,0.16162048280239105,0.04256167262792587,0.04640866816043854,0.16276805102825165,0.3426501750946045,,,
1458.0,1459.0,True,presidenta,closeup,0.5634931325912476,0.386265367269516,0.23010534048080444,0.012096039019525051,0.021240033209323883,0.07797455042600632,0.025458134710788727,0.05360885336995125,0.1242607906460762,0.4552563428878784,,,
1459.0,1460.0,True,presidenta,closeup,0.24063706398010254,0.5513914823532104,0.15347619354724884,0.010916692204773426,0.01723289117217064,0.0701914057135582,0.027473026886582375,0.06266995519399643,0.1542282998561859,0.5038115382194519,,,
1460.0,1461.0,True,presidenta,closeup,0.8253313899040222,0.5479530096054077,0.20563577115535736,0.053511958569288254,0.01752212457358837,0.12940147519111633,0.02912113629281521,0.04692382365465164,0.12800005078315735,0.38988369703292847,,,
1461.0,1462.0,True,presidenta,closeup,0.5479576587677002,0.5342255234718323,0.20659193396568298,0.0340169221162796,0.010874100029468536,0.0955810397863388,0.01950850896537304,0.05254058167338371,0.17145982384681702,0.40942710638046265,,,
1462.0,1463.0,True,presidenta,closeup,-0.2135881781578064,0.7315146327018738,0.13283060491085052,0.006303645670413971,0.013640452176332474,0.10898996889591217,0.026258016005158424,0.05590624734759331,0.2312920093536377,0.42477908730506897,,,
1463.0,1464.0,True,presidenta,closeup,0.4961271584033966,0.18288564682006836,0.29174041748046875,0.020133232697844505,0.022341307252645493,0.05385102331638336,0.018103735521435738,0.04171699285507202,0.13873279094696045,0.41338050365448,,,
1464.0,1465.0,True,presidenta,closeup,0.4704058766365051,0.7885357141494751,0.12575273215770721,0.013332893140614033,0.010768501088023186,0.13399547338485718,0.022984011098742485,0.05795462056994438,0.19801065325737,0.43720105290412903,,,
1465.0,1466.0,True,presidenta,closeup,0.49667105078697205,0.7631725072860718,0.1612350344657898,0.02411854825913906,0.012009619735181332,0.1340678185224533,0.025394147261977196,0.03597668558359146,0.13564518094062805,0.47155293822288513,,,
1466.0,1467.0,True,presidenta,closeup,0.4342532455921173,0.6322639584541321,0.18166984617710114,0.024050284177064896,0.021459728479385376,0.10614632815122604,0.027024634182453156,0.03323506936430931,0.15216001868247986,0.454254150390625,,,
1467.0,1468.0,True,presidenta,closeup,0.1389082968235016,0.19682881236076355,0.23181922733783722,0.0037992524448782206,0.046025730669498444,0.05136827751994133,0.02603793703019619,0.03173552826046944,0.13506455719470978,0.4741494655609131,,,
1468.0,1469.0,True,presidenta,closeup,0.8064962029457092,0.2298218309879303,0.27377355098724365,0.034535057842731476,0.028438949957489967,0.10945360362529755,0.023805180564522743,0.03147978335618973,0.12313643842935562,0.37537750601768494,,,
1469.0,1470.0,True,presidenta,closeup,-0.16116300225257874,0.7531956434249878,0.13736937940120697,0.00647721579298377,0.019134076312184334,0.14297540485858917,0.051647964864969254,0.06898782402276993,0.20836573839187622,0.3650423288345337,,,
1470.0,1471.0,True,presidenta,closeup,0.6571382880210876,0.3186044991016388,0.2684471905231476,0.0184219628572464,0.024471525102853775,0.10720599442720413,0.029133496806025505,0.020524997264146805,0.11432268470525742,0.41747212409973145,,,
1471.0,1472.0,True,presidenta,closeup,0.20545119047164917,0.43842071294784546,0.2652220129966736,0.00800714734941721,0.021006103605031967,0.05543025583028793,0.020737748593091965,0.04022514075040817,0.10823734849691391,0.481134295463562,,,
1472.0,1473.0,True,presidenta,closeup,0.3015891909599304,0.641983151435852,0.21346233785152435,0.011547701433300972,0.017985712736845016,0.12729375064373016,0.037208933383226395,0.054553356021642685,0.1896497756242752,0.34829843044281006,,,
1473.0,1474.0,True,presidenta,closeup,0.6930354237556458,0.5906186699867249,0.2752034366130829,0.07179822772741318,0.014059830456972122,0.09655898064374924,0.026873378083109856,0.03173336386680603,0.11286918818950653,0.37090352177619934,,,
1474.0,1475.0,True,presidenta,closeup,0.1678672432899475,0.4192102253437042,0.2452845573425293,0.011016292497515678,0.030690276995301247,0.05600626766681671,0.02374936453998089,0.034039080142974854,0.14162255823612213,0.45759156346321106,,,
1475.0,1476.0,True,presidenta,closeup,0.5451774597167969,0.23242446780204773,0.2958633005619049,0.01546676829457283,0.021548820659518242,0.060878854244947433,0.019218211993575096,0.030480923131108284,0.0949091762304306,0.4616340100765228,,,
1476.0,1477.0,True,presidenta,closeup,0.6055341958999634,0.10378313064575195,0.2909798324108124,0.01600375398993492,0.0300570297986269,0.05535975843667984,0.0184183269739151,0.02457774244248867,0.08941051363945007,0.47519296407699585,,,
1477.0,1478.0,True,presidenta,closeup,0.5361957550048828,0.25963035225868225,0.23477904498577118,0.02180521935224533,0.024752091616392136,0.06699088215827942,0.020567046478390694,0.036768827587366104,0.14817188680171967,0.4461649954319,,,
1478.0,1479.0,True,presidenta,closeup,0.7178481817245483,-0.14338421821594238,0.28708595037460327,0.030172016471624374,0.0354636013507843,0.09074007719755173,0.020953450351953506,0.018342675641179085,0.15572090446949005,0.36152130365371704,,,
1479.0,1480.0,True,presidenta,closeup,0.7629778385162354,-0.18049991130828857,0.261691689491272,0.043678928166627884,0.0347956083714962,0.07959934324026108,0.019721675664186478,0.027751466259360313,0.15493278205394745,0.3778285086154938,,,
1480.0,1481.0,True,presidenta,closeup,0.6191083192825317,-0.05569314956665039,0.2206888049840927,0.014317193068563938,0.050041258335113525,0.07278092205524445,0.02477358840405941,0.03130652382969856,0.17330919206142426,0.41278254985809326,,,
1481.0,1482.0,True,presidenta,closeup,0.6183592081069946,-0.05559307336807251,0.250049889087677,0.028206894174218178,0.04004582390189171,0.06290131062269211,0.020523494109511375,0.029307043179869652,0.1469835638999939,0.42198196053504944,,,
1482.0,1483.0,True,presidenta,closeup,0.49228915572166443,-0.47400397062301636,0.2415701448917389,0.00999716017395258,0.07181448489427567,0.04657085984945297,0.01587791182100773,0.03027910366654396,0.15299192070960999,0.43089842796325684,,,
1483.0,1484.0,True,presidenta,closeup,0.6186635494232178,0.15289536118507385,0.27970588207244873,0.009704593569040298,0.032516393810510635,0.0709686130285263,0.02697598934173584,0.02550416998565197,0.10758408904075623,0.447040319442749,,,
1484.0,1485.0,True,presidenta,closeup,0.34765222668647766,0.6608278751373291,0.1617153137922287,0.009198741987347603,0.0166050735861063,0.1316123753786087,0.032889097929000854,0.059020668268203735,0.1827281266450882,0.4062305986881256,,,
1485.0,1486.0,True,presidenta,closeup,0.7917570471763611,0.6379631757736206,0.21084962785243988,0.04019222781062126,0.01436046976596117,0.12684684991836548,0.030411699786782265,0.031126582995057106,0.12669295072555542,0.4195196032524109,,,
1486.0,1487.0,True,presidenta,closeup,0.653273344039917,0.15144765377044678,0.25881946086883545,0.019864607602357864,0.040110547095537186,0.05621597170829773,0.02322341687977314,0.031426820904016495,0.15771453082561493,0.4126247465610504,,,
1487.0,1488.0,True,presidenta,closeup,0.8121074438095093,-0.39564788341522217,0.28462135791778564,0.021475814282894135,0.054107923060655594,0.06010589748620987,0.02059043198823929,0.03670259565114975,0.11751429736614227,0.40488165616989136,,,
1488.0,1489.0,True,presidenta,closeup,0.48964226245880127,-0.3825063705444336,0.28240081667900085,0.013116216287016869,0.04480104520916939,0.04730965569615364,0.017994441092014313,0.042214132845401764,0.18820582330226898,0.36395788192749023,,,
1489.0,1490.0,True,presidenta,closeup,0.5262348651885986,0.2773391306400299,0.2570393979549408,0.01797732710838318,0.02076810598373413,0.05147845298051834,0.017231754958629608,0.03627011552453041,0.14232341945171356,0.45691144466400146,,,
1490.0,1491.0,True,presidenta,closeup,0.7450025677680969,0.2629232108592987,0.19948966801166534,0.028228066861629486,0.01637037843465805,0.07839599996805191,0.016258440911769867,0.03722817450761795,0.14197252690792084,0.48205676674842834,,,
1491.0,1492.0,True,presidenta,closeup,0.6342025995254517,0.0925840437412262,0.17228782176971436,0.011821754276752472,0.0235968716442585,0.06352387368679047,0.016440877690911293,0.03574109077453613,0.15270182490348816,0.5238858461380005,,,
1492.0,1493.0,True,presidenta,closeup,0.23361921310424805,0.5955243110656738,0.12574753165245056,0.006458147894591093,0.01796778291463852,0.09226574003696442,0.022653382271528244,0.09647733718156815,0.22237209975719452,0.4160579442977905,,,
1493.0,1494.0,True,presidenta,closeup,0.16568544507026672,0.2999550402164459,0.2760576903820038,0.005473892204463482,0.028126899152994156,0.042727530002593994,0.016531962901353836,0.027729690074920654,0.11461806297302246,0.48873424530029297,,,
1494.0,1495.0,True,presidenta,closeup,0.7007707357406616,0.6064895391464233,0.2249334305524826,0.04383103549480438,0.013821185566484928,0.08700812608003616,0.01915016956627369,0.035136494785547256,0.12122796475887299,0.454891562461853,,,
1495.0,1496.0,True,presidenta,closeup,0.3348220884799957,0.3409222364425659,0.23965060710906982,0.047251783311367035,0.026921678334474564,0.04281625151634216,0.019857795909047127,0.05301849916577339,0.1465568244457245,0.42392662167549133,,,
1496.0,1497.0,True,presidenta,closeup,0.5686660408973694,0.42906782031059265,0.27172163128852844,0.03263172134757042,0.022204149514436722,0.059407562017440796,0.019065922126173973,0.04348638653755188,0.10329455137252808,0.4481881260871887,,,
1497.0,1498.0,True,presidenta,closeup,0.3907366991043091,0.3991265296936035,0.2021275758743286,0.017896564677357674,0.02865157648921013,0.08910273760557175,0.023675691336393356,0.03700381889939308,0.1439916491508484,0.45755037665367126,,,
1498.0,1499.0,True,presidenta,closeup,0.6543570756912231,0.6062347888946533,0.204177126288414,0.0336373932659626,0.01588936150074005,0.11772570013999939,0.024152370169758797,0.04265623167157173,0.1373303085565567,0.42443156242370605,,,
1499.0,1500.0,True,presidenta,closeup,-0.06233370304107666,0.8522310256958008,0.08176323771476746,0.003766726003959775,0.013598850928246975,0.13368673622608185,0.032938502728939056,0.08863979578018188,0.3149718642234802,0.33063432574272156,,,
1500.0,1501.0,True,presidenta,closeup,0.3485053479671478,0.2601659595966339,0.21811282634735107,0.007416093721985817,0.036613523960113525,0.047212786972522736,0.026007220149040222,0.040891263633966446,0.14149613678455353,0.4822501242160797,,,
1501.0,1502.0,True,presidenta,closeup,0.6000039577484131,0.3102482855319977,0.33480796217918396,0.01885337196290493,0.020139001309871674,0.04900290444493294,0.016668222844600677,0.030965901911258698,0.08620954304933548,0.4433531165122986,,,
1502.0,1503.0,True,presidenta,closeup,0.7375723123550415,0.32561805844306946,0.35192641615867615,0.04435489699244499,0.031554341316223145,0.04715065658092499,0.01723487488925457,0.023426754400134087,0.08000630140304565,0.4043457508087158,,,
1503.0,1504.0,True,presidenta,closeup,0.6738055944442749,0.6449415683746338,0.2610032856464386,0.05217704176902771,0.012726491317152977,0.07999597489833832,0.019868925213813782,0.035701874643564224,0.09761322289705276,0.4409131407737732,,,
1504.0,1505.0,True,presidenta,closeup,0.4166710674762726,0.39883893728256226,0.24197284877300262,0.016416901722550392,0.04887847974896431,0.0541413277387619,0.032702770084142685,0.03938482329249382,0.1390557736158371,0.4274470806121826,,,
1505.0,1506.0,True,presidenta,closeup,0.35145559906959534,0.16951236128807068,0.3675989806652069,0.008574620820581913,0.026605023071169853,0.04200144484639168,0.0174650140106678,0.039279382675886154,0.10617151856422424,0.392304003238678,,,
1506.0,1507.0,True,presidenta,closeup,0.514777660369873,0.3061554729938507,0.34531623125076294,0.023776734247803688,0.022983493283391,0.06914473325014114,0.021737227216362953,0.03506767377257347,0.1043044701218605,0.37766942381858826,,,
1507.0,1508.0,True,presidenta,closeup,0.6860106587409973,0.3862040936946869,0.2809808552265167,0.03423595428466797,0.0169838834553957,0.061180468648672104,0.01694267801940441,0.03387510031461716,0.10617366433143616,0.44962742924690247,,,
1508.0,1509.0,True,presidenta,closeup,0.3766978979110718,0.4746241569519043,0.24439959228038788,0.017227035015821457,0.013712327927350998,0.05700141564011574,0.013490168377757072,0.04317592829465866,0.11482460796833038,0.4961688816547394,,,
1509.0,1510.0,True,presidenta,closeup,0.8780825734138489,0.22985601425170898,0.3171234726905823,0.1148594468832016,0.01562962308526039,0.05790756642818451,0.01430825050920248,0.024671563878655434,0.07330650091171265,0.38219359517097473,,,
1510.0,1511.0,True,presidenta,closeup,0.6882690787315369,0.36862754821777344,0.22651000320911407,0.03911469876766205,0.014516888186335564,0.09996191412210464,0.022897325456142426,0.03693262115120888,0.11236212402582169,0.44770440459251404,,,
1511.0,1512.0,True,presidenta,closeup,0.801246166229248,0.6482821702957153,0.1950618177652359,0.05843789875507355,0.012734034098684788,0.11292348057031631,0.021389588713645935,0.059838518500328064,0.10178322345018387,0.43783140182495117,,,
1512.0,1513.0,True,presidenta,closeup,0.45093855261802673,0.7409157752990723,0.15021130442619324,0.02224564366042614,0.008742429316043854,0.19694410264492035,0.02422082982957363,0.05699019134044647,0.19086584448814392,0.34977972507476807,,,
1513.0,1514.0,True,presidenta,closeup,0.7631274461746216,0.9033556580543518,0.14094020426273346,0.21810787916183472,0.0033177724108099937,0.0971941277384758,0.013921565376222134,0.0927995890378952,0.09076417237520218,0.34295469522476196,,,
1514.0,1515.0,True,presidenta,closeup,0.7369349002838135,0.38261687755584717,0.2720465064048767,0.04953690245747566,0.013906671665608883,0.09330294281244278,0.01580877974629402,0.03193807229399681,0.10293800383806229,0.4205220639705658,,,
1515.0,1516.0,True,presidenta,closeup,0.5085768103599548,0.47240012884140015,0.2407159060239792,0.018589617684483528,0.01937662623822689,0.055975306779146194,0.019158625975251198,0.04393744096159935,0.11095789074897766,0.49128851294517517,,,
1516.0,1517.0,True,presidenta,closeup,0.38163280487060547,0.6421428918838501,0.2255915254354477,0.011791051365435123,0.012695370241999626,0.10116034001111984,0.02314762957394123,0.04422382265329361,0.13878844678401947,0.44260174036026,,,
1517.0,1518.0,True,presidenta,closeup,0.05380532145500183,0.3655732572078705,0.2709154486656189,0.007454368285834789,0.0200191643089056,0.04792892932891846,0.01644917204976082,0.05150953307747841,0.11902134120464325,0.46670210361480713,,,
1518.0,1519.0,True,presidenta,closeup,0.8480814695358276,0.2992596924304962,0.2926858067512512,0.035982176661491394,0.019283322617411613,0.08392669260501862,0.019048098474740982,0.026744427159428596,0.10979361087083817,0.4125359356403351,,,
1519.0,1520.0,True,presidenta,closeup,0.5065373778343201,0.5032596588134766,0.25180378556251526,0.025293907150626183,0.015563230030238628,0.09272977709770203,0.02360464818775654,0.04065399244427681,0.11424455046653748,0.4361060857772827,,,
1520.0,1521.0,True,presidenta,closeup,-0.2941529452800751,0.49444082379341125,0.13042013347148895,0.015554619953036308,0.13774269819259644,0.04145723208785057,0.046348828822374344,0.03398463875055313,0.22432641685009003,0.3701654374599457,,,
1521.0,1522.0,True,presidenta,closeup,-0.29108715057373047,0.6793828010559082,0.16024379432201385,0.005357212852686644,0.033305831253528595,0.09237275272607803,0.03521345183253288,0.05783534795045853,0.263895183801651,0.3517765402793884,,,
1522.0,1523.0,True,presidenta,closeup,-0.1462039351463318,0.7975290417671204,0.16839759051799774,0.0035129489842802286,0.011148584075272083,0.12246549129486084,0.03009970299899578,0.04307117685675621,0.17134827375411987,0.4499562382698059,,,
1523.0,1524.0,True,presidenta,closeup,0.3192625939846039,0.4463467299938202,0.2671957015991211,0.012421967461705208,0.023783866316080093,0.04955829679965973,0.019919760525226593,0.03503609821200371,0.11143004894256592,0.48065420985221863,,,
1524.0,1525.0,True,presidenta,closeup,0.7271486520767212,0.2778252363204956,0.25605106353759766,0.02143629640340805,0.023295920342206955,0.05582376942038536,0.018448928371071815,0.029119139537215233,0.08561975508928299,0.5102051496505737,,,
1525.0,1526.0,True,presidenta,closeup,-0.31194132566452026,0.22171345353126526,0.19729191064834595,0.0020761527121067047,0.05735684558749199,0.024022605270147324,0.02044336497783661,0.03655800223350525,0.11760115623474121,0.5446500182151794,,,
1526.0,1527.0,True,presidenta,closeup,0.5642451643943787,0.4467029273509979,0.31453877687454224,0.017663121223449707,0.0168028362095356,0.054279908537864685,0.016842126846313477,0.03331371769309044,0.11424429714679718,0.4323152005672455,,,
1527.0,1528.0,True,presidenta,closeup,0.20597389340400696,0.2358487844467163,0.30270180106163025,0.007707394193857908,0.031008072197437286,0.04167100042104721,0.020867785438895226,0.04610716924071312,0.09596165269613266,0.45397520065307617,,,
1528.0,1529.0,True,presidenta,closeup,0.2525818645954132,0.2697475254535675,0.2381811887025833,0.010951856151223183,0.018909726291894913,0.06065070629119873,0.020820941776037216,0.045388516038656235,0.13697801530361176,0.4681190848350525,,,
1529.0,1530.0,True,presidenta,closeup,0.5287428498268127,0.6233692169189453,0.19784285128116608,0.03016393445432186,0.010365561582148075,0.09735431522130966,0.02113710343837738,0.06438600271940231,0.145741805434227,0.43300843238830566,,,
1530.0,1531.0,True,presidenta,closeup,0.7585846185684204,0.6015790104866028,0.15697717666625977,0.039775338023900986,0.011562012135982513,0.11061441898345947,0.019204936921596527,0.0458967387676239,0.13898350298404694,0.47698578238487244,,,
1531.0,1532.0,True,presidenta,closeup,0.599128007888794,0.6935778856277466,0.1877513974905014,0.0420135073363781,0.009366094134747982,0.0961001068353653,0.016224117949604988,0.03539849445223808,0.16470253467559814,0.44844377040863037,,,
1532.0,1533.0,True,presidenta,closeup,0.4866640269756317,0.3132120668888092,0.3227963447570801,0.009355894289910793,0.018017791211605072,0.049628257751464844,0.013867988251149654,0.03496802598237991,0.11330656707286835,0.43805912137031555,,,
1533.0,1534.0,True,presidenta,closeup,0.14299237728118896,0.2814938724040985,0.2948284447193146,0.005605034530162811,0.01916155032813549,0.042151935398578644,0.01276806928217411,0.03009677305817604,0.1337762475013733,0.46161195635795593,,,
1534.0,1535.0,True,presidenta,closeup,0.4041560888290405,0.3658658564090729,0.2803190350532532,0.024496622383594513,0.012627345509827137,0.0728149488568306,0.015761850401759148,0.03912147507071495,0.13858310878276825,0.41627562046051025,,,
1535.0,1536.0,True,presidenta,closeup,0.40595778822898865,0.40166765451431274,0.28103384375572205,0.01940135844051838,0.015227647498250008,0.05588126927614212,0.01684599556028843,0.03846396505832672,0.1313345730304718,0.44181132316589355,,,
1536.0,1537.0,True,presidenta,closeup,0.18121781945228577,0.45743849873542786,0.200067400932312,0.009755040518939495,0.021521711722016335,0.07286961376667023,0.02014927566051483,0.04357573762536049,0.21823325753211975,0.4138279855251312,,,
1537.0,1538.0,True,presidenta,closeup,0.4279232919216156,0.5618540048599243,0.12411923706531525,0.019291555508971214,0.0234332624822855,0.1058058813214302,0.030746666714549065,0.08356288075447083,0.2331545352935791,0.3798859715461731,,,
1538.0,1539.0,True,presidenta,closeup,0.5416921377182007,0.2064552903175354,0.17113973200321198,0.010407893918454647,0.04277295991778374,0.08482123911380768,0.02924356237053871,0.05736944451928139,0.19122867286205292,0.41301649808883667,,,
1539.0,1540.0,True,presidenta,closeup,0.01477968692779541,0.7724002599716187,0.18307746946811676,0.005618509370833635,0.01363113522529602,0.17801697552204132,0.03977734595537186,0.042535390704870224,0.22105354070663452,0.31628963351249695,,,
1540.0,1541.0,True,presidenta,closeup,0.4084561765193939,0.5098477602005005,0.1899600625038147,0.01078839972615242,0.027658527716994286,0.08872175961732864,0.03185087814927101,0.04097399115562439,0.18642185628414154,0.4236244559288025,,,
1541.0,1542.0,True,presidenta,closeup,0.4670586585998535,0.5903375744819641,0.13051703572273254,0.01590542495250702,0.013123815879225731,0.13079103827476501,0.021859722211956978,0.06921707093715668,0.20037928223609924,0.4182065725326538,,,
1542.0,1543.0,True,presidenta,closeup,0.2564547061920166,0.17648017406463623,0.2526432275772095,0.0062644327990710735,0.051759615540504456,0.04920608177781105,0.02627425640821457,0.03682928532361984,0.1632590889930725,0.4137640595436096,,,
1543.0,1544.0,True,presidenta,closeup,0.4884294271469116,0.5287715196609497,0.291791707277298,0.012589811347424984,0.013739921152591705,0.049207694828510284,0.014547931030392647,0.028896277770400047,0.10125169903039932,0.48797503113746643,,,
1544.0,1545.0,True,presidenta,closeup,0.6544402837753296,0.12627968192100525,0.2896508276462555,0.019728731364011765,0.02650926262140274,0.047430913895368576,0.02028794214129448,0.028469866141676903,0.09452619403600693,0.47339630126953125,,,
1545.0,1546.0,True,presidenta,closeup,0.5852053761482239,0.0742466151714325,0.2663615942001343,0.00782207865267992,0.03378898277878761,0.04273444041609764,0.021083248779177666,0.02818845957517624,0.08013972640037537,0.5198814868927002,,,
1546.0,1547.0,True,presidenta,closeup,0.4537762403488159,-0.018334031105041504,0.30460071563720703,0.007300878409296274,0.02667911723256111,0.029856620356440544,0.013365454040467739,0.026243025436997414,0.07727169245481491,0.5146825313568115,,,
1547.0,1548.0,True,presidenta,closeup,0.3284394443035126,0.29008305072784424,0.20849134027957916,0.0066354526206851006,0.02964324876666069,0.07874938100576401,0.02670484036207199,0.035080429166555405,0.1689438670873642,0.4457513988018036,,,
1548.0,1549.0,True,presidenta,closeup,0.5677611827850342,0.5753839015960693,0.22821147739887238,0.011102305725216866,0.020273491740226746,0.09276947379112244,0.020771462470293045,0.02642170712351799,0.11723002046346664,0.48322004079818726,,,
1549.0,1550.0,True,presidenta,closeup,0.6360965371131897,0.5175310969352722,0.25968635082244873,0.02111169509589672,0.030866866931319237,0.06230540946125984,0.022350428625941277,0.024825487285852432,0.10577474534511566,0.47307896614074707,,,
1550.0,1551.0,True,presidenta,closeup,0.8219255208969116,0.48401176929473877,0.2735190987586975,0.050846271216869354,0.012452276423573494,0.1293283849954605,0.024772565811872482,0.03832617029547691,0.10454680025577545,0.36620837450027466,,,
1551.0,1552.0,True,presidenta,closeup,0.3510648310184479,0.2074267864227295,0.3506281077861786,0.008143201470375061,0.017995471134781837,0.04602809250354767,0.015062237158417702,0.029108518734574318,0.12733614444732666,0.4056982398033142,,,
1552.0,1553.0,True,presidenta,closeup,0.427496075630188,0.4012632668018341,0.21599535644054413,0.00715103093534708,0.0319262333214283,0.07360979169607162,0.022234631702303886,0.03577097877860069,0.16697436571121216,0.44633758068084717,,,
1553.0,1554.0,True,presidenta,closeup,0.8434571623802185,-0.22821584343910217,0.2761496305465698,0.049134597182273865,0.034644804894924164,0.059957895427942276,0.01705203764140606,0.02053990587592125,0.13801826536655426,0.4045027792453766,,,
1554.0,1555.0,True,presidenta,closeup,0.6697744727134705,0.35413822531700134,0.3030688762664795,0.02772573195397854,0.026692185550928116,0.08674837648868561,0.024795880541205406,0.03512748330831528,0.10895287245512009,0.38688865303993225,,,
1555.0,1556.0,True,presidenta,closeup,0.470008909702301,0.4727894067764282,0.22416484355926514,0.00990896113216877,0.015679867938160896,0.06311780959367752,0.016594862565398216,0.026557033881545067,0.10911107063293457,0.5348655581474304,,,
1556.0,1557.0,True,presidenta,closeup,0.7302799224853516,0.1825357973575592,0.2775178551673889,0.01812616176903248,0.02413269877433777,0.05917275696992874,0.01472712866961956,0.02599683590233326,0.0896076038479805,0.4907189607620239,,,
1557.0,1558.0,True,presidenta,closeup,0.5054843425750732,0.17150521278381348,0.15125811100006104,0.012840011157095432,0.019311586394906044,0.06449475884437561,0.015174089930951595,0.06060667335987091,0.1416870802640915,0.5346276164054871,,,
1558.0,1559.0,True,presidenta,closeup,0.6761977672576904,0.021178394556045532,0.2691112160682678,0.021166207268834114,0.033758342266082764,0.07845195382833481,0.022822659462690353,0.02498721331357956,0.17478284239768982,0.374919593334198,,,
1559.0,1560.0,True,presidenta,closeup,0.3064638376235962,0.5936182737350464,0.2752557098865509,0.010201584547758102,0.01650657132267952,0.09330202639102936,0.024615412577986717,0.026861196383833885,0.1431581676006317,0.4100992977619171,,,
1560.0,1561.0,True,presidenta,closeup,0.16689789295196533,0.5507463216781616,0.1838860660791397,0.011560165323317051,0.015096469782292843,0.1097387969493866,0.024960335344076157,0.04919232800602913,0.14816300570964813,0.45740288496017456,,,
1561.0,1562.0,True,presidenta,closeup,0.535944402217865,0.5842976570129395,0.2337017059326172,0.024393612518906593,0.011579376645386219,0.12202420085668564,0.02130238525569439,0.03382478281855583,0.13554681837558746,0.41762712597846985,,,
1562.0,1563.0,True,presidenta,closeup,0.39209580421447754,0.5402697920799255,0.25430959463119507,0.02380252815783024,0.01520069781690836,0.06806045025587082,0.02142130583524704,0.04546591639518738,0.14231137931346893,0.4294281303882599,,,
1563.0,1564.0,True,presidenta,closeup,0.3696835935115814,0.5521256327629089,0.21299885213375092,0.019878294318914413,0.01654735766351223,0.10316751152276993,0.025184141471982002,0.053810831159353256,0.16773775219917297,0.4006752669811249,,,
1564.0,1565.0,True,presidenta,closeup,0.31663787364959717,0.2066214382648468,0.2783672511577606,0.009146947413682938,0.028413016349077225,0.06219739466905594,0.019027763977646828,0.0400705449283123,0.12387685477733612,0.4389002323150635,,,
1565.0,1566.0,True,presidenta,closeup,0.5331673622131348,0.17140361666679382,0.2417832911014557,0.01331870537251234,0.025671985000371933,0.0667392835021019,0.02107003517448902,0.041944630444049835,0.1316903829574585,0.4577816426753998,,,
1566.0,1567.0,True,presidenta,closeup,0.8606212139129639,0.4856738746166229,0.24779778718948364,0.15808817744255066,0.013139736838638783,0.09095555543899536,0.014589783735573292,0.03495271876454353,0.11996221542358398,0.3205139636993408,,,
1567.0,1568.0,True,presidenta,closeup,0.8536420464515686,0.613667905330658,0.21997830271720886,0.24035295844078064,0.008052301593124866,0.08228396624326706,0.013532218523323536,0.03427882492542267,0.10135430097579956,0.30016714334487915,,,
1568.0,1569.0,True,presidenta,closeup,0.33919665217399597,0.6502169370651245,0.14285120368003845,0.007509799208492041,0.013353287242352962,0.13888275623321533,0.021340161561965942,0.06343775987625122,0.21837805211544037,0.3942469358444214,,,
1569.0,1570.0,True,presidenta,closeup,0.16964662075042725,0.30057084560394287,0.17951229214668274,0.008080272004008293,0.018691012635827065,0.05087513104081154,0.013157626613974571,0.04313473030924797,0.15425823628902435,0.5322906374931335,,,
1570.0,1571.0,True,presidenta,closeup,-0.08097660541534424,0.2821086645126343,0.2147594392299652,0.004147845786064863,0.04555734992027283,0.029256237670779228,0.016503147780895233,0.04838591814041138,0.1179003193974495,0.523489773273468,,,
1571.0,1572.0,True,presidenta,closeup,0.27718284726142883,0.6552863121032715,0.19248206913471222,0.011635545641183853,0.010759858414530754,0.10237941890954971,0.0219599399715662,0.05374982953071594,0.16645769774913788,0.44057565927505493,,,
1572.0,1573.0,True,presidenta,closeup,0.7650877833366394,0.18370544910430908,0.2944880425930023,0.0344155989587307,0.0209098681807518,0.04968569055199623,0.016403542831540108,0.03540206328034401,0.1053166463971138,0.4433785080909729,,,
1573.0,1574.0,True,presidenta,closeup,0.8359070420265198,0.31550267338752747,0.29362478852272034,0.05337899550795555,0.022934408858418465,0.07140875607728958,0.01928379386663437,0.02504950761795044,0.11235781759023666,0.40196189284324646,,,
1574.0,1575.0,True,presidenta,closeup,0.2650320529937744,0.1573493778705597,0.29890790581703186,0.008992081508040428,0.03862153738737106,0.02864251658320427,0.013908910565078259,0.04114868864417076,0.11952287703752518,0.450255423784256,,,
1575.0,1576.0,True,presidenta,closeup,0.6480523347854614,0.5258513689041138,0.3890226483345032,0.03199267014861107,0.015862686559557915,0.03398223966360092,0.011785606853663921,0.03101048432290554,0.07714399695396423,0.40919968485832214,,,
1576.0,1577.0,True,presidenta,closeup,0.8356705904006958,-0.0739324688911438,0.4237438440322876,0.0385066419839859,0.02169252745807171,0.0389523059129715,0.012102576903998852,0.017819205299019814,0.09087368845939636,0.356309175491333,,,
1577.0,1578.0,True,otro,closeup,-0.6030943393707275,0.8267092704772949,0.1518387496471405,0.006578129716217518,0.007898138836026192,0.024844856932759285,0.017127444967627525,0.09272882342338562,0.24606385827064514,0.45292001962661743,,,
1578.0,1579.0,True,otro,closeup,-0.05081254243850708,0.8380851745605469,0.2562949061393738,0.04569850116968155,0.009495648555457592,0.033288151025772095,0.02098112180829048,0.07373879849910736,0.17975302040576935,0.3807498812675476,,,
1579.0,1580.0,True,otro,closeup,0.4456656873226166,0.8110054731369019,0.26003462076187134,0.10991139709949493,0.006481454707682133,0.03965326398611069,0.013472231104969978,0.04902181029319763,0.14378346502780914,0.3776417672634125,,,
1580.0,1581.0,True,otro,closeup,0.6265140771865845,0.7992227673530579,0.231525257229805,0.1660729944705963,0.004809781908988953,0.04114348441362381,0.012725506909191608,0.0391053780913353,0.12842144072055817,0.37619614601135254,,,
1581.0,1582.0,True,otro,closeup,0.4302521049976349,0.4765815734863281,0.09971634298563004,0.019615812227129936,0.004097579978406429,0.14835180342197418,0.02580452151596546,0.10284765064716339,0.36436620354652405,0.23520001769065857,,,
1582.0,1583.0,True,otro,closeup,0.5896411538124084,0.02328115701675415,0.061538662761449814,0.05987102538347244,0.006084474269300699,0.258374959230423,0.03200279176235199,0.07079710811376572,0.30328792333602905,0.20804297924041748,,,
1583.0,1584.0,True,otro,closeup,0.6657607555389404,0.36678245663642883,0.06380404531955719,0.07418372482061386,0.0039005172438919544,0.24009431898593903,0.014575023204088211,0.0638769194483757,0.2759294807910919,0.2636359632015228,,,
1584.0,1585.0,True,otro,closeup,0.17814624309539795,0.43431356549263,0.11768024414777756,0.013533588498830795,0.004877561703324318,0.14133107662200928,0.018933653831481934,0.12589779496192932,0.3219563961029053,0.2557896673679352,,,
1585.0,1586.0,True,otro,closeup,0.3374289274215698,-0.29048478603363037,0.10813139379024506,0.0166644174605608,0.006491838023066521,0.16391678154468536,0.020418312400579453,0.12462237477302551,0.2980937659740448,0.2616611421108246,,,
1586.0,1587.0,True,otro,closeup,0.3111889064311981,0.413987934589386,0.1344035118818283,0.009228606708347797,0.005615066271275282,0.08103493601083755,0.014604083262383938,0.12697963416576385,0.2276069074869156,0.4005272090435028,,,
1587.0,1588.0,True,otro,closeup,0.1842503845691681,0.4094208776950836,0.12564939260482788,0.012374616228044033,0.006403463892638683,0.09238072484731674,0.01173165999352932,0.1593771129846573,0.2735942006111145,0.31848880648612976,,,
1588.0,1589.0,True,otro,closeup,0.1919056475162506,0.3056119680404663,0.08048801869153976,0.012308784760534763,0.0050025093369185925,0.1662084013223648,0.0161063801497221,0.13221697509288788,0.2939183712005615,0.2937505543231964,,,
1589.0,1590.0,True,otro,closeup,-0.19989332556724548,0.6503393650054932,0.07092802971601486,0.004878660663962364,0.0047766100615262985,0.11729102581739426,0.013507076539099216,0.17576803267002106,0.31446927785873413,0.29838132858276367,,,
1590.0,1591.0,True,otro,closeup,0.4458704888820648,0.6848692297935486,0.0794917643070221,0.03589727357029915,0.0032182191498577595,0.12535876035690308,0.009937009774148464,0.1625814437866211,0.26359787583351135,0.3199176490306854,,,
1591.0,1592.0,True,otro,closeup,0.18895354866981506,0.14580214023590088,0.105483777821064,0.007681111805140972,0.006957661360502243,0.1484321653842926,0.024071959778666496,0.1011359691619873,0.31759312748908997,0.2886441946029663,,,
1592.0,1593.0,True,otro,closeup,0.6635976433753967,0.18434715270996094,0.10301195830106735,0.026934711262583733,0.005682551767677069,0.14030376076698303,0.01067375298589468,0.0851895660161972,0.28272920846939087,0.3454744219779968,,,
1593.0,1594.0,True,otro,closeup,0.06117284297943115,0.5278224945068359,0.07412565499544144,0.008171343244612217,0.004344335291534662,0.12831959128379822,0.01695391722023487,0.13756956160068512,0.3648345172405243,0.26568105816841125,,,
1594.0,1595.0,True,otro,closeup,0.4005129039287567,0.5563418865203857,0.09261227399110794,0.01603117771446705,0.003383725183084607,0.16272975504398346,0.024217024445533752,0.09953657537698746,0.3159617781639099,0.2855277359485626,,,
1595.0,1596.0,True,otro,closeup,0.3657035827636719,0.1508023738861084,0.12108541280031204,0.019005412235856056,0.006470902822911739,0.0801340714097023,0.012710953131318092,0.0822734385728836,0.2957783341407776,0.3825415372848511,,,
1596.0,1597.0,True,otro,closeup,-0.06603485345840454,0.3782230615615845,0.10460511595010757,0.0051727681420743465,0.005663628224283457,0.09516994655132294,0.01737632043659687,0.10741408169269562,0.2895263731479645,0.37507182359695435,,,
1597.0,1598.0,True,otro,closeup,0.06632542610168457,0.22500145435333252,0.07245013862848282,0.00966798048466444,0.007420344743877649,0.12033610045909882,0.01416538655757904,0.12636998295783997,0.2764267921447754,0.3731631934642792,,,
1598.0,1599.0,True,otro,closeup,-0.10094049572944641,0.26309847831726074,0.08659613132476807,0.007438296917825937,0.00855050515383482,0.10353560000658035,0.016766607761383057,0.10286536812782288,0.33121219277381897,0.34303534030914307,,,
1599.0,1600.0,True,otro,closeup,0.5766105651855469,0.6026596426963806,0.10014969110488892,0.019864341244101524,0.0023885637056082487,0.15850932896137238,0.013584183529019356,0.1153954342007637,0.2359803020954132,0.3541281521320343,,,
1600.0,1601.0,True,otro,closeup,-0.04239162802696228,0.22773942351341248,0.08135330677032471,0.007082918658852577,0.006247790530323982,0.09392640739679337,0.012542788870632648,0.13846544921398163,0.35396242141723633,0.3064189553260803,,,
1601.0,1602.0,True,otro,closeup,0.03210341930389404,0.726791262626648,0.07235842198133469,0.011001079343259335,0.0035113543272018433,0.13009792566299438,0.012565065175294876,0.16852806508541107,0.30355337262153625,0.2983846962451935,,,
1602.0,1603.0,True,otro,closeup,0.43820878863334656,0.12454026937484741,0.10401656478643417,0.03262334316968918,0.0046292999759316444,0.11151093244552612,0.009052956476807594,0.11292387545108795,0.27781587839126587,0.34742721915245056,,,
1603.0,1604.0,True,otro,closeup,0.27179059386253357,0.6277772188186646,0.06582821160554886,0.02279239147901535,0.0039414307102561,0.1378450095653534,0.012792562134563923,0.20072057843208313,0.252895325422287,0.30318453907966614,,,
1604.0,1605.0,True,otro,closeup,0.10577639937400818,0.7313777208328247,0.04497229680418968,0.015682928264141083,0.0029637692496180534,0.13467536866664886,0.012104482389986515,0.22583989799022675,0.27215445041656494,0.2916067838668823,,,
1605.0,1606.0,True,otro,closeup,0.5368483066558838,0.6034030914306641,0.06546492129564285,0.0319824181497097,0.002917544450610876,0.21359607577323914,0.013256317935883999,0.08405284583568573,0.29869627952575684,0.29003360867500305,,,
1606.0,1607.0,True,otro,closeup,0.13002514839172363,0.41629767417907715,0.03964179754257202,0.019528234377503395,0.006116090342402458,0.23112890124320984,0.026394236832857132,0.10475748777389526,0.32702845335006714,0.24540479481220245,,,
1607.0,1608.0,True,otro,closeup,-0.02336174249649048,-0.05782771110534668,0.08563918620347977,0.006556282285600901,0.010176070034503937,0.14880503714084625,0.026603437960147858,0.10813941806554794,0.34156474471092224,0.27251583337783813,,,
1608.0,1609.0,True,otro,closeup,0.34719255566596985,0.24785545468330383,0.07084749639034271,0.022786134853959084,0.0066099148243665695,0.19997704029083252,0.031250931322574615,0.10782582312822342,0.2990139126777649,0.26168879866600037,,,
1609.0,1610.0,True,otro,closeup,0.19587936997413635,-0.7674431800842285,0.12742675840854645,0.015246659517288208,0.014684777706861496,0.11397509276866913,0.01963096112012863,0.136286661028862,0.2465534210205078,0.32619568705558777,,,
1610.0,1611.0,True,otro,closeup,0.22610077261924744,-0.3047449588775635,0.12985651195049286,0.012418469414114952,0.012880266644060612,0.06453081220388412,0.02101273462176323,0.10634299367666245,0.32272544503211975,0.33023279905319214,,,
1611.0,1612.0,True,otro,closeup,-0.2246795892715454,0.4481262266635895,0.07446358352899551,0.005544941406697035,0.005043329671025276,0.07381423562765121,0.01992899738252163,0.24198667705059052,0.3285697102546692,0.25064846873283386,,,
1612.0,1613.0,True,otro,closeup,0.21763378381729126,0.2851339280605316,0.09256467968225479,0.01177254319190979,0.00688670901581645,0.15237456560134888,0.03356001898646355,0.10908053815364838,0.35970208048820496,0.23405882716178894,,,
1613.0,1614.0,True,otro,closeup,0.6123191118240356,-0.6171489953994751,0.10975014418363571,0.03501054272055626,0.008676848374307156,0.18901431560516357,0.01735580526292324,0.09301725029945374,0.26604828238487244,0.28112679719924927,,,
1614.0,1615.0,True,otro,closeup,-0.07938432693481445,-0.7368789911270142,0.10900137573480606,0.0066248332150280476,0.01989074982702732,0.0873197615146637,0.027048002928495407,0.10085685551166534,0.38128796219825745,0.26797041296958923,,,
1615.0,1616.0,True,otro,closeup,0.44937536120414734,-0.955842137336731,0.18567436933517456,0.016181722283363342,0.04733007773756981,0.0627405047416687,0.014843958429992199,0.044852904975414276,0.2885408103466034,0.3398357033729553,,,
1616.0,1617.0,True,otro,closeup,0.007291197776794434,-0.07486423850059509,0.07900216430425644,0.016456594690680504,0.009393623098731041,0.10706954449415207,0.019410720095038414,0.16187135875225067,0.3217710852622986,0.2850249707698822,,,
1617.0,1618.0,True,otro,closeup,0.26753607392311096,-0.7608070969581604,0.11880647391080856,0.016038576140999794,0.02091512270271778,0.09864024072885513,0.027818923816084862,0.08725141733884811,0.3280541002750397,0.30247509479522705,,,
1618.0,1619.0,True,otro,closeup,0.7279314398765564,0.4925937056541443,0.0944453701376915,0.06809018552303314,0.004237448796629906,0.17227353155612946,0.01924969255924225,0.09328123927116394,0.2660738527774811,0.28234872221946716,,,
1619.0,1620.0,True,otro,closeup,0.45084071159362793,0.8147650361061096,0.06466809660196304,0.047727301716804504,0.002458254573866725,0.16511136293411255,0.01469628419727087,0.13354851305484772,0.3185073435306549,0.25328290462493896,,,
1620.0,1621.0,True,otro,closeup,0.8448776602745056,0.4211934506893158,0.12414946407079697,0.09239643812179565,0.004060801118612289,0.21064548194408417,0.021941618993878365,0.0732385516166687,0.21876776218414307,0.25479987263679504,,,
1621.0,1622.0,True,otro,closeup,0.44327569007873535,0.7528625726699829,0.06434030085802078,0.035898029804229736,0.0032099939417093992,0.1427641212940216,0.018357018008828163,0.16981035470962524,0.3274741768836975,0.23814599215984344,,,
1622.0,1623.0,True,otro,closeup,-0.21035334467887878,0.5590772032737732,0.06256332993507385,0.006293062120676041,0.005102509167045355,0.09841711074113846,0.02062450721859932,0.2023613601922989,0.3511984050273895,0.253439724445343,,,
1623.0,1624.0,True,otro,closeup,-0.2056311070919037,0.6182481050491333,0.07406473159790039,0.004918116610497236,0.004909337963908911,0.10897613316774368,0.014226950705051422,0.17755958437919617,0.3200055658817291,0.29533958435058594,,,
1624.0,1625.0,True,otro,closeup,-0.20758166909217834,0.744088351726532,0.06971144676208496,0.00492539769038558,0.004357788246124983,0.13375963270664215,0.017145676538348198,0.18014921247959137,0.29049205780029297,0.29945871233940125,,,
1625.0,1626.0,True,otro,closeup,0.19663357734680176,0.6574438214302063,0.07096993923187256,0.010182984173297882,0.0028166051488369703,0.2500854432582855,0.022487007081508636,0.11778002232313156,0.28390440344810486,0.2417735755443573,,,
1626.0,1627.0,True,otro,closeup,0.40538647770881653,0.5851048827171326,0.06490479409694672,0.02497408352792263,0.002868481446057558,0.128455251455307,0.01601538620889187,0.2062896192073822,0.3209267556667328,0.2355656772851944,,,
1627.0,1628.0,True,otro,closeup,0.6144504547119141,0.8780540227890015,0.04251378774642944,0.16192983090877533,0.001512836548499763,0.1621522158384323,0.023727338761091232,0.16985918581485748,0.2986898720264435,0.1396149843931198,,,
1628.0,1629.0,True,presidenta,closeup,0.3784118592739105,0.3883206844329834,0.24305422604084015,0.006982762366533279,0.023987799882888794,0.0874023586511612,0.03232641890645027,0.05189818888902664,0.19436237215995789,0.35998591780662537,,,
1629.0,1630.0,True,presidenta,closeup,0.19286605715751648,0.14910590648651123,0.1698804348707199,0.009029214270412922,0.029149707406759262,0.06991751492023468,0.024616902694106102,0.05850711092352867,0.23101359605789185,0.40788552165031433,,,
1630.0,1631.0,True,presidenta,closeup,0.02402031421661377,0.4218055307865143,0.17420610785484314,0.010015089064836502,0.042023248970508575,0.04251592978835106,0.022366417571902275,0.04915237054228783,0.19824092090129852,0.46147990226745605,,,
1631.0,1632.0,True,presidenta,closeup,-0.048106223344802856,0.5378873944282532,0.12938255071640015,0.00755470572039485,0.02981496788561344,0.0753553956747055,0.023100735619664192,0.06000499054789543,0.2808184325695038,0.39396822452545166,,,
1632.0,1633.0,False,,wide,,,,,,,,,,,,,
1633.0,1634.0,True,presidenta,closeup,0.5823200941085815,0.5970616340637207,0.19719156622886658,0.03016665019094944,0.01790355145931244,0.11722788959741592,0.026789801195263863,0.05686644837260246,0.22259612381458282,0.3312579095363617,,,
1634.0,1635.0,True,presidenta,closeup,0.5294078588485718,0.5736618041992188,0.2591874897480011,0.021623967215418816,0.01694450154900551,0.11852803826332092,0.025943079963326454,0.041128672659397125,0.13871321082115173,0.37793099880218506,,,
1635.0,1636.0,True,presidenta,closeup,0.7785026431083679,0.2428727149963379,0.3899572491645813,0.026150982826948166,0.02454938367009163,0.05166768655180931,0.01882450468838215,0.02406998537480831,0.088349848985672,0.37643033266067505,,,
1636.0,1637.0,True,presidenta,closeup,0.26563626527786255,0.26310962438583374,0.29815801978111267,0.00854660663753748,0.04228479042649269,0.06663243472576141,0.029656890779733658,0.036225952208042145,0.11796421557664871,0.400531142950058,,,
1637.0,1638.0,True,presidenta,closeup,0.0020747482776641846,0.5604562759399414,0.09451951086521149,0.006116875447332859,0.014633199200034142,0.20293201506137848,0.03343333303928375,0.04061967879533768,0.2894507050514221,0.3182946741580963,,,
1638.0,1639.0,True,presidenta,closeup,0.7388513088226318,0.5994545221328735,0.2837667167186737,0.04199513792991638,0.01860160008072853,0.08815609663724899,0.022006090730428696,0.03390025347471237,0.11749780178070068,0.39407631754875183,,,
1639.0,1640.0,True,presidenta,closeup,0.6353570222854614,0.3613893687725067,0.2974914312362671,0.01607191376388073,0.026109084486961365,0.06497388333082199,0.020176826044917107,0.03320978954434395,0.10248176753520966,0.43948525190353394,,,
1640.0,1641.0,True,presidenta,closeup,0.5695082545280457,0.22806379199028015,0.356749027967453,0.0121031254529953,0.03334176540374756,0.052604932337999344,0.021222775802016258,0.027230137959122658,0.09304606169462204,0.40370216965675354,,,
1641.0,1642.0,True,presidenta,closeup,0.46791473031044006,0.4155387580394745,0.31435659527778625,0.012069059535861015,0.020601481199264526,0.07500538229942322,0.025655090808868408,0.034121476113796234,0.10187984257936478,0.4163110554218292,,,
1642.0,1643.0,True,presidenta,closeup,0.8529648184776306,0.42456498742103577,0.22442938387393951,0.15693147480487823,0.009663146920502186,0.08115484565496445,0.012118375860154629,0.03700922057032585,0.09457041323184967,0.38412314653396606,,,
1643.0,1644.0,True,presidenta,closeup,0.03115484118461609,0.22839805483818054,0.24236753582954407,0.00730157969519496,0.017853040248155594,0.06243005767464638,0.01532156951725483,0.04758654534816742,0.1848773956298828,0.42226216197013855,,,
1644.0,1645.0,True,presidenta,closeup,0.46038568019866943,0.3629259765148163,0.25907188653945923,0.029942110180854797,0.013031530193984509,0.05781408026814461,0.013575203716754913,0.04937847703695297,0.12506987154483795,0.45211687684059143,,,
1645.0,1646.0,True,presidenta,closeup,0.292324423789978,0.41574934124946594,0.23146314918994904,0.013970335014164448,0.01141008734703064,0.049781445413827896,0.013439393602311611,0.052422840148210526,0.11086411774158478,0.5166486501693726,,,
1646.0,1647.0,True,presidenta,closeup,0.5276641249656677,-0.1450408697128296,0.3016449511051178,0.0188280139118433,0.01850396953523159,0.04237737879157066,0.008026616647839546,0.03236986696720123,0.15271790325641632,0.4255312383174896,,,
1647.0,1648.0,True,presidenta,closeup,0.41174113750457764,-0.03655669093132019,0.30504342913627625,0.008448624052107334,0.02070876769721508,0.07436182349920273,0.014396018348634243,0.017242969945073128,0.18625549972057343,0.3735428750514984,,,
1648.0,1649.0,True,presidenta,closeup,0.5683192014694214,0.4129225015640259,0.18086941540241241,0.0471910685300827,0.02199574187397957,0.13666391372680664,0.02424926869571209,0.04588951915502548,0.24578097462654114,0.2973601222038269,,,
1649.0,1650.0,True,presidenta,closeup,0.47205671668052673,0.07358789443969727,0.3210360109806061,0.010490047745406628,0.02320854552090168,0.048292286694049835,0.016899794340133667,0.03502617031335831,0.1369219422340393,0.40812525153160095,,,
1650.0,1651.0,True,presidenta,closeup,0.3737431764602661,0.2990604341030121,0.3314065635204315,0.01748570427298546,0.017630023881793022,0.05082148313522339,0.01615290530025959,0.045455921441316605,0.11733252555131912,0.4037148356437683,,,
1651.0,1652.0,True,presidenta,closeup,0.0005345642566680908,0.3360189199447632,0.25008317828178406,0.005999852437525988,0.03542663902044296,0.08179701119661331,0.026245644316077232,0.05131375417113304,0.1554189771413803,0.39371490478515625,,,
1652.0,1653.0,True,presidenta,closeup,0.29146289825439453,0.021680355072021484,0.2680527865886688,0.006852811202406883,0.02724877931177616,0.05783971771597862,0.01663903146982193,0.035500187426805496,0.15535840392112732,0.4325082302093506,,,
1653.0,1654.0,True,presidenta,closeup,0.14582878351211548,-0.09279322624206543,0.28830116987228394,0.00911630317568779,0.029607241973280907,0.04296332225203514,0.015008972026407719,0.046538010239601135,0.1509712189435959,0.4174938201904297,,,
1654.0,1655.0,True,presidenta,closeup,-0.5095871090888977,-0.007221579551696777,0.17896988987922668,0.0018948869546875358,0.03118867054581642,0.028111016377806664,0.012175976298749447,0.07033222168684006,0.18846935033798218,0.4888578951358795,,,
1655.0,1656.0,True,presidenta,closeup,0.05110052227973938,0.35733315348625183,0.22590163350105286,0.005130728706717491,0.02053522877395153,0.05055215209722519,0.01550915278494358,0.05004050210118294,0.12239381670951843,0.5099368095397949,,,
1656.0,1657.0,True,presidenta,closeup,0.8249416351318359,0.2946147918701172,0.36283597350120544,0.05445215851068497,0.01599777862429619,0.05696826055645943,0.014825988560914993,0.02772146463394165,0.07379379868507385,0.39340463280677795,,,
1657.0,1658.0,True,presidenta,closeup,0.8107094764709473,0.5450183153152466,0.311488538980484,0.05817931890487671,0.012385934591293335,0.07962384819984436,0.01647043600678444,0.030441921204328537,0.09753405302762985,0.39387595653533936,,,
1658.0,1659.0,True,presidenta,closeup,0.6899626851081848,0.15755346417427063,0.3235195577144623,0.04444076120853424,0.0259171724319458,0.04945842921733856,0.017915314063429832,0.027586840093135834,0.08051987737417221,0.4306419789791107,,,
1659.0,1660.0,True,presidenta,closeup,0.08229437470436096,0.5816663503646851,0.24526211619377136,0.009113000705838203,0.015417036600410938,0.063069187104702,0.025847872719168663,0.04818269982933998,0.12886595726013184,0.4642421007156372,,,
1660.0,1661.0,True,presidenta,closeup,0.4976224899291992,0.21555277705192566,0.3636961281299591,0.01934472657740116,0.016148025169968605,0.03176328167319298,0.010777480900287628,0.024692341685295105,0.07768446207046509,0.4558935761451721,,,
1661.0,1662.0,True,presidenta,closeup,0.7009539604187012,0.486575722694397,0.13165251910686493,0.03417949005961418,0.019493822008371353,0.1299498826265335,0.028437824919819832,0.039323173463344574,0.14629487693309784,0.47066840529441833,,,
1662.0,1663.0,True,presidenta,closeup,0.8427009582519531,0.30138179659843445,0.20222821831703186,0.03474884480237961,0.024789145216345787,0.12423063069581985,0.0373246930539608,0.029067253693938255,0.14855603873729706,0.3990551233291626,,,
1663.0,1664.0,True,presidenta,closeup,0.5585189461708069,0.008711785078048706,0.27090391516685486,0.013638115487992764,0.03449913486838341,0.09122692048549652,0.02360072359442711,0.025799863040447235,0.16590692102909088,0.37442436814308167,,,
1664.0,1665.0,True,presidenta,closeup,0.6632106304168701,0.30894389748573303,0.22811757028102875,0.043967586010694504,0.024659229442477226,0.1078900694847107,0.03223821893334389,0.05190795660018921,0.14448237419128418,0.36673703789711,,,
1665.0,1666.0,True,presidenta,closeup,0.2633599042892456,0.5882718563079834,0.2033335417509079,0.009742177091538906,0.013755257241427898,0.06675190478563309,0.015933021903038025,0.05342918261885643,0.14682380855083466,0.49023109674453735,,,
1666.0,1667.0,True,presidenta,closeup,0.5761421322822571,0.18458211421966553,0.24619466066360474,0.013258070684969425,0.022024769335985184,0.04861636087298393,0.01310565322637558,0.031030874699354172,0.12215793877840042,0.50361168384552,,,
1667.0,1668.0,True,presidenta,closeup,0.24379104375839233,0.23171725869178772,0.34175512194633484,0.006483925972133875,0.028331000357866287,0.02862396650016308,0.012117600999772549,0.021315407007932663,0.09108878672122955,0.4702841639518738,,,
1668.0,1669.0,True,presidenta,closeup,0.4391668736934662,0.22072935104370117,0.312369704246521,0.017435632646083832,0.020926378667354584,0.059913214296102524,0.015383485704660416,0.029048344120383263,0.11570683121681213,0.4292164444923401,,,
1669.0,1670.0,True,presidenta,closeup,0.24783217906951904,0.1858658790588379,0.3976726531982422,0.00523463124409318,0.026091426610946655,0.032928548753261566,0.015279068611562252,0.02320120669901371,0.08797634392976761,0.41161611676216125,,,
1670.0,1671.0,True,presidenta,closeup,0.010018467903137207,0.43433576822280884,0.3744124174118042,0.004683289211243391,0.01551609206944704,0.03570423275232315,0.012765293940901756,0.030377976596355438,0.08210235834121704,0.4444383680820465,,,
1671.0,1672.0,True,presidenta,closeup,0.0900450050830841,0.45760461688041687,0.3423965573310852,0.006219477858394384,0.019000887870788574,0.04698166251182556,0.01845771074295044,0.02747945487499237,0.09298265725374222,0.4464815557003021,,,
1672.0,1673.0,True,presidenta,closeup,0.5744925737380981,0.5512127876281738,0.2680349051952362,0.030750596895813942,0.014356797561049461,0.05898306518793106,0.017356036230921745,0.026898248121142387,0.09045137465000153,0.4931689202785492,,,
1673.0,1674.0,True,presidenta,closeup,0.5727572441101074,0.2649414539337158,0.38400891423225403,0.018565095961093903,0.021893193945288658,0.03662130981683731,0.013906206004321575,0.023799311369657516,0.07363506406545639,0.4275709092617035,,,
1674.0,1675.0,True,presidenta,closeup,0.5445225834846497,0.44385865330696106,0.3822234272956848,0.014158372767269611,0.019413840025663376,0.061117321252822876,0.019147373735904694,0.023953139781951904,0.10137072950601578,0.3786158263683319,,,
1675.0,1676.0,True,presidenta,closeup,-0.4365401566028595,0.43178415298461914,0.19598545134067535,0.004452184308320284,0.055915653705596924,0.04283878952264786,0.024229899048805237,0.03624149411916733,0.23774383962154388,0.4025926887989044,,,
1676.0,1677.0,True,presidenta,closeup,0.7329477071762085,0.5353553891181946,0.30949583649635315,0.07715591788291931,0.014864393509924412,0.07501401752233505,0.02100793458521366,0.03594779595732689,0.10353206843137741,0.36298197507858276,,,
1677.0,1678.0,True,presidenta,closeup,0.044158339500427246,0.5008703470230103,0.3149202764034271,0.008374487981200218,0.030717775225639343,0.04290987551212311,0.019351623952388763,0.02934020757675171,0.10736972093582153,0.44701603055000305,,,
1678.0,1679.0,True,presidenta,closeup,0.387387752532959,0.4846533536911011,0.28274714946746826,0.02050449512898922,0.017197132110595703,0.0709848403930664,0.0205607321113348,0.030676303431391716,0.13431790471076965,0.42301154136657715,,,
1679.0,1680.0,True,presidenta,closeup,0.05701029300689697,0.3101430833339691,0.28722092509269714,0.00873420387506485,0.026146020740270615,0.055363934487104416,0.020109809935092926,0.051481928676366806,0.14805690944194794,0.4028862714767456,,,
1680.0,1681.0,True,presidenta,closeup,0.7922717928886414,0.25919008255004883,0.30304959416389465,0.07233884185552597,0.02190549112856388,0.0647716298699379,0.019953347742557526,0.04234453663229942,0.10171249508857727,0.3739241361618042,,,
1681.0,1682.0,True,presidenta,closeup,0.5180462598800659,0.26901891827583313,0.24725981056690216,0.017700688913464546,0.023840436711907387,0.07514314353466034,0.0211653932929039,0.029571300372481346,0.19461318850517273,0.39070600271224976,,,
1682.0,1683.0,True,presidenta,closeup,0.6699361801147461,0.195153146982193,0.31814461946487427,0.029953718185424805,0.02116318978369236,0.06569216400384903,0.016922440379858017,0.02907388098537922,0.13279390335083008,0.3862560987472534,,,
1683.0,1684.0,True,presidenta,closeup,0.44651126861572266,0.053755342960357666,0.26546090841293335,0.008742245845496655,0.030226239934563637,0.04774736240506172,0.01674574799835682,0.03823743388056755,0.10647188127040863,0.48636817932128906,,,
1684.0,1685.0,True,presidenta,closeup,0.48619091510772705,0.40465980768203735,0.296648770570755,0.015307326801121235,0.01783616468310356,0.057250283658504486,0.01956440880894661,0.026801656931638718,0.09430647641420364,0.47228488326072693,,,
1685.0,1686.0,True,presidenta,closeup,0.6107285022735596,0.48315468430519104,0.3473800718784332,0.03373505175113678,0.01516845915466547,0.05590396001935005,0.0166961457580328,0.028917517513036728,0.09703435003757477,0.4051643908023834,,,
1686.0,1687.0,True,presidenta,closeup,-0.3558562397956848,0.4562813639640808,0.25737884640693665,0.0036585370544344187,0.04638833552598953,0.04071054607629776,0.01934891752898693,0.03605784475803375,0.2012781798839569,0.39517876505851746,,,
1687.0,1688.0,True,presidenta,closeup,0.4033844470977783,0.26032570004463196,0.30944526195526123,0.020823126658797264,0.01897358149290085,0.044384170323610306,0.015084860846400261,0.05371817201375961,0.1164655014872551,0.421105295419693,,,
1688.0,1689.0,True,presidenta,closeup,0.5097296237945557,-0.45147189497947693,0.3422158360481262,0.008999116718769073,0.04265587031841278,0.03894336521625519,0.016662726178765297,0.021610191091895103,0.16420195996761322,0.3647109568119049,,,
1689.0,1690.0,True,presidenta,closeup,0.4656205475330353,-0.0837775468826294,0.2679542303085327,0.01770125702023506,0.029334882274270058,0.05224413797259331,0.015249325893819332,0.029438268393278122,0.20948076248168945,0.3785971403121948,,,
1690.0,1691.0,True,presidenta,closeup,0.26620280742645264,0.65621417760849,0.1917271614074707,0.021225742995738983,0.0253993421792984,0.04450150579214096,0.021749021485447884,0.04824149236083031,0.12468775361776352,0.5224680304527283,,,
1691.0,1692.0,True,presidenta,closeup,0.33566316962242126,0.4218759536743164,0.21190816164016724,0.021271290257573128,0.017263347283005714,0.06805436313152313,0.021832367405295372,0.0628562942147255,0.1817261427640915,0.4150879979133606,,,
1692.0,1693.0,True,presidenta,closeup,0.10228851437568665,0.5539552569389343,0.21466819941997528,0.009199272841215134,0.01395695935934782,0.0734880343079567,0.019306756556034088,0.04444450885057449,0.14956443011760712,0.4753718674182892,,,
1693.0,1694.0,True,presidenta,closeup,0.5438929200172424,0.43701696395874023,0.25875183939933777,0.021365927532315254,0.019864266738295555,0.08520637452602386,0.0239260233938694,0.03144864737987518,0.13227678835391998,0.4271600842475891,,,
1694.0,1695.0,True,presidenta,closeup,0.22048869729042053,0.41593098640441895,0.24014493823051453,0.010205443948507309,0.02651924639940262,0.06552068889141083,0.025942184031009674,0.040539611130952835,0.15078003704547882,0.4403478503227234,,,
1695.0,1696.0,True,presidenta,closeup,-0.04124632477760315,0.2839477062225342,0.2790718674659729,0.006800779141485691,0.03958480805158615,0.04655688628554344,0.022253982722759247,0.05002414062619209,0.13086871802806854,0.4248387813568115,,,
1696.0,1697.0,True,presidenta,closeup,0.3503091335296631,0.4090384244918823,0.3156909942626953,0.008152465336024761,0.02095978707075119,0.07282605767250061,0.017324581742286682,0.03102942369878292,0.15921472012996674,0.374801903963089,,,
1697.0,1698.0,True,presidenta,closeup,0.3901785910129547,0.4981409013271332,0.25875532627105713,0.015544191002845764,0.016735542565584183,0.10476826131343842,0.02314644679427147,0.03628205135464668,0.1390308141708374,0.40573740005493164,,,
1698.0,1699.0,True,presidenta,closeup,0.3032883107662201,0.3226313292980194,0.2731853723526001,0.007890426553785801,0.024350298568606377,0.055037979036569595,0.02101101726293564,0.03298670053482056,0.12112404406070709,0.46441420912742615,,,
1699.0,1700.0,True,presidenta,closeup,0.050966858863830566,0.22089830040931702,0.30146071314811707,0.004313819110393524,0.02403799444437027,0.04782814532518387,0.01921447180211544,0.029775556176900864,0.11926374584436417,0.45410552620887756,,,
1700.0,1701.0,True,presidenta,closeup,0.21528726816177368,0.25209808349609375,0.3158194124698639,0.008003214374184608,0.020915966480970383,0.046104367822408676,0.017970314249396324,0.03953885659575462,0.12031956762075424,0.43132829666137695,,,
1701.0,1702.0,True,presidenta,closeup,0.5925997495651245,0.3808046877384186,0.36670982837677,0.01590394787490368,0.015972500666975975,0.05411338433623314,0.013150718063116074,0.02319246158003807,0.0963088646531105,0.4146483540534973,,,
1702.0,1703.0,True,presidenta,closeup,0.35332366824150085,0.3603392243385315,0.2540994882583618,0.009882321581244469,0.018469925969839096,0.07453680783510208,0.02109861932694912,0.03255189582705498,0.10359755903482437,0.48576343059539795,,,
1703.0,1704.0,True,presidenta,closeup,0.24476897716522217,-0.28448110818862915,0.3522539436817169,0.007652937900274992,0.041563939303159714,0.032250840216875076,0.012387949042022228,0.026691589504480362,0.16697128117084503,0.3602275848388672,,,
1704.0,1705.0,True,presidenta,closeup,0.6985260248184204,0.28389111161231995,0.3733883202075958,0.022413650527596474,0.017738986760377884,0.060835037380456924,0.01215306669473648,0.026241250336170197,0.10790061205625534,0.3793290853500366,,,
1705.0,1706.0,True,presidenta,closeup,0.3760848045349121,0.4521869122982025,0.32123345136642456,0.017656302079558372,0.015481745824217796,0.060841988772153854,0.014820926822721958,0.03991106525063515,0.11825737357139587,0.41179707646369934,,,
1706.0,1707.0,True,presidenta,closeup,0.0849907398223877,0.5925096273422241,0.25910332798957825,0.0044045960530638695,0.017781665548682213,0.044986214488744736,0.015124399214982986,0.03510923683643341,0.11588700115680695,0.5076035857200623,,,
1707.0,1708.0,True,presidenta,closeup,-0.04658234119415283,0.7023031711578369,0.19346395134925842,0.004741352051496506,0.013375356793403625,0.11420594900846481,0.030071761459112167,0.04701581597328186,0.21074463427066803,0.38638120889663696,,,
1708.0,1709.0,True,presidenta,closeup,0.1479099988937378,0.3067777156829834,0.2944822311401367,0.005799856968224049,0.024754304438829422,0.05340949073433876,0.02020665816962719,0.04717881605029106,0.12736636400222778,0.42680230736732483,,,
1709.0,1710.0,True,presidenta,closeup,0.23998761177062988,0.5616848468780518,0.25900495052337646,0.007827197201550007,0.024129729717969894,0.08229076117277145,0.025672640651464462,0.03164224699139595,0.16137324273586273,0.4080592095851898,,,
1710.0,1711.0,True,presidenta,closeup,0.5369375348091125,0.27313032746315,0.32507947087287903,0.01258370466530323,0.018719667568802834,0.05505936220288277,0.01596212200820446,0.03063473477959633,0.10823149979114532,0.4337293803691864,,,
1711.0,1712.0,True,presidenta,closeup,0.20634734630584717,0.07214105129241943,0.28681057691574097,0.005580475088208914,0.026907525956630707,0.07155893743038177,0.022060738876461983,0.038702402263879776,0.13390477001667023,0.41447460651397705,,,
1712.0,1713.0,True,presidenta,closeup,0.3952891230583191,0.08202442526817322,0.3226778507232666,0.010497401468455791,0.031125802546739578,0.04455491900444031,0.013829910196363926,0.030775731429457664,0.13347947597503662,0.41305893659591675,,,
1713.0,1714.0,True,presidenta,closeup,-0.37080833315849304,0.5522222518920898,0.1572432667016983,0.0023645374458283186,0.03786261007189751,0.07697829604148865,0.03620384261012077,0.05318378284573555,0.21414554119110107,0.4220181405544281,,,
1714.0,1715.0,True,presidenta,closeup,0.38466981053352356,0.29766690731048584,0.2963450849056244,0.0072007072158157825,0.016299210488796234,0.0806533694267273,0.01617540791630745,0.022567683830857277,0.12541985511779785,0.4353386461734772,,,
1715.0,1716.0,True,presidenta,closeup,0.7681419253349304,0.5814894437789917,0.2783259451389313,0.036350276321172714,0.014519469812512398,0.07697019726037979,0.019519133493304253,0.02264990098774433,0.1020430251955986,0.4496219754219055,,,
1716.0,1717.0,True,presidenta,closeup,0.2854055166244507,0.3073689043521881,0.3259716033935547,0.009657306596636772,0.019485946744680405,0.057006072252988815,0.018323641270399094,0.034546416252851486,0.11147896945476532,0.4235300123691559,,,
1717.0,1718.0,True,presidenta,closeup,0.4303846061229706,0.23323595523834229,0.3084701895713806,0.010689723305404186,0.021967319771647453,0.06042943522334099,0.021306345239281654,0.02911686711013317,0.10150957107543945,0.44651055335998535,,,
1718.0,1719.0,True,presidenta,closeup,-0.08536732196807861,0.3411356806755066,0.25861629843711853,0.004292314872145653,0.03035394661128521,0.06828192621469498,0.032372742891311646,0.03441626578569412,0.1676015853881836,0.4040648639202118,,,
1719.0,1720.0,True,presidenta,closeup,0.6929796934127808,0.008563071489334106,0.20278963446617126,0.01716029830276966,0.026593035086989403,0.11398761719465256,0.029485775157809258,0.031501173973083496,0.20482872426509857,0.37365370988845825,,,
1720.0,1721.0,True,presidenta,closeup,0.27633795142173767,0.40064579248428345,0.20283028483390808,0.00947900116443634,0.02666177786886692,0.08559722453355789,0.02430933527648449,0.028352733701467514,0.2149774581193924,0.40779218077659607,,,
1721.0,1722.0,True,presidenta,closeup,0.007596313953399658,0.4474852383136749,0.19470010697841644,0.008475445210933685,0.020336342975497246,0.06120799854397774,0.013506761752068996,0.03811510652303696,0.24054984748363495,0.42310839891433716,,,
1722.0,1723.0,True,presidenta,closeup,0.38265588879585266,-0.01786518096923828,0.24877704679965973,0.009797250851988792,0.0311761274933815,0.0693645104765892,0.020117947831749916,0.03273126110434532,0.16913390159606934,0.4189020097255707,,,
1723.0,1724.0,True,presidenta,closeup,0.4520650804042816,0.365246444940567,0.1306295543909073,0.02536184713244438,0.029915910214185715,0.1426691710948944,0.03909418731927872,0.03970373049378395,0.23740774393081665,0.3552178740501404,,,
1724.0,1725.0,True,presidenta,closeup,0.6410506963729858,0.3656816780567169,0.1487618237733841,0.04217282310128212,0.025928208604454994,0.13508611917495728,0.03488888591527939,0.036735691130161285,0.21792833507061005,0.35849806666374207,,,
1725.0,1726.0,True,presidenta,closeup,0.4715464115142822,0.41303130984306335,0.22278836369514465,0.041539330035448074,0.015336330980062485,0.07560859620571136,0.018301157280802727,0.04341874271631241,0.17735037207603455,0.40565717220306396,,,
1726.0,1727.0,True,presidenta,closeup,0.6148507595062256,-0.043794989585876465,0.28684595227241516,0.03329698368906975,0.024970583617687225,0.052223090082407,0.014537714421749115,0.02393348515033722,0.16734720766544342,0.3968449532985687,,,
1727.0,1728.0,True,presidenta,closeup,0.6442636251449585,-0.06013065576553345,0.29336971044540405,0.02596605196595192,0.02613486349582672,0.044621895998716354,0.01442712638527155,0.028592582792043686,0.14802102744579315,0.41886669397354126,,,
1728.0,1729.0,True,presidenta,closeup,0.8239049911499023,-0.041016459465026855,0.3803514838218689,0.026992274448275566,0.031590111553668976,0.07222182303667068,0.019896384328603745,0.02306368574500084,0.10711248964071274,0.3387717008590698,,,
1729.0,1730.0,True,presidenta,closeup,0.4935396611690521,-0.12902024388313293,0.29908987879753113,0.012791713699698448,0.03331385925412178,0.051411423832178116,0.015743138268589973,0.030434226617217064,0.1589948832988739,0.39822083711624146,,,
1730.0,1731.0,True,presidenta,closeup,0.2542145550251007,-0.32353711128234863,0.32879284024238586,0.00607023760676384,0.05389944463968277,0.04658251628279686,0.020241402089595795,0.03069435991346836,0.17247557640075684,0.34124353528022766,,,
1731.0,1732.0,True,presidenta,closeup,0.3021183907985687,-0.2423696517944336,0.2998266816139221,0.007372280117124319,0.05678195133805275,0.035402871668338776,0.019073955714702606,0.028309164568781853,0.16435088217258453,0.38888218998908997,,,
1732.0,1733.0,True,presidenta,closeup,0.3661876618862152,-0.04000818729400635,0.23804694414138794,0.015229168348014355,0.03464604169130325,0.0580080971121788,0.019401483237743378,0.05165022984147072,0.2111554890871048,0.3718625009059906,,,
1733.0,1734.0,True,presidenta,closeup,0.5135720372200012,0.2949065864086151,0.2820059657096863,0.026714397594332695,0.024878790602087975,0.057032082229852676,0.019293053075671196,0.03645221143960953,0.168234720826149,0.3853888511657715,,,
1734.0,1735.0,True,presidenta,closeup,0.3994446098804474,0.285374253988266,0.28574177622795105,0.013505900278687477,0.03759758546948433,0.07096567004919052,0.02510419674217701,0.036035820841789246,0.16304120421409607,0.3680077791213989,,,
1735.0,1736.0,True,presidenta,closeup,0.7238189578056335,0.36481723189353943,0.30556225776672363,0.02673482708632946,0.02445238083600998,0.12104811519384384,0.02597910352051258,0.024235494434833527,0.1468317210674286,0.3251560926437378,,,
1736.0,1737.0,True,presidenta,closeup,0.5239847302436829,0.05222427845001221,0.31418490409851074,0.010121122933924198,0.04127191752195358,0.06344984471797943,0.025106605142354965,0.023428818210959435,0.12994633615016937,0.392490416765213,,,
1737.0,1738.0,True,presidenta,closeup,0.3643553555011749,-0.15183764696121216,0.43672624230384827,0.006452831439673901,0.02940378710627556,0.028547005727887154,0.013263123109936714,0.02273585833609104,0.06906691938638687,0.3938042223453522,,,
1738.0,1739.0,True,presidenta,closeup,0.7417347431182861,0.45665445923805237,0.25470590591430664,0.06471363455057144,0.015646733343601227,0.08351412415504456,0.022634943947196007,0.03885790705680847,0.09385944902896881,0.4260672926902771,,,
1739.0,1740.0,True,presidenta,closeup,0.4117581844329834,0.2080192267894745,0.3378337323665619,0.011173201724886894,0.022683797404170036,0.05330152064561844,0.015682503581047058,0.030193665996193886,0.13282831013202667,0.39630332589149475,,,
1740.0,1741.0,True,presidenta,closeup,0.8207510113716125,0.014284610748291016,0.3335466980934143,0.05557476356625557,0.021948814392089844,0.06118388473987579,0.016768431290984154,0.023565633222460747,0.0885419175028801,0.3988697826862335,,,
1741.0,1742.0,True,presidenta,closeup,0.2859686613082886,0.338539719581604,0.31142064929008484,0.008195031434297562,0.030399488285183907,0.06080831587314606,0.022316133603453636,0.0379713736474514,0.1359793096780777,0.3929097056388855,,,
1742.0,1743.0,True,presidenta,closeup,0.22811508178710938,0.4354938268661499,0.28671908378601074,0.01047660131007433,0.0231162142008543,0.06457695364952087,0.022186454385519028,0.029974859207868576,0.13130149245262146,0.43164828419685364,,,
1743.0,1744.0,True,presidenta,closeup,0.3292893171310425,0.3176746368408203,0.32132792472839355,0.013336651027202606,0.024106699973344803,0.06826861202716827,0.020221563056111336,0.03642657771706581,0.1399846225976944,0.37632736563682556,,,
1744.0,1745.0,True,presidenta,closeup,0.573072075843811,0.09152379631996155,0.3700190782546997,0.012684828601777554,0.030907656997442245,0.0565892718732357,0.01615944132208824,0.027257995679974556,0.1194465309381485,0.3669351637363434,,,
1745.0,1746.0,True,presidenta,closeup,0.19831764698028564,-0.11877375841140747,0.29610028862953186,0.005405364092439413,0.03180387616157532,0.05065372213721275,0.013288062065839767,0.02683461271226406,0.20383620262145996,0.37207791209220886,,,
1746.0,1747.0,True,presidenta,closeup,0.3390550911426544,0.04903605580329895,0.25786450505256653,0.007916612550616264,0.024898484349250793,0.06329096108675003,0.017549624666571617,0.04066888242959976,0.1724272072315216,0.4153837263584137,,,
1747.0,1748.0,True,presidenta,closeup,0.5202425718307495,0.4910352826118469,0.18044814467430115,0.010120398364961147,0.015976430848240852,0.0874268189072609,0.015888774767518044,0.03778737038373947,0.13410814106464386,0.5182439684867859,,,
1748.0,1749.0,True,presidenta,closeup,0.476446270942688,-0.004558533430099487,0.24694699048995972,0.012202386744320393,0.028954684734344482,0.061337970197200775,0.016423935070633888,0.03544306755065918,0.17282231152057648,0.42586860060691833,,,
1749.0,1750.0,True,presidenta,closeup,0.8424597978591919,-0.37663936614990234,0.4057057797908783,0.047354456037282944,0.03379061818122864,0.0499294176697731,0.01203616801649332,0.013935919851064682,0.10342897474765778,0.3338187038898468,,,
1750.0,1751.0,True,presidenta,closeup,0.6454513669013977,0.011435985565185547,0.398141086101532,0.01545038353651762,0.028862571343779564,0.02923952043056488,0.009769738651812077,0.024002863094210625,0.0856500118970871,0.40888383984565735,,,
1751.0,1752.0,True,presidenta,closeup,0.5690045356750488,0.1345435380935669,0.31210824847221375,0.016546424478292465,0.02408822625875473,0.046530697494745255,0.01317183393985033,0.03400452807545662,0.09317658096551895,0.46037355065345764,,,
1752.0,1753.0,True,presidenta,closeup,0.4395899474620819,0.3666239082813263,0.27741891145706177,0.0139932157471776,0.024052413180470467,0.08093173801898956,0.018564386293292046,0.02852257899940014,0.1300213485956192,0.42649537324905396,,,
1753.0,1754.0,True,presidenta,closeup,-0.08421385288238525,0.4895018935203552,0.23173567652702332,0.004247016739100218,0.024679429829120636,0.06563771516084671,0.024880170822143555,0.04899562895298004,0.17571496963500977,0.42410939931869507,,,
1754.0,1755.0,True,presidenta,closeup,0.33959683775901794,0.20872437953948975,0.3148408830165863,0.011645626276731491,0.02715197019279003,0.03914635255932808,0.015491056255996227,0.030763782560825348,0.09943298250436783,0.46152737736701965,,,
1755.0,1756.0,True,presidenta,closeup,-0.12984001636505127,-0.3845199644565582,0.2673017680644989,0.0037652761675417423,0.11117405444383621,0.03429770469665527,0.024495162069797516,0.024438662454485893,0.18251845240592957,0.3520088791847229,,,
1756.0,1757.0,True,presidenta,closeup,0.5396720767021179,0.27436211705207825,0.2488688826560974,0.018418915569782257,0.017774995416402817,0.10146071761846542,0.019834036007523537,0.027141058817505836,0.1519688218832016,0.41453254222869873,,,
1757.0,1758.0,True,presidenta,closeup,0.6421278715133667,0.394189715385437,0.27564796805381775,0.019144289195537567,0.014864016324281693,0.10014498978853226,0.016210047528147697,0.027483869343996048,0.14063864946365356,0.40586617588996887,,,
1758.0,1759.0,True,presidenta,closeup,0.023912161588668823,0.44687390327453613,0.22132915258407593,0.010065160691738129,0.017080407589673996,0.11231818795204163,0.022975357249379158,0.05267228186130524,0.19513368606567383,0.36842575669288635,,,
1759.0,1760.0,True,presidenta,closeup,0.3740729093551636,0.21104073524475098,0.3784525990486145,0.008894735015928745,0.025700729340314865,0.06116968393325806,0.018634140491485596,0.025011256337165833,0.09855293482542038,0.38358402252197266,,,
1760.0,1761.0,True,presidenta,closeup,0.7286347150802612,0.05608835816383362,0.36601537466049194,0.017190104350447655,0.03825834020972252,0.07259413599967957,0.023297931998968124,0.02632783353328705,0.10830915719270706,0.3480072021484375,,,
1761.0,1762.0,True,presidenta,closeup,0.447279155254364,0.18152359127998352,0.33015552163124084,0.010541667230427265,0.026965700089931488,0.04769648239016533,0.018056385219097137,0.02338535711169243,0.12396026402711868,0.4192385971546173,,,
1762.0,1763.0,True,presidenta,closeup,0.20071768760681152,0.32467952370643616,0.3107553720474243,0.005171418190002441,0.02351871319115162,0.05424920842051506,0.012024462223052979,0.028772246092557907,0.134830504655838,0.430678129196167,,,
1763.0,1764.0,True,presidenta,closeup,0.8272265195846558,0.27721500396728516,0.3112356662750244,0.034377049654722214,0.01631106808781624,0.059669602662324905,0.013179856352508068,0.026384958997368813,0.08940791338682175,0.4494338929653168,,,
1764.0,1765.0,True,presidenta,closeup,0.31993433833122253,0.1287676990032196,0.3721786141395569,0.009837524965405464,0.03603905066847801,0.040890708565711975,0.015661325305700302,0.025149501860141754,0.10551778972148895,0.3947255611419678,,,
1765.0,1766.0,True,presidenta,closeup,0.13723871111869812,0.20807811617851257,0.302929162979126,0.006344174034893513,0.01566987857222557,0.04181681573390961,0.013123814016580582,0.027364589273929596,0.12225107103586197,0.47050049901008606,,,
1766.0,1767.0,True,presidenta,closeup,-0.005935639142990112,0.6699243783950806,0.16344764828681946,0.009351207874715328,0.024275042116642,0.08318953961133957,0.03189465403556824,0.04918458312749863,0.21731990575790405,0.42133745551109314,,,
1767.0,1768.0,True,presidenta,closeup,0.5832617282867432,0.36400508880615234,0.30418598651885986,0.01825505867600441,0.018415939062833786,0.09918627142906189,0.017471671104431152,0.03258757293224335,0.13091325759887695,0.3789842426776886,,,
1768.0,1769.0,True,presidenta,closeup,0.42145153880119324,0.3782083988189697,0.3401249647140503,0.013253348879516125,0.02511463314294815,0.05680585280060768,0.019340891391038895,0.03352085500955582,0.1092878133058548,0.4025517404079437,,,
1769.0,1770.0,True,presidenta,closeup,0.4847051799297333,0.11447903513908386,0.24480056762695312,0.028455428779125214,0.04121222719550133,0.05697135254740715,0.02657846175134182,0.039313171058893204,0.11861161887645721,0.4440571963787079,,,
1770.0,1771.0,True,presidenta,closeup,0.40504753589630127,0.5530966520309448,0.22559180855751038,0.011941501870751381,0.020122254267334938,0.1252812296152115,0.02655378356575966,0.036749228835105896,0.15170402824878693,0.40205618739128113,,,
1771.0,1772.0,True,presidenta,closeup,0.8598607182502747,0.36239635944366455,0.2878696918487549,0.054192740470170975,0.02027551829814911,0.09762324392795563,0.019195640459656715,0.025039415806531906,0.10012376308441162,0.3956800699234009,,,
1772.0,1773.0,True,presidenta,closeup,0.7347208261489868,0.2981196343898773,0.3790656328201294,0.05218939855694771,0.01892174780368805,0.06912151724100113,0.014299171045422554,0.02796783857047558,0.09967395663261414,0.33876073360443115,,,
1773.0,1774.0,True,presidenta,closeup,0.4627544581890106,0.4794576168060303,0.2618083357810974,0.02459017187356949,0.014149459078907967,0.09802300482988358,0.023427970707416534,0.04493659734725952,0.16078907251358032,0.37227538228034973,,,
1774.0,1775.0,True,presidenta,closeup,0.6551051139831543,0.60304856300354,0.23319217562675476,0.02496967278420925,0.012335640378296375,0.13358956575393677,0.0220765583217144,0.02799675241112709,0.14170092344284058,0.4041387140750885,,,
1775.0,1776.0,True,presidenta,closeup,0.11774784326553345,0.28026142716407776,0.3148930072784424,0.005887743551284075,0.032412394881248474,0.0404345840215683,0.01777351275086403,0.028762107715010643,0.1168241947889328,0.44301244616508484,,,
1776.0,1777.0,True,presidenta,closeup,0.2906148433685303,0.0799301266670227,0.23960690200328827,0.010655996389687061,0.009651058353483677,0.060613200068473816,0.00732530327513814,0.02016594633460045,0.2112560272216797,0.44072556495666504,,,
1777.0,1778.0,True,presidenta,closeup,0.7670690417289734,0.3651284873485565,0.25444358587265015,0.045008864253759384,0.013548166491091251,0.062078919261693954,0.014104378409683704,0.03241335228085518,0.10226648300886154,0.47613632678985596,,,
1778.0,1779.0,True,presidenta,closeup,0.8411864638328552,0.3149449825286865,0.35138407349586487,0.07204321771860123,0.016508378088474274,0.06884659081697464,0.01639721728861332,0.02037562057375908,0.08770138025283813,0.3667435050010681,,,
1779.0,1780.0,True,presidenta,closeup,0.4994168281555176,0.12203860282897949,0.3598262071609497,0.005954034626483917,0.037863120436668396,0.041123054921627045,0.020954404026269913,0.023226972669363022,0.07813920825719833,0.4329129457473755,,,
1780.0,1781.0,True,presidenta,closeup,0.5942710041999817,0.43041589856147766,0.2841860353946686,0.02239658683538437,0.019387898966670036,0.07184025645256042,0.01854124292731285,0.036950770765542984,0.13484379649162292,0.4118534028530121,,,
1781.0,1782.0,True,presidenta,closeup,0.594241738319397,0.11540031433105469,0.29299402236938477,0.02235834114253521,0.029925543814897537,0.07807561010122299,0.024014398455619812,0.041406918317079544,0.13766798377037048,0.3735572099685669,,,
1782.0,1783.0,True,presidenta,closeup,0.511276125907898,0.39734795689582825,0.25812891125679016,0.021263154223561287,0.029817597940564156,0.06176278740167618,0.026077182963490486,0.030426232144236565,0.09697701036930084,0.47554710507392883,,,
1783.0,1784.0,True,presidenta,closeup,0.4520895779132843,0.32650166749954224,0.29628416895866394,0.008884965442121029,0.02288392186164856,0.06748916208744049,0.01929657720029354,0.026293056085705757,0.10056287795305252,0.4583052098751068,,,
1784.0,1785.0,True,presidenta,closeup,0.4779078960418701,0.15601253509521484,0.43736767768859863,0.009251191280782223,0.02516869641840458,0.03982222452759743,0.013853659853339195,0.018577324226498604,0.079523965716362,0.37643522024154663,,,
1785.0,1786.0,True,presidenta,closeup,0.3483358323574066,-0.22952258586883545,0.2983037829399109,0.005256899632513523,0.04335205629467964,0.028113441541790962,0.014581228606402874,0.021303147077560425,0.11387480795383453,0.47521471977233887,,,
1786.0,1787.0,True,presidenta,closeup,-0.27062565088272095,0.14836058020591736,0.24615240097045898,0.0026050370652228594,0.0786326453089714,0.028719404712319374,0.022611910477280617,0.04089486971497536,0.15202772617340088,0.42835596203804016,,,
1787.0,1788.0,True,presidenta,closeup,0.5289372205734253,-0.0626932680606842,0.34488263726234436,0.021959494799375534,0.025139667093753815,0.047129321843385696,0.015949338674545288,0.03026881068944931,0.17054246366024017,0.344128280878067,,,
1788.0,1789.0,True,presidenta,closeup,0.7704233527183533,0.40539252758026123,0.34383440017700195,0.07825582474470139,0.015124169178307056,0.05473948270082474,0.013643482699990273,0.032784368842840195,0.0918244943022728,0.3697938024997711,,,
1789.0,1790.0,True,presidenta,closeup,0.8747252821922302,0.04695773124694824,0.40158700942993164,0.058160483837127686,0.020159265026450157,0.06562551856040955,0.012884420342743397,0.02012277953326702,0.0652613490819931,0.3561991751194,,,
1790.0,1791.0,True,presidenta,closeup,0.9233847856521606,-0.1044243574142456,0.28219419717788696,0.12954214215278625,0.014663060195744038,0.0958632379770279,0.014702562242746353,0.020427364856004715,0.13907933235168457,0.3035281300544739,,,
1791.0,1792.0,True,presidenta,closeup,0.8778610229492188,0.21112364530563354,0.26280197501182556,0.1138613224029541,0.011168471537530422,0.12426353245973587,0.012695488519966602,0.030416302382946014,0.1339409053325653,0.3108520805835724,,,
1792.0,1793.0,True,presidenta,closeup,0.9308694005012512,0.12202188372612,0.2369554042816162,0.17184163630008698,0.01680014654994011,0.12683381140232086,0.017128657549619675,0.019510136917233467,0.14829280972480774,0.2626374065876007,,,
1793.0,1794.0,True,presidenta,closeup,0.5972225666046143,0.4068641662597656,0.27163246273994446,0.025536606088280678,0.014282983727753162,0.08703765273094177,0.019805068150162697,0.04197157174348831,0.142466738820076,0.3972669243812561,,,
1794.0,1795.0,True,presidenta,closeup,0.8259037137031555,0.47049397230148315,0.2948303520679474,0.05579362064599991,0.01683993451297283,0.12220325320959091,0.02089429274201393,0.02044742926955223,0.09596565365791321,0.373025506734848,,,
1795.0,1796.0,True,presidenta,closeup,0.7523935437202454,0.4116692543029785,0.28025004267692566,0.028361951932311058,0.01661182940006256,0.11253314465284348,0.021144330501556396,0.028001829981803894,0.10776905715465546,0.40532779693603516,,,
1796.0,1797.0,True,presidenta,closeup,0.6841397285461426,0.45597901940345764,0.29780352115631104,0.01949322409927845,0.016047094017267227,0.08622799813747406,0.019765691831707954,0.02275373972952366,0.10994766652584076,0.4279611110687256,,,
1797.0,1798.0,True,presidenta,closeup,0.49575933814048767,0.672350287437439,0.22894755005836487,0.012678736820816994,0.012346084229648113,0.1359184831380844,0.028405487537384033,0.029416069388389587,0.1356974095106125,0.4165901839733124,,,
1798.0,1799.0,True,presidenta,closeup,0.8214403986930847,0.2531377673149109,0.364932656288147,0.07705885916948318,0.01569903828203678,0.059746045619249344,0.01427871361374855,0.028504246845841408,0.08076892793178558,0.35901153087615967,,,
1799.0,1800.0,True,presidenta,closeup,0.5907459259033203,0.30396053194999695,0.29782044887542725,0.015683867037296295,0.019232558086514473,0.06274726241827011,0.017228160053491592,0.031569257378578186,0.11125155538320541,0.4444669485092163,,,
1800.0,1801.0,True,presidenta,closeup,0.5601121187210083,0.223739892244339,0.25731801986694336,0.006238665897399187,0.021305909380316734,0.05992376059293747,0.016090529039502144,0.028343133628368378,0.11528250575065613,0.4954974949359894,,,
1801.0,1802.0,True,presidenta,closeup,0.7852650880813599,0.21295595169067383,0.30738404393196106,0.02570916898548603,0.01892571710050106,0.04890204221010208,0.014391262084245682,0.02546127699315548,0.07939757406711578,0.4798288643360138,,,
1802.0,1803.0,True,presidenta,closeup,0.5840905904769897,0.3586094379425049,0.28230804204940796,0.013796677812933922,0.01861591823399067,0.07831388711929321,0.020814768970012665,0.032314080744981766,0.11550715565681458,0.43832939863204956,,,
1803.0,1804.0,True,presidenta,closeup,0.5770863890647888,0.31238052248954773,0.24160176515579224,0.03313925489783287,0.021887818351387978,0.09904288500547409,0.026223186403512955,0.05049708113074303,0.18810921907424927,0.33949875831604004,,,
1804.0,1805.0,True,presidenta,closeup,0.29636654257774353,0.3437209725379944,0.2404838502407074,0.017418233677744865,0.02261875756084919,0.07336267083883286,0.023229140788316727,0.06718079000711441,0.15879195928573608,0.39691460132598877,,,
1805.0,1806.0,True,presidenta,closeup,0.7912940979003906,0.3704909682273865,0.2712704837322235,0.05106328800320625,0.02027544006705284,0.09357260912656784,0.022205380722880363,0.024461830034852028,0.09826921671628952,0.41888171434402466,,,
1806.0,1807.0,True,presidenta,closeup,0.7963361740112305,0.30119356513023376,0.27140483260154724,0.03072258085012436,0.0215908270329237,0.07158251106739044,0.021869022399187088,0.02327442541718483,0.0923209860920906,0.46723487973213196,,,
1807.0,1808.0,True,presidenta,closeup,0.7769214510917664,-0.0007061660289764404,0.35181310772895813,0.027249054983258247,0.02818766050040722,0.07038331031799316,0.019480422139167786,0.023823929950594902,0.08718466758728027,0.39187783002853394,,,
1808.0,1809.0,True,presidenta,closeup,0.6391133069992065,-0.09330853819847107,0.3658730387687683,0.020917445421218872,0.02930638939142227,0.07692746818065643,0.019396275281906128,0.0375213548541069,0.15085917711257935,0.2991989552974701,,,
1809.0,1810.0,True,presidenta,closeup,0.10525107383728027,0.32811981439590454,0.29768016934394836,0.006784712430089712,0.030200928449630737,0.04584413394331932,0.022317515686154366,0.03921785578131676,0.1162082627415657,0.4417463541030884,,,
1810.0,1811.0,True,presidenta,closeup,0.5338919162750244,0.40068304538726807,0.4008525013923645,0.019839918240904808,0.016908593475818634,0.06786277890205383,0.01984875462949276,0.029229754582047462,0.09567857533693314,0.3497791588306427,,,
1811.0,1812.0,True,presidenta,closeup,0.18375006318092346,0.6134229302406311,0.22970207035541534,0.013768711127340794,0.011283926665782928,0.08805039525032043,0.018883293494582176,0.041093859821558,0.14119018614292145,0.4560275077819824,,,
1812.0,1813.0,True,presidenta,closeup,0.3666517734527588,0.1856713593006134,0.33444783091545105,0.014932653866708279,0.03023943305015564,0.048789940774440765,0.02028687112033367,0.02774304337799549,0.09453987330198288,0.42902034521102905,,,
1813.0,1814.0,True,presidenta,closeup,0.4568294286727905,0.457044392824173,0.2813352942466736,0.0184685867279768,0.021954525262117386,0.0787806585431099,0.03283344954252243,0.038257744163274765,0.1273098886013031,0.40105992555618286,,,
1814.0,1815.0,True,presidenta,closeup,0.24318861961364746,0.4834320545196533,0.30266985297203064,0.008853811770677567,0.018586628139019012,0.09054560214281082,0.024423697963356972,0.03308726102113724,0.1643202304840088,0.357512891292572,,,
1815.0,1816.0,True,presidenta,closeup,0.44290339946746826,-0.4751455783843994,0.30229514837265015,0.009301694110035896,0.057406555861234665,0.04037900269031525,0.021197790279984474,0.026462607085704803,0.13550907373428345,0.40744808316230774,,,
1816.0,1817.0,True,presidenta,closeup,0.45616447925567627,0.11382392048835754,0.31078270077705383,0.00886395201086998,0.04388514161109924,0.06191864609718323,0.026037588715553284,0.025223297998309135,0.1041853204369545,0.41910338401794434,,,
1817.0,1818.0,True,presidenta,closeup,0.4982636868953705,0.529961884021759,0.28253573179244995,0.009045946411788464,0.019492054358124733,0.09449484944343567,0.030491545796394348,0.019246969372034073,0.0982007384300232,0.44649216532707214,,,
1818.0,1819.0,True,presidenta,closeup,0.4899418354034424,0.7488856911659241,0.1359080821275711,0.03146271035075188,0.02195010334253311,0.11313820630311966,0.04131587594747543,0.027079053223133087,0.17836996912956238,0.45077601075172424,,,
1819.0,1820.0,True,presidenta,closeup,0.6445356607437134,0.08763375878334045,0.19249632954597473,0.047169361263513565,0.057268984615802765,0.060525115579366684,0.021798904985189438,0.023100439459085464,0.2476840764284134,0.34995678067207336,,,
1820.0,1821.0,True,presidenta,closeup,0.49362221360206604,0.0472988486289978,0.4203367829322815,0.006887190509587526,0.026693308725953102,0.03485310822725296,0.010081522166728973,0.016030127182602882,0.11383470892906189,0.37128323316574097,,,
1821.0,1822.0,True,presidenta,closeup,-0.36645805835723877,0.4795244634151459,0.24167941510677338,0.0027013712096959352,0.028500961139798164,0.05872597172856331,0.025674687698483467,0.04023607447743416,0.15933272242546082,0.4431488811969757,,,
1822.0,1823.0,True,presidenta,closeup,0.735594630241394,0.4951258897781372,0.29689687490463257,0.08330407738685608,0.012340744026005268,0.09006763994693756,0.016401033848524094,0.03993993625044823,0.10832459479570389,0.3527251183986664,,,
1823.0,1824.0,True,presidenta,closeup,0.30085301399230957,0.5299066305160522,0.29028090834617615,0.009123059920966625,0.01399929542094469,0.08527251332998276,0.022327734157443047,0.0314449742436409,0.12758706510066986,0.41996443271636963,,,
1824.0,1825.0,True,presidenta,closeup,0.54644376039505,0.26593899726867676,0.34229186177253723,0.015061861835420132,0.025690896436572075,0.043377891182899475,0.02417714148759842,0.033322110772132874,0.09448350965976715,0.4215947389602661,,,
1825.0,1826.0,True,presidenta,closeup,0.4038253128528595,0.3789302110671997,0.37138837575912476,0.010179898701608181,0.01725674793124199,0.04256187751889229,0.011658374220132828,0.022384023293852806,0.0946708470582962,0.4298999309539795,,,
1826.0,1827.0,True,presidenta,closeup,0.48166555166244507,0.5142561197280884,0.343296617269516,0.0278568584471941,0.012611296959221363,0.0450914166867733,0.013853903859853745,0.03126811236143112,0.08976203948259354,0.43625977635383606,,,
1827.0,1828.0,True,presidenta,closeup,0.5400246381759644,0.25726932287216187,0.19903351366519928,0.012132598087191582,0.020458964630961418,0.1195295974612236,0.03512371703982353,0.03431122004985809,0.14002755284309387,0.4393828213214874,,,
1828.0,1829.0,True,presidenta,closeup,0.6631055474281311,0.06689673662185669,0.35985419154167175,0.011270066723227501,0.02400120534002781,0.06248475983738899,0.013588307425379753,0.016134174540638924,0.08600467443466187,0.4266626834869385,,,
1829.0,1830.0,True,presidenta,closeup,0.6341660618782043,-0.19322967529296875,0.3779407739639282,0.01055064145475626,0.037531353533267975,0.04338233172893524,0.015818169340491295,0.015564313158392906,0.07678603380918503,0.42242634296417236,,,
1830.0,1831.0,True,presidenta,closeup,0.6959148645401001,0.07193610072135925,0.3714139461517334,0.017092879861593246,0.014686421491205692,0.04785131290555,0.012742338702082634,0.01761910878121853,0.09358933568000793,0.42500460147857666,,,
1831.0,1832.0,True,presidenta,closeup,0.20606473088264465,0.6298170685768127,0.17337766289710999,0.010215656831860542,0.013221239671111107,0.12893404066562653,0.04035252705216408,0.045560263097286224,0.16160883009433746,0.4267297089099884,,,
1832.0,1833.0,True,presidenta,closeup,0.7056742310523987,0.23737230896949768,0.3106890320777893,0.021525152027606964,0.016380079090595245,0.08345933258533478,0.022657420486211777,0.02758347988128662,0.08389320224523544,0.43381232023239136,,,
1833.0,1834.0,True,presidenta,closeup,0.6944609880447388,0.22232702374458313,0.3258320987224579,0.013778393156826496,0.02138427644968033,0.07900974899530411,0.020862072706222534,0.026204723864793777,0.09463227540254593,0.4182964861392975,,,
1834.0,1835.0,True,presidenta,closeup,0.4826458990573883,0.510276198387146,0.3317483961582184,0.01596279814839363,0.019555214792490005,0.10393637418746948,0.02764180861413479,0.03386465832591057,0.10961204022169113,0.35767868161201477,,,
1835.0,1836.0,True,presidenta,closeup,0.2945738434791565,0.46019530296325684,0.25611546635627747,0.010312234982848167,0.021391909569501877,0.07179912179708481,0.0208134725689888,0.03987175598740578,0.16940002143383026,0.4102960228919983,,,
1836.0,1837.0,True,presidenta,closeup,0.25326964259147644,0.2597539722919464,0.3172893822193146,0.007955491542816162,0.02091159299015999,0.04735243320465088,0.018093496561050415,0.04001117870211601,0.13243363797664642,0.4159528315067291,,,
1837.0,1838.0,True,presidenta,closeup,0.11137863993644714,0.4696402847766876,0.24736851453781128,0.01491213496774435,0.017888803035020828,0.07529593259096146,0.022047966718673706,0.06103529781103134,0.1572004109621048,0.40425094962120056,,,
1838.0,1839.0,True,presidenta,closeup,0.7302738428115845,0.41371938586235046,0.3163694739341736,0.11990717053413391,0.011181497015058994,0.0587497316300869,0.01337998453527689,0.03558019921183586,0.09746315330266953,0.3473688066005707,,,
1839.0,1840.0,True,presidenta,closeup,0.7374752759933472,0.34321820735931396,0.28539666533470154,0.052378568798303604,0.013220023363828659,0.03592599928379059,0.011747132055461407,0.02373329922556877,0.07399290800094604,0.5036054253578186,,,
1840.0,1841.0,False,,wide,,,,,,,,,,,,,
1841.0,1842.0,False,,wide,,,,,,,,,,,,,
1842.0,1843.0,False,,wide,,,,,,,,,,,,,
1843.0,1844.0,False,,wide,,,,,,,,,,,,,
1844.0,1845.0,False,,wide,,,,,,,,,,,,,
1845.0,1846.0,False,,wide,,,,,,,,,,,,,
1846.0,1847.0,False,,wide,,,,,,,,,,,,,
1847.0,1848.0,False,,wide,,,,,,,,,,,,,
1848.0,1849.0,True,otro,closeup,0.53981614112854,-0.0281527042388916,0.33662229776382446,0.013321882113814354,0.01981399767100811,0.04645097628235817,0.007888591848313808,0.04281807690858841,0.16760292649269104,0.36548125743865967,,,
1849.0,1850.0,True,otro,closeup,0.7297206521034241,-0.2458345890045166,0.32765311002731323,0.02970239520072937,0.0296885184943676,0.04595689848065376,0.011929797008633614,0.03864961117506027,0.140986368060112,0.3754333555698395,,,
1850.0,1851.0,True,otro,closeup,-0.12237846851348877,0.4236866533756256,0.23282426595687866,0.002270221710205078,0.008714891970157623,0.016310732811689377,0.005438357125967741,0.08076181262731552,0.1129239872097969,0.5407557487487793,,,
1851.0,1852.0,True,otro,closeup,-0.14282166957855225,0.6285206079483032,0.16974017024040222,0.00310211768373847,0.007462455425411463,0.025414351373910904,0.008488863706588745,0.13559503853321075,0.1462714672088623,0.5039255619049072,,,
1852.0,1853.0,True,otro,closeup,0.3078967034816742,0.2076704502105713,0.28223109245300293,0.008608640171587467,0.023600807413458824,0.04817173257470131,0.016824765130877495,0.05566668137907982,0.177403524518013,0.38749271631240845,,,
1853.0,1854.0,True,otro,closeup,0.3898393213748932,0.5686097145080566,0.2851378917694092,0.013347204774618149,0.01401613187044859,0.05439523607492447,0.015423445031046867,0.053426072001457214,0.19546081125736237,0.36879321932792664,,,
1854.0,1855.0,True,otro,closeup,0.2550368309020996,0.40191036462783813,0.3501040041446686,0.009918770752847195,0.015877608209848404,0.058438491076231,0.019438620656728745,0.04655010253190994,0.18461117148399353,0.3150612711906433,,,
1855.0,1856.0,True,otro,closeup,0.06821513175964355,0.5859220623970032,0.266869455575943,0.00831923633813858,0.014490476809442043,0.046074267476797104,0.017038963735103607,0.06323080509901047,0.22750772535800934,0.3564690947532654,,,
1856.0,1857.0,True,otro,closeup,0.41400572657585144,0.48888349533081055,0.24211899936199188,0.014434659853577614,0.013925997540354729,0.0716886967420578,0.01952490769326687,0.07027502357959747,0.221974179148674,0.34605756402015686,,,
1857.0,1858.0,True,otro,closeup,0.3042786717414856,0.4578888416290283,0.3066910207271576,0.011152932420372963,0.015133938752114773,0.057249877601861954,0.020483920350670815,0.05803558602929115,0.2116801142692566,0.3195725381374359,,,
1858.0,1859.0,True,otro,closeup,0.2979680001735687,0.5711592435836792,0.2808350920677185,0.013587350025773048,0.012386198155581951,0.09221616387367249,0.020574510097503662,0.06107725575566292,0.23607268929481506,0.28325074911117554,,,
1859.0,1860.0,True,otro,closeup,0.3428325653076172,0.44592031836509705,0.2501172423362732,0.013682963326573372,0.012222357094287872,0.07007533311843872,0.01726294495165348,0.058911290019750595,0.21067629754543304,0.3670516014099121,,,
1860.0,1861.0,True,otro,closeup,0.27571460604667664,0.45324039459228516,0.2811070382595062,0.010588928125798702,0.014414864592254162,0.047312263399362564,0.017595604062080383,0.05674940347671509,0.18623417615890503,0.3859977126121521,,,
1861.0,1862.0,True,otro,closeup,0.4861721992492676,0.35382869839668274,0.3295445144176483,0.010649286210536957,0.01507298368960619,0.05273797735571861,0.01791597157716751,0.04238039627671242,0.14687404036521912,0.38482487201690674,,,
1862.0,1863.0,True,otro,closeup,0.5561624765396118,0.19801750779151917,0.3602859675884247,0.01039969827979803,0.013085597194731236,0.07334565371274948,0.017105022445321083,0.04167376458644867,0.19297008216381073,0.29113417863845825,,,
1863.0,1864.0,True,otro,closeup,0.5779023766517639,0.2908015251159668,0.3111199736595154,0.020683344453573227,0.011035673320293427,0.08047576993703842,0.015889853239059448,0.048850275576114655,0.2328716516494751,0.27907344698905945,,,
1864.0,1865.0,True,otro,closeup,0.6681422591209412,0.1051912009716034,0.3423599898815155,0.01880774274468422,0.01581692136824131,0.046196430921554565,0.01667780801653862,0.037706226110458374,0.16150842607021332,0.3609265089035034,,,
1865.0,1866.0,True,otro,closeup,0.6513288021087646,0.16645845770835876,0.3330758810043335,0.015201693400740623,0.015947837382555008,0.05320579186081886,0.01596982218325138,0.032092321664094925,0.15316414833068848,0.38134244084358215,,,
1866.0,1867.0,True,otro,closeup,0.694327175617218,0.11073008179664612,0.32360753417015076,0.017713390290737152,0.020643655210733414,0.05075022578239441,0.013567316345870495,0.03727345168590546,0.16017213463783264,0.3762722909450531,,,
1867.0,1868.0,True,otro,closeup,0.4632227122783661,0.10854986310005188,0.2708186209201813,0.015747524797916412,0.021741511300206184,0.07249642163515091,0.019336728379130363,0.049679894000291824,0.2117261290550232,0.3384532332420349,,,
1868.0,1869.0,True,otro,closeup,0.3564683198928833,0.3574433922767639,0.25773102045059204,0.011511861346662045,0.014959942549467087,0.06444726139307022,0.015407600440084934,0.061585042625665665,0.19829432666301727,0.37606295943260193,,,
1869.0,1870.0,True,otro,closeup,-0.24318140745162964,0.6904116868972778,0.18803927302360535,0.0027587704826146364,0.009267567656934261,0.024518219754099846,0.009537066332995892,0.12319979071617126,0.137132465839386,0.5055468082427979,,,
1870.0,1871.0,True,otro,closeup,0.5430867671966553,-0.17385229468345642,0.2897988557815552,0.011260375380516052,0.025512343272566795,0.08700543642044067,0.013296311721205711,0.04300680011510849,0.24539290368556976,0.28472697734832764,,,
1871.0,1872.0,True,otro,closeup,0.4504455029964447,-0.01811733841896057,0.22195658087730408,0.013257215730845928,0.019107894971966743,0.13366705179214478,0.014836521819233894,0.044803183525800705,0.2887877821922302,0.2635837197303772,,,
1872.0,1873.0,True,otro,closeup,0.7059216499328613,0.0675027072429657,0.21264693140983582,0.02491406351327896,0.00981693435460329,0.19372381269931793,0.017295535653829575,0.04390067607164383,0.2764948308467865,0.22120726108551025,,,
1873.0,1874.0,True,otro,closeup,0.47840407490730286,-0.12404647469520569,0.2212725430727005,0.018809739500284195,0.015824036672711372,0.15480507910251617,0.014474474824965,0.061135224997997284,0.2903329133987427,0.22334598004817963,,,
1874.0,1875.0,True,otro,closeup,0.41679009795188904,-0.03746804594993591,0.21432562172412872,0.018178056925535202,0.015683583915233612,0.13123102486133575,0.014101292937994003,0.07077536731958389,0.27265435457229614,0.26305070519447327,,,
1875.0,1876.0,True,otro,closeup,0.5418098568916321,-0.2619161605834961,0.23346425592899323,0.0211455300450325,0.01952766254544258,0.1316058486700058,0.014933183789253235,0.05286377668380737,0.26971906423568726,0.25674065947532654,,,
1876.0,1877.0,True,otro,closeup,0.31651389598846436,0.2607637643814087,0.16959282755851746,0.016275795176625252,0.014554368332028389,0.18349234759807587,0.020300457254052162,0.07425457239151001,0.2878171503543854,0.23371244966983795,,,
1877.0,1878.0,True,otro,closeup,0.9408663511276245,0.7147589921951294,0.17112773656845093,0.32582664489746094,0.003386113094165921,0.08946605771780014,0.010361791588366032,0.023287367075681686,0.1297142058610916,0.24683012068271637,,,
1878.0,1879.0,True,otro,closeup,0.33992642164230347,0.6921550035476685,0.21484853327274323,0.012655082158744335,0.006013617850840092,0.020854070782661438,0.004259517416357994,0.07708548754453659,0.14821204543113708,0.516071617603302,,,
1879.0,1880.0,True,presidenta,closeup,0.9350914359092712,0.755912721157074,0.11996074765920639,0.34588751196861267,0.006464205216616392,0.13492342829704285,0.01573782041668892,0.03942113369703293,0.08153659850358963,0.25606849789619446,,,
1880.0,1881.0,True,presidenta,closeup,0.9521086812019348,0.8522371649742126,0.09928557276725769,0.7004501819610596,0.0015428033657371998,0.0679314061999321,0.004043485037982464,0.013408704660832882,0.04177960380911827,0.07155828922986984,,,
1881.0,1882.0,True,presidenta,closeup,0.937682032585144,0.6354492902755737,0.06604758650064468,0.4315567910671234,0.007895329967141151,0.15047988295555115,0.014447547495365143,0.021588696166872978,0.16448253393173218,0.14350169897079468,,,
1882.0,1883.0,True,presidenta,closeup,0.7901471257209778,0.7704634070396423,0.055657219141721725,0.13125500082969666,0.007819216698408127,0.27697232365608215,0.03200923651456833,0.057007964700460434,0.22956973314285278,0.2097092866897583,,,
1883.0,1884.0,True,presidenta,closeup,0.5257668495178223,0.09993323683738708,0.1341366469860077,0.016709432005882263,0.025946402922272682,0.08743451535701752,0.01864149048924446,0.0596635527908802,0.2264697253704071,0.43099820613861084,,,
1884.0,1885.0,True,presidenta,closeup,0.9190934896469116,0.7301092743873596,0.0779670849442482,0.23166155815124512,0.006892303004860878,0.21445520222187042,0.018238253891468048,0.028616230934858322,0.15778063237667084,0.2643887400627136,,,
1885.0,1886.0,True,presidenta,closeup,0.9532263278961182,0.7051563858985901,0.0602790042757988,0.4190042018890381,0.00437752902507782,0.22969193756580353,0.014164227992296219,0.019554054364562035,0.10804246366024017,0.1448865830898285,,,
1886.0,1887.0,True,presidenta,closeup,0.7535572052001953,0.043336421251297,0.1825980395078659,0.03209171071648598,0.03300176188349724,0.09970260411500931,0.032853998243808746,0.03733166679739952,0.15808971226215363,0.42433053255081177,,,
1887.0,1888.0,True,presidenta,closeup,0.8879091739654541,0.3814808428287506,0.3087581992149353,0.11048465222120285,0.01614820957183838,0.07510456442832947,0.016240140423178673,0.016014760360121727,0.07555744796991348,0.38169190287590027,,,
1888.0,1889.0,True,presidenta,closeup,0.7588946223258972,0.6297730207443237,0.18000513315200806,0.05100541189312935,0.014676898717880249,0.14090697467327118,0.01890852116048336,0.039359163492918015,0.18858492374420166,0.36655300855636597,,,
1889.0,1890.0,True,presidenta,closeup,0.7079569101333618,0.43405914306640625,0.23838596045970917,0.06223772093653679,0.020421836525201797,0.08231405913829803,0.02526893839240074,0.04753164201974869,0.10741998255252838,0.4164199233055115,,,
1890.0,1891.0,True,presidenta,closeup,0.4532627761363983,0.32543355226516724,0.3197275698184967,0.012749549001455307,0.028239423409104347,0.03895491361618042,0.02159026451408863,0.03571749106049538,0.10218755900859833,0.44083330035209656,,,
1891.0,1892.0,True,presidenta,closeup,0.773281991481781,0.2778681516647339,0.37012985348701477,0.07473684847354889,0.018705293536186218,0.04798516631126404,0.014739423990249634,0.023723023012280464,0.07625026255846024,0.3737300634384155,,,
1892.0,1893.0,True,presidenta,closeup,0.8885328769683838,-0.13229966163635254,0.2662903368473053,0.26025471091270447,0.0166676864027977,0.06344699114561081,0.011086990125477314,0.018160298466682434,0.10810733586549759,0.2559856176376343,,,
1893.0,1894.0,True,presidenta,closeup,0.892597496509552,-0.45147082209587097,0.380492240190506,0.07053685188293457,0.026725830510258675,0.07118808478116989,0.013789612799882889,0.013171719387173653,0.1155446469783783,0.30855104327201843,,,
1894.0,1895.0,True,presidenta,closeup,0.6954473257064819,0.2981700897216797,0.25885704159736633,0.0517711341381073,0.020014245063066483,0.10107458382844925,0.02882271446287632,0.037087783217430115,0.13423007726669312,0.36814242601394653,,,
1895.0,1896.0,True,presidenta,closeup,0.8733276724815369,0.19543316960334778,0.3575519025325775,0.055143751204013824,0.019295861944556236,0.059946347028017044,0.01444476842880249,0.017274387180805206,0.07314833998680115,0.40319472551345825,,,
1896.0,1897.0,True,presidenta,closeup,0.8668923377990723,-0.1802349090576172,0.3580504059791565,0.06859190762042999,0.03405731916427612,0.05869483947753906,0.014911377802491188,0.016335755586624146,0.10870768129825592,0.3406507074832916,,,
1897.0,1898.0,True,presidenta,closeup,0.7449547052383423,0.5002928376197815,0.24576117098331451,0.05363030731678009,0.016645200550556183,0.15199123322963715,0.027340073138475418,0.023791996762156487,0.16327239573001862,0.3175676167011261,,,
1898.0,1899.0,True,presidenta,closeup,0.6675788760185242,0.4651283919811249,0.30540236830711365,0.024066481739282608,0.019597219303250313,0.12088008224964142,0.02337452583014965,0.027669167146086693,0.1239904910326004,0.355019748210907,,,
1899.0,1900.0,True,presidenta,closeup,0.6586881279945374,0.20896247029304504,0.3457367718219757,0.02746158093214035,0.028478071093559265,0.07609880715608597,0.027943532913923264,0.02604043483734131,0.11178184300661087,0.35645896196365356,,,
1900.0,1901.0,True,presidenta,closeup,0.6546051502227783,0.6566730737686157,0.2212010771036148,0.033011943101882935,0.015916423872113228,0.10887445509433746,0.026719525456428528,0.041357655078172684,0.12047412991523743,0.4324447512626648,,,
1901.0,1902.0,True,presidenta,closeup,0.657160222530365,0.30934667587280273,0.35983991622924805,0.038481228053569794,0.01812724769115448,0.05950827896595001,0.014332848601043224,0.024466756731271744,0.09315059334039688,0.3920931816101074,,,
1902.0,1903.0,True,presidenta,closeup,0.7500815391540527,0.13910821080207825,0.20398196578025818,0.021832259371876717,0.01813560351729393,0.08422397077083588,0.018107175827026367,0.04152225703001022,0.1360708773136139,0.4761258363723755,,,
1903.0,1904.0,True,presidenta,closeup,0.8154865503311157,0.165696382522583,0.23028729856014252,0.058499839156866074,0.022654574364423752,0.07296089082956314,0.02304336056113243,0.04687482491135597,0.1444261372089386,0.40125298500061035,,,
1904.0,1905.0,True,presidenta,closeup,0.8787422776222229,-0.43280115723609924,0.30147480964660645,0.055492520332336426,0.03679558262228966,0.11826454102993011,0.0237654410302639,0.013644923456013203,0.19078023731708527,0.25978195667266846,,,
1905.0,1906.0,True,presidenta,closeup,0.3508620262145996,-0.3823426365852356,0.36996883153915405,0.016216624528169632,0.031914953142404556,0.036902423948049545,0.013603948056697845,0.024800291284918785,0.17124544084072113,0.3353475034236908,,,
1906.0,1907.0,True,presidenta,closeup,0.8153827786445618,0.27343541383743286,0.27749374508857727,0.0643506795167923,0.03086223639547825,0.05243493244051933,0.022711006924510002,0.0201580673456192,0.0846051499247551,0.44738417863845825,,,
1907.0,1908.0,True,presidenta,closeup,0.7441296577453613,-0.13167819380760193,0.3255845308303833,0.02857169695198536,0.025075634941458702,0.08445442467927933,0.017676377668976784,0.023334933444857597,0.16177970170974731,0.3335227072238922,,,
1908.0,1909.0,True,presidenta,closeup,0.24899840354919434,0.6957085132598877,0.20389138162136078,0.008914505131542683,0.01719839684665203,0.11828257888555527,0.02771587297320366,0.04051545262336731,0.16683682799339294,0.4166450500488281,,,
1909.0,1910.0,True,presidenta,closeup,0.5940664410591125,0.6192187070846558,0.2383875548839569,0.023410970345139503,0.01869296096265316,0.10747931152582169,0.032174002379179,0.03562747314572334,0.13736602663993835,0.40686163306236267,,,
1910.0,1911.0,True,presidenta,closeup,0.8000271320343018,0.36113667488098145,0.29437774419784546,0.04843190312385559,0.022353028878569603,0.10637036710977554,0.023587742820382118,0.029566213488578796,0.13808397948741913,0.33722907304763794,,,
1911.0,1912.0,True,presidenta,closeup,0.7802189588546753,-0.05496102571487427,0.2199317067861557,0.042634282261133194,0.029119424521923065,0.10829831659793854,0.024144969880580902,0.02900313399732113,0.15994909405708313,0.3869190514087677,,,
1912.0,1913.0,True,presidenta,closeup,0.8837118744850159,-0.32267341017723083,0.37216782569885254,0.05388205125927925,0.030268704518675804,0.0666700005531311,0.01697285659611225,0.01186283864080906,0.09922663867473602,0.3489491045475006,,,
1913.0,1914.0,True,presidenta,closeup,0.8043818473815918,0.2139180302619934,0.26432549953460693,0.07781098783016205,0.0187822412699461,0.12009090185165405,0.019273022189736366,0.02361837401986122,0.1356135755777359,0.3404853940010071,,,
1914.0,1915.0,True,presidenta,closeup,0.705966055393219,-0.1294996440410614,0.25932061672210693,0.03414382040500641,0.0395483635365963,0.07216838002204895,0.01902223937213421,0.02127009630203247,0.14103025197982788,0.4134962260723114,,,
1915.0,1916.0,True,presidenta,closeup,0.24988439679145813,0.2454647719860077,0.17984236776828766,0.010540529154241085,0.09954577684402466,0.08619776368141174,0.05426787585020065,0.03338680788874626,0.1554824262857437,0.38073647022247314,,,
1916.0,1917.0,True,presidenta,closeup,0.44800660014152527,0.13086038827896118,0.36746320128440857,0.01160805206745863,0.02327779121696949,0.059953488409519196,0.019917095080018044,0.024473968893289566,0.10677115619182587,0.38653528690338135,,,
1917.0,1918.0,True,presidenta,closeup,0.8358069062232971,0.0023605823516845703,0.4125388562679291,0.07432099431753159,0.022447355091571808,0.04820830374956131,0.011195940896868706,0.019002048298716545,0.06291705369949341,0.3493693768978119,,,
1918.0,1919.0,True,presidenta,closeup,0.45808157324790955,0.4442824721336365,0.2399396151304245,0.014133053831756115,0.01627514511346817,0.06031690165400505,0.01674376241862774,0.039627980440855026,0.12110871821641922,0.49185484647750854,,,
1919.0,1920.0,True,presidenta,closeup,0.9171871542930603,0.3609902858734131,0.31481534242630005,0.1293897181749344,0.009718921966850758,0.055440403521060944,0.010697392746806145,0.015489185228943825,0.05520835518836975,0.4092406630516052,,,
1920.0,1921.0,True,presidenta,closeup,0.7198390960693359,-0.3536875247955322,0.33383652567863464,0.040332745760679245,0.03502413630485535,0.061471741646528244,0.013015261851251125,0.016984688118100166,0.18260887265205383,0.31672605872154236,,,
1921.0,1922.0,True,presidenta,closeup,0.06584781408309937,0.04124972224235535,0.2603566646575928,0.011432064697146416,0.07282233983278275,0.058723077178001404,0.03213809058070183,0.027391113340854645,0.19626642763614655,0.3408701717853546,,,
1922.0,1923.0,True,presidenta,closeup,0.43062663078308105,0.2190791666507721,0.31297793984413147,0.01087209489196539,0.01890055276453495,0.07464460283517838,0.012807495892047882,0.02307659015059471,0.15937156975269318,0.3873492181301117,,,
1923.0,1924.0,True,presidenta,closeup,0.2730906009674072,0.10388994216918945,0.30383989214897156,0.009585506282746792,0.020426440984010696,0.09438112378120422,0.020458854734897614,0.02728668972849846,0.11444561928510666,0.409575879573822,,,
1924.0,1925.0,True,presidenta,closeup,0.5168634057044983,0.021022111177444458,0.3820253014564514,0.010540347546339035,0.02579943649470806,0.043885380029678345,0.014313050545752048,0.02171011082828045,0.09115798026323318,0.4105684459209442,,,
1925.0,1926.0,True,presidenta,closeup,0.40051165223121643,0.021484851837158203,0.43228819966316223,0.008146464824676514,0.02417660318315029,0.027499970048666,0.009791333228349686,0.03512238338589668,0.08549993485212326,0.37747517228126526,,,
1926.0,1927.0,True,presidenta,closeup,0.4569851756095886,0.3851511478424072,0.34564194083213806,0.015432523563504219,0.019344329833984375,0.07007678598165512,0.015396361239254475,0.0341828279197216,0.13854394853115082,0.3613812327384949,,,
1927.0,1928.0,True,presidenta,closeup,0.06380131840705872,0.4701409637928009,0.21023902297019958,0.01665172353386879,0.08192857354879379,0.04802467301487923,0.0233529731631279,0.03219830244779587,0.1526593714952469,0.43494537472724915,,,
1928.0,1929.0,True,presidenta,closeup,0.26484522223472595,0.4738380014896393,0.2768857181072235,0.012004254385828972,0.025511693209409714,0.04681309312582016,0.017901457846164703,0.029385825619101524,0.10542966425418854,0.4860682785511017,,,
1929.0,1930.0,True,presidenta,closeup,0.40273502469062805,0.5481903553009033,0.2193770557641983,0.014968844130635262,0.0178326778113842,0.14392533898353577,0.037544164806604385,0.040287330746650696,0.1783478558063507,0.34771671891212463,,,
1930.0,1931.0,True,presidenta,closeup,0.5303506851196289,0.5302755832672119,0.2809021770954132,0.024958401918411255,0.02270139381289482,0.0741974338889122,0.023344531655311584,0.034693919122219086,0.12303969264030457,0.41616249084472656,,,
1931.0,1932.0,True,presidenta,closeup,0.3978447914123535,0.4288032054901123,0.2535686790943146,0.023395299911499023,0.0225253626704216,0.07021183520555496,0.02269727922976017,0.031983163207769394,0.17945851385593414,0.3961598873138428,,,
1932.0,1933.0,True,presidenta,closeup,-0.5938444137573242,0.5403271913528442,0.12353911250829697,0.0034035537391901016,0.17061686515808105,0.023691780865192413,0.040327202528715134,0.03611544147133827,0.17217588424682617,0.43013015389442444,,,
1933.0,1934.0,True,presidenta,closeup,0.23970359563827515,0.6923620700836182,0.21573610603809357,0.016455939039587975,0.018513374030590057,0.1095704510807991,0.0393875427544117,0.04160838574171066,0.15132160484790802,0.4074065387248993,,,
1934.0,1935.0,True,presidenta,closeup,0.3873176574707031,0.18621230125427246,0.34289121627807617,0.010638427920639515,0.02395712211728096,0.06169893965125084,0.022136788815259933,0.029233522713184357,0.12410517036914825,0.38533881306648254,,,
1935.0,1936.0,True,presidenta,closeup,0.5853568315505981,0.27185019850730896,0.3618892729282379,0.02004319056868553,0.029224852100014687,0.0836661159992218,0.031833622604608536,0.023869924247264862,0.12094174325466156,0.3285312354564667,,,
1936.0,1937.0,True,presidenta,closeup,0.8207390308380127,0.4368355870246887,0.3127424716949463,0.0723763182759285,0.019403966143727303,0.09616687893867493,0.022833488881587982,0.014805466867983341,0.10668326914310455,0.35498809814453125,,,
1937.0,1938.0,True,presidenta,closeup,0.9209603071212769,0.3828463852405548,0.2553471326828003,0.2755244970321655,0.009503315202891827,0.08387626707553864,0.016812946647405624,0.020448459312319756,0.07113511860370636,0.26735228300094604,,,
1938.0,1939.0,True,presidenta,closeup,0.8315698504447937,0.10020491480827332,0.3234207034111023,0.10780633240938187,0.021483125165104866,0.06569606065750122,0.019120611250400543,0.029599478468298912,0.09737949073314667,0.33549419045448303,,,
1939.0,1940.0,True,presidenta,closeup,0.8227344751358032,-0.23192140460014343,0.3669406771659851,0.056104667484760284,0.024735858663916588,0.03913012519478798,0.010639766231179237,0.011907940730452538,0.08863542228937149,0.40190547704696655,,,
1940.0,1941.0,True,presidenta,closeup,0.6052709221839905,0.3289388418197632,0.2784372866153717,0.017313726246356964,0.022356821224093437,0.060676589608192444,0.018333395943045616,0.027478348463773727,0.1178148090839386,0.45758897066116333,,,
1941.0,1942.0,True,presidenta,closeup,0.6571100950241089,0.15738165378570557,0.3235068619251251,0.023027990013360977,0.014546372927725315,0.06988564878702164,0.012839131988584995,0.01817171834409237,0.09695561975240707,0.4410666525363922,,,
1942.0,1943.0,True,presidenta,closeup,0.8537780046463013,0.5291569232940674,0.2445087432861328,0.1195375993847847,0.01410204079002142,0.11220216006040573,0.025059236213564873,0.024767562747001648,0.10160071402788162,0.35822194814682007,,,
1943.0,1944.0,True,presidenta,closeup,0.5466430187225342,0.15413987636566162,0.34330180287361145,0.012320231646299362,0.024358050897717476,0.05012967437505722,0.02053738199174404,0.025985324755311012,0.09898999333381653,0.42437744140625,,,
1944.0,1945.0,True,presidenta,closeup,0.9372168779373169,0.3431742191314697,0.19501861929893494,0.3800084590911865,0.008101491257548332,0.07895999401807785,0.010809144005179405,0.0179834496229887,0.06984950602054596,0.23926927149295807,,,
1945.0,1946.0,True,presidenta,closeup,0.3037813901901245,0.051543742418289185,0.39161431789398193,0.00756132323294878,0.011399228125810623,0.03953244537115097,0.006357824429869652,0.016347432509064674,0.1036754623055458,0.42351195216178894,,,
1946.0,1947.0,True,presidenta,closeup,-0.20481514930725098,0.3128849267959595,0.20215515792369843,0.0030203787609934807,0.03851032257080078,0.04057320952415466,0.019475523382425308,0.038502443581819534,0.1368732452392578,0.5208896398544312,,,
1947.0,1948.0,True,presidenta,closeup,0.7194347381591797,0.17724668979644775,0.41403502225875854,0.04048197343945503,0.015815768390893936,0.044910065829753876,0.010798183269798756,0.023848460987210274,0.09179072827100754,0.35831981897354126,,,
1948.0,1949.0,True,presidenta,closeup,0.872036337852478,0.29789501428604126,0.31903332471847534,0.1201963946223259,0.01632418856024742,0.08448266983032227,0.018366191536188126,0.015631726011633873,0.07059706747531891,0.3553684651851654,,,
1949.0,1950.0,True,presidenta,closeup,0.7533766627311707,0.435768723487854,0.31945109367370605,0.061099108308553696,0.015873033553361893,0.0749116763472557,0.01953830197453499,0.023166466504335403,0.09128952026367188,0.3946708142757416,,,
1950.0,1951.0,True,presidenta,closeup,0.631981611251831,0.2515869736671448,0.35383421182632446,0.02023138664662838,0.014346352778375149,0.05382790043950081,0.015670116990804672,0.02091670222580433,0.07834572345018387,0.4428275525569916,,,
1951.0,1952.0,True,presidenta,closeup,0.654556155204773,0.388471782207489,0.28386491537094116,0.022357439622282982,0.015704065561294556,0.07903721183538437,0.021384742110967636,0.02714533358812332,0.0936078280210495,0.45689845085144043,,,
1952.0,1953.0,True,presidenta,closeup,0.4527131915092468,0.19888412952423096,0.34564170241355896,0.007563049905002117,0.018990978598594666,0.071656234562397,0.017963653430342674,0.023650741204619408,0.11305493861436844,0.40147867798805237,,,
1953.0,1954.0,True,presidenta,closeup,0.6622594594955444,0.17458698153495789,0.27849069237709045,0.013176859356462955,0.017512980848550797,0.08161059021949768,0.01692352257668972,0.024144597351551056,0.09923321008682251,0.46890750527381897,,,
1954.0,1955.0,True,presidenta,closeup,0.7068488597869873,0.27899637818336487,0.2689244747161865,0.020385587587952614,0.028917504474520683,0.0767383947968483,0.021082881838083267,0.02155161462724209,0.11819542944431305,0.4442042112350464,,,
1955.0,1956.0,True,presidenta,closeup,0.6615520119667053,0.4895215928554535,0.24684584140777588,0.031212765723466873,0.02020641788840294,0.0798330008983612,0.020368142053484917,0.030590467154979706,0.14402344822883606,0.42691993713378906,,,
1956.0,1957.0,True,presidenta,closeup,0.09510886669158936,0.7367412447929382,0.15796956419944763,0.005555641371756792,0.013605651445686817,0.16127122938632965,0.030569612979888916,0.04143273085355759,0.17956635355949402,0.41002920269966125,,,
1957.0,1958.0,True,presidenta,closeup,-0.008647710084915161,0.5924421548843384,0.1583016961812973,0.002594433492049575,0.012105224654078484,0.09002915024757385,0.01577869802713394,0.03998972475528717,0.17623019218444824,0.5049708485603333,,,
1958.0,1959.0,True,presidenta,closeup,0.8019896745681763,0.2663751244544983,0.33174842596054077,0.059801023453474045,0.023029660806059837,0.09864238649606705,0.02648950181901455,0.029462603852152824,0.11257748305797577,0.3182489275932312,,,
1959.0,1960.0,True,presidenta,closeup,0.4417472183704376,0.3456740081310272,0.28870153427124023,0.012546314857900143,0.019890084862709045,0.0709611251950264,0.018721196800470352,0.029286542907357216,0.13110540807247162,0.42878779768943787,,,
1960.0,1961.0,True,presidenta,closeup,0.6023118495941162,0.3331080377101898,0.31943851709365845,0.03100036457180977,0.014952510595321655,0.07377757877111435,0.016920387744903564,0.028656451031565666,0.1234506145119667,0.3918036222457886,,,
1961.0,1962.0,True,presidenta,closeup,0.5132591724395752,0.536414384841919,0.2592509984970093,0.030920714139938354,0.011660583317279816,0.09249524027109146,0.019658919423818588,0.04053521528840065,0.15605884790420532,0.38941946625709534,,,
1962.0,1963.0,True,presidenta,closeup,0.5610398054122925,0.377621054649353,0.25074928998947144,0.021118849515914917,0.01253347098827362,0.08523938059806824,0.014819999225437641,0.029895765706896782,0.12862001359462738,0.4570232629776001,,,
1963.0,1964.0,True,presidenta,closeup,0.5581645965576172,0.22824114561080933,0.28948092460632324,0.010730642825365067,0.01948864571750164,0.052300404757261276,0.013998968526721,0.024432849138975143,0.10632268339395523,0.48324480652809143,,,
1964.0,1965.0,True,presidenta,closeup,0.3033656179904938,0.4086436629295349,0.27468952536582947,0.015498942695558071,0.01672365702688694,0.06899779289960861,0.015254047699272633,0.03623240441083908,0.12037227302789688,0.4522313177585602,,,
1965.0,1966.0,True,presidenta,closeup,0.33222365379333496,0.415149450302124,0.26535966992378235,0.010610268451273441,0.01677079312503338,0.0537460520863533,0.01456707064062357,0.030268099159002304,0.11458510905504227,0.4940929412841797,,,
1966.0,1967.0,True,presidenta,closeup,0.3933638334274292,0.39685752987861633,0.29638993740081787,0.010576320812106133,0.01613098755478859,0.06001873314380646,0.014175746589899063,0.025878921151161194,0.10188103467226028,0.47494828701019287,,,
1967.0,1968.0,True,presidenta,closeup,0.5340128540992737,0.43938446044921875,0.2690645158290863,0.017997270449995995,0.01361765619367361,0.05714030563831329,0.015936778858304024,0.03626669943332672,0.0957408919930458,0.49423593282699585,,,
1968.0,1969.0,True,presidenta,closeup,0.924365222454071,0.06523394584655762,0.3162766993045807,0.13014943897724152,0.024667290970683098,0.07438959181308746,0.016305670142173767,0.0205795057117939,0.07642864435911179,0.34120312333106995,,,
1969.0,1970.0,True,presidenta,closeup,0.519230842590332,0.27748793363571167,0.3077346980571747,0.020264888182282448,0.017192864790558815,0.07264676690101624,0.016252368688583374,0.032628629356622696,0.11363036185503006,0.4196494519710541,,,
1970.0,1971.0,True,presidenta,closeup,0.7614977955818176,0.5649413466453552,0.2411017268896103,0.04897391423583031,0.011538751423358917,0.0802072212100029,0.013574693351984024,0.028790965676307678,0.11062026768922806,0.4651924967765808,,,
1971.0,1972.0,True,presidenta,closeup,0.5971059799194336,0.18970108032226562,0.30919352173805237,0.017267828807234764,0.02043682523071766,0.04814736172556877,0.015016822144389153,0.03309348225593567,0.12370296567678452,0.43314117193222046,,,
1972.0,1973.0,True,presidenta,closeup,0.5215395092964172,0.532581090927124,0.26919105648994446,0.013466449454426765,0.01578533835709095,0.06577710062265396,0.018295252695679665,0.03375372663140297,0.12332873046398163,0.46040233969688416,,,
1973.0,1974.0,True,presidenta,closeup,-0.06655803322792053,0.12366941571235657,0.26777184009552,0.0049486346542835236,0.04417811706662178,0.03398974612355232,0.020362332463264465,0.03306438401341438,0.11582202464342117,0.4798630177974701,,,
1974.0,1975.0,True,presidenta,closeup,0.7976521849632263,0.3864409923553467,0.3321276605129242,0.1036563515663147,0.017386069521307945,0.07274085283279419,0.020708497613668442,0.025556866079568863,0.09404586255550385,0.33377784490585327,,,
1975.0,1976.0,True,presidenta,closeup,0.3289681375026703,0.35418784618377686,0.2525171935558319,0.00955662876367569,0.024198800325393677,0.05963132157921791,0.02633846364915371,0.052128907293081284,0.13993017375469208,0.4356985092163086,,,
1976.0,1977.0,True,presidenta,closeup,0.7234522104263306,0.20865440368652344,0.3207475543022156,0.03163865953683853,0.01951274834573269,0.04581564664840698,0.015470326878130436,0.033380184322595596,0.09135426580905914,0.44208067655563354,,,
1977.0,1978.0,True,presidenta,closeup,0.7884026169776917,0.08523496985435486,0.32998186349868774,0.06795768439769745,0.018082091584801674,0.05808035284280777,0.013686124235391617,0.02695591375231743,0.0897497907280922,0.3955061137676239,,,
1978.0,1979.0,True,presidenta,closeup,0.5333011746406555,0.32350143790245056,0.13457933068275452,0.026138268411159515,0.02205299586057663,0.1532377153635025,0.029102571308612823,0.052235692739486694,0.20000912249088287,0.38264426589012146,,,
1979.0,1980.0,True,presidenta,closeup,0.47886011004447937,0.4800867736339569,0.08908272534608841,0.0320889912545681,0.02391444891691208,0.21023082733154297,0.03814396634697914,0.04207325726747513,0.3167894780635834,0.2476763129234314,,,
1980.0,1981.0,True,presidenta,closeup,0.460801362991333,0.31797221302986145,0.10661054402589798,0.02876090630888939,0.04197116941213608,0.18398669362068176,0.041747018694877625,0.05529995635151863,0.3034660220146179,0.23815777897834778,,,
1981.0,1982.0,True,presidenta,closeup,0.7017163038253784,-0.19457125663757324,0.22479166090488434,0.031403884291648865,0.045243266969919205,0.11623100191354752,0.02750004269182682,0.02516440860927105,0.22140222787857056,0.3082634508609772,,,
1982.0,1983.0,True,presidenta,closeup,-0.15494558215141296,0.2839195728302002,0.12199611216783524,0.009294823743402958,0.12765906751155853,0.04990711808204651,0.035193733870983124,0.023783231154084206,0.3035059869289398,0.3286599814891815,,,
1983.0,1984.0,True,presidenta,closeup,0.5295484066009521,0.19739070534706116,0.30972447991371155,0.01763817109167576,0.023099174723029137,0.05053625628352165,0.015594858676195145,0.028908604755997658,0.10718782246112823,0.44731053709983826,,,
1984.0,1985.0,True,presidenta,closeup,0.4769231081008911,-0.2152649462223053,0.2830408811569214,0.010029139928519726,0.03333352878689766,0.049998436123132706,0.013757931999862194,0.03111974336206913,0.1329585760831833,0.44576168060302734,,,
1985.0,1986.0,True,presidenta,closeup,0.7151393890380859,0.27895259857177734,0.18999753892421722,0.019699564203619957,0.022505244240164757,0.09356412291526794,0.01784651353955269,0.03333239257335663,0.13176079094409943,0.4912938177585602,,,
1986.0,1987.0,True,presidenta,closeup,0.8516901135444641,0.35053274035453796,0.3138684630393982,0.02894456684589386,0.026244770735502243,0.06940276175737381,0.016505757346749306,0.02063520811498165,0.08302441984415054,0.4413740038871765,,,
1987.0,1988.0,True,presidenta,closeup,0.8521983623504639,-0.10756301879882812,0.3293549716472626,0.12368911504745483,0.020134897902607918,0.06609835475683212,0.012060955166816711,0.0173872709274292,0.12976446747779846,0.30150994658470154,,,
1988.0,1989.0,True,presidenta,closeup,0.9102065563201904,-0.5087026357650757,0.36964085698127747,0.11421972513198853,0.03144213184714317,0.0526585727930069,0.012542917393147945,0.011097674258053303,0.10100090503692627,0.3073972463607788,,,
1989.0,1990.0,True,presidenta,closeup,0.8251194953918457,-0.1160072386264801,0.40123283863067627,0.03310149163007736,0.02820514887571335,0.05166911706328392,0.01710377261042595,0.01703452505171299,0.08869585394859314,0.3629572093486786,,,
1990.0,1991.0,True,presidenta,closeup,0.46950235962867737,-0.0014782249927520752,0.32578304409980774,0.0054144347086548805,0.043197471648454666,0.055888254195451736,0.021561281755566597,0.02149493433535099,0.1329537034034729,0.3937068581581116,,,
1991.0,1992.0,True,presidenta,closeup,0.5061572790145874,0.2602428197860718,0.29226040840148926,0.01871536113321781,0.02596074528992176,0.07253848761320114,0.021755577996373177,0.03595748543739319,0.14063599705696106,0.39217597246170044,,,
1992.0,1993.0,True,presidenta,closeup,0.8073758482933044,0.3434723913669586,0.34541603922843933,0.04091506823897362,0.015763530507683754,0.08547413349151611,0.018428433686494827,0.018176203593611717,0.0880296528339386,0.38779690861701965,,,
1993.0,1994.0,True,presidenta,closeup,0.6533043384552002,-0.29183104634284973,0.357490211725235,0.01633560098707676,0.05669615417718887,0.033934611827135086,0.01635121926665306,0.012741350568830967,0.1157289445400238,0.3907219171524048,,,
1994.0,1995.0,True,presidenta,closeup,0.5566236972808838,-0.3303539752960205,0.35029926896095276,0.014447317458689213,0.0697331577539444,0.04420781508088112,0.024018818512558937,0.013530991040170193,0.16630303859710693,0.3174595832824707,,,
1995.0,1996.0,True,presidenta,closeup,0.6068081259727478,-0.23848748207092285,0.32793939113616943,0.017568444833159447,0.04209178313612938,0.06484156101942062,0.026071768254041672,0.021580617874860764,0.1849471479654312,0.3149593472480774,,,
1996.0,1997.0,True,presidenta,closeup,0.6253498792648315,0.11012956500053406,0.3251083195209503,0.024839768186211586,0.020577173680067062,0.05273941531777382,0.015633566305041313,0.03530826419591904,0.11874134838581085,0.4070521593093872,,,
1997.0,1998.0,True,presidenta,closeup,0.7956136465072632,0.13289272785186768,0.2772241532802582,0.017510103061795235,0.025808632373809814,0.059832435101270676,0.01326756551861763,0.03057936020195484,0.0940760150551796,0.4817017614841461,,,
1998.0,1999.0,True,presidenta,closeup,0.8304167985916138,0.03304135799407959,0.2832624912261963,0.022659972310066223,0.02917148359119892,0.06453714519739151,0.01614774577319622,0.020750241354107857,0.0777871310710907,0.48568373918533325,,,
1999.0,2000.0,True,presidenta,closeup,0.8121192455291748,0.22561430931091309,0.30153486132621765,0.022039050236344337,0.028252875432372093,0.07103384286165237,0.016900159418582916,0.018040170893073082,0.08550293743610382,0.45669612288475037,,,
2000.0,2001.0,True,presidenta,closeup,0.38072726130485535,0.4034249782562256,0.3051169514656067,0.013051038607954979,0.02055991441011429,0.05339140444993973,0.015114759095013142,0.037526123225688934,0.13747596740722656,0.41776394844055176,,,
2001.0,2002.0,True,presidenta,closeup,0.5225399136543274,0.5014421939849854,0.28039586544036865,0.017477629706263542,0.01913972571492195,0.07361273467540741,0.020543016493320465,0.026835234835743904,0.15335878729820251,0.40863707661628723,,,
2002.0,2003.0,True,presidenta,closeup,-0.051125288009643555,0.45161813497543335,0.23712098598480225,0.00380984740331769,0.06241276115179062,0.055658821016550064,0.03537023067474365,0.032728780061006546,0.13855817914009094,0.43434035778045654,,,
2003.0,2004.0,True,presidenta,closeup,0.32583552598953247,0.43083247542381287,0.15270060300827026,0.04182269051671028,0.028024014085531235,0.1348056197166443,0.0305692870169878,0.049546077847480774,0.2887466847896576,0.2737850546836853,,,
2004.0,2005.0,True,presidenta,closeup,0.542778730392456,0.1276693046092987,0.3895660936832428,0.013874956406652927,0.027675462886691093,0.05094701796770096,0.01860125921666622,0.02792256884276867,0.10105863213539124,0.370354026556015,,,
2005.0,2006.0,True,presidenta,closeup,0.522500216960907,0.49622440338134766,0.31867608428001404,0.022828171029686928,0.01613512448966503,0.0583428293466568,0.01591137796640396,0.03404853865504265,0.0976315289735794,0.43642640113830566,,,
2006.0,2007.0,True,presidenta,closeup,0.561176061630249,0.22489506006240845,0.453148752450943,0.019237389788031578,0.024651382118463516,0.0448971651494503,0.01444445364177227,0.026211244985461235,0.09933020174503326,0.31807950139045715,,,
2007.0,2008.0,True,presidenta,closeup,0.9483473896980286,0.6580361127853394,0.21142064034938812,0.43486735224723816,0.00442897854372859,0.06512219458818436,0.007637161761522293,0.016913432627916336,0.05227271467447281,0.20733751356601715,,,
2008.0,2009.0,True,presidenta,closeup,0.6802806854248047,0.2261338233947754,0.3316324055194855,0.019659768790006638,0.025535041466355324,0.036640312522649765,0.014281182549893856,0.029201440513134003,0.08694089949131012,0.456108957529068,,,
2009.0,2010.0,True,presidenta,closeup,0.7380685806274414,0.3806775212287903,0.34548473358154297,0.04275590181350708,0.011398273520171642,0.04787762463092804,0.010356425307691097,0.023950789123773575,0.07861632853746414,0.4395599663257599,,,
2010.0,2011.0,True,presidenta,closeup,0.667302131652832,0.21735280752182007,0.37187913060188293,0.028008004650473595,0.01838056556880474,0.03852367401123047,0.011428320780396461,0.029234187677502632,0.07381800562143326,0.42872804403305054,,,
2011.0,2012.0,True,presidenta,closeup,0.19218993186950684,0.28086191415786743,0.2315627783536911,0.014593690633773804,0.03980156406760216,0.048458896577358246,0.020714428275823593,0.028114186599850655,0.1850951761007309,0.4316593110561371,,,
2012.0,2013.0,True,presidenta,closeup,0.628333568572998,0.8243532776832581,0.16678643226623535,0.04435674101114273,0.009061157703399658,0.15553687512874603,0.03314591944217682,0.038850896060466766,0.14929832518100739,0.4029636085033417,,,
2013.0,2014.0,True,presidenta,closeup,0.6005021333694458,0.23309803009033203,0.36906206607818604,0.017550937831401825,0.018615299835801125,0.04671371355652809,0.01370806060731411,0.024455072358250618,0.08741231262683868,0.42248255014419556,,,
2014.0,2015.0,True,presidenta,closeup,0.546592116355896,0.27245375514030457,0.31802934408187866,0.012815676629543304,0.020372994244098663,0.038724541664123535,0.011623174883425236,0.028311222791671753,0.10116106271743774,0.4689619839191437,,,
2015.0,2016.0,True,presidenta,closeup,0.43163514137268066,0.22480949759483337,0.40740957856178284,0.007420686539262533,0.018910590559244156,0.026594730094075203,0.010467280633747578,0.024933191016316414,0.07274419814348221,0.4315197169780731,,,
2016.0,2017.0,True,presidenta,closeup,0.5340561866760254,0.21807551383972168,0.26020845770835876,0.03312458470463753,0.02576063759624958,0.046059489250183105,0.016975216567516327,0.04596448317170143,0.1639479398727417,0.4079591929912567,,,
2017.0,2018.0,True,presidenta,closeup,0.5807088017463684,0.04491385817527771,0.3324020504951477,0.014857392758131027,0.03194282576441765,0.04454774409532547,0.018697580322623253,0.025719325989484787,0.09345879405736923,0.43837422132492065,,,
2018.0,2019.0,True,presidenta,closeup,0.5669540762901306,0.0815117359161377,0.38906770944595337,0.020061256363987923,0.0216372087597847,0.04469218850135803,0.014337243512272835,0.03039594553411007,0.08404660224914551,0.3957619071006775,,,
2019.0,2020.0,True,presidenta,closeup,0.5295423269271851,0.0588705837726593,0.3647051155567169,0.010602379217743874,0.024513354524970055,0.045778244733810425,0.011561920866370201,0.02141715958714485,0.09681970626115799,0.42460209131240845,,,
2020.0,2021.0,True,presidenta,closeup,0.2847409248352051,0.21124184131622314,0.35347428917884827,0.008566678501665592,0.02219471149146557,0.03891229256987572,0.01400669664144516,0.030337586998939514,0.09155890345573425,0.4409487843513489,,,
2021.0,2022.0,True,presidenta,closeup,0.46877777576446533,0.5922043323516846,0.19100266695022583,0.009072141721844673,0.010853479616343975,0.18555952608585358,0.0244541447609663,0.02846740186214447,0.16922932863235474,0.3813612461090088,,,
2022.0,2023.0,True,presidenta,closeup,0.23404788970947266,0.699981689453125,0.2738550305366516,0.010264177806675434,0.012592076323926449,0.0829937607049942,0.01742425002157688,0.05222717672586441,0.13496731221675873,0.4156762659549713,,,
2023.0,2024.0,True,presidenta,closeup,0.47868460416793823,0.4419635832309723,0.27685797214508057,0.03553139045834541,0.030506253242492676,0.06909611076116562,0.021058056503534317,0.038521189242601395,0.14434292912483215,0.38408610224723816,,,
2024.0,2025.0,True,presidenta,closeup,0.3952309191226959,0.3813832998275757,0.32716405391693115,0.01301996037364006,0.01562713459134102,0.057176265865564346,0.014874019660055637,0.030787596479058266,0.10913723707199097,0.43221378326416016,,,
2025.0,2026.0,True,presidenta,closeup,0.6757773160934448,-0.05807557702064514,0.3763391971588135,0.017894122749567032,0.03297463059425354,0.042530789971351624,0.013372725807130337,0.023692365735769272,0.08754659444093704,0.4056496024131775,,,
2026.0,2027.0,True,presidenta,closeup,0.7818504571914673,0.03523966670036316,0.26996415853500366,0.0398605614900589,0.021591993048787117,0.05354282632470131,0.013068446889519691,0.03146624192595482,0.10675695538520813,0.4637487828731537,,,
2027.0,2028.0,True,presidenta,closeup,0.19488966464996338,0.35438987612724304,0.15938404202461243,0.021566767245531082,0.09230063855648041,0.023667359724640846,0.02230309322476387,0.035379618406295776,0.17015424370765686,0.4752442240715027,,,
2028.0,2029.0,True,presidenta,closeup,0.9482920169830322,0.7778695821762085,0.07822950184345245,0.6648962497711182,0.002343902364373207,0.06947778165340424,0.0051570157520473,0.011413255706429482,0.06643102318048477,0.10205133259296417,,,
2029.0,2030.0,False,,wide,,,,,,,,,,,,,
2030.0,2031.0,False,,wide,,,,,,,,,,,,,
2031.0,2032.0,False,,wide,,,,,,,,,,,,,
2032.0,2033.0,False,,wide,,,,,,,,,,,,,
2033.0,2034.0,False,,wide,,,,,,,,,,,,,
2034.0,2035.0,True,otro,closeup,0.7529697418212891,0.6980285048484802,0.10810989886522293,0.17543552815914154,0.004617184866219759,0.2154546082019806,0.008319401182234287,0.10489927977323532,0.16649407148361206,0.21667000651359558,,,
2035.0,2036.0,True,otro,closeup,0.6204003095626831,0.6134951114654541,0.12281244993209839,0.054519861936569214,0.00869001355022192,0.25783684849739075,0.009694929234683514,0.1365712732076645,0.1839103251695633,0.22596430778503418,,,
2036.0,2037.0,True,otro,closeup,0.445818156003952,0.708940863609314,0.10663742572069168,0.03971637785434723,0.006009398028254509,0.3219342529773712,0.013681755401194096,0.12968389689922333,0.2036941945552826,0.17864269018173218,,,
2037.0,2038.0,True,otro,closeup,0.679441511631012,0.6219519376754761,0.17429770529270172,0.08005915582180023,0.007226450368762016,0.3043925166130066,0.016120923683047295,0.09128876030445099,0.1486082673072815,0.17800623178482056,,,
2038.0,2039.0,True,otro,closeup,0.8300836086273193,0.28046441078186035,0.1988038271665573,0.12238571792840958,0.012556676752865314,0.2578018605709076,0.008379656821489334,0.07509896904230118,0.13933135569095612,0.18564192950725555,,,
2039.0,2040.0,True,otro,closeup,0.7655749917030334,0.5854772925376892,0.11148136854171753,0.16527652740478516,0.006527680438011885,0.29279011487960815,0.009844028390944004,0.06305693089962006,0.1733429878950119,0.1776803731918335,,,
2040.0,2041.0,True,otro,closeup,0.7711912989616394,0.6557543873786926,0.14550480246543884,0.13257217407226562,0.009438908658921719,0.24176733195781708,0.009793322533369064,0.09493313729763031,0.1684422343969345,0.1975480616092682,,,
2041.0,2042.0,True,otro,closeup,0.2607344090938568,0.7532684803009033,0.10743096470832825,0.025801513344049454,0.008720604702830315,0.29801949858665466,0.01666136085987091,0.11992497742176056,0.21512426435947418,0.20831680297851562,,,
2042.0,2043.0,True,otro,closeup,0.7498047947883606,0.6705118417739868,0.09724795818328857,0.08382591605186462,0.00735135143622756,0.3900894224643707,0.01463975477963686,0.10466444492340088,0.16084162890911102,0.1413395255804062,,,
2043.0,2044.0,True,otro,closeup,0.8835507035255432,0.4151306450366974,0.1400572508573532,0.19960419833660126,0.009654443711042404,0.2814951241016388,0.011549379676580429,0.04870494827628136,0.14601199328899384,0.1629227101802826,,,
2044.0,2045.0,True,otro,closeup,0.8084731101989746,0.627084493637085,0.10936170071363449,0.18230348825454712,0.007130925077944994,0.2775179445743561,0.008841406553983688,0.0825946033000946,0.15400059521198273,0.17824934422969818,,,
2045.0,2046.0,True,otro,closeup,0.780735194683075,0.7139279842376709,0.11628250032663345,0.14871729910373688,0.007374745327979326,0.281218022108078,0.009091981686651707,0.07817626744508743,0.16308651864528656,0.1960526704788208,,,
2046.0,2047.0,True,otro,closeup,0.7666425108909607,0.533798098564148,0.1520572304725647,0.09809999167919159,0.01009515579789877,0.23537608981132507,0.012267217971384525,0.10387463122606277,0.17484527826309204,0.21338434517383575,,,
2047.0,2048.0,True,otro,closeup,0.8007667660713196,0.5088580250740051,0.14500071108341217,0.08940999954938889,0.008883742615580559,0.2857084572315216,0.014614390209317207,0.06631959974765778,0.1902746856212616,0.19978846609592438,,,
2048.0,2049.0,True,otro,closeup,0.5573630332946777,0.5789117813110352,0.09992977231740952,0.0585201121866703,0.011138816364109516,0.3279343843460083,0.01607804372906685,0.11253154277801514,0.22620105743408203,0.147666335105896,,,
2049.0,2050.0,True,otro,closeup,0.6966047883033752,0.541086733341217,0.1372050940990448,0.10458919405937195,0.009793582372367382,0.28756529092788696,0.01200512982904911,0.07741748541593552,0.1869913786649704,0.18443280458450317,,,
2050.0,2051.0,True,otro,closeup,0.8293520212173462,0.586983323097229,0.11588294804096222,0.13871018588542938,0.00921429879963398,0.2924688160419464,0.009013880044221878,0.06058522313833237,0.19367638230323792,0.1804482489824295,,,
2051.0,2052.0,True,otro,closeup,0.7779927849769592,0.6566601991653442,0.10627570748329163,0.10488545149564743,0.008932355791330338,0.36988046765327454,0.013268135488033295,0.07050337642431259,0.1617240160703659,0.1645304262638092,,,
2052.0,2053.0,True,otro,closeup,0.7215427756309509,0.6527474522590637,0.1267181932926178,0.08362782746553421,0.010345608927309513,0.34392860531806946,0.009743839502334595,0.07917263358831406,0.1724339723587036,0.17402929067611694,,,
2053.0,2054.0,True,otro,closeup,0.7926670908927917,0.6010552048683167,0.14610247313976288,0.12492494285106659,0.008608541451394558,0.28987449407577515,0.008659410290420055,0.07055244594812393,0.16004176437854767,0.1912359893321991,,,
2054.0,2055.0,True,otro,closeup,0.5944713354110718,0.46042245626449585,0.12500688433647156,0.055044908076524734,0.012732547707855701,0.259805291891098,0.010129107162356377,0.10342606902122498,0.22469761967658997,0.2091575711965561,,,
2055.0,2056.0,True,otro,closeup,0.7338030338287354,0.59256911277771,0.10739442706108093,0.07922635227441788,0.01043999195098877,0.3219797611236572,0.011976154521107674,0.12459403276443481,0.188475102186203,0.15591418743133545,,,
2056.0,2057.0,True,otro,closeup,0.7342329621315002,0.6336326599121094,0.1053834855556488,0.08467485755681992,0.009669734165072441,0.3497048020362854,0.012647084891796112,0.09314271807670593,0.17300355434417725,0.1717737317085266,,,
2057.0,2058.0,True,otro,closeup,0.8441705703735352,0.624815821647644,0.08436881750822067,0.17824687063694,0.00773905823007226,0.3759878873825073,0.00924698542803526,0.09577468782663345,0.14716947078704834,0.10146620869636536,,,
2058.0,2059.0,True,otro,closeup,0.6573070883750916,0.4476325809955597,0.12483736127614975,0.08656538277864456,0.011998835951089859,0.2820635735988617,0.010412914678454399,0.11258664727210999,0.1925504207611084,0.1789848953485489,,,
2059.0,2060.0,True,otro,closeup,0.6927427053451538,0.34399911761283875,0.18729965388774872,0.08002418279647827,0.013791912235319614,0.25353774428367615,0.012862958014011383,0.09428153932094574,0.1724761426448822,0.1857258379459381,,,
2060.0,2061.0,True,otro,closeup,0.7170741558074951,0.7079213857650757,0.12529708445072174,0.12771645188331604,0.004923989996314049,0.3375573754310608,0.008271911181509495,0.06983792781829834,0.14673098921775818,0.1796642392873764,,,
2061.0,2062.0,True,otro,closeup,0.6658477187156677,0.4203120768070221,0.11918716132640839,0.10001981258392334,0.006934287492185831,0.35090023279190063,0.010674279183149338,0.07538912445306778,0.1765422374010086,0.16035282611846924,,,
2062.0,2063.0,True,otro,closeup,0.5838900804519653,0.6162406206130981,0.1391463279724121,0.05027017742395401,0.006898152641952038,0.2934514880180359,0.011044341139495373,0.09946602582931519,0.19159463047981262,0.20812875032424927,,,
2063.0,2064.0,True,otro,closeup,0.6106352806091309,0.7361078262329102,0.09881847351789474,0.0702323168516159,0.008452996611595154,0.3850511908531189,0.01525658555328846,0.10630999505519867,0.1698262095451355,0.1460523158311844,,,
2064.0,2065.0,True,otro,closeup,0.6589183807373047,0.4165089428424835,0.1199398785829544,0.11052489280700684,0.01387874037027359,0.2225901186466217,0.008365231566131115,0.1359051614999771,0.2064700573682785,0.18232591450214386,,,
2065.0,2066.0,True,otro,closeup,0.7616697549819946,0.6771302819252014,0.09811925888061523,0.1171720027923584,0.009815669618546963,0.3333205282688141,0.009237770922482014,0.08813368529081345,0.18442657589912415,0.159774512052536,,,
2066.0,2067.0,True,otro,closeup,0.4996188282966614,0.6035243272781372,0.1338149607181549,0.05911480262875557,0.01302716601639986,0.2659764289855957,0.009539308026432991,0.11097835004329681,0.2103142887353897,0.19723470509052277,,,
2067.0,2068.0,True,otro,closeup,0.7571545243263245,0.4901583194732666,0.10668934136629105,0.12777556478977203,0.01630975678563118,0.3180009126663208,0.008913977071642876,0.08915316313505173,0.16494107246398926,0.16821622848510742,,,
2068.0,2069.0,True,otro,closeup,0.7152805924415588,0.5211852788925171,0.14222808182239532,0.10201017558574677,0.010176282376050949,0.3095722496509552,0.009803110733628273,0.08050026744604111,0.164423868060112,0.18128597736358643,,,
2069.0,2070.0,True,otro,closeup,0.6455720663070679,0.6196625232696533,0.12038270384073257,0.09420172870159149,0.014605305157601833,0.30531972646713257,0.009661943651735783,0.07683594524860382,0.18363526463508606,0.19535736739635468,,,
2070.0,2071.0,True,otro,closeup,0.7867465615272522,0.3945287764072418,0.12744645774364471,0.1284811943769455,0.013198546133935452,0.29079827666282654,0.007546449080109596,0.07218508422374725,0.18756388127803802,0.17278005182743073,,,
2071.0,2072.0,True,otro,closeup,0.6756714582443237,0.43401676416397095,0.17572341859340668,0.09095312654972076,0.009674608707427979,0.27329716086387634,0.01331055723130703,0.07513153553009033,0.1854199469089508,0.17648959159851074,,,
2072.0,2073.0,True,otro,closeup,0.777545690536499,0.4607810378074646,0.1242307797074318,0.14411137998104095,0.0069641536101698875,0.2782149016857147,0.008922522887587547,0.08297664672136307,0.17761023342609406,0.17696933448314667,,,
2073.0,2074.0,True,otro,closeup,0.7900896072387695,0.3716281056404114,0.13108667731285095,0.1419547200202942,0.009997548535466194,0.24335052073001862,0.007544566877186298,0.11623895913362503,0.16338786482810974,0.1864391416311264,,,
2074.0,2075.0,True,otro,closeup,0.8434824347496033,0.47370150685310364,0.15106962621212006,0.19038952887058258,0.010985100641846657,0.26574692130088806,0.010492786765098572,0.06785809993743896,0.13849382102489471,0.16496415436267853,,,
2075.0,2076.0,True,otro,closeup,0.8655292391777039,0.6210298538208008,0.1387658566236496,0.20478956401348114,0.007711475249379873,0.2575189173221588,0.009968613274395466,0.09010079503059387,0.14215539395809174,0.14898936450481415,,,
2076.0,2077.0,True,otro,closeup,0.7138587832450867,0.5427426695823669,0.13653066754341125,0.14905309677124023,0.007931731641292572,0.2783168852329254,0.010554054751992226,0.10434430837631226,0.1601678729057312,0.15310138463974,,,
2077.0,2078.0,True,otro,closeup,0.7389014363288879,0.6354509592056274,0.1614556908607483,0.13678152859210968,0.00827769748866558,0.24047423899173737,0.01364173460751772,0.09208943694829941,0.16432154178619385,0.18295814096927643,,,
2078.0,2079.0,True,otro,closeup,0.7518966794013977,0.694158673286438,0.13231830298900604,0.12876226007938385,0.006694197654724121,0.2893648147583008,0.01264885812997818,0.09637094289064407,0.16547510027885437,0.16836556792259216,,,
2079.0,2080.0,True,otro,closeup,0.8334009647369385,0.7255724668502808,0.09956173598766327,0.17822565138339996,0.00564860925078392,0.28242361545562744,0.008825758472084999,0.0793422982096672,0.18778443336486816,0.1581878662109375,,,
2080.0,2081.0,True,presidenta,closeup,0.6784766316413879,0.4645055830478668,0.13452324271202087,0.018891556188464165,0.013375045731663704,0.28178420662879944,0.03539128229022026,0.040585264563560486,0.2269141525030136,0.24853523075580597,,,
2081.0,2082.0,True,presidenta,closeup,0.8046689033508301,0.47018757462501526,0.1822797656059265,0.07053064554929733,0.013489693403244019,0.10698243975639343,0.019963489845395088,0.04533519595861435,0.13663610816001892,0.4247826635837555,,,
2082.0,2083.0,True,presidenta,closeup,0.146370530128479,0.668736457824707,0.10985179990530014,0.020221473649144173,0.017274295911192894,0.12166712433099747,0.025728905573487282,0.06569138169288635,0.28021240234375,0.3593526780605316,,,
2083.0,2084.0,True,presidenta,closeup,0.8402631878852844,0.6664350032806396,0.16089077293872833,0.1470153033733368,0.007875035516917706,0.07076705992221832,0.0156390517950058,0.05133612081408501,0.08385686576366425,0.4626198410987854,,,
2084.0,2085.0,True,presidenta,closeup,0.5763826370239258,0.4531930685043335,0.21857987344264984,0.02356180176138878,0.013686670921742916,0.07705041021108627,0.01913263089954853,0.04912035912275314,0.10719391703605652,0.49167436361312866,,,
2085.0,2086.0,True,presidenta,closeup,0.6625911593437195,0.4678320586681366,0.23834334313869476,0.02582671493291855,0.015831435099244118,0.0755128264427185,0.023538049310445786,0.04379534348845482,0.11297176033258438,0.46418046951293945,,,
2086.0,2087.0,True,presidenta,closeup,0.5556226968765259,0.5839132070541382,0.19294649362564087,0.026884274557232857,0.010141970589756966,0.06497180461883545,0.01466389000415802,0.06576689332723618,0.11262517422437668,0.5119994878768921,,,
2087.0,2088.0,True,presidenta,closeup,0.3983857035636902,0.7461671829223633,0.14940768480300903,0.027381910011172295,0.009698362089693546,0.09621773660182953,0.02549995295703411,0.07287856936454773,0.12757383286952972,0.4913419187068939,,,
2088.0,2089.0,True,presidenta,closeup,0.6950216293334961,0.5566186904907227,0.2266988605260849,0.040412209928035736,0.01332608051598072,0.06602562218904495,0.017617959529161453,0.04195589944720268,0.09337601065635681,0.5005874037742615,,,
2089.0,2090.0,True,presidenta,closeup,0.6265690922737122,0.5721320509910583,0.2058178335428238,0.03449521213769913,0.012308879755437374,0.08386918902397156,0.015870407223701477,0.048380617052316666,0.0942641943693161,0.5049936175346375,,,
2090.0,2091.0,True,presidenta,closeup,0.4381848871707916,0.6548056602478027,0.19667212665081024,0.016767136752605438,0.010980437509715557,0.0944480448961258,0.02238231524825096,0.04775410518050194,0.11512662470340729,0.4958691895008087,,,
2091.0,2092.0,True,presidenta,closeup,0.5778365135192871,0.693750262260437,0.16650693118572235,0.02047465741634369,0.009436419233679771,0.13071049749851227,0.025131823495030403,0.0518360510468483,0.1550222635269165,0.44088131189346313,,,
2092.0,2093.0,True,presidenta,closeup,0.489486426115036,0.43011415004730225,0.18087491393089294,0.008425446227192879,0.01595473662018776,0.0932769849896431,0.02055644616484642,0.040371086448431015,0.18374991416931152,0.456790566444397,,,
2093.0,2094.0,True,presidenta,closeup,0.7289983034133911,-0.17798879742622375,0.2982943654060364,0.01630307361483574,0.03189392760396004,0.043432336300611496,0.015619984827935696,0.02855980023741722,0.13221997022628784,0.43367651104927063,,,
2094.0,2095.0,True,presidenta,closeup,0.6215919852256775,-0.05424180626869202,0.2843436896800995,0.012050176970660686,0.029787521809339523,0.0426989421248436,0.016452759504318237,0.023179592564702034,0.1256849318742752,0.4658024311065674,,,
2095.0,2096.0,True,presidenta,closeup,0.6509395837783813,0.45687639713287354,0.2751288414001465,0.015679404139518738,0.012629714794456959,0.08892212808132172,0.015944957733154297,0.031127236783504486,0.09532922506332397,0.46523842215538025,,,
2096.0,2097.0,True,presidenta,closeup,0.6338471174240112,0.5899542570114136,0.1307983249425888,0.020606378093361855,0.0110893864184618,0.19077253341674805,0.027052870020270348,0.04888090491294861,0.1871095895767212,0.3836900591850281,,,
2097.0,2098.0,True,presidenta,closeup,0.602269172668457,0.40347450971603394,0.21635720133781433,0.02162363938987255,0.017970548942685127,0.11332763731479645,0.03053775615990162,0.0394316203892231,0.1506173014640808,0.41013428568840027,,,
2098.0,2099.0,True,presidenta,closeup,0.788940966129303,0.5148377418518066,0.22765250504016876,0.038117676973342896,0.010371987707912922,0.12202228605747223,0.02299945428967476,0.029983416199684143,0.10120643675327301,0.4476461708545685,,,
2099.0,2100.0,True,presidenta,closeup,0.5969835519790649,0.46569502353668213,0.2534480094909668,0.01946665346622467,0.010584895499050617,0.08038230985403061,0.017609277740120888,0.03468107804656029,0.10346566140651703,0.48036205768585205,,,
2100.0,2101.0,True,presidenta,closeup,0.8154550790786743,0.46071332693099976,0.26554739475250244,0.05001145228743553,0.009047077037394047,0.07048818469047546,0.013611458241939545,0.027299311012029648,0.07827001810073853,0.485725075006485,,,
2101.0,2102.0,True,presidenta,closeup,0.7212247252464294,0.5971781611442566,0.18856224417686462,0.03664702549576759,0.008029945194721222,0.1026328057050705,0.017419487237930298,0.04198388382792473,0.09849492460489273,0.5062296390533447,,,
2102.0,2103.0,True,presidenta,closeup,0.687270998954773,0.5002562999725342,0.2211664617061615,0.029008593410253525,0.010776257142424583,0.09806645661592484,0.01896088756620884,0.0396200530230999,0.13566523790359497,0.4467361271381378,,,
2103.0,2104.0,True,presidenta,closeup,0.601401686668396,0.4839596748352051,0.2054935097694397,0.015606481581926346,0.012018810957670212,0.08199869096279144,0.015014717355370522,0.03633338212966919,0.12474966794252396,0.5087847113609314,,,
2104.0,2105.0,True,presidenta,closeup,0.31765714287757874,0.4387553334236145,0.19516029953956604,0.008114991709589958,0.02043711021542549,0.052807677537202835,0.01680956967175007,0.03474131599068642,0.15125036239624023,0.5206786394119263,,,
2105.0,2106.0,True,presidenta,closeup,0.33751505613327026,0.1759430468082428,0.2337144911289215,0.008473369292914867,0.021050797775387764,0.072877898812294,0.021923484280705452,0.05038841441273689,0.18405793607234955,0.4075135588645935,,,
2106.0,2107.0,True,presidenta,closeup,-0.004878968000411987,0.27939340472221375,0.12714068591594696,0.007122808136045933,0.05458197370171547,0.07242171466350555,0.03912701830267906,0.036585208028554916,0.26327061653137207,0.3997499942779541,,,
2107.0,2108.0,True,presidenta,closeup,0.24205699563026428,0.5339766144752502,0.08010917901992798,0.011932437308132648,0.03427908942103386,0.18665865063667297,0.0739019513130188,0.0345815010368824,0.26974987983703613,0.3087873160839081,,,
2108.0,2109.0,True,presidenta,closeup,0.19680273532867432,0.6326528787612915,0.07390724867582321,0.010361528024077415,0.026141880080103874,0.15797266364097595,0.04881836101412773,0.04033194109797478,0.33833929896354675,0.3041270673274994,,,
2109.0,2110.0,True,presidenta,closeup,0.31812307238578796,0.6489600539207458,0.09470700472593307,0.018615473061800003,0.028011545538902283,0.19826814532279968,0.052718013525009155,0.035926125943660736,0.2935899794101715,0.27816376090049744,,,
2110.0,2111.0,True,presidenta,closeup,0.5133773684501648,0.2527121901512146,0.13506270945072174,0.015504328534007072,0.05290867015719414,0.11763091385364532,0.033101823180913925,0.03563915193080902,0.2706660330295563,0.3394864499568939,,,
2111.0,2112.0,True,presidenta,closeup,0.4561166763305664,0.2377929985523224,0.24989347159862518,0.012047220952808857,0.017443785443902016,0.07430647313594818,0.027072159573435783,0.04893733561038971,0.10766707360744476,0.4626324474811554,,,
2112.0,2113.0,True,presidenta,closeup,0.5925800204277039,0.525022029876709,0.16629363596439362,0.02678903192281723,0.010253671556711197,0.04652607813477516,0.011986784636974335,0.039301786571741104,0.10360048711299896,0.5952485203742981,,,
2113.0,2114.0,True,presidenta,closeup,0.5313793420791626,0.6414362192153931,0.16501116752624512,0.04383905604481697,0.009110343642532825,0.0748453363776207,0.016044875606894493,0.05849263444542885,0.10314895212650299,0.5295076966285706,,,
2114.0,2115.0,True,presidenta,closeup,0.5273984670639038,0.4671534597873688,0.2551305294036865,0.028587499633431435,0.011030927300453186,0.06487878412008286,0.014911100268363953,0.042491424828767776,0.10597353428602219,0.47699621319770813,,,
2115.0,2116.0,True,presidenta,closeup,0.5611925721168518,0.6372603178024292,0.16084085404872894,0.022087205201387405,0.007192958611994982,0.10034574568271637,0.01390750054270029,0.04814436659216881,0.10488799959421158,0.5425933599472046,,,
2116.0,2117.0,True,presidenta,closeup,0.6697238087654114,0.38595011830329895,0.2676994204521179,0.019248878583312035,0.010038742795586586,0.07528526335954666,0.013076654635369778,0.027577901259064674,0.09760818630456924,0.4894649088382721,,,
2117.0,2118.0,True,presidenta,closeup,0.3156016767024994,0.7380142211914062,0.14648814499378204,0.030926115810871124,0.010145200416445732,0.0687796100974083,0.016719741746783257,0.051753103733062744,0.13218826055526733,0.5429998636245728,,,
2118.0,2119.0,True,presidenta,closeup,0.5523003935813904,0.5770148038864136,0.18878914415836334,0.02405446022748947,0.00797488633543253,0.05835511162877083,0.014063326641917229,0.03706589341163635,0.09982237219810486,0.5698747634887695,,,
2119.0,2120.0,True,presidenta,closeup,0.586028516292572,0.5966673493385315,0.1912599802017212,0.02224844880402088,0.00786365382373333,0.08708422631025314,0.019188690930604935,0.0428728386759758,0.11038023233413696,0.5191019177436829,,,
2120.0,2121.0,True,presidenta,closeup,0.5096298456192017,0.5597110986709595,0.20037773251533508,0.009823651984333992,0.009849345311522484,0.08628122508525848,0.016991350799798965,0.033223919570446014,0.12340901046991348,0.5200437307357788,,,
2121.0,2122.0,True,presidenta,closeup,0.4513437747955322,0.5157284140586853,0.20606999099254608,0.015430882573127747,0.011219527572393417,0.07261613011360168,0.0171143040060997,0.030837493017315865,0.11814259737730026,0.5285689830780029,,,
2122.0,2123.0,True,presidenta,closeup,0.687949538230896,0.5073633193969727,0.20385605096817017,0.07477906346321106,0.011741431429982185,0.04911808669567108,0.010501168668270111,0.03117351606488228,0.07552311569452286,0.5433074831962585,,,
2123.0,2124.0,True,presidenta,closeup,0.46471107006073,0.5519375205039978,0.165034681558609,0.02268221788108349,0.016820665448904037,0.05577322095632553,0.0215995404869318,0.05080970749258995,0.1308627426624298,0.5364172458648682,,,
2124.0,2125.0,True,presidenta,closeup,0.8181056976318359,0.4536994695663452,0.223103865981102,0.040381383150815964,0.010725977830588818,0.08079913258552551,0.01557676400989294,0.03153096139431,0.08343622088432312,0.5144456624984741,,,
2125.0,2126.0,True,presidenta,closeup,0.7324281930923462,0.5004827976226807,0.21090348064899445,0.02967800945043564,0.012227296829223633,0.06329980492591858,0.015629468485713005,0.03705812245607376,0.08569030463695526,0.5455135107040405,,,
2126.0,2127.0,True,presidenta,closeup,0.6186656951904297,0.21582189202308655,0.33392590284347534,0.01703973300755024,0.014357765205204487,0.056655291467905045,0.013104772195219994,0.02590075135231018,0.08624909073114395,0.45276665687561035,,,
2127.0,2128.0,True,presidenta,closeup,0.7169094085693359,0.3107413351535797,0.29178640246391296,0.04224490001797676,0.009767348878085613,0.04626990109682083,0.009499452076852322,0.027501603588461876,0.06071673333644867,0.5122137069702148,,,
2128.0,2129.0,True,presidenta,closeup,0.7565232515335083,0.2904875874519348,0.2743748128414154,0.05115938559174538,0.014207546599209309,0.049580127000808716,0.011822132393717766,0.02820422127842903,0.08550793677568436,0.4851437509059906,,,
2129.0,2130.0,True,presidenta,closeup,0.6719087362289429,0.39728593826293945,0.19227701425552368,0.0338992215692997,0.011896681971848011,0.055277224630117416,0.015123613178730011,0.033198073506355286,0.09703490138053894,0.5612932443618774,,,
2130.0,2131.0,True,presidenta,closeup,0.7285309433937073,0.15837642550468445,0.26874300837516785,0.02444184198975563,0.022323422133922577,0.07021855562925339,0.014666006900370121,0.026827629655599594,0.16749513149261475,0.4052843451499939,,,
2131.0,2132.0,True,presidenta,closeup,0.6995428800582886,0.3503279387950897,0.20305554568767548,0.032537054270505905,0.02148113213479519,0.11023389548063278,0.018874825909733772,0.038868289440870285,0.16401369869709015,0.4109356105327606,,,
2132.0,2133.0,True,presidenta,closeup,0.656832218170166,-0.0356656014919281,0.20639564096927643,0.012687787413597107,0.043003395199775696,0.07501950114965439,0.018840063363313675,0.04178336262702942,0.1601637303829193,0.44210654497146606,,,
2133.0,2134.0,False,,wide,,,,,,,,,,,,,
2134.0,2135.0,False,,wide,,,,,,,,,,,,,
2135.0,2136.0,False,,wide,,,,,,,,,,,,,
2136.0,2137.0,False,,wide,,,,,,,,,,,,,
2137.0,2138.0,False,,wide,,,,,,,,,,,,,
2138.0,2139.0,True,presidenta,closeup,0.6651994585990906,0.5170819759368896,0.21510079503059387,0.013462448492646217,0.011050303466618061,0.11566965281963348,0.018138999119400978,0.03270283341407776,0.12018974125385284,0.47368526458740234,,,
2139.0,2140.0,True,presidenta,closeup,-0.25050821900367737,0.5142192840576172,0.1614132821559906,0.0046350471675395966,0.05665269121527672,0.03459828346967697,0.029702702537178993,0.06532581895589828,0.13934189081192017,0.5083302855491638,,,
2140.0,2141.0,True,presidenta,closeup,0.6085932850837708,0.7214231491088867,0.14725056290626526,0.04246406629681587,0.010029307566583157,0.1750514954328537,0.02646203711628914,0.0668596625328064,0.14330297708511353,0.3885798752307892,,,
2141.0,2142.0,True,presidenta,closeup,0.754332423210144,0.3199923038482666,0.28875845670700073,0.024692753329873085,0.024612748995423317,0.0867842361330986,0.03318165987730026,0.041817717254161835,0.1044280007481575,0.3957243859767914,,,
2142.0,2143.0,True,presidenta,closeup,0.8836740255355835,0.6580444574356079,0.19331993162631989,0.1540515124797821,0.006295418832451105,0.11934585869312286,0.01629989966750145,0.029036078602075577,0.0981990396976471,0.38345229625701904,,,
2143.0,2144.0,True,presidenta,closeup,0.924715518951416,0.6860752105712891,0.18098914623260498,0.2273746281862259,0.006517097353935242,0.11691892147064209,0.01535178255289793,0.028433499857783318,0.09655517339706421,0.32785969972610474,,,
2144.0,2145.0,True,presidenta,closeup,0.7387759685516357,0.26129478216171265,0.3562973439693451,0.03642025589942932,0.013981382362544537,0.05709468200802803,0.011173554696142673,0.034618645906448364,0.13267354667186737,0.3577406704425812,,,
2145.0,2146.0,True,presidenta,closeup,0.3026430308818817,0.8100534677505493,0.08883989602327347,0.012408258393406868,0.006101504899561405,0.23471173644065857,0.040310852229595184,0.07047109305858612,0.2481081634759903,0.2990484833717346,,,
2146.0,2147.0,True,presidenta,closeup,-0.26093795895576477,0.8571351170539856,0.0794619545340538,0.005004616919904947,0.007930508814752102,0.16223940253257751,0.03800218552350998,0.10839421302080154,0.24889318645000458,0.35007402300834656,,,
2147.0,2148.0,True,presidenta,closeup,0.7164947986602783,0.3429148197174072,0.25446394085884094,0.028937652707099915,0.013256325386464596,0.0534634105861187,0.009700005874037743,0.03544075787067413,0.07973527908325195,0.5250025987625122,,,
2148.0,2149.0,True,presidenta,closeup,0.473156213760376,0.17742085456848145,0.2914999723434448,0.028695566579699516,0.019605586305260658,0.06080629304051399,0.014441520906984806,0.029601672664284706,0.24625752866268158,0.30909183621406555,,,
2149.0,2150.0,True,presidenta,closeup,0.7495959997177124,0.5524569153785706,0.10661449283361435,0.23521730303764343,0.025042057037353516,0.0961693823337555,0.025333331897854805,0.027586987242102623,0.21778766810894012,0.26624879240989685,,,
2150.0,2151.0,True,presidenta,closeup,0.8142408132553101,-0.25856977701187134,0.34598231315612793,0.0301009900867939,0.02600332535803318,0.052776407450437546,0.013993954285979271,0.020458444952964783,0.15669363737106323,0.3539908826351166,,,
2151.0,2152.0,True,presidenta,closeup,0.8268214464187622,0.17939352989196777,0.24946630001068115,0.044848185032606125,0.016124296933412552,0.16967159509658813,0.017080098390579224,0.03014957346022129,0.1610954850912094,0.3115644156932831,,,
2152.0,2153.0,True,presidenta,closeup,0.8633078336715698,0.2129124402999878,0.23486796021461487,0.05715033784508705,0.01580195501446724,0.1268959641456604,0.01892774924635887,0.023083513602614403,0.11329323798418045,0.40997928380966187,,,
2153.0,2154.0,True,presidenta,closeup,0.3340373933315277,0.32662099599838257,0.1266005039215088,0.014632114209234715,0.0312824510037899,0.10981711745262146,0.02995305135846138,0.057011041790246964,0.23823049664497375,0.39247316122055054,,,
2154.0,2155.0,True,presidenta,closeup,0.6128636598587036,0.45077288150787354,0.12444256246089935,0.027752317488193512,0.01516007725149393,0.16220474243164062,0.025112317875027657,0.046629324555397034,0.21628154814243317,0.3824171721935272,,,
2155.0,2156.0,True,presidenta,closeup,0.6052387952804565,0.4780017137527466,0.17478293180465698,0.02740470878779888,0.017794597893953323,0.11073285341262817,0.024157842621207237,0.04621207341551781,0.18090815842151642,0.4180068373680115,,,
2156.0,2157.0,True,presidenta,closeup,0.7034814357757568,0.33622217178344727,0.23469410836696625,0.018790727481245995,0.029796762391924858,0.08682515472173691,0.022694960236549377,0.027953241020441055,0.12727855145931244,0.45196646451950073,,,
2157.0,2158.0,True,presidenta,closeup,0.653627872467041,0.33465850353240967,0.28828170895576477,0.02554832026362419,0.014830364845693111,0.04149670898914337,0.01439525093883276,0.034430377185344696,0.06774023175239563,0.5132770538330078,,,
2158.0,2159.0,True,presidenta,closeup,0.7369678020477295,0.44685953855514526,0.2947458028793335,0.03862025961279869,0.00953118409961462,0.041098278015851974,0.010966413654386997,0.0344889797270298,0.07843414694070816,0.49211493134498596,,,
2159.0,2160.0,True,presidenta,closeup,0.7967830896377563,0.43799957633018494,0.2565999925136566,0.0893370658159256,0.012925058603286743,0.04965966194868088,0.015432115644216537,0.03369094431400299,0.07765858620405197,0.46469658613204956,,,
2160.0,2161.0,True,presidenta,closeup,0.7423523664474487,0.13316023349761963,0.2641354203224182,0.035198915749788284,0.02344755455851555,0.06944695115089417,0.024680636823177338,0.03364591673016548,0.12332220375537872,0.42612242698669434,,,
2161.0,2162.0,True,presidenta,closeup,0.5289584994316101,0.3971540331840515,0.27181726694107056,0.020801665261387825,0.01795831508934498,0.05134320259094238,0.01984972134232521,0.03596588596701622,0.10188619047403336,0.48037776350975037,,,
2162.0,2163.0,True,presidenta,closeup,0.4785213768482208,0.6345994472503662,0.1769402027130127,0.014308393001556396,0.010686200112104416,0.13100075721740723,0.02939392253756523,0.046231817454099655,0.12227650731801987,0.4691621959209442,,,
2163.0,2164.0,True,presidenta,closeup,0.6995055675506592,0.3617393970489502,0.3121359646320343,0.028215110301971436,0.013895713724195957,0.05671273171901703,0.017680449411273003,0.03907903656363487,0.0873006209731102,0.4449803829193115,,,
2164.0,2165.0,True,presidenta,closeup,0.8461000919342041,0.5549100041389465,0.24209082126617432,0.07622084766626358,0.009616362862288952,0.08732182532548904,0.02028900757431984,0.031868260353803635,0.09459712356328964,0.4379958212375641,,,
2165.0,2166.0,True,presidenta,closeup,0.850925087928772,0.6130812168121338,0.21858790516853333,0.1693079024553299,0.011234811507165432,0.07955487817525864,0.02174815908074379,0.027027035132050514,0.08037010580301285,0.39216917753219604,,,
2166.0,2167.0,True,presidenta,closeup,0.7612473368644714,0.3734883964061737,0.2831614911556244,0.029020635411143303,0.010337358340620995,0.1249290332198143,0.01828024908900261,0.02364799939095974,0.13889193534851074,0.37173131108283997,,,
2167.0,2168.0,True,presidenta,closeup,0.365996778011322,-0.236347496509552,0.33544009923934937,0.00860593281686306,0.016063379123806953,0.04590415582060814,0.008516229689121246,0.020681753754615784,0.16379910707473755,0.4009893834590912,,,
2168.0,2169.0,True,presidenta,closeup,0.8300851583480835,-0.2561653256416321,0.3446502089500427,0.06862372905015945,0.018402785062789917,0.07472651451826096,0.011623132973909378,0.017586437985301018,0.13694079220294952,0.3274464011192322,,,
2169.0,2170.0,True,presidenta,closeup,0.7800782322883606,0.4330032765865326,0.2915409207344055,0.056892603635787964,0.015516216866672039,0.042170025408267975,0.013703959062695503,0.04025544226169586,0.0745406448841095,0.4653801918029785,,,
2170.0,2171.0,True,presidenta,closeup,0.5108025670051575,0.5178419351577759,0.3406400680541992,0.018937835469841957,0.015218602493405342,0.04147673025727272,0.013339407742023468,0.03291979059576988,0.07936938852071762,0.4580981433391571,,,
2171.0,2172.0,True,presidenta,closeup,0.6474456787109375,0.0012636184692382812,0.419211745262146,0.02547559142112732,0.02622665837407112,0.04493982344865799,0.020822564139962196,0.018664255738258362,0.09374628216028214,0.3509131371974945,,,
2172.0,2173.0,True,presidenta,closeup,0.7124521136283875,0.35179755091667175,0.35387521982192993,0.06427933275699615,0.015430769883096218,0.04761616140604019,0.019530311226844788,0.023902950808405876,0.08700913190841675,0.38835611939430237,,,
2173.0,2174.0,True,presidenta,closeup,0.5674641132354736,0.30135858058929443,0.34177058935165405,0.02201489731669426,0.014930144883692265,0.04798779636621475,0.012662285938858986,0.03413938358426094,0.10916176438331604,0.41733318567276,,,
2174.0,2175.0,True,presidenta,closeup,0.5598679780960083,0.2954789698123932,0.24295282363891602,0.03545078635215759,0.01952865906059742,0.051328133791685104,0.014721962623298168,0.03371861204504967,0.1404591202735901,0.4618399739265442,,,
2175.0,2176.0,False,,wide,,,,,,,,,,,,,
2176.0,2177.0,False,,wide,,,,,,,,,,,,,
2177.0,2178.0,False,,wide,,,,,,,,,,,,,
2178.0,2179.0,False,,wide,,,,,,,,,,,,,
2179.0,2180.0,False,,wide,,,,,,,,,,,,,
2180.0,2181.0,False,,wide,,,,,,,,,,,,,
2181.0,2182.0,True,otro,closeup,0.8669286370277405,0.020720839500427246,0.09183833748102188,0.0944216400384903,0.03166462108492851,0.3773038983345032,0.024202169850468636,0.024816352874040604,0.18607154488563538,0.16968153417110443,,,
2182.0,2183.0,True,otro,closeup,0.843967854976654,0.010015606880187988,0.10211634635925293,0.03459663316607475,0.04226689413189888,0.45458728075027466,0.06405360251665115,0.022441204637289047,0.14183589816093445,0.13810215890407562,,,
2183.0,2184.0,True,otro,closeup,0.7911449670791626,0.4065752625465393,0.0669904425740242,0.03211114555597305,0.024671025574207306,0.43582263588905334,0.02916899137198925,0.024373207241296768,0.237486332654953,0.14937619864940643,,,
2184.0,2185.0,True,otro,closeup,0.6151223182678223,0.7091568112373352,0.06439318507909775,0.021359600126743317,0.013300742022693157,0.46084582805633545,0.06456001102924347,0.025926126167178154,0.19582538306713104,0.15378904342651367,,,
2185.0,2186.0,True,otro,closeup,0.5221800208091736,0.6988784074783325,0.05681870877742767,0.01164287980645895,0.02114122360944748,0.5026238560676575,0.05558359622955322,0.03141959384083748,0.1483350694179535,0.17243513464927673,,,
2186.0,2187.0,True,otro,closeup,0.6828330755233765,0.3091694414615631,0.08436854928731918,0.019289923831820488,0.03141361474990845,0.409898579120636,0.05729501321911812,0.04064521938562393,0.15438291430473328,0.2027062177658081,,,
2187.0,2188.0,True,otro,closeup,0.7160295844078064,0.54854416847229,0.055424660444259644,0.026499660685658455,0.018467487767338753,0.47463274002075195,0.05684991925954819,0.029161473736166954,0.1456964612007141,0.1932675838470459,,,
2188.0,2189.0,True,otro,closeup,0.7950387001037598,0.5307520031929016,0.06933953613042831,0.03672373667359352,0.019209032878279686,0.4819164574146271,0.037650153040885925,0.023478837683796883,0.18311747908592224,0.14856484532356262,,,
2189.0,2190.0,True,otro,closeup,0.6385293006896973,0.19032615423202515,0.09984271973371506,0.016276491805911064,0.04104968160390854,0.42535457015037537,0.04737323150038719,0.024676794186234474,0.23776240646839142,0.10766417533159256,,,
2190.0,2191.0,True,otro,closeup,0.5251163244247437,0.6138548851013184,0.07344331592321396,0.013535592705011368,0.014601447619497776,0.38358014822006226,0.047515690326690674,0.04566342011094093,0.19255192577838898,0.22910845279693604,,,
2191.0,2192.0,True,otro,closeup,0.7113842368125916,0.40903761982917786,0.08235175162553787,0.018394744023680687,0.02937944419682026,0.44565004110336304,0.05873851850628853,0.03291822597384453,0.18128111958503723,0.15128615498542786,,,
2192.0,2193.0,True,otro,closeup,0.5871713161468506,0.3841480314731598,0.05943499132990837,0.03722896799445152,0.03163563460111618,0.4192855656147003,0.04321219399571419,0.04286825284361839,0.24318118393421173,0.12315322458744049,,,
2193.0,2194.0,True,otro,closeup,0.6009832620620728,0.8605548143386841,0.04870142042636871,0.019515331834554672,0.012402410618960857,0.464530348777771,0.035782359540462494,0.04276857152581215,0.2615256905555725,0.11477378755807877,,,
2194.0,2195.0,True,otro,closeup,0.6238888502120972,0.321981817483902,0.10427112132310867,0.03239738568663597,0.062159836292266846,0.374019056558609,0.02765846811234951,0.04123355820775032,0.22073577344417572,0.1375247836112976,,,
2195.0,2196.0,True,otro,closeup,0.6321310997009277,0.15048450231552124,0.07866128534078598,0.030124403536319733,0.05820346996188164,0.3398289084434509,0.049837324768304825,0.030351465567946434,0.29821255803108215,0.11478056013584137,,,
2196.0,2197.0,True,otro,closeup,0.7502123713493347,-0.07712778449058533,0.04721219837665558,0.02688564546406269,0.028873536735773087,0.5374442934989929,0.025867683812975883,0.04429503530263901,0.21797800064086914,0.07144354283809662,,,
2197.0,2198.0,True,otro,closeup,0.6406904458999634,0.2800232172012329,0.09554629772901535,0.017901640385389328,0.03385547921061516,0.3457951843738556,0.024656860157847404,0.050458379089832306,0.2982074022293091,0.1335788518190384,,,
2198.0,2199.0,True,otro,closeup,0.8397137522697449,0.1412031650543213,0.04864354431629181,0.045707229524850845,0.043509747833013535,0.48433414101600647,0.030459459871053696,0.026795992627739906,0.2035287767648697,0.1170211210846901,,,
2199.0,2200.0,True,otro,closeup,0.5017516613006592,0.3190227448940277,0.062136001884937286,0.009231684729456902,0.07681785523891449,0.37054532766342163,0.06460314244031906,0.01672222465276718,0.27769744396209717,0.12224631011486053,,,
2200.0,2201.0,True,otro,closeup,0.45030754804611206,-0.07101932168006897,0.1464901566505432,0.011181553825736046,0.041216786950826645,0.37455764412879944,0.03127271309494972,0.02722429670393467,0.22806811332702637,0.1399887204170227,,,
2201.0,2202.0,True,otro,closeup,0.6388500928878784,0.6499799489974976,0.07044272869825363,0.01594429835677147,0.01982121169567108,0.4174352288246155,0.049944519996643066,0.054426293820142746,0.21589349210262299,0.15609218180179596,,,
2202.0,2203.0,True,otro,closeup,0.7379345893859863,0.06755039095878601,0.08424586057662964,0.012730194255709648,0.052058733999729156,0.4724537432193756,0.029685603454709053,0.02770458720624447,0.22951915860176086,0.09160216897726059,,,
2203.0,2204.0,True,otro,closeup,0.6071233749389648,0.715706467628479,0.05411197617650032,0.01624619960784912,0.012775537557899952,0.47121548652648926,0.03693774715065956,0.03488095477223396,0.24477294087409973,0.12905924022197723,,,
2204.0,2205.0,True,otro,closeup,0.8269330859184265,0.6714606881141663,0.057872939854860306,0.014087066985666752,0.011265595443546772,0.6451168656349182,0.03414108231663704,0.01004861295223236,0.1286723017692566,0.09879563003778458,,,
2205.0,2206.0,True,otro,closeup,0.8206356167793274,0.4421144425868988,0.04816950857639313,0.017893508076667786,0.021229682490229607,0.6382278203964233,0.028350045904517174,0.012257830239832401,0.1522950381040573,0.08157654106616974,,,
2206.0,2207.0,True,otro,closeup,0.771540105342865,0.6015955209732056,0.05371444299817085,0.00921611674129963,0.013974322006106377,0.6130989789962769,0.04074415564537048,0.010240934789180756,0.1682809591293335,0.09073013067245483,,,
2207.0,2208.0,True,otro,closeup,0.8739733099937439,-0.09315299987792969,0.08256521821022034,0.020071692764759064,0.02568320371210575,0.5854692459106445,0.016274049878120422,0.014244545251131058,0.16098149120807648,0.09471052139997482,,,
2208.0,2209.0,True,otro,closeup,0.6542906761169434,0.43985819816589355,0.0875353068113327,0.028314324095845222,0.02030862309038639,0.34283047914505005,0.037044428288936615,0.030340755358338356,0.280098557472229,0.1735275536775589,,,
2209.0,2210.0,True,otro,closeup,0.7439440488815308,-0.08216789364814758,0.10502466559410095,0.05187281221151352,0.07627958804368973,0.3989068865776062,0.03185788914561272,0.027579331770539284,0.1879761815071106,0.12050271034240723,,,
2210.0,2211.0,True,otro,closeup,0.5434339046478271,0.4566614329814911,0.0820983424782753,0.02024022676050663,0.04184408485889435,0.3001549541950226,0.05599023401737213,0.03979434072971344,0.2693846523761749,0.19049319624900818,,,
2211.0,2212.0,True,otro,closeup,0.867878794670105,0.707176685333252,0.07837359607219696,0.05603789538145065,0.01648860052227974,0.4149283468723297,0.049993760883808136,0.027167245745658875,0.18228575587272644,0.1747247576713562,,,
2212.0,2213.0,True,otro,closeup,0.7153597474098206,0.4078342616558075,0.04806879162788391,0.01637924276292324,0.03151175007224083,0.5051852464675903,0.04382918030023575,0.030493367463350296,0.1937168538570404,0.1308155208826065,,,
2213.0,2214.0,True,otro,closeup,0.3594783842563629,0.3829821050167084,0.06509559601545334,0.022166872397065163,0.052919674664735794,0.2645399570465088,0.04556882381439209,0.06554839760065079,0.24452383816242218,0.23963680863380432,,,
2214.0,2215.0,True,otro,closeup,0.6115407347679138,0.2650763690471649,0.04843010753393173,0.013775661587715149,0.040600862354040146,0.44900381565093994,0.04281216114759445,0.019798871129751205,0.26327645778656006,0.1223021075129509,,,
2215.0,2216.0,True,otro,closeup,0.4638497829437256,0.5053429007530212,0.04069558158516884,0.008558386005461216,0.04070749878883362,0.4965771436691284,0.06170932576060295,0.026474222540855408,0.2491915225982666,0.0760863721370697,,,
2216.0,2217.0,True,otro,closeup,0.7792357206344604,0.2323216199874878,0.04931415989995003,0.020411504432559013,0.047052983194589615,0.497969388961792,0.034827955067157745,0.017228813841938972,0.21934393048286438,0.11385123431682587,,,
2217.0,2218.0,True,otro,closeup,0.7953518033027649,0.390287309885025,0.07203251123428345,0.030271153897047043,0.027521837502717972,0.48179587721824646,0.03934920206665993,0.040077563375234604,0.15026436746120453,0.15868741273880005,,,
2218.0,2219.0,True,otro,closeup,0.7609776258468628,0.6345779299736023,0.06667114794254303,0.019315967336297035,0.017492037266492844,0.5437667965888977,0.04779871180653572,0.019431443884968758,0.17583073675632477,0.10969310253858566,,,
2219.0,2220.0,True,otro,closeup,0.6567643284797668,0.24700355529785156,0.08857665210962296,0.03434978052973747,0.03950997069478035,0.3258818984031677,0.029944270849227905,0.04879709333181381,0.25880885124206543,0.1741315871477127,,,
2220.0,2221.0,True,otro,closeup,0.8475197553634644,0.21609148383140564,0.09181154519319534,0.0637061670422554,0.02775927633047104,0.32779979705810547,0.048679571598768234,0.04789411649107933,0.19786909222602844,0.19448037445545197,,,
2221.0,2222.0,True,otro,closeup,0.6828064918518066,0.8686859607696533,0.014878595247864723,0.013086060993373394,0.0031760092824697495,0.734756350517273,0.02287747710943222,0.018204912543296814,0.13472305238246918,0.05829762667417526,,,
2222.0,2223.0,True,otro,closeup,0.9257053136825562,0.2169591188430786,0.09203766286373138,0.059804320335388184,0.022319724783301353,0.5062472224235535,0.03278976306319237,0.0156841017305851,0.15079593658447266,0.12032123655080795,,,
2223.0,2224.0,True,otro,closeup,0.3984438478946686,0.7736517190933228,0.05048277974128723,0.005297132767736912,0.01056196354329586,0.4837310314178467,0.04689418524503708,0.0454958975315094,0.1893528699874878,0.1681840717792511,,,
2224.0,2225.0,True,otro,closeup,0.6207510232925415,0.7696568369865417,0.05974004045128822,0.019562028348445892,0.013715438544750214,0.4701266884803772,0.06492547690868378,0.04134819284081459,0.18221013247966766,0.14837190508842468,,,
2225.0,2226.0,True,otro,closeup,0.8158191442489624,0.6030136346817017,0.03261749818921089,0.019403457641601562,0.011345364153385162,0.6329483985900879,0.03312704712152481,0.03804806247353554,0.108546182513237,0.12396398931741714,,,
2226.0,2227.0,True,otro,closeup,0.5492786169052124,0.7654615640640259,0.03506585210561752,0.02896222285926342,0.01962723210453987,0.5213441252708435,0.05820971727371216,0.07406088709831238,0.1652216911315918,0.0975082665681839,,,
2227.0,2228.0,True,otro,closeup,0.6163361072540283,0.7649234533309937,0.035581089556217194,0.007793801836669445,0.01107143796980381,0.6077181100845337,0.03429096192121506,0.027178015559911728,0.1592405140399933,0.11712604016065598,,,
2228.0,2229.0,True,otro,closeup,0.7629883289337158,0.47547394037246704,0.06284387409687042,0.016859043389558792,0.010792813263833523,0.5234770774841309,0.04516527056694031,0.02398032322525978,0.13151498138904572,0.1853666454553604,,,
2229.0,2230.0,True,otro,closeup,0.8146439790725708,0.2817619740962982,0.0854826420545578,0.02394775114953518,0.0331367664039135,0.3775257170200348,0.07019469887018204,0.042920902371406555,0.16570721566677094,0.20108425617218018,,,
2230.0,2231.0,True,presidenta,closeup,0.8061988353729248,0.16642805933952332,0.2656565010547638,0.050273556262254715,0.02063813991844654,0.10073639452457428,0.020555464550852776,0.031865112483501434,0.160288468003273,0.34998634457588196,,,
2231.0,2232.0,True,presidenta,closeup,0.27779072523117065,0.10971951484680176,0.09426399320363998,0.02086358703672886,0.07094953209161758,0.11666275560855865,0.024734219536185265,0.05692601576447487,0.2875831425189972,0.3280167579650879,,,
2232.0,2233.0,True,presidenta,closeup,0.27953386306762695,0.18901193141937256,0.17778821289539337,0.006241658236831427,0.0351567380130291,0.07167916744947433,0.024102507159113884,0.053929805755615234,0.16370388865470886,0.4673979580402374,,,
2233.0,2234.0,True,presidenta,closeup,0.5218961834907532,-0.13350510597229004,0.22583311796188354,0.012080520391464233,0.03560803458094597,0.056227125227451324,0.019088946282863617,0.035891689360141754,0.1620607227087021,0.45320990681648254,,,
2234.0,2235.0,True,presidenta,closeup,0.3279882073402405,0.5185351967811584,0.2663898468017578,0.005864421371370554,0.021957220509648323,0.12833362817764282,0.03593181446194649,0.03190609812736511,0.13910013437271118,0.370516836643219,,,
2235.0,2236.0,True,presidenta,closeup,0.7772470712661743,0.6311192512512207,0.12848353385925293,0.030351433902978897,0.014825889840722084,0.19250229001045227,0.029320931062102318,0.0433632954955101,0.18995173275470734,0.3712008595466614,,,
2236.0,2237.0,True,presidenta,closeup,0.9116977453231812,-0.11358857154846191,0.15766189992427826,0.1669108122587204,0.03145637363195419,0.0915989801287651,0.020739708095788956,0.019148003309965134,0.17037564516067505,0.3421085774898529,,,
2237.0,2238.0,True,presidenta,closeup,0.8531910181045532,-0.24727359414100647,0.22522780299186707,0.07734815776348114,0.041780371218919754,0.056135326623916626,0.01801973767578602,0.020273905247449875,0.16345374286174774,0.3977610170841217,,,
2238.0,2239.0,True,presidenta,closeup,0.614016056060791,-0.435945600271225,0.41679927706718445,0.010982360690832138,0.04011235013604164,0.04056629538536072,0.010848910547792912,0.02144034206867218,0.12764112651348114,0.3316093385219574,,,
2239.0,2240.0,True,presidenta,closeup,0.9385502934455872,0.1020662784576416,0.2702103853225708,0.16565175354480743,0.01657768338918686,0.08017174154520035,0.013180210255086422,0.015592253766953945,0.11141842603683472,0.3271975517272949,,,
2240.0,2241.0,True,presidenta,closeup,0.7908344864845276,0.2607506513595581,0.2806260883808136,0.025277091190218925,0.014649844728410244,0.06802172213792801,0.01662929356098175,0.022334743291139603,0.09342420846223831,0.47903695702552795,,,
2241.0,2242.0,True,presidenta,closeup,0.6928292512893677,0.21860134601593018,0.3005909323692322,0.017554057762026787,0.019458062946796417,0.056867796927690506,0.013610019348561764,0.023667071014642715,0.07514027506113052,0.4931117594242096,,,
2242.0,2243.0,True,presidenta,closeup,0.5798057317733765,0.3251228332519531,0.28523939847946167,0.01992710866034031,0.020143909379839897,0.048681434243917465,0.020035862922668457,0.02824554219841957,0.09156674891710281,0.48615992069244385,,,
2243.0,2244.0,True,presidenta,closeup,0.539743185043335,0.4060276746749878,0.2698170244693756,0.018393097445368767,0.013550176285207272,0.05619976297020912,0.019228659570217133,0.034185782074928284,0.08137064427137375,0.5072548389434814,,,
2244.0,2245.0,True,presidenta,closeup,0.6730184555053711,0.27605006098747253,0.21892043948173523,0.023279178887605667,0.026291189715266228,0.07707928121089935,0.028031889349222183,0.03354876860976219,0.09635769575834274,0.49649155139923096,,,
2245.0,2246.0,True,presidenta,closeup,0.5565016269683838,0.15772178769111633,0.26681602001190186,0.013470987789332867,0.04126562923192978,0.05530847981572151,0.023871326819062233,0.03743968531489372,0.10277437418699265,0.4590534567832947,,,
2246.0,2247.0,True,presidenta,closeup,0.5700199604034424,0.422839492559433,0.29313474893569946,0.037772707641124725,0.018984129652380943,0.08448707312345505,0.01960146427154541,0.021685849875211716,0.17260727286338806,0.35172680020332336,,,
2247.0,2248.0,True,presidenta,closeup,0.8742226362228394,0.43323174118995667,0.30294615030288696,0.06383257359266281,0.012432286515831947,0.09256234019994736,0.018136560916900635,0.018515238538384438,0.08583223819732666,0.4057425856590271,,,
2248.0,2249.0,True,presidenta,closeup,0.7174667119979858,0.3860694169998169,0.30099430680274963,0.017025837674736977,0.015752777457237244,0.09322533011436462,0.022359324619174004,0.018664821982383728,0.07714589685201645,0.45483168959617615,,,
2249.0,2250.0,True,presidenta,closeup,0.6923432350158691,0.2251010239124298,0.33115026354789734,0.02347899042069912,0.01928159035742283,0.07694273442029953,0.02829914540052414,0.02722521312534809,0.08148159831762314,0.41214045882225037,,,
2250.0,2251.0,True,presidenta,closeup,0.5460706949234009,0.30341318249702454,0.3450542092323303,0.014335486106574535,0.01975276879966259,0.046547502279281616,0.019856903702020645,0.025085553526878357,0.06649568676948547,0.4628719091415405,,,
2251.0,2252.0,True,presidenta,closeup,0.4260115921497345,0.5751030445098877,0.2085363119840622,0.014338881708681583,0.012778027914464474,0.11397037655115128,0.03952186554670334,0.04297688975930214,0.13852722942829132,0.42935046553611755,,,
2252.0,2253.0,True,presidenta,closeup,0.6030011773109436,0.4468212425708771,0.2077423632144928,0.01996927335858345,0.01223774440586567,0.08679867535829544,0.02013130858540535,0.056395236402750015,0.1220742017030716,0.4746512174606323,,,
2253.0,2254.0,True,presidenta,closeup,0.5205338001251221,-0.21954214572906494,0.2894967496395111,0.008753892034292221,0.03230041265487671,0.06265782564878464,0.017759323120117188,0.027194367721676826,0.16159087419509888,0.4002465009689331,,,
2254.0,2255.0,True,presidenta,closeup,-0.1712203323841095,0.1315746307373047,0.15179184079170227,0.004088558256626129,0.05507427826523781,0.06643708050251007,0.032258905470371246,0.04067337512969971,0.2700818181037903,0.37959417700767517,,,
2255.0,2256.0,True,presidenta,closeup,0.24097779393196106,-0.03015083074569702,0.20783638954162598,0.013789024204015732,0.040205635130405426,0.09262347966432571,0.024278836324810982,0.03222499042749405,0.23495741188526154,0.35408419370651245,,,
2256.0,2257.0,True,presidenta,closeup,0.5689448118209839,0.22525560855865479,0.3024933636188507,0.01638909801840782,0.026385221630334854,0.06457466632127762,0.0172289852052927,0.029256165027618408,0.12370292097330093,0.4199696481227875,,,
2257.0,2258.0,True,presidenta,closeup,-0.13040676712989807,0.6470847129821777,0.11026980727910995,0.010485050268471241,0.040309421718120575,0.09050490707159042,0.033225905150175095,0.0477508120238781,0.21994172036647797,0.44751232862472534,,,
2258.0,2259.0,True,presidenta,closeup,0.34080612659454346,0.4815309941768646,0.16071151196956635,0.019827337935566902,0.01648790016770363,0.1285492330789566,0.02449968084692955,0.04008365795016289,0.20066633820533752,0.4091743230819702,,,
2259.0,2260.0,True,presidenta,closeup,-0.1622607707977295,0.22568675875663757,0.1773146241903305,0.0064188637770712376,0.02702610194683075,0.10226210206747055,0.024839162826538086,0.03021985851228237,0.25938189029693604,0.3725373446941376,,,
2260.0,2261.0,True,presidenta,closeup,0.3240130543708801,0.22862035036087036,0.15397347509860992,0.019981924444437027,0.026288513094186783,0.1680683195590973,0.027493314817547798,0.031691811978816986,0.2436475306749344,0.328855037689209,,,
2261.0,2262.0,True,presidenta,closeup,0.6314995288848877,0.40306422114372253,0.15552186965942383,0.032301321625709534,0.017398247495293617,0.1307334303855896,0.0194835402071476,0.04033071920275688,0.20207549631595612,0.4021553695201874,,,
2262.0,2263.0,True,presidenta,closeup,0.047082364559173584,0.37050172686576843,0.12259566783905029,0.009893312118947506,0.08564581722021103,0.06315569579601288,0.029931239783763885,0.023747695609927177,0.34708133339881897,0.31794920563697815,,,
2263.0,2264.0,True,presidenta,closeup,0.6540062427520752,-0.06484174728393555,0.32319509983062744,0.013422932475805283,0.032487355172634125,0.06906268745660782,0.018847621977329254,0.025548715144395828,0.1272166669368744,0.39021891355514526,,,
2264.0,2265.0,True,presidenta,closeup,0.5937025547027588,0.388153612613678,0.30040243268013,0.021541601046919823,0.015946075320243835,0.11242011189460754,0.019005633890628815,0.02699754387140274,0.13016054034233093,0.37352612614631653,,,
2265.0,2266.0,True,presidenta,closeup,0.7476139068603516,0.4402415454387665,0.31441399455070496,0.045013271272182465,0.011804656125605106,0.1212686151266098,0.014470630325376987,0.0331919863820076,0.1432809680700302,0.3165558874607086,,,
2266.0,2267.0,True,presidenta,closeup,0.833981990814209,0.468147873878479,0.30413100123405457,0.07796783745288849,0.011400089599192142,0.08310428261756897,0.01293546985834837,0.025190692394971848,0.0940728634595871,0.3911978006362915,,,
2267.0,2268.0,True,presidenta,closeup,0.5047043561935425,0.2143038809299469,0.1540364921092987,0.04604141414165497,0.04431527107954025,0.08295726031064987,0.023732680827379227,0.02623235620558262,0.26729893684387207,0.35538557171821594,,,
2268.0,2269.0,True,presidenta,closeup,0.809455394744873,0.6493540406227112,0.16607508063316345,0.1810731440782547,0.012348261661827564,0.12667636573314667,0.02444043569266796,0.04509463906288147,0.12400251626968384,0.32028958201408386,,,
2269.0,2270.0,True,presidenta,closeup,0.8771187663078308,0.5848485231399536,0.21203026175498962,0.09173475950956345,0.00973114836961031,0.11324413865804672,0.014497101306915283,0.04400533065199852,0.13056989014148712,0.38418737053871155,,,
2270.0,2271.0,True,presidenta,closeup,0.5541951060295105,0.5397594571113586,0.1687001883983612,0.03316564857959747,0.03638407588005066,0.11667024344205856,0.03615143895149231,0.04722437262535095,0.18809817731380463,0.3736058473587036,,,
2271.0,2272.0,True,presidenta,closeup,0.8988106846809387,0.23024025559425354,0.40196987986564636,0.07698649168014526,0.017033474519848824,0.06821263581514359,0.015302403829991817,0.01988031528890133,0.07450857013463974,0.32610616087913513,,,
2272.0,2273.0,True,presidenta,closeup,0.8907791376113892,0.6904729604721069,0.13233694434165955,0.11946869641542435,0.010790602304041386,0.2776872515678406,0.03340926021337509,0.032794855535030365,0.12853224575519562,0.26498013734817505,,,
2273.0,2274.0,True,presidenta,closeup,0.881739616394043,0.6675171852111816,0.21692946553230286,0.14380018413066864,0.009297603741288185,0.14411786198616028,0.027707017958164215,0.024632876738905907,0.10620198398828506,0.32731297612190247,,,
2274.0,2275.0,True,presidenta,closeup,0.4780344069004059,0.6170090436935425,0.25327780842781067,0.011227061972022057,0.015299857594072819,0.09239966422319412,0.025454340502619743,0.03914358839392662,0.11773616820573807,0.4454615116119385,,,
2275.0,2276.0,True,presidenta,closeup,0.8973561525344849,0.7448512315750122,0.21052785217761993,0.15205304324626923,0.008086713030934334,0.18773628771305084,0.028194421902298927,0.01768840104341507,0.08436937630176544,0.3113439083099365,,,
2276.0,2277.0,True,presidenta,closeup,0.8727493286132812,0.42774879932403564,0.3261854946613312,0.09068773686885834,0.012602787464857101,0.12185893952846527,0.02360030822455883,0.02241499163210392,0.0796499028801918,0.32299983501434326,,,
2277.0,2278.0,True,presidenta,closeup,0.9141879677772522,0.3859241008758545,0.2930862605571747,0.1062219887971878,0.011132743209600449,0.09435023367404938,0.01717551425099373,0.022353749722242355,0.06842237710952759,0.38725706934928894,,,
2278.0,2279.0,True,presidenta,closeup,0.8186307549476624,0.31590035557746887,0.2718876600265503,0.09061235189437866,0.025151310488581657,0.07672721892595291,0.021396653726696968,0.021411322057247162,0.13753636181354523,0.3552772104740143,,,
2279.0,2280.0,True,presidenta,closeup,0.7947784662246704,0.12024989724159241,0.31564247608184814,0.044752247631549835,0.032129399478435516,0.07299340516328812,0.022271063178777695,0.02386532723903656,0.13294143974781036,0.3554045557975769,,,
2280.0,2281.0,True,presidenta,closeup,0.762086808681488,0.24574053287506104,0.28500252962112427,0.031293898820877075,0.029402058571577072,0.058305419981479645,0.020243268460035324,0.025431036949157715,0.1274651437997818,0.4228565990924835,,,
2281.0,2282.0,True,presidenta,closeup,0.7906370162963867,-0.210203617811203,0.27305909991264343,0.02682841569185257,0.036325667053461075,0.06431835889816284,0.022362982854247093,0.0191459022462368,0.12894800305366516,0.4290115535259247,,,
2282.0,2283.0,True,presidenta,closeup,0.12644609808921814,0.4114789664745331,0.20881573855876923,0.0040127867832779884,0.03166618570685387,0.08775743842124939,0.028974127024412155,0.026883739978075027,0.12948907911777496,0.48240089416503906,,,
2283.0,2284.0,True,presidenta,closeup,0.44439494609832764,0.4545366168022156,0.26295286417007446,0.007982193492352962,0.02154872938990593,0.08580431342124939,0.0275834109634161,0.028711341321468353,0.10641180723905563,0.45900529623031616,,,
2284.0,2285.0,True,presidenta,closeup,0.7267312407493591,0.26636144518852234,0.3415822982788086,0.025280971080064774,0.01927725039422512,0.07487893849611282,0.019000396132469177,0.017433950677514076,0.08639378845691681,0.4161524474620819,,,
2285.0,2286.0,True,presidenta,closeup,0.3876100480556488,-0.6865436434745789,0.41859784722328186,0.0068063754588365555,0.06428126990795135,0.03522655367851257,0.015694905072450638,0.016169680282473564,0.11603419482707977,0.3271891474723816,,,
2286.0,2287.0,True,presidenta,closeup,0.47043249011039734,0.1699599027633667,0.29756057262420654,0.011768961325287819,0.03302765265107155,0.054152507334947586,0.02580053173005581,0.03108024410903454,0.09653056412935257,0.4500788748264313,,,
2287.0,2288.0,True,presidenta,closeup,0.45587122440338135,0.12655982375144958,0.36576035618782043,0.007597460877150297,0.029753251001238823,0.03888668864965439,0.01953013800084591,0.02615261636674404,0.07552668452262878,0.4367928206920624,,,
2288.0,2289.0,True,presidenta,closeup,0.17153209447860718,-0.5729803442955017,0.2516290843486786,0.016421349719166756,0.13657864928245544,0.04681983217597008,0.02479943260550499,0.020641285926103592,0.19101935625076294,0.31209099292755127,,,
2289.0,2290.0,True,presidenta,closeup,0.3544456958770752,-0.31635192036628723,0.26880404353141785,0.020692134276032448,0.07492812722921371,0.0335225872695446,0.021831877529621124,0.027549536898732185,0.20377543568611145,0.34889620542526245,,,
2290.0,2291.0,True,presidenta,closeup,0.708550214767456,0.27655765414237976,0.27513185143470764,0.015120013616979122,0.022171875461935997,0.11380583792924881,0.025771861895918846,0.025343410670757294,0.13289064168930054,0.38976454734802246,,,
2291.0,2292.0,True,presidenta,closeup,0.8484616279602051,0.6045789122581482,0.3233262300491333,0.07475646585226059,0.010622093454003334,0.10899665206670761,0.024346811696887016,0.020214306190609932,0.09099864959716797,0.3467388153076172,,,
2292.0,2293.0,True,presidenta,closeup,0.8307105898857117,0.6269658207893372,0.2742307186126709,0.08987018465995789,0.011578413657844067,0.08741044998168945,0.022085200995206833,0.02393314614892006,0.08333662897348404,0.40755531191825867,,,
2293.0,2294.0,True,presidenta,closeup,0.5779086947441101,0.2689061462879181,0.403128057718277,0.015993531793355942,0.02313229627907276,0.05648239329457283,0.019853483885526657,0.025594934821128845,0.08815684169530869,0.3676583766937256,,,
2294.0,2295.0,True,presidenta,closeup,0.6079078316688538,0.6506283283233643,0.2502374053001404,0.03508983924984932,0.012929392978549004,0.11087805777788162,0.031044261530041695,0.0359124131500721,0.11620097607374191,0.4077075719833374,,,
2295.0,2296.0,True,presidenta,closeup,0.5909459590911865,0.28778645396232605,0.3083553910255432,0.019466817378997803,0.031150858849287033,0.09173782169818878,0.035131167620420456,0.022297434508800507,0.10248659551143646,0.3893738389015198,,,
2296.0,2297.0,True,presidenta,closeup,0.24477633833885193,0.5741004943847656,0.20572452247142792,0.00942298211157322,0.01300215907394886,0.1905660778284073,0.0341617614030838,0.03787481039762497,0.15516763925552368,0.35408005118370056,,,
2297.0,2298.0,True,presidenta,closeup,0.3344516456127167,0.5862914323806763,0.2231045961380005,0.010242830030620098,0.01647423580288887,0.12175290286540985,0.042553868144750595,0.04610135406255722,0.13256913423538208,0.4072010815143585,,,
2298.0,2299.0,True,presidenta,closeup,0.40353432297706604,0.3812958896160126,0.31057173013687134,0.0077325813472270966,0.006320286076515913,0.1273842453956604,0.01263351645320654,0.01220784429460764,0.11972784250974655,0.40342193841934204,,,
2299.0,2300.0,True,presidenta,closeup,0.8365899920463562,0.19973424077033997,0.25675445795059204,0.050297245383262634,0.017458684742450714,0.08182888478040695,0.022068696096539497,0.031252287328243256,0.11661972105503082,0.42372000217437744,,,
2300.0,2301.0,True,presidenta,closeup,0.46301892399787903,0.5579144954681396,0.23985302448272705,0.01989411935210228,0.015790598466992378,0.0685981959104538,0.02188858389854431,0.03634297102689743,0.09882360696792603,0.498808890581131,,,
2301.0,2302.0,True,presidenta,closeup,0.545657217502594,0.376996785402298,0.267354279756546,0.011663248762488365,0.0134469885379076,0.045197561383247375,0.013460999354720116,0.028124744072556496,0.08427290618419647,0.5364792346954346,,,
2302.0,2303.0,True,presidenta,closeup,0.2624504268169403,0.3922836482524872,0.2631934583187103,0.01097054686397314,0.020770961418747902,0.05521150305867195,0.021365920081734657,0.048584435135126114,0.10411518067121506,0.4757879674434662,,,
2303.0,2304.0,True,presidenta,closeup,0.6444393396377563,0.4297408163547516,0.28210675716400146,0.02432900294661522,0.01695195399224758,0.06663509458303452,0.02644302137196064,0.041343867778778076,0.08530344814062119,0.45688679814338684,,,
2304.0,2305.0,True,presidenta,closeup,0.5978356003761292,0.2426685392856598,0.28651049733161926,0.018076607957482338,0.018078282475471497,0.08125267177820206,0.01923515647649765,0.0338900052011013,0.1118573397397995,0.43109944462776184,,,
2305.0,2306.0,True,presidenta,closeup,0.6906295418739319,0.16308826208114624,0.2824673056602478,0.027135193347930908,0.02675434947013855,0.08855688571929932,0.028252672404050827,0.026937199756503105,0.12207861244678497,0.3978177607059479,,,
2306.0,2307.0,True,presidenta,closeup,0.819132387638092,-0.13762566447257996,0.3018087148666382,0.054961197078228,0.031560614705085754,0.0768173485994339,0.01980399154126644,0.024678125977516174,0.1417437493801117,0.3486262559890747,,,
2307.0,2308.0,True,presidenta,closeup,0.5374866724014282,-0.2550640404224396,0.23334811627864838,0.014341804198920727,0.06240132451057434,0.08221358060836792,0.033922288566827774,0.018625251948833466,0.23103459179401398,0.32411304116249084,,,
2308.0,2309.0,True,presidenta,closeup,0.6141581535339355,0.5072345733642578,0.19206184148788452,0.019719012081623077,0.019858194515109062,0.11975925415754318,0.0328851193189621,0.03304161876440048,0.12155914306640625,0.4611157178878784,,,
2309.0,2310.0,True,presidenta,closeup,0.6709222793579102,0.46921464800834656,0.30009081959724426,0.02199035882949829,0.01768633723258972,0.12676408886909485,0.033392779529094696,0.030129464343190193,0.12548525631427765,0.34446096420288086,,,
2310.0,2311.0,True,presidenta,closeup,0.3734339475631714,0.47594648599624634,0.24720607697963715,0.007709392346441746,0.023967791348695755,0.10125762969255447,0.0356111004948616,0.03437363728880882,0.174280047416687,0.37559428811073303,,,
2311.0,2312.0,True,presidenta,closeup,0.3861193060874939,0.3943626880645752,0.2771786153316498,0.00527846347540617,0.03853919729590416,0.09021631628274918,0.039250195026397705,0.024631060659885406,0.1634560227394104,0.36145010590553284,,,
2312.0,2313.0,True,presidenta,closeup,0.5212339162826538,-0.4490925073623657,0.2918253540992737,0.012096764519810677,0.05595143511891365,0.07934190332889557,0.02359679527580738,0.02005424164235592,0.23900116980075836,0.2781323492527008,,,
2313.0,2314.0,True,presidenta,closeup,0.6185465455055237,-0.15510612726211548,0.2870142459869385,0.010557339526712894,0.0473828986287117,0.07510004192590714,0.028413977473974228,0.024341478943824768,0.18585935235023499,0.3413306772708893,,,
2314.0,2315.0,True,presidenta,closeup,0.9001175761222839,0.6040635108947754,0.23466387391090393,0.14195844531059265,0.012138592079281807,0.12339170277118683,0.020238272845745087,0.02288433536887169,0.08688937872648239,0.3578353822231293,,,
2315.0,2316.0,True,presidenta,closeup,0.7543225288391113,0.171584814786911,0.3657104969024658,0.01726839318871498,0.025414200499653816,0.05796219781041145,0.018356898799538612,0.020864229649305344,0.0733736976981163,0.4210498332977295,,,
2316.0,2317.0,True,presidenta,closeup,0.9022496938705444,0.08903181552886963,0.4180052578449249,0.06379301100969315,0.017154524102807045,0.06554509699344635,0.012674969621002674,0.018285920843482018,0.06109108030796051,0.343450129032135,,,
2317.0,2318.0,True,presidenta,closeup,0.8744609355926514,0.39105358719825745,0.33541375398635864,0.09389232099056244,0.011387694627046585,0.08324779570102692,0.013804292306303978,0.020946793258190155,0.07269638776779175,0.36861082911491394,,,
2318.0,2319.0,True,presidenta,closeup,0.8421957492828369,-0.08423018455505371,0.36725181341171265,0.038989461958408356,0.023471958935260773,0.0653584748506546,0.01618797704577446,0.01675274223089218,0.11689199507236481,0.3550955355167389,,,
2319.0,2320.0,True,presidenta,closeup,0.6770370006561279,0.7091360688209534,0.18193374574184418,0.025600332766771317,0.009338714182376862,0.15035860240459442,0.02620401605963707,0.03735008463263512,0.11685986816883087,0.4523545801639557,,,
2320.0,2321.0,True,presidenta,closeup,0.5629215240478516,0.47281399369239807,0.23188777267932892,0.021174538880586624,0.015734177082777023,0.09579393267631531,0.026469741016626358,0.03463761508464813,0.12988263368606567,0.44441959261894226,,,
2321.0,2322.0,True,presidenta,closeup,0.8922358751296997,0.24674078822135925,0.3122278153896332,0.1336873173713684,0.015152058564126492,0.0666365846991539,0.01600668765604496,0.025164155289530754,0.10495369881391525,0.3261716365814209,,,
2322.0,2323.0,True,presidenta,closeup,0.7346980571746826,-0.03024989366531372,0.39338788390159607,0.036971233785152435,0.020437821745872498,0.05559206381440163,0.01306429784744978,0.02615479566156864,0.11430228501558304,0.3400896191596985,,,
2323.0,2324.0,True,presidenta,closeup,0.6303743720054626,0.2420891523361206,0.2211437225341797,0.03684336692094803,0.016246145591139793,0.09098910540342331,0.019834643229842186,0.034414004534482956,0.198044091463089,0.38248488306999207,,,
2324.0,2325.0,True,presidenta,closeup,0.7785372734069824,0.47537484765052795,0.23615334928035736,0.024083375930786133,0.014761582016944885,0.1250467449426651,0.023613519966602325,0.02810315228998661,0.09272205084562302,0.4555162191390991,,,
2325.0,2326.0,True,presidenta,closeup,0.8406025767326355,0.42342692613601685,0.3110446035861969,0.061855804175138474,0.012797090224921703,0.10178948193788528,0.01690438948571682,0.024624455720186234,0.0876290500164032,0.38335511088371277,,,
2326.0,2327.0,True,presidenta,closeup,0.6640523672103882,0.06825163960456848,0.2616735100746155,0.029100531712174416,0.04818512871861458,0.08031785488128662,0.028881825506687164,0.027350252494215965,0.16744308173656464,0.3570477366447449,,,
2327.0,2328.0,True,presidenta,closeup,0.6331804990768433,0.696808397769928,0.20076203346252441,0.0310024656355381,0.012316403910517693,0.14086924493312836,0.02881498821079731,0.03391589596867561,0.13691158592700958,0.4154073894023895,,,
2328.0,2329.0,True,presidenta,closeup,0.6791765689849854,0.4623126983642578,0.335885614156723,0.03367583081126213,0.01664336770772934,0.06819017976522446,0.023771073669195175,0.03242921456694603,0.08815376460552216,0.4012509286403656,,,
2329.0,2330.0,True,presidenta,closeup,0.8729527592658997,0.5181927680969238,0.29000547528266907,0.09260017424821854,0.009932794608175755,0.07371103018522263,0.01697767898440361,0.019534945487976074,0.06031305342912674,0.43692487478256226,,,
2330.0,2331.0,True,presidenta,closeup,0.8252235651016235,0.47415757179260254,0.2995149493217468,0.058238591998815536,0.013727840967476368,0.07780764251947403,0.024035200476646423,0.027191821485757828,0.07553546875715256,0.42394840717315674,,,
2331.0,2332.0,True,presidenta,closeup,0.7498334646224976,0.7457633018493652,0.17720940709114075,0.13402383029460907,0.005810355767607689,0.19158804416656494,0.02762410044670105,0.027177758514881134,0.10562098026275635,0.3309454619884491,,,
2332.0,2333.0,True,presidenta,closeup,0.5361100435256958,0.19525590538978577,0.3487980365753174,0.014508690685033798,0.01828884705901146,0.03835110366344452,0.014155752956867218,0.019651010632514954,0.06135417893528938,0.4848923683166504,,,
2333.0,2334.0,True,presidenta,closeup,0.7941160798072815,0.21207216382026672,0.2883683443069458,0.03212474659085274,0.01843550242483616,0.0648016482591629,0.015283318236470222,0.025461161509156227,0.07617659866809845,0.47934868931770325,,,
2334.0,2335.0,True,presidenta,closeup,0.9180991053581238,0.7142771482467651,0.1894609034061432,0.25592851638793945,0.004852308426052332,0.11714120954275131,0.017471017315983772,0.027756398543715477,0.07685906440019608,0.31053057312965393,,,
2335.0,2336.0,True,presidenta,closeup,0.8786628246307373,0.5181145668029785,0.2907092869281769,0.07588961720466614,0.011878867633640766,0.11147656291723251,0.02339888922870159,0.02338816039264202,0.07665208727121353,0.3866065740585327,,,
2336.0,2337.0,True,presidenta,closeup,0.9203352332115173,0.5861549377441406,0.21829505264759064,0.14828047156333923,0.01045124139636755,0.10948311537504196,0.031453318893909454,0.022862175479531288,0.0890265479683876,0.3701481223106384,,,
2337.0,2338.0,True,presidenta,closeup,0.5427173972129822,0.8730241060256958,0.13098648190498352,0.034604430198669434,0.01063520461320877,0.11387374997138977,0.033055681735277176,0.07832600176334381,0.12927807867527008,0.46924036741256714,,,
2338.0,2339.0,True,presidenta,closeup,0.6517164707183838,0.47169604897499084,0.24089613556861877,0.028500525280833244,0.011519338935613632,0.05040224641561508,0.015196758322417736,0.042428985238075256,0.06515780091285706,0.5458981394767761,,,
2339.0,2340.0,True,presidenta,closeup,0.8738445043563843,0.5519658327102661,0.19798007607460022,0.06016860157251358,0.010648731142282486,0.15838752686977386,0.028755880892276764,0.03089919686317444,0.10766270011663437,0.4054971933364868,,,
2340.0,2341.0,True,presidenta,closeup,0.8168643116950989,0.09257769584655762,0.3453816771507263,0.0549132339656353,0.018894992768764496,0.05633135139942169,0.014934802427887917,0.021398218348622322,0.08926942944526672,0.39887621998786926,,,
2341.0,2342.0,True,presidenta,closeup,0.8550342917442322,0.19331404566764832,0.34807655215263367,0.07122670859098434,0.021431604400277138,0.07499991357326508,0.0206727497279644,0.017680922523140907,0.07224059849977493,0.3736710250377655,,,
2342.0,2343.0,True,presidenta,closeup,0.8848789930343628,0.4154580533504486,0.3056372106075287,0.12113659828901291,0.015854502096772194,0.10747174173593521,0.024499068036675453,0.019148286432027817,0.07652290910482407,0.3297296464443207,,,
2343.0,2344.0,True,presidenta,closeup,0.9418162107467651,0.5965242385864258,0.1796538531780243,0.1564052402973175,0.009757968597114086,0.14015956223011017,0.023466680198907852,0.020106226205825806,0.07032851129770279,0.4001219570636749,,,
2344.0,2345.0,True,presidenta,closeup,0.7628271579742432,0.24438008666038513,0.1967126876115799,0.039458345621824265,0.025649361312389374,0.1068946048617363,0.027543382719159126,0.020702769979834557,0.19801785051822662,0.38502103090286255,,,
2345.0,2346.0,True,presidenta,closeup,0.8308801651000977,-0.01259639859199524,0.2779747545719147,0.05849798768758774,0.02439620904624462,0.08761285990476608,0.01777094043791294,0.015295947901904583,0.14520281553268433,0.37324845790863037,,,
2346.0,2347.0,True,presidenta,closeup,0.8791868090629578,0.03494653105735779,0.2294527143239975,0.1133822351694107,0.01677352376282215,0.09728731215000153,0.013425027020275593,0.01464795507490635,0.15382720530033112,0.36120396852493286,,,
2347.0,2348.0,True,presidenta,closeup,0.5865069627761841,-0.21982625126838684,0.22470328211784363,0.017484622076153755,0.024019023403525352,0.0816003605723381,0.02300308644771576,0.01809343323111534,0.2714764177799225,0.33961978554725647,,,
2348.0,2349.0,True,presidenta,closeup,0.6592526435852051,-0.34214141964912415,0.4182014763355255,0.025146370753645897,0.029392555356025696,0.04530077427625656,0.009118040092289448,0.016756294295191765,0.15600349009037018,0.30008092522621155,,,
2349.0,2350.0,True,presidenta,closeup,0.7001340985298157,-0.23383378982543945,0.33397984504699707,0.025310833007097244,0.027139490470290184,0.06518238037824631,0.015124854631721973,0.02016056701540947,0.11544083803892136,0.39766114950180054,,,
2350.0,2351.0,True,presidenta,closeup,0.8972655534744263,-0.24316659569740295,0.28757956624031067,0.08076032251119614,0.023302333429455757,0.07611130177974701,0.01426678616553545,0.020132973790168762,0.1306331604719162,0.36721351742744446,,,
2351.0,2352.0,True,presidenta,closeup,0.8139477372169495,0.2928132116794586,0.30499887466430664,0.03756752237677574,0.01649644784629345,0.08743056654930115,0.01805405505001545,0.029110174626111984,0.07177576422691345,0.43456655740737915,,,
2352.0,2353.0,True,presidenta,closeup,0.7048694491386414,0.08096882700920105,0.2951519191265106,0.01496418472379446,0.029469700530171394,0.07205738127231598,0.020706895738840103,0.02834346331655979,0.10763738304376602,0.4316690266132355,,,
2353.0,2354.0,True,presidenta,closeup,0.6650766730308533,0.376157283782959,0.32614666223526,0.018331242725253105,0.02123906835913658,0.06475766748189926,0.020610595121979713,0.03579510375857353,0.09302733838558197,0.42009222507476807,,,
2354.0,2355.0,True,presidenta,closeup,0.7777304649353027,0.834857702255249,0.14350460469722748,0.14554345607757568,0.006010911893099546,0.11728062480688095,0.023022303357720375,0.03661159425973892,0.10525877773761749,0.422767698764801,,,
2355.0,2356.0,True,presidenta,closeup,0.7532628774642944,0.7328780889511108,0.14545628428459167,0.20261730253696442,0.005395499058067799,0.10534769296646118,0.02054426074028015,0.053972773253917694,0.09087152034044266,0.3757946789264679,,,
2356.0,2357.0,True,presidenta,closeup,0.7188535928726196,0.461032509803772,0.27271974086761475,0.0403953492641449,0.012700066901743412,0.09861929714679718,0.018506141379475594,0.028852656483650208,0.07809937745332718,0.45010727643966675,,,
2357.0,2358.0,True,presidenta,closeup,0.7906087636947632,0.3928554058074951,0.34171614050865173,0.04742347449064255,0.01348758116364479,0.08323083072900772,0.019004952162504196,0.019720425829291344,0.07233934104442596,0.40307724475860596,,,
2358.0,2359.0,True,presidenta,closeup,0.92470782995224,0.46577849984169006,0.2493038773536682,0.17462630569934845,0.01074695959687233,0.1527019888162613,0.021988991647958755,0.018603665754199028,0.08420436829328537,0.28782379627227783,,,
2359.0,2360.0,True,presidenta,closeup,0.8873633146286011,0.5999267101287842,0.1912185251712799,0.1044543907046318,0.009095055982470512,0.18694230914115906,0.02824653498828411,0.024344706907868385,0.09874492883682251,0.35695356130599976,,,
2360.0,2361.0,True,presidenta,closeup,0.6496238708496094,0.6622060537338257,0.20124371349811554,0.024747099727392197,0.011664649471640587,0.1297454833984375,0.02741110697388649,0.03872060775756836,0.12254288792610168,0.4439244568347931,,,
2361.0,2362.0,True,presidenta,closeup,0.6288355588912964,0.4762295186519623,0.3179245889186859,0.01794191263616085,0.014979331754148006,0.057591281831264496,0.015146475285291672,0.025734905153512955,0.09466313570737839,0.4560183584690094,,,
2362.0,2363.0,True,presidenta,closeup,0.8249033093452454,0.29335087537765503,0.34920960664749146,0.03493005037307739,0.018717072904109955,0.0671481192111969,0.01838175393640995,0.020762762054800987,0.08600375056266785,0.4048468768596649,,,
2363.0,2364.0,True,presidenta,closeup,0.9579164981842041,0.2683033347129822,0.19197452068328857,0.34061285853385925,0.00951005145907402,0.09057720005512238,0.013461237773299217,0.018731974065303802,0.09290619194507599,0.24222591519355774,,,
2364.0,2365.0,True,presidenta,closeup,0.7611495852470398,0.4343387186527252,0.2390817552804947,0.042911943048238754,0.010109348222613335,0.07324762642383575,0.016575977206230164,0.04403157904744148,0.14185252785682678,0.43218928575515747,,,
2365.0,2366.0,True,presidenta,closeup,0.8261653184890747,-0.011853128671646118,0.332175612449646,0.03753696754574776,0.01917230896651745,0.0583878755569458,0.016764923930168152,0.029818296432495117,0.09632792323827744,0.40981611609458923,,,
2366.0,2367.0,True,presidenta,closeup,0.8646831512451172,-0.04952430725097656,0.35960549116134644,0.08262234926223755,0.01743389293551445,0.05574405565857887,0.01451146975159645,0.025010572746396065,0.09757007658481598,0.34750211238861084,,,
2367.0,2368.0,True,presidenta,closeup,0.766621470451355,-0.29010137915611267,0.27591484785079956,0.04023270308971405,0.02228282205760479,0.05582283064723015,0.01040908508002758,0.024280425161123276,0.13861477375030518,0.4324425160884857,,,
2368.0,2369.0,True,presidenta,closeup,0.7655432224273682,0.5038154125213623,0.2568191587924957,0.03352139890193939,0.012516007758677006,0.12121668457984924,0.023808030411601067,0.03912508115172386,0.14021557569503784,0.3727780878543854,,,
2369.0,2370.0,True,presidenta,closeup,0.9672516584396362,0.15603142976760864,0.23298102617263794,0.2870756983757019,0.0192758496850729,0.08636921644210815,0.012905536219477654,0.013856644742190838,0.07169985771179199,0.27583613991737366,,,
2370.0,2371.0,True,presidenta,closeup,0.2641793489456177,0.4460335969924927,0.3395334482192993,0.011992943473160267,0.014249859377741814,0.07632013410329819,0.014580954797565937,0.0366072915494442,0.16144143044948578,0.3452739119529724,,,
2371.0,2372.0,True,presidenta,closeup,0.8588928580284119,0.30849263072013855,0.2771655023097992,0.11556567251682281,0.01638564094901085,0.10664191097021103,0.02411504089832306,0.024678649380803108,0.09978529065847397,0.33566224575042725,,,
2372.0,2373.0,True,presidenta,closeup,0.522736668586731,0.5366164445877075,0.18104945123195648,0.04097700119018555,0.012923617847263813,0.10715608298778534,0.021147767081856728,0.06220145896077156,0.16182494163513184,0.4127196967601776,,,
2373.0,2374.0,True,presidenta,closeup,0.8383786082267761,0.5165570974349976,0.2981773912906647,0.08656657487154007,0.012203764170408249,0.11308582872152328,0.01724858582019806,0.019977042451500893,0.09351169317960739,0.35922908782958984,,,
2374.0,2375.0,True,presidenta,closeup,0.6866663694381714,-0.4693901538848877,0.4146153926849365,0.017857734113931656,0.05194902420043945,0.05018892511725426,0.015053173527121544,0.019005844369530678,0.13907252252101898,0.2922574579715729,,,
2375.0,2376.0,True,presidenta,closeup,0.8537307381629944,0.06664681434631348,0.35796335339546204,0.0513540618121624,0.022022409364581108,0.09813614189624786,0.02170504443347454,0.023816794157028198,0.0928998738527298,0.33210235834121704,,,
2376.0,2377.0,True,presidenta,closeup,0.625755786895752,0.48039090633392334,0.23398827016353607,0.025284700095653534,0.017056573182344437,0.16126763820648193,0.04051819071173668,0.03223906829953194,0.143116295337677,0.3465293049812317,,,
2377.0,2378.0,True,presidenta,closeup,0.7280720472335815,0.3823845684528351,0.28238770365715027,0.024774737656116486,0.015339959412813187,0.09418772906064987,0.02433701604604721,0.030160879716277122,0.09973513334989548,0.42907682061195374,,,
2378.0,2379.0,True,presidenta,closeup,0.936699390411377,0.3258182108402252,0.19867242872714996,0.39373284578323364,0.006746147759258747,0.0654279813170433,0.011215991340577602,0.019093461334705353,0.0708717405796051,0.2342393696308136,,,
2379.0,2380.0,True,presidenta,closeup,0.7942068576812744,0.20004484057426453,0.31912654638290405,0.04662168398499489,0.01708385907113552,0.07873132824897766,0.017581209540367126,0.031142450869083405,0.12180802971124649,0.3679048717021942,,,
2380.0,2381.0,True,presidenta,closeup,0.651367723941803,0.333446741104126,0.2603345811367035,0.029179325327277184,0.01565108820796013,0.11340248584747314,0.02933308854699135,0.030718214809894562,0.11961503326892853,0.40176618099212646,,,
2381.0,2382.0,True,presidenta,closeup,0.4762745201587677,0.2287435233592987,0.24811287224292755,0.010316732339560986,0.024150226265192032,0.06990766525268555,0.03256407380104065,0.03541111201047897,0.12045280635356903,0.45908457040786743,,,
2382.0,2383.0,True,presidenta,closeup,0.7379655838012695,0.05585289001464844,0.3059641420841217,0.023083744570612907,0.026962831616401672,0.04987986385822296,0.01877298578619957,0.03630739822983742,0.08448096364736557,0.45454809069633484,,,
2383.0,2384.0,True,presidenta,closeup,0.7530246376991272,0.09305775165557861,0.30725157260894775,0.022040583193302155,0.02679695002734661,0.05604812875390053,0.022502394393086433,0.02752574346959591,0.10143765807151794,0.4363969564437866,,,
2384.0,2385.0,True,presidenta,closeup,0.9240859746932983,0.005701988935470581,0.34496527910232544,0.166042298078537,0.018145354464650154,0.0653424859046936,0.011403314769268036,0.012184948660433292,0.135891854763031,0.2460244745016098,,,
2385.0,2386.0,True,presidenta,closeup,0.7257336378097534,0.47963201999664307,0.18060296773910522,0.05410915985703468,0.017225587740540504,0.1465207189321518,0.031494032591581345,0.04485304281115532,0.13923266530036926,0.3859618604183197,,,
2386.0,2387.0,True,presidenta,closeup,0.782768964767456,0.5671876072883606,0.2692474126815796,0.043246813118457794,0.010564403608441353,0.16729006171226501,0.024033432826399803,0.02228475920855999,0.120369091629982,0.3429640531539917,,,
2387.0,2388.0,True,presidenta,closeup,0.8785921335220337,0.42553383111953735,0.24050144851207733,0.09934460371732712,0.012731353752315044,0.18134534358978271,0.026670927181839943,0.03566828742623329,0.13401414453983307,0.2697238624095917,,,
2388.0,2389.0,True,presidenta,closeup,0.773097813129425,0.20959988236427307,0.3230063021183014,0.036648597568273544,0.019870653748512268,0.08388439565896988,0.021085664629936218,0.03722237050533295,0.09949802607297897,0.3787839412689209,,,
2389.0,2390.0,True,presidenta,closeup,0.5020514726638794,0.7641085386276245,0.19831444323062897,0.023494902998209,0.008935348130762577,0.20708192884922028,0.03626587986946106,0.04299619421362877,0.14928002655506134,0.333631306886673,,,
2390.0,2391.0,True,presidenta,closeup,0.5018576979637146,-0.0986112654209137,0.3864102065563202,0.007053079549223185,0.028824834153056145,0.051043156534433365,0.012722669169306755,0.015757199376821518,0.10216904431581497,0.3960198163986206,,,
2391.0,2392.0,True,presidenta,closeup,0.6999606490135193,0.11606040596961975,0.3668467700481415,0.02152765728533268,0.030642466619610786,0.0667024627327919,0.02177782729268074,0.024321092292666435,0.08869177848100662,0.3794899880886078,,,
2392.0,2393.0,True,presidenta,closeup,0.7406954169273376,0.5075955390930176,0.27591922879219055,0.04630826786160469,0.016317976638674736,0.11809171736240387,0.024105403572320938,0.02853264845907688,0.13215462863445282,0.3585702180862427,,,
2393.0,2394.0,True,presidenta,closeup,0.6356261372566223,0.3909009099006653,0.2181999534368515,0.026349307969212532,0.018696267157793045,0.1132163405418396,0.019164923578500748,0.03255058452486992,0.11580716818571091,0.4560154676437378,,,
2394.0,2395.0,True,presidenta,closeup,0.9263544082641602,0.5742144584655762,0.09880416840314865,0.4688532054424286,0.006517509464174509,0.09727779030799866,0.01583150215446949,0.022111041471362114,0.07558757066726685,0.21501722931861877,,,
2395.0,2396.0,True,presidenta,closeup,0.7614383697509766,0.5640121698379517,0.13253572583198547,0.08839523792266846,0.0147660868242383,0.15708519518375397,0.02477339096367359,0.05239402875304222,0.20292288064956665,0.32712745666503906,,,
2396.0,2397.0,True,presidenta,closeup,0.627108633518219,0.44267991185188293,0.13569802045822144,0.025605639442801476,0.022536037489771843,0.13897867500782013,0.027231365442276,0.07353504002094269,0.19553764164447784,0.38087764382362366,,,
2397.0,2398.0,False,,wide,,,,,,,,,,,,,
2398.0,2399.0,False,,wide,,,,,,,,,,,,,
2399.0,2400.0,False,,wide,,,,,,,,,,,,,
2400.0,2401.0,False,,wide,,,,,,,,,,,,,
2401.0,2402.0,False,,wide,,,,,,,,,,,,,
2402.0,2403.0,True,otro,closeup,-0.5107452869415283,0.6991254687309265,0.1732083261013031,0.005284162703901529,0.0152879124507308,0.03725505247712135,0.01804712787270546,0.06092318892478943,0.2910584807395935,0.3989357650279999,,,
2403.0,2404.0,True,otro,closeup,-0.5803853273391724,0.6285877823829651,0.19872567057609558,0.0032703448086977005,0.01599489338696003,0.023901278153061867,0.011010508984327316,0.05908406525850296,0.24369794130325317,0.4443153440952301,,,
2404.0,2405.0,True,otro,closeup,-0.5215135812759399,0.7977713942527771,0.17423570156097412,0.00785193033516407,0.0135496836155653,0.06174682080745697,0.01899118535220623,0.07481943070888519,0.29380789399147034,0.35499733686447144,,,
2405.0,2406.0,True,otro,closeup,-0.5483471155166626,0.6583175659179688,0.19416578114032745,0.004368022084236145,0.021798929199576378,0.04514554142951965,0.022761553525924683,0.054545894265174866,0.29637765884399414,0.36083659529685974,,,
2406.0,2407.0,True,otro,closeup,-0.2631737291812897,0.5715974569320679,0.26517483592033386,0.007046849932521582,0.017737293615937233,0.02861376293003559,0.01580149494111538,0.036512501537799835,0.20487791299819946,0.42423540353775024,,,
2407.0,2408.0,False,,wide,,,,,,,,,,,,,
2408.0,2409.0,False,,wide,,,,,,,,,,,,,
2409.0,2410.0,False,,wide,,,,,,,,,,,,,
2410.0,2411.0,False,,wide,,,,,,,,,,,,,
2411.0,2412.0,False,,wide,,,,,,,,,,,,,
2412.0,2413.0,False,,wide,,,,,,,,,,,,,
2413.0,2414.0,False,,wide,,,,,,,,,,,,,
2414.0,2415.0,False,,wide,,,,,,,,,,,,,
2415.0,2416.0,False,,wide,,,,,,,,,,,,,
2416.0,2417.0,False,,wide,,,,,,,,,,,,,
2417.0,2418.0,False,,wide,,,,,,,,,,,,,
2418.0,2419.0,False,,wide,,,,,,,,,,,,,
2419.0,2420.0,False,,wide,,,,,,,,,,,,,
2420.0,2421.0,False,,wide,,,,,,,,,,,,,
2421.0,2422.0,True,otro,closeup,0.46704429388046265,-0.08707350492477417,0.1801062673330307,0.0535489059984684,0.06135280430316925,0.08388429880142212,0.02985497936606407,0.08233654499053955,0.30578669905662537,0.20312948524951935,,,
2422.0,2423.0,True,otro,closeup,0.44072115421295166,0.24547666311264038,0.09416451305150986,0.056067660450935364,0.02988176979124546,0.17895105481147766,0.035149946808815,0.11737743020057678,0.2998063564300537,0.18860122561454773,,,
2423.0,2424.0,True,otro,closeup,0.005500704050064087,0.4789242446422577,0.10100780427455902,0.02677011862397194,0.03168210759758949,0.1420775055885315,0.04581219330430031,0.15617680549621582,0.33153659105300903,0.1649368554353714,,,
2424.0,2425.0,True,otro,closeup,0.7023802399635315,0.24284228682518005,0.14543288946151733,0.16450859606266022,0.021795686334371567,0.14743264019489288,0.026419151574373245,0.10726279020309448,0.21452835202217102,0.17261987924575806,,,
2425.0,2426.0,True,otro,closeup,0.391695499420166,-0.2286112904548645,0.21647848188877106,0.021611036732792854,0.040462080389261246,0.10095613449811935,0.01837492734193802,0.08566819131374359,0.25773489475250244,0.2587142884731293,,,
2426.0,2427.0,True,otro,closeup,0.7579852938652039,0.08147403597831726,0.1767083704471588,0.1407952755689621,0.0216127410531044,0.16044844686985016,0.01992013491690159,0.08671853691339493,0.1821906566619873,0.21160581707954407,,,
2427.0,2428.0,True,otro,closeup,0.4591720402240753,-0.29143545031547546,0.2559533417224884,0.045783769339323044,0.0369030199944973,0.09654498845338821,0.021869052201509476,0.10369735211133957,0.23091505467891693,0.20833343267440796,,,
2428.0,2429.0,True,otro,closeup,0.8151811361312866,-0.17356646060943604,0.21311724185943604,0.2295803278684616,0.020818645134568214,0.13987453281879425,0.016366615891456604,0.06824270635843277,0.14646859467029572,0.16553136706352234,,,
2429.0,2430.0,True,otro,closeup,0.4039159119129181,-0.28838595747947693,0.22864608466625214,0.031047280877828598,0.03303450345993042,0.11581739783287048,0.020063765347003937,0.12320704758167267,0.23224961757659912,0.21593424677848816,,,
2430.0,2431.0,True,otro,closeup,0.785358726978302,0.10604369640350342,0.15781177580356598,0.20293369889259338,0.01646406762301922,0.1727520376443863,0.02256559208035469,0.08174014091491699,0.1744278371334076,0.1713048666715622,,,
2431.0,2432.0,True,otro,closeup,0.2462347149848938,0.39664769172668457,0.11686723679304123,0.015915215015411377,0.027491919696331024,0.2262621968984604,0.0396171435713768,0.08934573084115982,0.30224376916885376,0.1822567582130432,,,
2432.0,2433.0,True,otro,closeup,0.5348900556564331,-0.3568503260612488,0.2645275592803955,0.04424849525094032,0.05055452510714531,0.15677058696746826,0.028668539598584175,0.08317690342664719,0.21867723762989044,0.15337622165679932,,,
2433.0,2434.0,True,otro,closeup,0.7815688848495483,0.2426694631576538,0.12297600507736206,0.16890555620193481,0.014832288958132267,0.26193729043006897,0.027999889105558395,0.08309157937765121,0.17374908924102783,0.14650827646255493,,,
2434.0,2435.0,True,otro,closeup,0.7283848524093628,-0.34189939498901367,0.2646377384662628,0.09509775042533875,0.036197587847709656,0.13257306814193726,0.02011074870824814,0.07643213868141174,0.18137067556381226,0.1935802549123764,,,
2435.0,2436.0,True,otro,closeup,0.5284022092819214,-0.3257881999015808,0.28782325983047485,0.04648400470614433,0.04333074763417244,0.09859150648117065,0.02426900900900364,0.07989698648452759,0.2059863656759262,0.21361811459064484,,,
2436.0,2437.0,True,otro,closeup,0.4869881570339203,0.3424740135669708,0.1105237677693367,0.07686565071344376,0.018529530614614487,0.18914148211479187,0.0364769846200943,0.14430367946624756,0.24321827292442322,0.18094056844711304,,,
2437.0,2438.0,True,otro,closeup,0.5140628814697266,-0.7374613881111145,0.25813359022140503,0.04529726877808571,0.06458844244480133,0.0841556265950203,0.016801055520772934,0.06388206034898758,0.2554095983505249,0.21173232793807983,,,
2438.0,2439.0,True,otro,closeup,0.3712622821331024,-0.2296789288520813,0.2356371283531189,0.04333416000008583,0.049245432019233704,0.1258499026298523,0.028030529618263245,0.11513546109199524,0.21292567253112793,0.18984167277812958,,,
2439.0,2440.0,True,otro,closeup,0.3110778033733368,-0.6112234592437744,0.2071029096841812,0.024501502513885498,0.06125839799642563,0.07483822107315063,0.016692008823156357,0.07536773383617401,0.33028140664100647,0.20995785295963287,,,
2440.0,2441.0,True,otro,closeup,0.8071533441543579,0.32385382056236267,0.11822892725467682,0.25647252798080444,0.0159912146627903,0.18397055566310883,0.02072281762957573,0.07117171585559845,0.18348415195941925,0.1499580591917038,,,
2441.0,2442.0,True,otro,closeup,0.6466467976570129,-0.2641540765762329,0.25223249197006226,0.09007479250431061,0.03944503515958786,0.10731101036071777,0.01749236322939396,0.08472338318824768,0.18405228853225708,0.22466865181922913,,,
2442.0,2443.0,True,otro,closeup,0.6680889129638672,-0.012780934572219849,0.21642149984836578,0.08395091444253922,0.029244985431432724,0.14738312363624573,0.02485610730946064,0.110824815928936,0.1601323038339615,0.2271862030029297,,,
2443.0,2444.0,True,otro,closeup,0.45010799169540405,-0.3492930233478546,0.2527149021625519,0.03040749579668045,0.042019568383693695,0.12982583045959473,0.02702420763671398,0.11521342396736145,0.20953556895256042,0.19325903058052063,,,
2444.0,2445.0,True,otro,closeup,0.6681913733482361,-0.21595513820648193,0.19656944274902344,0.08084993064403534,0.03241773694753647,0.12762214243412018,0.023554915562272072,0.09624625742435455,0.21364960074424744,0.22908997535705566,,,
2445.0,2446.0,True,otro,closeup,0.34189891815185547,-0.6095069646835327,0.2987554371356964,0.02354247309267521,0.052417587488889694,0.058512184768915176,0.01477025542408228,0.10777845978736877,0.19062140583992004,0.25360217690467834,,,
2446.0,2447.0,True,otro,closeup,0.877038300037384,0.462780624628067,0.07109377533197403,0.4094462990760803,0.008116056211292744,0.19733063876628876,0.020763752982020378,0.058732226490974426,0.13091495633125305,0.10360237210988998,,,
2447.0,2448.0,True,otro,closeup,0.8927428722381592,0.38673508167266846,0.0798836201429367,0.4147864580154419,0.009136914275586605,0.18698331713676453,0.019487695768475533,0.05644197389483452,0.12513186037540436,0.10814811289310455,,,
2448.0,2449.0,True,otro,closeup,0.319401353597641,-0.5031023025512695,0.2718461751937866,0.03449978306889534,0.056017473340034485,0.08041031658649445,0.02154206670820713,0.09820690006017685,0.24982529878616333,0.18765196204185486,,,
2449.0,2450.0,True,otro,closeup,0.4992194175720215,-0.199557363986969,0.23979651927947998,0.02963389828801155,0.048650432378053665,0.15686021745204926,0.03186210244894028,0.07846284657716751,0.22548678517341614,0.1892472505569458,,,
2450.0,2451.0,True,otro,closeup,0.6369342803955078,-0.5260024666786194,0.25974687933921814,0.05378942936658859,0.05509631335735321,0.056578025221824646,0.011628770269453526,0.08262091130018234,0.1738259345293045,0.3067137598991394,,,
2451.0,2452.0,True,otro,closeup,0.38580644130706787,-0.40538930892944336,0.261595219373703,0.034593112766742706,0.04749029874801636,0.0502496175467968,0.01242130622267723,0.10797496140003204,0.172337606549263,0.31333792209625244,,,
2452.0,2453.0,True,presidenta,closeup,0.5747330784797668,-0.08683830499649048,0.24509601294994354,0.017998287454247475,0.036686453968286514,0.08674756437540054,0.025103261694312096,0.03527909889817238,0.27457594871520996,0.27851343154907227,,,
2453.0,2454.0,True,presidenta,closeup,0.01224362850189209,0.3518376350402832,0.2111477255821228,0.005927546881139278,0.03336944803595543,0.07286471873521805,0.025993652641773224,0.049817461520433426,0.18774853646755219,0.41313090920448303,,,
2454.0,2455.0,True,presidenta,closeup,0.3389047682285309,0.4290553033351898,0.18332485854625702,0.014883645810186863,0.029696209356188774,0.11312729120254517,0.03910293057560921,0.041620440781116486,0.22293226420879364,0.35531237721443176,,,
2455.0,2456.0,True,presidenta,closeup,0.746371865272522,0.0755799412727356,0.3796751797199249,0.01851378194987774,0.030623510479927063,0.04928416758775711,0.017127079889178276,0.018238821998238564,0.10674816370010376,0.379789263010025,,,
2456.0,2457.0,True,presidenta,closeup,0.6741842031478882,0.05615803599357605,0.2762759327888489,0.029949551448225975,0.039264872670173645,0.0586002841591835,0.017890917137265205,0.023796049878001213,0.15800067782402039,0.39622166752815247,,,
2457.0,2458.0,True,presidenta,closeup,0.1958688497543335,0.2144903838634491,0.20406268537044525,0.005272513255476952,0.03329208493232727,0.09580735117197037,0.02010401338338852,0.03170309588313103,0.19303672015666962,0.4167215824127197,,,
2458.0,2459.0,True,presidenta,closeup,0.44311898946762085,0.6084771156311035,0.24137908220291138,0.022659199312329292,0.012761635705828667,0.07931606471538544,0.020779946818947792,0.04002957046031952,0.12972408533096313,0.45335039496421814,,,
2459.0,2460.0,True,presidenta,closeup,0.731141209602356,-0.02756369113922119,0.4090859293937683,0.02279907837510109,0.036757487803697586,0.03387640044093132,0.019393812865018845,0.01914721354842186,0.07087104767560959,0.3880690336227417,,,
2460.0,2461.0,True,presidenta,closeup,0.3843802809715271,0.3639887571334839,0.2928232252597809,0.01084618829190731,0.02275167778134346,0.052727390080690384,0.015648240223526955,0.03517550230026245,0.12275002896785736,0.4472777843475342,,,
2461.0,2462.0,True,presidenta,closeup,0.27935564517974854,0.35259297490119934,0.27134016156196594,0.00689683947712183,0.01930972933769226,0.036727216094732285,0.01623075269162655,0.030546674504876137,0.09323795884847641,0.5257107019424438,,,
2462.0,2463.0,True,presidenta,closeup,0.6868922114372253,0.13354402780532837,0.38154423236846924,0.025471976026892662,0.0230137687176466,0.04473674297332764,0.012951715849339962,0.024336332455277443,0.08170481026172638,0.40624043345451355,,,
2463.0,2464.0,True,presidenta,closeup,0.660129725933075,0.12416636943817139,0.37722375988960266,0.02016732655465603,0.01555793546140194,0.03289670869708061,0.00900441873818636,0.014184263534843922,0.07149773836135864,0.4594678282737732,,,
2464.0,2465.0,True,presidenta,closeup,0.5469111204147339,0.3112350404262543,0.3325609862804413,0.019043084233999252,0.019592171534895897,0.07651244848966599,0.02015012688934803,0.02810594066977501,0.13116484880447388,0.37287038564682007,,,
2465.0,2466.0,True,presidenta,closeup,0.6218820214271545,0.4443996548652649,0.2974110543727875,0.015825282782316208,0.018487898632884026,0.10147787630558014,0.02415158785879612,0.023572396486997604,0.14902561902999878,0.37004831433296204,,,
2466.0,2467.0,True,presidenta,closeup,0.7984628081321716,0.3735698163509369,0.2805747389793396,0.051414694637060165,0.021060066297650337,0.12221461534500122,0.021832099184393883,0.03138688951730728,0.13366903364658356,0.33784788846969604,,,
2467.0,2468.0,True,presidenta,closeup,0.6388407945632935,0.13742280006408691,0.367404580116272,0.02319224551320076,0.026182493194937706,0.06226040795445442,0.01848447322845459,0.027341216802597046,0.10720928758382797,0.3679252862930298,,,
2468.0,2469.0,True,presidenta,closeup,0.7080020308494568,0.2536047697067261,0.35120832920074463,0.03357550501823425,0.014632856473326683,0.09625805914402008,0.0159313902258873,0.02290763147175312,0.10554584115743637,0.35994043946266174,,,
2469.0,2470.0,True,presidenta,closeup,0.6647241115570068,0.1995815634727478,0.391054630279541,0.026467205956578255,0.020365096628665924,0.04392296075820923,0.01390935480594635,0.02926904894411564,0.0898348018527031,0.38517698645591736,,,
2470.0,2471.0,True,presidenta,closeup,0.5636175870895386,-0.0973961353302002,0.4585004150867462,0.007715093437582254,0.02732529118657112,0.035730037838220596,0.011715956963598728,0.014722239226102829,0.09457956254482269,0.3497113585472107,,,
2471.0,2472.0,True,presidenta,closeup,0.5284259915351868,-0.07335293292999268,0.4189460277557373,0.00937130767852068,0.02877706289291382,0.03372831270098686,0.011796826496720314,0.016687221825122833,0.07969505339860916,0.40099820494651794,,,
2472.0,2473.0,True,presidenta,closeup,0.12727338075637817,0.6429033875465393,0.22199919819831848,0.011463022790849209,0.01637190207839012,0.1182597428560257,0.0300605446100235,0.05075564607977867,0.16007670760154724,0.3910132348537445,,,
2473.0,2474.0,True,presidenta,closeup,0.3782157599925995,0.18539214134216309,0.34316912293434143,0.011241569183766842,0.021193278953433037,0.07435863465070724,0.01920986920595169,0.03577366843819618,0.12040935456752777,0.3746444880962372,,,
2474.0,2475.0,True,presidenta,closeup,0.4974779486656189,0.3069857060909271,0.30834683775901794,0.029822153970599174,0.015316303819417953,0.07572588324546814,0.01612255722284317,0.048585787415504456,0.13471806049346924,0.3713623881340027,,,
2475.0,2476.0,True,presidenta,closeup,0.7821970582008362,0.013757318258285522,0.3401302695274353,0.030998416244983673,0.03210996091365814,0.0691191777586937,0.021522633731365204,0.033092956990003586,0.11790323257446289,0.3551233410835266,,,
2476.0,2477.0,True,presidenta,closeup,0.6969219446182251,-0.04953804612159729,0.34578630328178406,0.019586848095059395,0.03329591080546379,0.04429991543292999,0.013998128473758698,0.02580111473798752,0.09817387163639069,0.4190579354763031,,,
2477.0,2478.0,True,presidenta,closeup,0.5040674209594727,0.4152775704860687,0.23354609310626984,0.02012518420815468,0.016540005803108215,0.0547863245010376,0.011615454219281673,0.03814731538295746,0.11358265578746796,0.5116569995880127,,,
2478.0,2479.0,True,presidenta,closeup,0.5961538553237915,0.19097086787223816,0.3503732979297638,0.018372152000665665,0.019382739439606667,0.07175811380147934,0.01883014291524887,0.03539422154426575,0.1220536157488823,0.36383578181266785,,,
2479.0,2480.0,True,presidenta,closeup,0.5118576884269714,0.1994180977344513,0.2882142663002014,0.023954471573233604,0.021883539855480194,0.06525024026632309,0.02022406831383705,0.04879105091094971,0.13344909250736237,0.3982333242893219,,,
2480.0,2481.0,True,presidenta,closeup,0.5114377737045288,-0.6625097990036011,0.39494869112968445,0.005976174492388964,0.05283472687005997,0.030806703492999077,0.008776916190981865,0.013945415616035461,0.15933966636657715,0.3333717882633209,,,
2481.0,2482.0,True,presidenta,closeup,-0.11693105101585388,-0.7010416984558105,0.4087378680706024,0.0029294367413967848,0.07168221473693848,0.014823274686932564,0.008250934071838856,0.01756349951028824,0.18032975494861603,0.2956830561161041,,,
2482.0,2483.0,True,presidenta,closeup,0.7437522411346436,-0.13674601912498474,0.28125831484794617,0.04770980775356293,0.029141761362552643,0.07573362439870834,0.0184310469776392,0.029644832015037537,0.1587037593126297,0.3593768775463104,,,
2483.0,2484.0,True,presidenta,closeup,0.4683730900287628,-0.2761859595775604,0.2969209551811218,0.013489006087183952,0.028723984956741333,0.04826461151242256,0.010199617594480515,0.023154014721512794,0.1750975102186203,0.4041503369808197,,,
2484.0,2485.0,True,presidenta,closeup,0.6689763069152832,-0.2574772238731384,0.26938483119010925,0.051746852695941925,0.04065736010670662,0.05044342577457428,0.013827964663505554,0.02686179429292679,0.17338091135025024,0.37369686365127563,,,
2485.0,2486.0,True,presidenta,closeup,0.23774531483650208,-0.21840497851371765,0.22946494817733765,0.017432158812880516,0.08824070543050766,0.030521472916007042,0.017780926078557968,0.035480402410030365,0.23818132281303406,0.34289804100990295,,,
2486.0,2487.0,True,presidenta,closeup,0.6609885096549988,0.07386744022369385,0.3121547996997833,0.026121050119400024,0.02302398532629013,0.06197920814156532,0.01816529780626297,0.03623805195093155,0.10267867892980576,0.4196389615535736,,,
2487.0,2488.0,True,presidenta,closeup,0.5712279081344604,0.11073622107505798,0.3712349832057953,0.011180206201970577,0.0302265714854002,0.06053151190280914,0.016325104981660843,0.016430689021945,0.1115240752696991,0.38254687190055847,,,
2488.0,2489.0,True,presidenta,closeup,0.42609119415283203,0.2137150764465332,0.3476816415786743,0.00969876628369093,0.019756633788347244,0.08826461434364319,0.01653977856040001,0.025220561772584915,0.12890107929706573,0.3639369308948517,,,
2489.0,2490.0,True,presidenta,closeup,0.5297125577926636,0.3414398729801178,0.3409641981124878,0.01771572045981884,0.02006393112242222,0.06871981173753738,0.014913405291736126,0.030502289533615112,0.11949717998504639,0.3876234292984009,,,
2490.0,2491.0,True,presidenta,closeup,0.4405724108219147,0.3609828054904938,0.31367266178131104,0.016386603936553,0.017527101561427116,0.09758831560611725,0.01564599946141243,0.03371446207165718,0.14140519499778748,0.3640596270561218,,,
2491.0,2492.0,True,presidenta,closeup,0.14022937417030334,0.3857955038547516,0.23471255600452423,0.008778231218457222,0.020718909800052643,0.10230634361505508,0.03312588855624199,0.06038762629032135,0.1614868938922882,0.37848347425460815,,,
2492.0,2493.0,True,presidenta,closeup,0.7399275302886963,0.3006443977355957,0.3189243972301483,0.06875807791948318,0.015501721762120724,0.07944229990243912,0.017783965915441513,0.05007860064506531,0.10877048224210739,0.3407404124736786,,,
2493.0,2494.0,True,presidenta,closeup,0.461053729057312,-0.48833683133125305,0.294331431388855,0.013279271312057972,0.11105784773826599,0.034814976155757904,0.020472150295972824,0.017188865691423416,0.1892060488462448,0.31964945793151855,,,
2494.0,2495.0,True,presidenta,closeup,-0.29448023438453674,0.48930346965789795,0.15665104985237122,0.004400067031383514,0.09005764871835709,0.04162795841693878,0.029370546340942383,0.04900950938463211,0.218930184841156,0.4099530279636383,,,
2495.0,2496.0,True,presidenta,closeup,0.7905594110488892,-0.29663920402526855,0.3765397369861603,0.031761739403009415,0.04796099290251732,0.05298393592238426,0.016798730939626694,0.017283707857131958,0.14766672253608704,0.30900439620018005,,,
2496.0,2497.0,True,presidenta,closeup,0.7129345536231995,0.18037953972816467,0.4013992249965668,0.013030611909925938,0.021781954914331436,0.04925238713622093,0.015361192636191845,0.017562182620167732,0.10383456945419312,0.37777793407440186,,,
2497.0,2498.0,True,presidenta,closeup,0.18120330572128296,0.22930938005447388,0.36285534501075745,0.005460087675601244,0.02244100160896778,0.06105608493089676,0.015255916863679886,0.02670876309275627,0.1747959703207016,0.33142685890197754,,,
2498.0,2499.0,True,presidenta,closeup,0.6356328725814819,-0.3203931152820587,0.31146904826164246,0.02613540180027485,0.03661170229315758,0.08873210847377777,0.025959083810448647,0.026202373206615448,0.18630461394786835,0.2985856831073761,,,
2499.0,2500.0,True,presidenta,closeup,0.5624141693115234,0.32160186767578125,0.36817440390586853,0.013027266599237919,0.022085513919591904,0.08914732933044434,0.018266532570123672,0.0244882944971323,0.14193657040596008,0.3228740990161896,,,
2500.0,2501.0,True,presidenta,closeup,0.5921090841293335,0.17885836958885193,0.39142459630966187,0.014930546283721924,0.01950351893901825,0.04326949641108513,0.011714393272995949,0.02376260980963707,0.10205819457769394,0.3933367431163788,,,
2501.0,2502.0,True,presidenta,closeup,0.749840259552002,0.23749452829360962,0.3781416416168213,0.0628456398844719,0.013686354272067547,0.054034434258937836,0.014780239202082157,0.02290840819478035,0.06900940090417862,0.3845938742160797,,,
2502.0,2503.0,True,presidenta,closeup,0.557244062423706,0.39888742566108704,0.3623776137828827,0.014783389866352081,0.017917944118380547,0.0665794312953949,0.01644558273255825,0.019571833312511444,0.11263962090015411,0.38968461751937866,,,
2503.0,2504.0,True,presidenta,closeup,0.8563385009765625,0.6666919589042664,0.23005050420761108,0.11840923130512238,0.00985171552747488,0.14369815587997437,0.022778499871492386,0.025167997926473618,0.10771263390779495,0.34233126044273376,,,
2504.0,2505.0,True,presidenta,closeup,0.7014135718345642,0.3524497449398041,0.2244568020105362,0.025618776679039,0.013740959577262402,0.09013526886701584,0.015421908348798752,0.02919679880142212,0.12596704065799713,0.475462406873703,,,
2505.0,2506.0,True,presidenta,closeup,0.6628251671791077,0.07740101218223572,0.3276076912879944,0.01357357483357191,0.020876994356513023,0.06337521970272064,0.020972242578864098,0.019900355488061905,0.07503948360681534,0.4586544334888458,,,
2506.0,2507.0,True,presidenta,closeup,0.9219303727149963,0.15100806951522827,0.3809932768344879,0.13207560777664185,0.01633816957473755,0.06066000089049339,0.015416637994349003,0.014898490160703659,0.06322460621595383,0.31639328598976135,,,
2507.0,2508.0,True,presidenta,closeup,0.47457754611968994,0.26643165946006775,0.24550342559814453,0.0178359542042017,0.026390166953206062,0.060418952256441116,0.026502778753638268,0.026705598458647728,0.13192787766456604,0.46471527218818665,,,
2508.0,2509.0,True,presidenta,closeup,0.5735063552856445,0.42929694056510925,0.3147423267364502,0.023507343605160713,0.015858525410294533,0.08850410580635071,0.024540236219763756,0.025709522888064384,0.10761816054582596,0.3995198607444763,,,
2509.0,2510.0,True,presidenta,closeup,0.8621833324432373,0.20971426367759705,0.24312077462673187,0.07671555876731873,0.01816287450492382,0.11706268042325974,0.025344880297780037,0.02578931301832199,0.10177678614854813,0.3920271098613739,,,
2510.0,2511.0,True,presidenta,closeup,0.4080567955970764,0.5444753766059875,0.2494620978832245,0.015171170234680176,0.01834387704730034,0.09083446115255356,0.027941802516579628,0.05257967859506607,0.1698504090309143,0.3758164644241333,,,
2511.0,2512.0,True,presidenta,closeup,0.7704800963401794,0.5464985966682434,0.3471018075942993,0.05950877070426941,0.009241018444299698,0.1461203396320343,0.01988048665225506,0.015402291901409626,0.12286403030157089,0.27988120913505554,,,
2512.0,2513.0,True,presidenta,closeup,0.6912042498588562,0.23799410462379456,0.3534036874771118,0.015751464292407036,0.025483164936304092,0.07702966779470444,0.02338670752942562,0.021655207499861717,0.11664646863937378,0.36664363741874695,,,
2513.0,2514.0,True,presidenta,closeup,0.38102462887763977,0.33749309182167053,0.39637598395347595,0.008113011717796326,0.03134011849761009,0.07024230062961578,0.02202174812555313,0.025550391525030136,0.10864473134279251,0.33771172165870667,,,
2514.0,2515.0,True,presidenta,closeup,0.6541085839271545,0.01031482219696045,0.10571988672018051,0.020678291097283363,0.01616794802248478,0.25429651141166687,0.01890646480023861,0.031153034418821335,0.2710196375846863,0.2820582091808319,,,
2515.0,2516.0,True,presidenta,closeup,0.4368816912174225,0.6130367517471313,0.08658531308174133,0.01746475324034691,0.023912787437438965,0.23725157976150513,0.039308253675699234,0.04152679815888405,0.27385756373405457,0.28009292483329773,,,
2516.0,2517.0,True,presidenta,closeup,0.15493440628051758,0.09286516904830933,0.18608102202415466,0.007308571599423885,0.03953397646546364,0.06590237468481064,0.026906520128250122,0.056137315928936005,0.24270443618297577,0.3754257559776306,,,
2517.0,2518.0,True,presidenta,closeup,0.051709264516830444,0.39245477318763733,0.1718655228614807,0.006984281819313765,0.030818035826086998,0.11466862261295319,0.03886460140347481,0.050906673073768616,0.225027933716774,0.3608643412590027,,,
2518.0,2519.0,True,presidenta,closeup,0.5880812406539917,0.4318867325782776,0.2266189306974411,0.035460639744997025,0.02019568532705307,0.11364863812923431,0.021733321249485016,0.031980570405721664,0.1641974300146103,0.3861647844314575,,,
2519.0,2520.0,True,presidenta,closeup,0.2053183615207672,0.33205264806747437,0.24229741096496582,0.005278230644762516,0.031263332813978195,0.049188654869794846,0.0185120590031147,0.0319913811981678,0.19218699634075165,0.42928194999694824,,,
2520.0,2521.0,True,presidenta,closeup,0.75552898645401,0.2189033031463623,0.29729172587394714,0.04949327930808067,0.019076744094491005,0.057899244129657745,0.015306186862289906,0.04074909910559654,0.10102161765098572,0.4191620647907257,,,
2521.0,2522.0,True,presidenta,closeup,0.9054284691810608,0.4820350408554077,0.3143623471260071,0.18541544675827026,0.01221497356891632,0.06963451206684113,0.011496697552502155,0.01777922548353672,0.07112918049097061,0.31796759366989136,,,
2522.0,2523.0,True,presidenta,closeup,0.6067292094230652,0.2843257486820221,0.29667341709136963,0.019146790727972984,0.018167644739151,0.07760103791952133,0.0190269835293293,0.03535715863108635,0.11051109433174133,0.42351579666137695,,,
2523.0,2524.0,True,presidenta,closeup,0.9345122575759888,-0.12857356667518616,0.38200274109840393,0.11381129175424576,0.01820879802107811,0.061887770891189575,0.01547242421656847,0.012497381307184696,0.058344610035419464,0.33777499198913574,,,
2524.0,2525.0,True,presidenta,closeup,0.7880831956863403,0.35045745968818665,0.4069340229034424,0.04329084977507591,0.01351840142160654,0.04172437638044357,0.01040096115320921,0.020250972360372543,0.06960409879684448,0.39427629113197327,,,
2525.0,2526.0,True,presidenta,closeup,0.7712398767471313,0.4286290407180786,0.429079532623291,0.04924962669610977,0.013128780759871006,0.05732616409659386,0.013089549727737904,0.021952670067548752,0.07087443023920059,0.34529930353164673,,,
2526.0,2527.0,True,presidenta,closeup,0.9470437169075012,0.5801156759262085,0.15797920525074005,0.33528536558151245,0.00699752988293767,0.11971721053123474,0.01221590768545866,0.020399143919348717,0.09166541695594788,0.2557402551174164,,,
2527.0,2528.0,True,presidenta,closeup,0.8616025447845459,0.032869160175323486,0.39476194977760315,0.07499103993177414,0.0208254586905241,0.0597042478621006,0.011745477095246315,0.02095780149102211,0.0796951875090599,0.33731886744499207,,,
2528.0,2529.0,True,presidenta,closeup,0.6984529495239258,0.3776222765445709,0.3185117840766907,0.028410546481609344,0.016696132719516754,0.09147220104932785,0.016409575939178467,0.03185250237584114,0.1124684289097786,0.3841788172721863,,,
2529.0,2530.0,True,presidenta,closeup,0.23188549280166626,-0.2828107178211212,0.4039674401283264,0.0050854613073170185,0.04975185915827751,0.02263421192765236,0.01431760098785162,0.019285142421722412,0.08068522065877914,0.40427306294441223,,,
2530.0,2531.0,True,presidenta,closeup,0.3082488477230072,-0.11062273383140564,0.3899058699607849,0.006959452293813229,0.02819780446588993,0.033065736293792725,0.011933410540223122,0.020585859194397926,0.0915522426366806,0.41779959201812744,,,
2531.0,2532.0,True,presidenta,closeup,0.461496502161026,-0.7248069047927856,0.3479074537754059,0.008611348457634449,0.0869593620300293,0.03142990171909332,0.013701760210096836,0.013499565422534943,0.15168744325637817,0.3462032377719879,,,
2532.0,2533.0,True,presidenta,closeup,0.8724263906478882,0.06511613726615906,0.33440110087394714,0.07613125443458557,0.02077196165919304,0.07558160275220871,0.01869124360382557,0.019906092435121536,0.08776594698429108,0.3667508065700531,,,
2533.0,2534.0,True,presidenta,closeup,0.7459360361099243,0.3776003420352936,0.2467440813779831,0.052381809800863266,0.017240507528185844,0.10267534852027893,0.018831947818398476,0.03137226030230522,0.10430139303207397,0.42645263671875,,,
2534.0,2535.0,True,presidenta,closeup,0.22170138359069824,0.18200081586837769,0.2839946746826172,0.014198853634297848,0.08957595378160477,0.04457470402121544,0.039132799953222275,0.034637466073036194,0.1422615945339203,0.3516240119934082,,,
2535.0,2536.0,True,presidenta,closeup,0.7796535491943359,0.22197234630584717,0.2962922155857086,0.05140712484717369,0.020532801747322083,0.08561630547046661,0.025055939331650734,0.03226523846387863,0.11571763455867767,0.3731127679347992,,,
2536.0,2537.0,True,presidenta,closeup,-0.01881900429725647,0.7650086879730225,0.15310508012771606,0.006147966254502535,0.02321925014257431,0.12503665685653687,0.04983775317668915,0.04518510773777962,0.25847288966178894,0.3389952778816223,,,
2537.0,2538.0,True,presidenta,closeup,0.5471230149269104,0.2966357171535492,0.26247304677963257,0.018300196155905724,0.022247379645705223,0.07480038702487946,0.026314325630664825,0.028583070263266563,0.12040591239929199,0.4468757212162018,,,
2538.0,2539.0,True,presidenta,closeup,0.6351602077484131,0.27412712574005127,0.36537691950798035,0.024590488523244858,0.01930699311196804,0.07567006349563599,0.01747594028711319,0.022851284593343735,0.09890956431627274,0.37581866979599,,,
2539.0,2540.0,True,presidenta,closeup,0.24491417407989502,0.24022242426872253,0.2370154708623886,0.025990935042500496,0.1274283528327942,0.055291157215833664,0.03399929031729698,0.027537669986486435,0.1519668996334076,0.3407702147960663,,,
2540.0,2541.0,True,presidenta,closeup,0.5824095606803894,0.17520222067832947,0.33753111958503723,0.020029587671160698,0.025373542681336403,0.06611976772546768,0.02025865577161312,0.027957545593380928,0.1222832202911377,0.38044658303260803,,,
2541.0,2542.0,True,presidenta,closeup,0.37808990478515625,0.3780641257762909,0.2409752905368805,0.019991686567664146,0.025657571852207184,0.09721474349498749,0.02848532237112522,0.02837294712662697,0.18582332134246826,0.37347909808158875,,,
2542.0,2543.0,True,presidenta,closeup,-0.3750256299972534,0.7253592610359192,0.17409147322177887,0.004056140780448914,0.017142469063401222,0.11543960869312286,0.04243700951337814,0.05700647830963135,0.2091723084449768,0.38065457344055176,,,
2543.0,2544.0,True,presidenta,closeup,-0.239640474319458,0.8083701729774475,0.11995981633663177,0.006043987348675728,0.011469287797808647,0.11926239728927612,0.0403008796274662,0.07185178250074387,0.2308749407529831,0.40023690462112427,,,
2544.0,2545.0,True,presidenta,closeup,0.7946500778198242,0.25280553102493286,0.34652772545814514,0.053099751472473145,0.025787560269236565,0.07338548451662064,0.028449635952711105,0.01955704763531685,0.09948857128620148,0.3537042438983917,,,
2545.0,2546.0,True,presidenta,closeup,0.37814420461654663,-0.4926666021347046,0.3034617304801941,0.009256581775844097,0.05079115927219391,0.051664311438798904,0.01946297101676464,0.019809355959296227,0.18751053512096405,0.358043372631073,,,
2546.0,2547.0,True,presidenta,closeup,0.8102006316184998,0.4209149479866028,0.28436964750289917,0.05057608708739281,0.01445351168513298,0.1611749827861786,0.03248995915055275,0.02066729962825775,0.1064455658197403,0.32982298731803894,,,
2547.0,2548.0,True,presidenta,closeup,0.4460713863372803,0.56200110912323,0.20376978814601898,0.02996910735964775,0.01264865044504404,0.16056735813617706,0.027400681748986244,0.04795489087700844,0.16660669445991516,0.35108280181884766,,,
2548.0,2549.0,True,presidenta,closeup,0.5553467869758606,0.3752059042453766,0.3347269594669342,0.03317023813724518,0.012833862565457821,0.07120159268379211,0.013668924570083618,0.03369273617863655,0.09805609285831451,0.4026496112346649,,,
2549.0,2550.0,True,presidenta,closeup,0.5311534404754639,0.3565831482410431,0.35861900448799133,0.01593039371073246,0.015898922458291054,0.06060457602143288,0.010578030720353127,0.02586457133293152,0.09081760793924332,0.42168691754341125,,,
2550.0,2551.0,True,presidenta,closeup,0.6423654556274414,0.47846731543540955,0.27672478556632996,0.03989013284444809,0.0140835577622056,0.09281918406486511,0.019999539479613304,0.03396850824356079,0.1166735365986824,0.40584075450897217,,,
2551.0,2552.0,True,presidenta,closeup,0.17875146865844727,0.12993374466896057,0.2976250648498535,0.009045911021530628,0.0435442216694355,0.056548114866018295,0.028765756636857986,0.030304446816444397,0.12755703926086426,0.4066093862056732,,,
2552.0,2553.0,True,presidenta,closeup,0.7849782705307007,-0.6400139331817627,0.3687717914581299,0.06728680431842804,0.03142962232232094,0.04351162165403366,0.009606743231415749,0.015998922288417816,0.17181992530822754,0.29157450795173645,,,
2553.0,2554.0,True,presidenta,closeup,0.8888545036315918,0.06659913063049316,0.24481934309005737,0.11099983751773834,0.02029084600508213,0.11393721401691437,0.022309161722660065,0.020347291603684425,0.13490763306617737,0.33238860964775085,,,
2554.0,2555.0,True,presidenta,closeup,0.606056809425354,0.1629568636417389,0.1784570813179016,0.01372754480689764,0.023276112973690033,0.09049946069717407,0.02549835667014122,0.04077916964888573,0.1800260990858078,0.4477362036705017,,,
2555.0,2556.0,False,,wide,,,,,,,,,,,,,
2556.0,2557.0,False,,wide,,,,,,,,,,,,,
2557.0,2558.0,False,,wide,,,,,,,,,,,,,
2558.0,2559.0,False,,wide,,,,,,,,,,,,,
2559.0,2560.0,False,,wide,,,,,,,,,,,,,
2560.0,2561.0,True,otro,closeup,-0.34762775897979736,0.7143065929412842,0.08628685772418976,0.009525950998067856,0.007003444246947765,0.08987203985452652,0.008728987537324429,0.17259538173675537,0.32307422161102295,0.3029131591320038,,,
2561.0,2562.0,True,otro,closeup,-0.06768545508384705,0.8407478332519531,0.10377110540866852,0.014246629551053047,0.005589616019278765,0.1420479714870453,0.01110062561929226,0.13695266842842102,0.31039032340049744,0.27590104937553406,,,
2562.0,2563.0,True,otro,closeup,0.16120994091033936,0.8239004015922546,0.09952884912490845,0.024582145735621452,0.006302498281002045,0.17280161380767822,0.01637793332338333,0.1432599127292633,0.30716800689697266,0.2299790233373642,,,
2563.0,2564.0,True,otro,closeup,0.022211313247680664,0.6024048328399658,0.12517671287059784,0.013088546693325043,0.012363510206341743,0.08606676012277603,0.013369269669055939,0.14879655838012695,0.25149092078208923,0.34964776039123535,,,
2564.0,2565.0,True,otro,closeup,0.005670279264450073,0.6291630864143372,0.10572277754545212,0.015549082309007645,0.006651550997048616,0.12994961440563202,0.010830617509782314,0.12025562673807144,0.28345707058906555,0.3275837004184723,,,
2565.0,2566.0,True,otro,closeup,-0.07281222939491272,0.6341415047645569,0.15725572407245636,0.009818103164434433,0.011349503882229328,0.10634637624025345,0.011970671825110912,0.10778974741697311,0.2445264458656311,0.350943386554718,,,
2566.0,2567.0,True,otro,closeup,-0.3430357575416565,0.755813479423523,0.11965049058198929,0.004110910929739475,0.00608760816976428,0.10863010585308075,0.015382153913378716,0.14258283376693726,0.2962716817855835,0.3072842061519623,,,
2567.0,2568.0,True,otro,closeup,0.015326261520385742,0.62470942735672,0.12109856307506561,0.013375521637499332,0.008806290104985237,0.10768038034439087,0.010654711164534092,0.12466185539960861,0.27745869755744934,0.3362639844417572,,,
2568.0,2569.0,True,otro,closeup,-0.18403711915016174,0.7438863515853882,0.10667450726032257,0.006547818426042795,0.007854265160858631,0.11138676851987839,0.014194621704518795,0.13054077327251434,0.2591573894023895,0.3636438548564911,,,
2569.0,2570.0,True,otro,closeup,-0.16998985409736633,0.5910817384719849,0.13571523129940033,0.008159315213561058,0.010960899293422699,0.1220012679696083,0.012347451411187649,0.12209169566631317,0.271790087223053,0.3169340491294861,,,
2570.0,2571.0,True,otro,closeup,-0.21011635661125183,0.858138918876648,0.07217493653297424,0.012630164623260498,0.006689437665045261,0.17613543570041656,0.01808018982410431,0.17318986356258392,0.2865489721298218,0.254550963640213,,,
2571.0,2572.0,True,otro,closeup,-0.2421160340309143,0.702212393283844,0.11924378573894501,0.007089105900377035,0.012183181941509247,0.11290055513381958,0.01487202849239111,0.1581360548734665,0.2640412449836731,0.3115340769290924,,,
2572.0,2573.0,True,otro,closeup,-0.10346686840057373,0.763888955116272,0.1423678696155548,0.012423782609403133,0.011236816644668579,0.10235634446144104,0.01854148879647255,0.10630502551794052,0.2601252496242523,0.3466433584690094,,,
2573.0,2574.0,True,otro,closeup,-0.20402544736862183,0.7157857418060303,0.09943559020757675,0.007732173427939415,0.010887435637414455,0.08244608342647552,0.014297785237431526,0.17787188291549683,0.29772230982780457,0.3096067011356354,,,
2574.0,2575.0,True,otro,closeup,-0.2637445628643036,0.7822095155715942,0.10389882326126099,0.006895268335938454,0.008007156662642956,0.1149490475654602,0.013542681001126766,0.131379634141922,0.27394139766693115,0.3473859429359436,,,
2575.0,2576.0,True,otro,closeup,-0.27037951350212097,0.7119468450546265,0.14002016186714172,0.006224130280315876,0.011721274815499783,0.08875405788421631,0.01383392047137022,0.09998957812786102,0.2816249132156372,0.35783204436302185,,,
2576.0,2577.0,True,otro,closeup,-0.4256177246570587,0.8483054041862488,0.1024731919169426,0.005425490904599428,0.006745744030922651,0.12353520095348358,0.015388761647045612,0.17042233049869537,0.3003596365451813,0.27564969658851624,,,
2577.0,2578.0,True,otro,closeup,-0.11564213037490845,0.6903762817382812,0.1573440432548523,0.00725571857765317,0.013934227637946606,0.10695145279169083,0.015381273813545704,0.12536750733852386,0.24497614800930023,0.328789621591568,,,
2578.0,2579.0,True,otro,closeup,-0.36230790615081787,0.7895326018333435,0.11576077342033386,0.005162878427654505,0.00956892129033804,0.12259817868471146,0.01643461361527443,0.13675551116466522,0.2901175320148468,0.30360159277915955,,,
2579.0,2580.0,True,otro,closeup,-0.12218490242958069,0.6483656764030457,0.17223860323429108,0.007954545319080353,0.014209462329745293,0.0812268778681755,0.015209928154945374,0.1132730022072792,0.23707711696624756,0.3588104248046875,,,
2580.0,2581.0,True,otro,closeup,-0.354037880897522,0.8129629492759705,0.10952441394329071,0.005472440272569656,0.01193990372121334,0.0830945074558258,0.01445306558161974,0.17413578927516937,0.27185189723968506,0.32952797412872314,,,
2581.0,2582.0,True,otro,closeup,-0.014148980379104614,0.8486040234565735,0.08406178653240204,0.011825552210211754,0.0074001215398311615,0.16727377474308014,0.01807509735226631,0.13457313179969788,0.2930152118206024,0.28377532958984375,,,
2582.0,2583.0,True,otro,closeup,0.1378099024295807,0.7449931502342224,0.10696786642074585,0.01544324029237032,0.012394439429044724,0.17789873480796814,0.017256740480661392,0.13327622413635254,0.28718891739845276,0.24957378208637238,,,
2583.0,2584.0,True,otro,closeup,-0.08010217547416687,0.5412390232086182,0.15110905468463898,0.009368371218442917,0.01571039855480194,0.1064310073852539,0.01075383648276329,0.11645698547363281,0.2721003592014313,0.3180699050426483,,,
2584.0,2585.0,True,otro,closeup,-0.39113378524780273,0.7186655402183533,0.08843424916267395,0.004198818001896143,0.010400126688182354,0.1153930276632309,0.01624615490436554,0.15563973784446716,0.3035421073436737,0.3061458170413971,,,
2585.0,2586.0,True,otro,closeup,-0.254194051027298,0.7469295263290405,0.1010352149605751,0.007306511513888836,0.01155021507292986,0.1379191130399704,0.014346939511597157,0.1331278532743454,0.3024471700191498,0.29226699471473694,,,
2586.0,2587.0,True,otro,closeup,-0.28072619438171387,0.7024199962615967,0.10812053829431534,0.007798897568136454,0.01101671066135168,0.11006161570549011,0.01172005943953991,0.14481447637081146,0.2991745173931122,0.30729320645332336,,,
2587.0,2588.0,True,otro,closeup,-0.095547616481781,0.3747551441192627,0.2117605060338974,0.006172566208988428,0.01765333116054535,0.06824356317520142,0.01261176262050867,0.10448471456766129,0.23409749567508698,0.3449760377407074,,,
2588.0,2589.0,True,otro,closeup,-0.01855352520942688,0.5966304540634155,0.15407520532608032,0.0071621183305978775,0.013635070063173771,0.0940975621342659,0.014514831826090813,0.13768194615840912,0.28518515825271606,0.2936481237411499,,,
2589.0,2590.0,True,otro,closeup,0.020196110010147095,0.5860328674316406,0.14534468948841095,0.00948290340602398,0.010799749754369259,0.10464643687009811,0.015164876356720924,0.1490587443113327,0.26265767216682434,0.30284491181373596,,,
2590.0,2591.0,True,otro,closeup,0.326753169298172,0.5937948822975159,0.18627020716667175,0.019393498077988625,0.011569453403353691,0.08428973704576492,0.011651851236820221,0.10635708272457123,0.2552434802055359,0.3252246081829071,,,
2591.0,2592.0,True,otro,closeup,-0.3338434100151062,0.46910232305526733,0.1139315515756607,0.006924345623701811,0.014355940744280815,0.07708936184644699,0.011237689293920994,0.16767756640911102,0.3062838613986969,0.3024996817111969,,,
2592.0,2593.0,True,otro,closeup,-0.11003768444061279,0.6106549501419067,0.10519716888666153,0.011247583664953709,0.013430992141366005,0.13289912045001984,0.01599276438355446,0.1477222442626953,0.27305668592453003,0.3004534840583801,,,
2593.0,2594.0,True,otro,closeup,0.6289688348770142,0.3794978857040405,0.1678648442029953,0.05805479735136032,0.012617015279829502,0.11313789337873459,0.008127924986183643,0.07155746966600418,0.18952010571956635,0.3791199326515198,,,
2594.0,2595.0,True,otro,closeup,0.2807271182537079,0.5630548000335693,0.13058941066265106,0.02326781675219536,0.011017783544957638,0.11748335510492325,0.011646024882793427,0.11753087490797043,0.25173041224479675,0.3367343246936798,,,
2595.0,2596.0,True,otro,closeup,0.21631336212158203,0.40145349502563477,0.1414848268032074,0.013179557397961617,0.017928391695022583,0.11847469210624695,0.011568917892873287,0.12652066349983215,0.22733944654464722,0.34350350499153137,,,
2596.0,2597.0,True,otro,closeup,0.5019099712371826,0.09649765491485596,0.18248148262500763,0.020861364901065826,0.01411393191665411,0.08668188750743866,0.010586928576231003,0.12521201372146606,0.1915050595998764,0.3685573637485504,,,
2597.0,2598.0,True,otro,closeup,0.3552422523498535,0.5778093338012695,0.11050275713205338,0.04276061803102493,0.006898193620145321,0.13878323137760162,0.011533321812748909,0.133705273270607,0.22677281498908997,0.32904374599456787,,,
2598.0,2599.0,True,otro,closeup,0.2296048402786255,0.5248956680297852,0.1513199508190155,0.014924859628081322,0.009758160449564457,0.0782070979475975,0.013174058869481087,0.14887338876724243,0.28142622113227844,0.3023163676261902,,,
2599.0,2600.0,True,otro,closeup,0.2937184274196625,0.6935487985610962,0.12311889231204987,0.018377212807536125,0.009856672026216984,0.10665032267570496,0.013600754551589489,0.15016284584999084,0.2147253453731537,0.3635079562664032,,,
2600.0,2601.0,True,otro,closeup,0.3532894253730774,0.6573691368103027,0.15746228396892548,0.01901499181985855,0.008807645179331303,0.1210818737745285,0.015325644053518772,0.11049270629882812,0.22525617480278015,0.34255868196487427,,,
2601.0,2602.0,True,otro,closeup,0.3698636293411255,0.6864511966705322,0.0950811579823494,0.01419889647513628,0.008141196332871914,0.14488787949085236,0.01852835714817047,0.1524539589881897,0.28134268522262573,0.2853657901287079,,,
2602.0,2603.0,True,otro,closeup,0.3728184998035431,0.41708627343177795,0.14890149235725403,0.01451041642576456,0.014444708824157715,0.10808563977479935,0.01697836071252823,0.12669843435287476,0.23507288098335266,0.3353080451488495,,,
2603.0,2604.0,True,otro,closeup,0.0016784369945526123,0.6467502117156982,0.09368770569562912,0.010225092992186546,0.007560694124549627,0.1036522164940834,0.009252148680388927,0.1694122701883316,0.27421489357948303,0.33199501037597656,,,
2604.0,2605.0,True,otro,closeup,0.05416524410247803,0.7826660871505737,0.08281747996807098,0.01210970152169466,0.006443710066378117,0.14168082177639008,0.01650809496641159,0.17797721922397614,0.2790639102458954,0.2833990752696991,,,
2605.0,2606.0,True,otro,closeup,0.4741901755332947,0.47093385457992554,0.14476290345191956,0.029675567522644997,0.017095737159252167,0.10146234184503555,0.012616952881217003,0.13366448879241943,0.22769157588481903,0.33303043246269226,,,
2606.0,2607.0,True,otro,closeup,0.25379276275634766,0.6844922304153442,0.05123232677578926,0.016026770696043968,0.009450152516365051,0.162112757563591,0.013719488866627216,0.2085745930671692,0.2605428993701935,0.27834102511405945,,,
2607.0,2608.0,True,otro,closeup,0.014734625816345215,0.7762601375579834,0.06286033987998962,0.009839576669037342,0.006631915923207998,0.10957789421081543,0.016000937670469284,0.22042088210582733,0.2771880626678467,0.29748037457466125,,,
2608.0,2609.0,True,otro,closeup,0.4108457863330841,0.25674664974212646,0.18333905935287476,0.016523879021406174,0.01729780063033104,0.0697418600320816,0.011382429860532284,0.1059863492846489,0.2141975611448288,0.3815310299396515,,,
2609.0,2610.0,True,otro,closeup,0.13531389832496643,0.6497390866279602,0.10108654946088791,0.00919944979250431,0.013823864050209522,0.11036913096904755,0.021389389410614967,0.142635777592659,0.26909586787223816,0.33239996433258057,,,
2610.0,2611.0,True,otro,closeup,0.2764740288257599,0.7950773239135742,0.06121502444148064,0.01407615840435028,0.0075225671753287315,0.150543212890625,0.011143939569592476,0.16982968151569366,0.309825599193573,0.2758438289165497,,,
2611.0,2612.0,True,otro,closeup,0.333264023065567,0.46974360942840576,0.14015309512615204,0.015908680856227875,0.015376717783510685,0.11424168199300766,0.013516620732843876,0.14104999601840973,0.18630945682525635,0.37344372272491455,,,
2612.0,2613.0,True,otro,closeup,0.5167902708053589,0.8826858997344971,0.05418185144662857,0.04559179022908211,0.005804840009659529,0.16455666720867157,0.015059221535921097,0.16992546617984772,0.2877565324306488,0.25712358951568604,,,
2613.0,2614.0,True,otro,closeup,0.27543899416923523,0.9071942567825317,0.04831317812204361,0.02138824760913849,0.0044396789744496346,0.2158098965883255,0.020814532414078712,0.17887328565120697,0.2767428159713745,0.23361836373806,,,
2614.0,2615.0,True,otro,closeup,-0.23218059539794922,0.9634837508201599,0.021458296105265617,0.007917661219835281,0.002871114294975996,0.13734003901481628,0.019925910979509354,0.35054755210876465,0.2699439823627472,0.1899954229593277,,,
2615.0,2616.0,True,otro,closeup,0.18198305368423462,0.8108416199684143,0.07205793261528015,0.016739852726459503,0.006286595948040485,0.13075317442417145,0.018881473690271378,0.19296570122241974,0.30337536334991455,0.2589399218559265,,,
2616.0,2617.0,True,otro,closeup,0.4483890235424042,0.7377952337265015,0.09409884363412857,0.01996573433279991,0.011332666501402855,0.11349642276763916,0.018030408769845963,0.19079647958278656,0.21385245025157928,0.33842694759368896,,,
2617.0,2618.0,True,otro,closeup,0.41230013966560364,0.8745324611663818,0.06869146972894669,0.03036455810070038,0.00838802196085453,0.14918111264705658,0.019195392727851868,0.20423568785190582,0.2449878454208374,0.2749559283256531,,,
2618.0,2619.0,True,otro,closeup,0.054834187030792236,0.9041917324066162,0.05224568024277687,0.014032036997377872,0.006986216176301241,0.18410257995128632,0.032276932150125504,0.20758721232414246,0.28054332733154297,0.22222600877285004,,,
2619.0,2620.0,True,otro,closeup,0.41057005524635315,0.5808395147323608,0.1256532520055771,0.02445889636874199,0.009513509459793568,0.12516385316848755,0.014314494095742702,0.16970454156398773,0.23443405330181122,0.29675740003585815,,,
2620.0,2621.0,True,otro,closeup,0.6180241107940674,0.6972046494483948,0.0986543744802475,0.03564067557454109,0.010590294376015663,0.1307135820388794,0.014772500842809677,0.13851796090602875,0.22212949395179749,0.3489811420440674,,,
2621.0,2622.0,True,otro,closeup,0.2755727469921112,0.7195091247558594,0.11150673776865005,0.01587667316198349,0.008654776960611343,0.12387628108263016,0.014484869316220284,0.16561806201934814,0.22641192376613617,0.3335706889629364,,,
2622.0,2623.0,True,otro,closeup,-0.40960967540740967,0.8632869124412537,0.10683683305978775,0.005030193831771612,0.006589679978787899,0.09883007407188416,0.016286859288811684,0.10728608071804047,0.2437749207019806,0.41536539793014526,,,
2623.0,2624.0,True,presidenta,closeup,0.6662296056747437,0.38532373309135437,0.20085397362709045,0.01637299917638302,0.025489842519164085,0.10510309785604477,0.025296052917838097,0.031207315623760223,0.2108745276927948,0.3848021924495697,,,
2624.0,2625.0,True,presidenta,closeup,0.9824753999710083,0.4498360753059387,0.03921278193593025,0.7767130136489868,0.0019309399649500847,0.07929529249668121,0.006790521088987589,0.009099232964217663,0.027876729145646095,0.05908149480819702,,,
2625.0,2626.0,True,presidenta,closeup,0.5952224731445312,0.6436229944229126,0.09262363612651825,0.017907917499542236,0.011708310805261135,0.21094176173210144,0.020028574392199516,0.07935264706611633,0.25368157029151917,0.3137555718421936,,,
2626.0,2627.0,True,presidenta,closeup,0.7640102505683899,0.32703128457069397,0.1596701741218567,0.038841940462589264,0.028043333441019058,0.1797747164964676,0.02801791951060295,0.032243553549051285,0.20170919597148895,0.3316991627216339,,,
2627.0,2628.0,True,presidenta,closeup,0.48917487263679504,0.17927443981170654,0.19119365513324738,0.023187166079878807,0.012719431892037392,0.10254863649606705,0.01644350402057171,0.0575987882912159,0.25678157806396484,0.3395272493362427,,,
2628.0,2629.0,True,presidenta,closeup,0.6146612167358398,0.2796464264392853,0.15888597071170807,0.02391006052494049,0.019853031262755394,0.0908939316868782,0.01587652787566185,0.08681360632181168,0.15835963189601898,0.44540730118751526,,,
2629.0,2630.0,True,presidenta,closeup,0.5700972676277161,0.3489183187484741,0.2770414352416992,0.030504578724503517,0.011216497048735619,0.051380861550569534,0.012724116444587708,0.06237957626581192,0.1386684775352478,0.4160844087600708,,,
2630.0,2631.0,True,presidenta,closeup,0.8495678901672363,-0.06683290004730225,0.2722967267036438,0.05078577995300293,0.024804238229990005,0.10371627658605576,0.018598688766360283,0.02096802182495594,0.17030778527259827,0.33852246403694153,,,
2631.0,2632.0,True,presidenta,closeup,0.9217215776443481,0.18060782551765442,0.17812752723693848,0.0819711685180664,0.017428262159228325,0.16545861959457397,0.021038712933659554,0.020931292325258255,0.1603751927614212,0.3546692430973053,,,
2632.0,2633.0,True,presidenta,closeup,0.789564311504364,0.09092375636100769,0.31867071986198425,0.06657563894987106,0.023861384019255638,0.08497743308544159,0.014318958856165409,0.021469570696353912,0.15672774612903595,0.3133985698223114,,,
2633.0,2634.0,True,presidenta,closeup,0.815811276435852,0.3791382610797882,0.2371750921010971,0.07590194791555405,0.015148993581533432,0.07543931156396866,0.016636596992611885,0.04809076339006424,0.1046764925122261,0.42693081498146057,,,
2634.0,2635.0,True,presidenta,closeup,0.702434778213501,0.4584682583808899,0.23864689469337463,0.03899485245347023,0.009093903936445713,0.07543911784887314,0.015355155803263187,0.03662972152233124,0.0938597097992897,0.4919806718826294,,,
2635.0,2636.0,True,presidenta,closeup,0.6237872838973999,0.44007813930511475,0.1787654608488083,0.04648358002305031,0.0177401602268219,0.10846064984798431,0.019593805074691772,0.04057637229561806,0.10375338792800903,0.48462653160095215,,,
2636.0,2637.0,True,presidenta,closeup,0.30761072039604187,0.5079813003540039,0.15415726602077484,0.010441107675433159,0.01438575703650713,0.08575914800167084,0.019739018753170967,0.07047946006059647,0.15063762664794922,0.49440062046051025,,,
2637.0,2638.0,True,presidenta,closeup,0.8585102558135986,0.5492391586303711,0.22907547652721405,0.08496753871440887,0.008388226851820946,0.10680011659860611,0.016184544190764427,0.02377750165760517,0.08353133499622345,0.4472752511501312,,,
2638.0,2639.0,True,presidenta,closeup,0.7011275291442871,0.5374921560287476,0.1948554664850235,0.02523280493915081,0.011196060106158257,0.09803136438131332,0.0189862921833992,0.048304662108421326,0.1183825433254242,0.4850107431411743,,,
2639.0,2640.0,True,presidenta,closeup,0.7012167572975159,0.52586829662323,0.19258452951908112,0.025905083864927292,0.012506432831287384,0.08630409836769104,0.016641302034258842,0.036719173192977905,0.111134372651577,0.5182049870491028,,,
2640.0,2641.0,True,presidenta,closeup,0.6618423461914062,0.18935450911521912,0.19303762912750244,0.02744150348007679,0.012400809675455093,0.10540899634361267,0.019684534519910812,0.0420360192656517,0.1376403421163559,0.46235018968582153,,,
2641.0,2642.0,True,presidenta,closeup,0.640734076499939,0.23468875885009766,0.24111086130142212,0.02989421971142292,0.019112903624773026,0.04941079765558243,0.01839808002114296,0.035539962351322174,0.11704890429973602,0.4894842505455017,,,
2642.0,2643.0,True,presidenta,closeup,0.6253502368927002,0.5349950194358826,0.18230454623699188,0.022169770672917366,0.014610659331083298,0.08424054086208344,0.021050086244940758,0.04592336341738701,0.11303284019231796,0.5166682004928589,,,
2643.0,2644.0,True,presidenta,closeup,0.4574587345123291,0.6257111430168152,0.19076436758041382,0.026447881013154984,0.012823708355426788,0.10628815740346909,0.021916642785072327,0.060632336884737015,0.12672163546085358,0.4544052481651306,,,
2644.0,2645.0,True,presidenta,closeup,0.49581971764564514,0.7272651195526123,0.16064141690731049,0.028067292645573616,0.008882958441972733,0.09869144856929779,0.018114417791366577,0.04810575395822525,0.14518475532531738,0.492311954498291,,,
2645.0,2646.0,True,presidenta,closeup,0.6692897081375122,0.407802015542984,0.16883665323257446,0.01735220104455948,0.01230537984520197,0.07117873430252075,0.012247328646481037,0.0442020557820797,0.11633530259132385,0.5575423240661621,,,
2646.0,2647.0,True,presidenta,closeup,0.410202294588089,0.42985275387763977,0.20973418653011322,0.011040694080293179,0.016138294711709023,0.11120352894067764,0.029167328029870987,0.057766400277614594,0.15312960743904114,0.4118199944496155,,,
2647.0,2648.0,True,presidenta,closeup,0.5878850817680359,0.5413102507591248,0.19362932443618774,0.021906975656747818,0.013877738267183304,0.08842290937900543,0.019801223650574684,0.04929927736520767,0.1287369430065155,0.48432567715644836,,,
2648.0,2649.0,True,presidenta,closeup,0.5896098613739014,0.5348450541496277,0.17605707049369812,0.02545749768614769,0.013972139917314053,0.11028619110584259,0.022611122578382492,0.04663695767521858,0.14183232188224792,0.4631466865539551,,,
2649.0,2650.0,True,presidenta,closeup,0.8004811406135559,0.4332064390182495,0.22003693878650665,0.053288061171770096,0.015319060534238815,0.07043687254190445,0.012959133833646774,0.03826499357819557,0.09780072420835495,0.4918941855430603,,,
2650.0,2651.0,True,presidenta,closeup,0.7585691809654236,0.29037797451019287,0.21882326900959015,0.03345136344432831,0.016337787732481956,0.07885590195655823,0.015412336215376854,0.028529606759548187,0.1049857959151268,0.5036039352416992,,,
2651.0,2652.0,True,presidenta,closeup,0.5257426500320435,0.4642961919307709,0.18793268501758575,0.022288663312792778,0.010981148108839989,0.09906147420406342,0.020970052108168602,0.05287568271160126,0.1856960952281952,0.42019417881965637,,,
2652.0,2653.0,True,presidenta,closeup,0.6495952010154724,0.6685824394226074,0.19559502601623535,0.03461427614092827,0.01037539355456829,0.15097959339618683,0.026957906782627106,0.04913125932216644,0.15598686039447784,0.3763596713542938,,,
2653.0,2654.0,True,presidenta,closeup,0.759287416934967,0.6630312204360962,0.20782576501369476,0.06855418533086777,0.008769676089286804,0.1658918857574463,0.02437238208949566,0.03619400039315224,0.11191894114017487,0.37647315859794617,,,
2654.0,2655.0,True,presidenta,closeup,0.6204622983932495,0.5071699619293213,0.2304990589618683,0.025733765214681625,0.011112300679087639,0.10639182478189468,0.020081249997019768,0.0472685731947422,0.12449643760919571,0.4344167709350586,,,
2655.0,2656.0,True,presidenta,closeup,0.6760451793670654,0.37223780155181885,0.2634737193584442,0.03342311456799507,0.012535018846392632,0.07973342388868332,0.016390694305300713,0.030164314433932304,0.08986186981201172,0.4744178056716919,,,
2656.0,2657.0,True,presidenta,closeup,0.7023399472236633,0.18267083168029785,0.19483424723148346,0.03305315226316452,0.018278710544109344,0.09488637000322342,0.02246086671948433,0.05406947061419487,0.12664148211479187,0.4557756781578064,,,
2657.0,2658.0,True,presidenta,closeup,0.6251113414764404,0.6209627985954285,0.12256105244159698,0.06957487016916275,0.007860550656914711,0.14233951270580292,0.021470284089446068,0.06243714690208435,0.14130981266498566,0.43244677782058716,,,
2658.0,2659.0,True,presidenta,closeup,0.539169192314148,0.4802894592285156,0.2597682774066925,0.03118007443845272,0.008472413755953312,0.06817271560430527,0.011659584008157253,0.04883958399295807,0.1097199022769928,0.46218743920326233,,,
2659.0,2660.0,True,presidenta,closeup,0.7786474227905273,0.468522310256958,0.2307015359401703,0.047559209167957306,0.008563193492591381,0.06720205396413803,0.012594703584909439,0.027238424867391586,0.10086765885353088,0.5052732825279236,,,
2660.0,2661.0,True,presidenta,closeup,0.7927806377410889,0.52173912525177,0.2039286494255066,0.06541462242603302,0.00802124384790659,0.10241135209798813,0.016299603506922722,0.03689298778772354,0.10298208892345428,0.46404939889907837,,,
2661.0,2662.0,True,presidenta,closeup,0.5593779683113098,0.6791893243789673,0.17357324063777924,0.02483455464243889,0.0084551265463233,0.10655495524406433,0.017992975190281868,0.04540613666176796,0.12413395196199417,0.49904903769493103,,,
2662.0,2663.0,True,presidenta,closeup,0.7582867741584778,0.5038526058197021,0.17421561479568481,0.04780952259898186,0.02016536518931389,0.10199709981679916,0.02840697020292282,0.03921756520867348,0.1218249648809433,0.4663628339767456,,,
2663.0,2664.0,True,presidenta,closeup,0.7633458375930786,0.2854800224304199,0.23457832634449005,0.02960164286196232,0.015002275817096233,0.09866470098495483,0.021172747015953064,0.032166220247745514,0.12304835021495819,0.4457657039165497,,,
2664.0,2665.0,True,presidenta,closeup,0.8759947419166565,0.6429954171180725,0.14560028910636902,0.1424078494310379,0.006366908084601164,0.20924045145511627,0.024585319682955742,0.030556518584489822,0.11644673347473145,0.3247959017753601,,,
2665.0,2666.0,True,presidenta,closeup,0.7873027920722961,0.6471239924430847,0.16664789617061615,0.08387988805770874,0.008116798475384712,0.10841746628284454,0.017521636560559273,0.037230707705020905,0.10038840770721436,0.4777972102165222,,,
2666.0,2667.0,True,presidenta,closeup,0.7744372487068176,0.499310165643692,0.1772194653749466,0.062208667397499084,0.011432958766818047,0.12514574825763702,0.02055133879184723,0.04104918614029884,0.11488027125597,0.4475123882293701,,,
2667.0,2668.0,True,presidenta,closeup,0.6793413162231445,0.34841710329055786,0.23165901005268097,0.04592002555727959,0.01127341203391552,0.11569367349147797,0.01698649674654007,0.04459794983267784,0.13622453808784485,0.39764487743377686,,,
2668.0,2669.0,True,presidenta,closeup,0.7601378560066223,0.11144408583641052,0.3076457679271698,0.035968031734228134,0.017521345987915993,0.07571477442979813,0.01647140085697174,0.022493261843919754,0.08245799690485,0.4417273700237274,,,
2669.0,2670.0,True,presidenta,closeup,0.6737427711486816,0.5956599712371826,0.17927709221839905,0.04192337021231651,0.015292343683540821,0.09575753659009933,0.02181793563067913,0.03853454813361168,0.11624043434858322,0.4911567270755768,,,
2670.0,2671.0,True,presidenta,closeup,0.763684868812561,0.4616404175758362,0.2042672336101532,0.06994661688804626,0.011202082969248295,0.10400428622961044,0.022498127073049545,0.04868977516889572,0.12299484759569168,0.4163970351219177,,,
2671.0,2672.0,True,presidenta,closeup,0.6800457239151001,0.4282059967517853,0.17626403272151947,0.044525064527988434,0.018776042386889458,0.08030712604522705,0.021639253944158554,0.045404303818941116,0.11986462771892548,0.4932194948196411,,,
2672.0,2673.0,True,presidenta,closeup,0.5998712182044983,0.30028781294822693,0.15280716121196747,0.018252510577440262,0.01556759886443615,0.11007735878229141,0.019914982840418816,0.056655921041965485,0.1702023148536682,0.4565221965312958,,,
2673.0,2674.0,True,presidenta,closeup,0.35626471042633057,0.32982537150382996,0.1724974513053894,0.01800629310309887,0.020379386842250824,0.07337261736392975,0.021759551018476486,0.06351872533559799,0.1705578863620758,0.4599080979824066,,,
2674.0,2675.0,True,presidenta,closeup,-0.17861485481262207,0.6231245994567871,0.13699458539485931,0.0043740966357290745,0.036702197045087814,0.06714192777872086,0.02341838926076889,0.05907593294978142,0.17720404267311096,0.4950888454914093,,,
2675.0,2676.0,True,presidenta,closeup,0.7211641073226929,0.4647403955459595,0.18778172135353088,0.029420262202620506,0.013420788571238518,0.1582520753145218,0.024614274501800537,0.048842720687389374,0.14466072618961334,0.39300745725631714,,,
2676.0,2677.0,True,presidenta,closeup,0.7401777505874634,0.4500225782394409,0.1778879314661026,0.03093785233795643,0.01652061752974987,0.1563781052827835,0.025695767253637314,0.05125177279114723,0.13635483384132385,0.4049731492996216,,,
2677.0,2678.0,True,presidenta,closeup,0.6190042495727539,0.6775701642036438,0.15976929664611816,0.02376118116080761,0.012160852551460266,0.1399989277124405,0.024681858718395233,0.048511143773794174,0.17332179844379425,0.41779497265815735,,,
2678.0,2679.0,True,presidenta,closeup,0.5148536562919617,0.6563273072242737,0.14012779295444489,0.01821676455438137,0.01769973151385784,0.20779699087142944,0.04643319547176361,0.05158510431647301,0.23804150521755219,0.28009888529777527,,,
2679.0,2680.0,True,presidenta,closeup,0.5989583730697632,0.5159533023834229,0.15474355220794678,0.014117988757789135,0.019457384943962097,0.1407395452260971,0.03458602353930473,0.033967725932598114,0.20857563614845276,0.3938122093677521,,,
2680.0,2681.0,True,presidenta,closeup,0.8562868237495422,0.5141998529434204,0.22014746069908142,0.06594014167785645,0.012649440206587315,0.17649847269058228,0.02636941708624363,0.026498930528759956,0.1358506679534912,0.33604544401168823,,,
2681.0,2682.0,True,presidenta,closeup,0.9090045690536499,0.35308077931404114,0.2565833330154419,0.08423925936222076,0.013006117194890976,0.12105635553598404,0.018840549513697624,0.022627361118793488,0.11042054742574692,0.373226523399353,,,
2682.0,2683.0,True,presidenta,closeup,0.8091493844985962,0.5349553823471069,0.19544368982315063,0.06850353628396988,0.010204295627772808,0.14313510060310364,0.023221468552947044,0.033766552805900574,0.13691602647304535,0.38880929350852966,,,
2683.0,2684.0,True,presidenta,closeup,0.7662003040313721,0.10359203815460205,0.23666296899318695,0.042918235063552856,0.020532339811325073,0.0906878411769867,0.02246665768325329,0.036477118730545044,0.18529921770095825,0.3649556636810303,,,
2684.0,2685.0,True,presidenta,closeup,0.7911965847015381,0.29718834161758423,0.21913091838359833,0.05072661489248276,0.018465744331479073,0.08787990361452103,0.02280636876821518,0.037152525037527084,0.15962925553321838,0.40420863032341003,,,
2685.0,2686.0,True,presidenta,closeup,0.7188497185707092,0.4535459578037262,0.21036987006664276,0.0312647819519043,0.020521268248558044,0.09714920818805695,0.02148842066526413,0.04760540649294853,0.1265086829662323,0.4450923204421997,,,
2686.0,2687.0,True,presidenta,closeup,0.673858642578125,0.36311084032058716,0.24073176085948944,0.039199937134981155,0.013649963773787022,0.10017694532871246,0.018881481140851974,0.04024343192577362,0.11451688408851624,0.4325995445251465,,,
2687.0,2688.0,True,presidenta,closeup,0.8100795149803162,0.572881817817688,0.18003042042255402,0.10391724854707718,0.007356229703873396,0.13001064956188202,0.01833919622004032,0.0363462008535862,0.10306249558925629,0.42093753814697266,,,
2688.0,2689.0,True,presidenta,closeup,0.7081761360168457,0.4132572412490845,0.16003240644931793,0.023918403312563896,0.01703798398375511,0.19408035278320312,0.029374130070209503,0.05196867138147354,0.20776855945587158,0.3158194422721863,,,
2689.0,2690.0,True,presidenta,closeup,0.47590136528015137,0.3077085018157959,0.15291054546833038,0.018499575555324554,0.02169370837509632,0.13278056681156158,0.03578990697860718,0.07429450750350952,0.18547068536281586,0.37856048345565796,,,
2690.0,2691.0,True,presidenta,closeup,0.8611579537391663,0.1970062255859375,0.20312164723873138,0.07049749046564102,0.014854732900857925,0.10089326649904251,0.01861651986837387,0.025579242035746574,0.10601441562175751,0.46042266488075256,,,
2691.0,2692.0,True,presidenta,closeup,0.8232917785644531,0.22767359018325806,0.21017234027385712,0.0317535474896431,0.012998588383197784,0.07387121766805649,0.016353050246834755,0.028571363538503647,0.08220835030078888,0.5440715551376343,,,
2692.0,2693.0,True,presidenta,closeup,0.6429645419120789,0.5979008674621582,0.17066454887390137,0.02134939841926098,0.009580660611391068,0.14956262707710266,0.027242638170719147,0.051079485565423965,0.11901630461215973,0.4515043795108795,,,
2693.0,2694.0,True,presidenta,closeup,0.7625603079795837,0.48984381556510925,0.16066280007362366,0.03067389689385891,0.011820219457149506,0.22215425968170166,0.034052200615406036,0.04005897045135498,0.13853472471237183,0.36204296350479126,,,
2694.0,2695.0,True,presidenta,closeup,0.6384482979774475,0.4446065127849579,0.22093629837036133,0.0170818530023098,0.016120610758662224,0.10458908975124359,0.025394894182682037,0.03778621181845665,0.1167120710015297,0.46137896180152893,,,
2695.0,2696.0,True,presidenta,closeup,0.6924465298652649,0.4454510509967804,0.20450462400913239,0.020381974056363106,0.01755494996905327,0.11445539444684982,0.026713693514466286,0.03740125149488449,0.11546006053686142,0.463528037071228,,,
2696.0,2697.0,True,presidenta,closeup,0.8156044483184814,0.5196220874786377,0.21961158514022827,0.09178642183542252,0.009154998697340488,0.11854185909032822,0.02053084224462509,0.03633395954966545,0.10829512029886246,0.3957451581954956,,,
2697.0,2698.0,True,presidenta,closeup,0.6452128887176514,0.5319839715957642,0.17488670349121094,0.04666566103696823,0.007619841489940882,0.12080015242099762,0.0177957434207201,0.04666169732809067,0.13209868967533112,0.45347151160240173,,,
2698.0,2699.0,True,presidenta,closeup,0.7339100241661072,0.37503713369369507,0.22204528748989105,0.04036774858832359,0.011511173099279404,0.11448381841182709,0.02077709697186947,0.04459147900342941,0.13112373650074005,0.4150995910167694,,,
2699.0,2700.0,True,presidenta,closeup,0.8020902872085571,0.4827486276626587,0.2028069794178009,0.09725812822580338,0.009811393916606903,0.1233765035867691,0.024760587140917778,0.02855132706463337,0.1303718388080597,0.3830632269382477,,,
2700.0,2701.0,True,presidenta,closeup,0.6384583115577698,0.22014999389648438,0.19716356694698334,0.02230784296989441,0.013734580017626286,0.07393824309110641,0.019529229030013084,0.05415899306535721,0.12875470519065857,0.49041280150413513,,,
2701.0,2702.0,True,presidenta,closeup,0.8205819129943848,0.3187068998813629,0.23157274723052979,0.05194849520921707,0.015751546248793602,0.0850316733121872,0.018461020663380623,0.038287945091724396,0.11043767631053925,0.44850894808769226,,,
2702.0,2703.0,True,presidenta,closeup,0.855287492275238,0.08715113997459412,0.20808576047420502,0.07422660291194916,0.015157099813222885,0.1102280467748642,0.016538849100470543,0.036769967526197433,0.1509687900543213,0.3880248963832855,,,
2703.0,2704.0,True,presidenta,closeup,0.3961455225944519,0.15635496377944946,0.18199187517166138,0.011910093016922474,0.02534789778292179,0.08325553685426712,0.02412259392440319,0.04459553584456444,0.1791650503873825,0.44961145520210266,,,
2704.0,2705.0,True,presidenta,closeup,0.48970991373062134,0.12485203146934509,0.1612793356180191,0.01598123274743557,0.031056469306349754,0.12695156037807465,0.031222324818372726,0.04388304427266121,0.23990388214588165,0.3497221767902374,,,
2705.0,2706.0,True,presidenta,closeup,0.6952195167541504,0.31043052673339844,0.17538148164749146,0.023116912692785263,0.024793483316898346,0.10761764645576477,0.03119375929236412,0.030715417116880417,0.19864611327648163,0.4085351824760437,,,
2706.0,2707.0,True,presidenta,closeup,0.5919005870819092,0.3327115476131439,0.1590922623872757,0.0148955462500453,0.024582037702202797,0.09013769775629044,0.023621775209903717,0.04310693219304085,0.1857626587152481,0.45880112051963806,,,
2707.0,2708.0,True,presidenta,closeup,-0.3352471590042114,0.587955892086029,0.0786423534154892,0.004960286896675825,0.01955314725637436,0.09075968712568283,0.025831134989857674,0.08440183848142624,0.3767751157283783,0.31907641887664795,,,
2708.0,2709.0,True,presidenta,closeup,0.5894996523857117,0.44749364256858826,0.12253905087709427,0.018521036952733994,0.021604564040899277,0.11917875707149506,0.04369248077273369,0.04792318493127823,0.20263594388961792,0.4239048957824707,,,
2709.0,2710.0,True,presidenta,closeup,0.08293730020523071,0.4396112859249115,0.1275109201669693,0.008252191357314587,0.01940629631280899,0.12518878281116486,0.028474025428295135,0.05661270022392273,0.29320228099823,0.34135282039642334,,,
2710.0,2711.0,True,presidenta,closeup,0.5906723737716675,0.1111719012260437,0.23080205917358398,0.01287165004760027,0.03199152648448944,0.06825460493564606,0.024504179134964943,0.03656623139977455,0.17861247062683105,0.4163972735404968,,,
2711.0,2712.0,True,presidenta,closeup,0.3033285439014435,0.5501153469085693,0.13395529985427856,0.014041174203157425,0.021755702793598175,0.11438632756471634,0.030245229601860046,0.04972827434539795,0.19218850135803223,0.44369950890541077,,,
2712.0,2713.0,True,presidenta,closeup,0.09665003418922424,0.6549901962280273,0.1088700145483017,0.009904289618134499,0.009949492290616035,0.15529614686965942,0.023846186697483063,0.07440180331468582,0.2212020307779312,0.39653006196022034,,,
2713.0,2714.0,True,presidenta,closeup,0.4356696307659149,0.5715154409408569,0.20999208092689514,0.012100041843950748,0.016284402459859848,0.08956883102655411,0.019422395154833794,0.04152886942028999,0.15166456997394562,0.45943883061408997,,,
2714.0,2715.0,True,presidenta,closeup,0.4924056828022003,0.6408295631408691,0.12836526334285736,0.023714952170848846,0.01370478980243206,0.12278089672327042,0.03310684859752655,0.06209961697459221,0.1965004801750183,0.41972705721855164,,,
2715.0,2716.0,True,presidenta,closeup,0.8135405778884888,0.7023503184318542,0.16494694352149963,0.1380724161863327,0.009217003360390663,0.17674481868743896,0.04140697419643402,0.0361868254840374,0.126584991812706,0.30684006214141846,,,
2716.0,2717.0,True,presidenta,closeup,0.6525496244430542,0.5543326139450073,0.2270914912223816,0.022692035883665085,0.01224008109420538,0.12512606382369995,0.026275552809238434,0.03261163458228111,0.12166906893253326,0.4322940409183502,,,
2717.0,2718.0,True,presidenta,closeup,0.6752352714538574,0.738188624382019,0.13978567719459534,0.043520018458366394,0.0072658471763134,0.15091776847839355,0.025603458285331726,0.04832807928323746,0.13095730543136597,0.45362183451652527,,,
2718.0,2719.0,True,presidenta,closeup,0.8325050473213196,0.6175594329833984,0.1349528729915619,0.13217319548130035,0.0061507634818553925,0.19910591840744019,0.027161087840795517,0.03248433396220207,0.11572191119194031,0.35224997997283936,,,
2719.0,2720.0,True,presidenta,closeup,0.8188604116439819,0.31394249200820923,0.31773847341537476,0.04838678240776062,0.01419244147837162,0.0974092110991478,0.020519401878118515,0.021669646725058556,0.08538980036973953,0.3946942090988159,,,
2720.0,2721.0,True,presidenta,closeup,0.7279161810874939,0.344092458486557,0.20943349599838257,0.03154543414711952,0.015542912296950817,0.08282595127820969,0.02647382579743862,0.044488172978162766,0.11490573734045029,0.4747844636440277,,,
2721.0,2722.0,True,presidenta,closeup,0.7363870143890381,0.5319639444351196,0.167156383395195,0.05145981162786484,0.013737228699028492,0.08137840032577515,0.02159930020570755,0.04538686200976372,0.10459994524717331,0.5146820545196533,,,
2722.0,2723.0,True,presidenta,closeup,0.7679438591003418,0.4169066846370697,0.22260849177837372,0.03787427395582199,0.011007976718246937,0.08089003711938858,0.015705639496445656,0.0269697867333889,0.08112280815839767,0.5238209366798401,,,
2723.0,2724.0,True,presidenta,closeup,0.786800742149353,0.6756899952888489,0.15955162048339844,0.11686436831951141,0.006182728800922632,0.11758638918399811,0.019249677658081055,0.03976862505078316,0.09820640832185745,0.4425901770591736,,,
2724.0,2725.0,True,presidenta,closeup,0.7669588327407837,0.2568642795085907,0.25280046463012695,0.027808619663119316,0.015980299562215805,0.07277389615774155,0.016508886590600014,0.032783832401037216,0.12334795296192169,0.45799610018730164,,,
2725.0,2726.0,True,presidenta,closeup,0.467155396938324,0.5473939180374146,0.20574325323104858,0.013028708286583424,0.011996245943009853,0.10422862321138382,0.023719238117337227,0.06326429545879364,0.16713525354862213,0.41088438034057617,,,
2726.0,2727.0,True,presidenta,closeup,0.5464542508125305,0.45395809412002563,0.13883660733699799,0.012491640634834766,0.01126085314899683,0.07667355239391327,0.018338801339268684,0.0505746491253376,0.1460014283657074,0.5458225011825562,,,
2727.0,2728.0,True,presidenta,closeup,0.8528315424919128,0.5785272121429443,0.17201651632785797,0.06317906826734543,0.01094738394021988,0.10048765689134598,0.021935952827334404,0.03329828754067421,0.11454122513532639,0.48359400033950806,,,
2728.0,2729.0,True,presidenta,closeup,0.8468416929244995,0.611526370048523,0.19949321448802948,0.06261715292930603,0.010484513826668262,0.09776873886585236,0.021914944052696228,0.030875300988554955,0.09934262931346893,0.4775035083293915,,,
2729.0,2730.0,True,presidenta,closeup,0.29913032054901123,0.5864253044128418,0.13210533559322357,0.01009399350732565,0.014897575601935387,0.0948219895362854,0.029326198622584343,0.06890181452035904,0.18186652660369873,0.4679866433143616,,,
2730.0,2731.0,True,presidenta,closeup,0.6095559597015381,0.6148215532302856,0.1835021823644638,0.029102319851517677,0.009846173226833344,0.14518724381923676,0.023792123422026634,0.05045390874147415,0.12090227752923965,0.4372137188911438,,,
2731.0,2732.0,True,presidenta,closeup,0.7080749869346619,0.565639078617096,0.16702167689800262,0.02199321985244751,0.012239575386047363,0.1974116861820221,0.02706717886030674,0.03746367245912552,0.1353875994682312,0.4014153480529785,,,
2732.0,2733.0,True,presidenta,closeup,0.5182555913925171,0.22657963633537292,0.23283441364765167,0.012569695711135864,0.03346041962504387,0.09316854178905487,0.03065994195640087,0.026455644518136978,0.11731702089309692,0.4535342752933502,,,
2733.0,2734.0,True,presidenta,closeup,0.5671267509460449,0.725515604019165,0.1577593833208084,0.03692520409822464,0.007785447407513857,0.17746739089488983,0.03064040280878544,0.05013233795762062,0.1277787685394287,0.4115111231803894,,,
2734.0,2735.0,True,presidenta,closeup,0.6148190498352051,0.5617696046829224,0.1744718849658966,0.013795431703329086,0.010775143280625343,0.08859233558177948,0.01741260476410389,0.04118533805012703,0.10514211654663086,0.5486251711845398,,,
2735.0,2736.0,True,presidenta,closeup,0.75034499168396,0.6124666929244995,0.2156476080417633,0.06913956254720688,0.016982154920697212,0.10476081073284149,0.029500771313905716,0.02883162349462509,0.11252763122320175,0.4226098656654358,,,
2736.0,2737.0,True,presidenta,closeup,0.7014409303665161,0.06880784034729004,0.2020585685968399,0.02589186280965805,0.03817019984126091,0.09852075576782227,0.02401350811123848,0.03850163146853447,0.21621188521385193,0.3566316068172455,,,
2737.0,2738.0,True,presidenta,closeup,0.664186954498291,0.3371565341949463,0.1483457386493683,0.019942404702305794,0.016933666542172432,0.10187070816755295,0.031435973942279816,0.05194714665412903,0.15428054332733154,0.47524377703666687,,,
2738.0,2739.0,True,presidenta,closeup,0.7914132475852966,0.5605868101119995,0.21471743285655975,0.06177115812897682,0.014534417539834976,0.10546877980232239,0.022818055003881454,0.0350869745016098,0.11171936988830566,0.4338838458061218,,,
2739.0,2740.0,True,presidenta,closeup,0.9473476409912109,0.31204500794410706,0.19092455506324768,0.2555808126926422,0.008580542169511318,0.08415543287992477,0.011573866941034794,0.026794757694005966,0.0676196962594986,0.354770302772522,,,
2740.0,2741.0,True,presidenta,closeup,0.6605321168899536,0.24056857824325562,0.23490823805332184,0.032309770584106445,0.01603451929986477,0.07948669791221619,0.024506282061338425,0.041796617209911346,0.12463454157114029,0.4463232457637787,,,
2741.0,2742.0,True,presidenta,closeup,0.5983352661132812,0.4127763509750366,0.23698852956295013,0.02551976591348648,0.01181498821824789,0.09778743237257004,0.023831086233258247,0.03916364163160324,0.11845456063747406,0.4464399814605713,,,
2742.0,2743.0,True,presidenta,closeup,0.854098916053772,0.42921754717826843,0.26946529746055603,0.059384267777204514,0.013611179776489735,0.10219062119722366,0.02387944981455803,0.026283958926796913,0.09601206332445145,0.4091731607913971,,,
2743.0,2744.0,True,presidenta,closeup,0.8307716846466064,0.09249168634414673,0.3103984594345093,0.03446747362613678,0.02564382366836071,0.08243495970964432,0.02182931639254093,0.020265938714146614,0.11988887935876846,0.38507118821144104,,,
2744.0,2745.0,True,presidenta,closeup,0.799875020980835,0.15481853485107422,0.24383501708507538,0.04357477277517319,0.02290930598974228,0.11398103088140488,0.02552066743373871,0.020538127049803734,0.1651139110326767,0.3645271360874176,,,
2745.0,2746.0,True,presidenta,closeup,0.5399647951126099,0.5308687686920166,0.18821820616722107,0.011438848450779915,0.017070356756448746,0.11298451572656631,0.022066429257392883,0.04488236457109451,0.12633433938026428,0.4770050048828125,,,
2746.0,2747.0,True,presidenta,closeup,0.6730954647064209,0.341355562210083,0.19627593457698822,0.013548405840992928,0.018567699939012527,0.14929521083831787,0.033240895718336105,0.033513009548187256,0.13351008296012878,0.4220487177371979,,,
2747.0,2748.0,True,presidenta,closeup,0.23358023166656494,0.3735997676849365,0.11799879372119904,0.008668854832649231,0.05504702776670456,0.056986499577760696,0.03826310113072395,0.059639234095811844,0.20133543014526367,0.4620610177516937,,,
2748.0,2749.0,True,presidenta,closeup,0.884675145149231,0.3156016767024994,0.18494351208209991,0.07864763587713242,0.01957637630403042,0.09752840548753738,0.022023044526576996,0.03189265727996826,0.11900380253791809,0.4463845193386078,,,
2749.0,2750.0,True,presidenta,closeup,0.7277640104293823,0.2677600681781769,0.24229134619235992,0.017648980021476746,0.012059612199664116,0.08879446983337402,0.016063794493675232,0.025433829054236412,0.09355611354112625,0.5041518807411194,,,
2750.0,2751.0,True,presidenta,closeup,0.4295625388622284,-0.30613502860069275,0.21850644052028656,0.020279645919799805,0.05152492970228195,0.041405823081731796,0.015987453982234,0.020408200100064278,0.23397451639175415,0.3979129493236542,,,
2751.0,2752.0,True,presidenta,closeup,0.644935131072998,-0.44339215755462646,0.2396325021982193,0.01687607355415821,0.05968555063009262,0.03759416192770004,0.013252461329102516,0.02400793507695198,0.15739032626152039,0.4515610337257385,,,
2752.0,2753.0,True,presidenta,closeup,0.17530345916748047,-0.6359105110168457,0.18093207478523254,0.007694662548601627,0.17300920188426971,0.03172936290502548,0.015854721888899803,0.025218039751052856,0.3027869760990143,0.2627750039100647,,,
2753.0,2754.0,True,presidenta,closeup,0.7835606336593628,-0.10867565870285034,0.20323967933654785,0.07664250582456589,0.02754775993525982,0.05521658435463905,0.014549755491316319,0.025471780449151993,0.19500832259655,0.4023236036300659,,,
2754.0,2755.0,True,presidenta,closeup,0.09057101607322693,0.1255856156349182,0.16521628201007843,0.008897786028683186,0.04661532863974571,0.05017700418829918,0.025631990283727646,0.03476859629154205,0.21503862738609314,0.4536544680595398,,,
2755.0,2756.0,True,presidenta,closeup,0.6970317959785461,0.44097840785980225,0.2119767963886261,0.022922568023204803,0.015635747462511063,0.09736532717943192,0.021742872893810272,0.036060165613889694,0.12054874002933502,0.47374776005744934,,,
2756.0,2757.0,True,presidenta,closeup,0.5993808507919312,0.4439660608768463,0.1855987310409546,0.020743809640407562,0.019466713070869446,0.11432268470525742,0.02558707259595394,0.0375586599111557,0.17739400267601013,0.41932833194732666,,,
2757.0,2758.0,True,presidenta,closeup,0.6037489771842957,0.4627724587917328,0.16878992319107056,0.02492167055606842,0.023031091317534447,0.1292474865913391,0.028656218200922012,0.0456383191049099,0.2036125361919403,0.3761027455329895,,,
2758.0,2759.0,True,presidenta,closeup,0.8990168571472168,0.5508493781089783,0.14657695591449738,0.1305362433195114,0.012707656249403954,0.14477355778217316,0.023207945749163628,0.031458619982004166,0.11984895914793015,0.39089009165763855,,,
2759.0,2760.0,True,presidenta,closeup,0.7011510729789734,0.48350152373313904,0.22866104543209076,0.03307931497693062,0.015450221486389637,0.09512665867805481,0.02645096182823181,0.048133864998817444,0.1294439733028412,0.4236539900302887,,,
2760.0,2761.0,True,presidenta,closeup,0.8516097664833069,0.43275076150894165,0.2028559446334839,0.059223465621471405,0.015318606980144978,0.1459565907716751,0.028029782697558403,0.0323602594435215,0.11474019289016724,0.4015151858329773,,,
2761.0,2762.0,True,presidenta,closeup,0.7539903521537781,0.5461033582687378,0.28425273299217224,0.038177601993083954,0.013226344250142574,0.11524181813001633,0.01979178935289383,0.026126593351364136,0.10872355103492737,0.3944595754146576,,,
2762.0,2763.0,True,presidenta,closeup,0.8469316363334656,0.42286771535873413,0.2587658762931824,0.05417275056242943,0.015234054066240788,0.08753734827041626,0.023882441222667694,0.023753102868795395,0.09047026187181473,0.4461842179298401,,,
2763.0,2764.0,True,presidenta,closeup,0.7026150226593018,0.2779559791088104,0.29770469665527344,0.01884538121521473,0.017178047448396683,0.09990401566028595,0.023814011365175247,0.028139932081103325,0.11430791765451431,0.4001060724258423,,,
2764.0,2765.0,True,presidenta,closeup,0.7854123711585999,0.3794526159763336,0.28703123331069946,0.05770376697182655,0.011729964055120945,0.10801271349191666,0.023201320320367813,0.02871396578848362,0.10197446495294571,0.38163259625434875,,,
2765.0,2766.0,True,presidenta,closeup,0.7577048540115356,0.47314155101776123,0.22718198597431183,0.0471794493496418,0.012092994526028633,0.11341039836406708,0.025459691882133484,0.04199038818478584,0.11782247573137283,0.4148625135421753,,,
2766.0,2767.0,True,presidenta,closeup,0.7232440710067749,-0.0030203163623809814,0.25911077857017517,0.024296533316373825,0.028058400377631187,0.058351900428533554,0.024031294509768486,0.026971522718667984,0.10967987775802612,0.4694996178150177,,,
2767.0,2768.0,True,presidenta,closeup,0.6458477973937988,0.7101720571517944,0.19268286228179932,0.024316756054759026,0.010742113925516605,0.17792971432209015,0.03307482227683067,0.037957340478897095,0.10040836036205292,0.42288801074028015,,,
2768.0,2769.0,True,presidenta,closeup,0.8355607390403748,0.6766156554222107,0.17371481657028198,0.049747589975595474,0.009415692649781704,0.23646898567676544,0.03633058816194534,0.04172809049487114,0.1551865041255951,0.29740777611732483,,,
2769.0,2770.0,True,presidenta,closeup,0.8487367630004883,0.6296746730804443,0.19211865961551666,0.05731961876153946,0.008911159820854664,0.13898514211177826,0.025406964123249054,0.030576003715395927,0.0918564721941948,0.4548259675502777,,,
2770.0,2771.0,True,presidenta,closeup,0.9005864858627319,0.6283525228500366,0.17952415347099304,0.10552643984556198,0.009050030261278152,0.13134129345417023,0.0247489120811224,0.02472374029457569,0.08889218419790268,0.43619316816329956,,,
2771.0,2772.0,True,presidenta,closeup,0.6024208068847656,0.7514489889144897,0.16209201514720917,0.031565744429826736,0.011597131378948689,0.20475603640079498,0.039857979863882065,0.0444454587996006,0.14355982840061188,0.3621257543563843,,,
2772.0,2773.0,True,presidenta,closeup,0.4202369153499603,0.566614031791687,0.20104211568832397,0.012385365553200245,0.012610980309545994,0.14227993786334991,0.033452484756708145,0.04776223376393318,0.15719445049762726,0.39327239990234375,,,
2773.0,2774.0,True,presidenta,closeup,0.6321793794631958,0.6121184229850769,0.2676040232181549,0.025157179683446884,0.011318976990878582,0.0924205556511879,0.022605041041970253,0.03108939342200756,0.10396029055118561,0.44584450125694275,,,
2774.0,2775.0,True,presidenta,closeup,0.6164108514785767,0.44234320521354675,0.2575315237045288,0.01892678067088127,0.014325308613479137,0.10205953568220139,0.027978388592600822,0.04034945368766785,0.1275581270456314,0.41127094626426697,,,
2775.0,2776.0,True,presidenta,closeup,0.6045054197311401,0.563908040523529,0.21469631791114807,0.04548186808824539,0.019801899790763855,0.0714326798915863,0.02410261146724224,0.04679371789097786,0.11453332006931305,0.4631575644016266,,,
2776.0,2777.0,True,presidenta,closeup,0.7413597106933594,0.5332549214363098,0.21225254237651825,0.027036892250180244,0.014378038235008717,0.09427204728126526,0.02553658001124859,0.03654349595308304,0.10628615319728851,0.4836941957473755,,,
2777.0,2778.0,True,presidenta,closeup,0.6565120816230774,0.48483702540397644,0.2695421874523163,0.02122553065419197,0.017706286162137985,0.08280448615550995,0.023622842505574226,0.03431546688079834,0.0977669507265091,0.4530162513256073,,,
2778.0,2779.0,True,presidenta,closeup,0.7168605923652649,0.5054110288619995,0.25404027104377747,0.043488163501024246,0.018983565270900726,0.09722783416509628,0.02622191607952118,0.03922426328063011,0.1309891641139984,0.3898248076438904,,,
2779.0,2780.0,True,presidenta,closeup,0.7581945061683655,0.2380864918231964,0.2616121172904968,0.07231254875659943,0.014750857837498188,0.07569199055433273,0.020129360258579254,0.031122513115406036,0.11394406855106354,0.4104365408420563,,,
2780.0,2781.0,True,presidenta,closeup,0.4845588505268097,-0.513092577457428,0.33967679738998413,0.01230776309967041,0.02682725340127945,0.04517727345228195,0.01211707666516304,0.02050669863820076,0.15680144727230072,0.3865857720375061,,,
2781.0,2782.0,True,presidenta,closeup,0.1197303831577301,-0.06382477283477783,0.2130715698003769,0.010288799181580544,0.023909559473395348,0.05160578340291977,0.014743641018867493,0.04761268571019173,0.1996547281742096,0.4391132891178131,,,
2782.0,2783.0,True,presidenta,closeup,0.7808334827423096,0.5755157470703125,0.24092909693717957,0.045357394963502884,0.011105898767709732,0.11748269945383072,0.01988721266388893,0.02928241901099682,0.09858216345310211,0.4373731017112732,,,
2783.0,2784.0,True,presidenta,closeup,0.845890998840332,0.35264143347740173,0.2611291706562042,0.059226397424936295,0.014339630492031574,0.10069048404693604,0.019318049773573875,0.03474215790629387,0.11752045154571533,0.3930337131023407,,,
2784.0,2785.0,True,presidenta,closeup,0.3155147135257721,0.5400857329368591,0.07126011699438095,0.01377781480550766,0.0071873595006763935,0.12046012282371521,0.012255971319973469,0.09208672493696213,0.27967262268066406,0.4032993018627167,,,
2785.0,2786.0,True,presidenta,closeup,0.722447395324707,0.4619483947753906,0.2122575044631958,0.025099949911236763,0.015918802469968796,0.10677839070558548,0.022844022139906883,0.041564442217350006,0.1313469260931015,0.4441899061203003,,,
2786.0,2787.0,True,presidenta,closeup,0.6744651198387146,0.5211160182952881,0.22322015464305878,0.027085745707154274,0.015152146108448505,0.11874673515558243,0.020691724494099617,0.03863207995891571,0.09609217196702957,0.46037930250167847,,,
2787.0,2788.0,True,presidenta,closeup,0.8338492512702942,0.44745397567749023,0.2096949815750122,0.04961373656988144,0.013601996004581451,0.09022309631109238,0.01849786750972271,0.04164767637848854,0.09734296053647995,0.4793776273727417,,,
2788.0,2789.0,True,presidenta,closeup,0.9023721218109131,0.6518877744674683,0.1374271959066391,0.22068887948989868,0.00781882181763649,0.13929899036884308,0.016990186646580696,0.035974569618701935,0.11118156462907791,0.33061984181404114,,,
2789.0,2790.0,True,presidenta,closeup,0.935306191444397,0.5745596289634705,0.19164638221263885,0.17800945043563843,0.012654043734073639,0.1434624195098877,0.022863000631332397,0.01922564208507538,0.08325763791799545,0.34888142347335815,,,
2790.0,2791.0,True,presidenta,closeup,0.7495720982551575,0.3977699279785156,0.2704675495624542,0.03413354605436325,0.02346283383667469,0.11036064475774765,0.034645143896341324,0.02992224507033825,0.12688036262989044,0.37012767791748047,,,
2791.0,2792.0,True,presidenta,closeup,0.6985616087913513,0.537981390953064,0.22665037214756012,0.038616105914115906,0.011509722098708153,0.09833705425262451,0.023587524890899658,0.03855794668197632,0.11000929772853851,0.4527319669723511,,,
2792.0,2793.0,True,presidenta,closeup,0.7627831697463989,0.3338463306427002,0.28778207302093506,0.027906201779842377,0.015271044336259365,0.0900583565235138,0.020483750849962234,0.02686992473900318,0.1008906438946724,0.4307379722595215,,,
2793.0,2794.0,True,presidenta,closeup,0.7609800696372986,0.4838390350341797,0.24933554232120514,0.031108682975172997,0.017750592902302742,0.08986297249794006,0.022104118019342422,0.025707799941301346,0.10462018102407455,0.4595101773738861,,,
2794.0,2795.0,True,presidenta,closeup,0.9395827054977417,0.008397340774536133,0.26737236976623535,0.1442386358976364,0.014752412214875221,0.08052696287631989,0.01348668523132801,0.013724975287914276,0.10060658305883408,0.3652912974357605,,,
2795.0,2796.0,True,presidenta,closeup,0.6728435754776001,0.5042118430137634,0.16496965289115906,0.023628713563084602,0.01508164033293724,0.13454867899417877,0.02893441542983055,0.04559258371591568,0.16230635344982147,0.42493802309036255,,,
2796.0,2797.0,True,presidenta,closeup,0.588079571723938,0.6507607102394104,0.12785474956035614,0.018239125609397888,0.011888901703059673,0.17274856567382812,0.03662024065852165,0.060113973915576935,0.14146192371845245,0.43107256293296814,,,
2797.0,2798.0,True,presidenta,closeup,0.738732099533081,0.548382043838501,0.164967343211174,0.027896812185645103,0.013514264486730099,0.18764810264110565,0.026277242228388786,0.027866488322615623,0.10313211381435394,0.44869765639305115,,,
2798.0,2799.0,True,presidenta,closeup,0.8556691408157349,0.29566752910614014,0.23539572954177856,0.04822323098778725,0.01296665333211422,0.12847158312797546,0.02022378332912922,0.023204082623124123,0.09191393107175827,0.43960100412368774,,,
2799.0,2800.0,True,presidenta,closeup,0.2446792721748352,0.5800436735153198,0.1277388632297516,0.013244028203189373,0.02674974501132965,0.17607666552066803,0.04532895237207413,0.031095756217837334,0.18651075661182404,0.39325520396232605,,,
2800.0,2801.0,True,presidenta,closeup,0.8592127561569214,0.2435086965560913,0.233437180519104,0.029548505321145058,0.017113639041781425,0.16821162402629852,0.02355031669139862,0.022738125175237656,0.12689556181430817,0.37850502133369446,,,
2801.0,2802.0,True,presidenta,closeup,0.7320972084999084,0.5525931715965271,0.21757178008556366,0.027051474899053574,0.013740773312747478,0.19879667460918427,0.040439605712890625,0.02867039293050766,0.13391852378845215,0.33981069922447205,,,
2802.0,2803.0,True,presidenta,closeup,0.7469303011894226,0.5074187517166138,0.1694774478673935,0.030676640570163727,0.014521301724016666,0.15175122022628784,0.027546487748622894,0.03902818635106087,0.1293213963508606,0.4376772940158844,,,
2803.0,2804.0,True,presidenta,closeup,0.8226157426834106,0.5811018943786621,0.20868030190467834,0.051776278764009476,0.012502011843025684,0.13022831082344055,0.02304471842944622,0.03854914382100105,0.11510942876338959,0.4201098084449768,,,
2804.0,2805.0,True,presidenta,closeup,0.6993604302406311,0.4112173020839691,0.24186447262763977,0.029976660385727882,0.01849452406167984,0.10387590527534485,0.02574251964688301,0.03124973177909851,0.10949307680130005,0.4393031597137451,,,
2805.0,2806.0,True,presidenta,closeup,0.7820221185684204,0.6490557193756104,0.16441354155540466,0.05839432030916214,0.009541386738419533,0.11525608599185944,0.022295325994491577,0.04953555390238762,0.12607257068157196,0.4544912278652191,,,
2806.0,2807.0,True,presidenta,closeup,0.4522669315338135,0.6536958813667297,0.14884406328201294,0.009687034413218498,0.009851516224443913,0.1304256021976471,0.022342905402183533,0.053970761597156525,0.17943324148654938,0.44544488191604614,,,
2807.0,2808.0,True,presidenta,closeup,0.7058368921279907,0.17309290170669556,0.24348947405815125,0.02595050260424614,0.024856027215719223,0.09600076824426651,0.029261020943522453,0.037324581295251846,0.15382103621959686,0.38929659128189087,,,
2808.0,2809.0,True,presidenta,closeup,0.7917693853378296,0.40223535895347595,0.18697766959667206,0.03715062141418457,0.023657040670514107,0.14473332464694977,0.028176315128803253,0.04179339483380318,0.14638958871364594,0.391122043132782,,,
2809.0,2810.0,True,presidenta,closeup,0.6504898071289062,0.4920656979084015,0.1783813238143921,0.016491521149873734,0.017685506492853165,0.1711340844631195,0.03411056846380234,0.03570203483104706,0.13696198165416718,0.40953296422958374,,,
2810.0,2811.0,True,presidenta,closeup,0.5778148174285889,0.5913896560668945,0.2050473839044571,0.020981134846806526,0.016360538080334663,0.08685631304979324,0.02409304492175579,0.049023911356925964,0.12553663551807404,0.4721010625362396,,,
2811.0,2812.0,True,presidenta,closeup,0.730982780456543,0.3644765615463257,0.25437337160110474,0.0237390398979187,0.017815863713622093,0.1193372830748558,0.023692606016993523,0.02786577306687832,0.14200063049793243,0.3911754786968231,,,
2812.0,2813.0,True,presidenta,closeup,0.702324390411377,0.3412317633628845,0.2670646905899048,0.026319077238440514,0.02432580664753914,0.09783704578876495,0.02732178196310997,0.021549751982092857,0.12959806621074677,0.4059837758541107,,,
2813.0,2814.0,True,presidenta,closeup,0.8547462224960327,0.2471417486667633,0.28401267528533936,0.035877663642168045,0.018178528174757957,0.0895395576953888,0.021472029387950897,0.014816343784332275,0.08674288541078568,0.4493602514266968,,,
2814.0,2815.0,True,presidenta,closeup,0.8481473922729492,0.4321281909942627,0.23736046254634857,0.05611615255475044,0.015954643487930298,0.13689593970775604,0.028172876685857773,0.024204351007938385,0.12224411964416504,0.37905144691467285,,,
2815.0,2816.0,True,presidenta,closeup,0.10836467146873474,0.0066107213497161865,0.2113417387008667,0.010821908712387085,0.03865395858883858,0.04765278846025467,0.0173135194927454,0.040024708956480026,0.22911302745342255,0.4050784409046173,,,
2816.0,2817.0,True,presidenta,closeup,0.928356409072876,0.28251680731773376,0.16787368059158325,0.13313047587871552,0.016616063192486763,0.1641184240579605,0.02428840473294258,0.04686221852898598,0.13402079045772552,0.31308990716934204,,,
2817.0,2818.0,True,presidenta,closeup,0.8356906771659851,0.350501149892807,0.19943828880786896,0.04984312132000923,0.02237282134592533,0.1329497992992401,0.027319500222802162,0.03310391679406166,0.1336250752210617,0.40134745836257935,,,
2818.0,2819.0,True,presidenta,closeup,0.6254069209098816,0.49006226658821106,0.2012232095003128,0.017678983509540558,0.017308874055743217,0.08435377478599548,0.026403086259961128,0.036464955657720566,0.12239883840084076,0.49416831135749817,,,
2819.0,2820.0,True,presidenta,closeup,0.5412928462028503,0.4249211847782135,0.21516728401184082,0.013620302081108093,0.0170027744024992,0.0870828852057457,0.024963373318314552,0.04492770880460739,0.1126713827252388,0.48456427454948425,,,
2820.0,2821.0,True,presidenta,closeup,0.7086891531944275,0.3093770742416382,0.22227917611598969,0.02553391642868519,0.01933269016444683,0.074156254529953,0.02795168198645115,0.03293968364596367,0.10994879901409149,0.4878578186035156,,,
2821.0,2822.0,True,presidenta,closeup,0.591373085975647,0.3310864567756653,0.22218455374240875,0.015736877918243408,0.01615794189274311,0.08752929419279099,0.021982701495289803,0.03314322978258133,0.11123862117528915,0.49202677607536316,,,
2822.0,2823.0,True,presidenta,closeup,0.7219124436378479,0.30822253227233887,0.21190482378005981,0.02746124006807804,0.02156692184507847,0.1311766356229782,0.03192176669836044,0.03572803735733032,0.19478942453861237,0.3454512059688568,,,
2823.0,2824.0,True,presidenta,closeup,0.3844622075557709,0.39283323287963867,0.17621280252933502,0.013964574784040451,0.023626506328582764,0.10821197181940079,0.027701852843165398,0.05111086741089821,0.18618491291999817,0.4129865765571594,,,
2824.0,2825.0,True,presidenta,closeup,0.6103792190551758,0.750535249710083,0.10140141099691391,0.028034633025527,0.007330014836043119,0.245425745844841,0.030107131227850914,0.06954304873943329,0.16088689863681793,0.3572711646556854,,,
2825.0,2826.0,True,presidenta,closeup,0.65439772605896,0.5100653767585754,0.20716030895709991,0.0201445110142231,0.01483891997486353,0.10027310252189636,0.022372622042894363,0.036653321236371994,0.12215323001146317,0.47640398144721985,,,
2826.0,2827.0,True,presidenta,closeup,0.7138786315917969,0.3550230860710144,0.3231613039970398,0.018589092418551445,0.015383469872176647,0.061510469764471054,0.016080984845757484,0.01951037533581257,0.08291579782962799,0.4628484547138214,,,
2827.0,2828.0,True,presidenta,closeup,0.6608773469924927,0.41224434971809387,0.23022285103797913,0.02310342900454998,0.013044377788901329,0.09230247139930725,0.019908566027879715,0.03835055232048035,0.1336311250925064,0.44943663477897644,,,
2828.0,2829.0,True,presidenta,closeup,0.47300708293914795,0.1883736252784729,0.2244465947151184,0.011596343480050564,0.014924462884664536,0.05635576695203781,0.015410716645419598,0.03829373046755791,0.1353742927312851,0.5035980939865112,,,
2829.0,2830.0,True,presidenta,closeup,0.6343645453453064,0.3378394842147827,0.23885755240917206,0.020784012973308563,0.019277004525065422,0.08195371925830841,0.02675730735063553,0.04427315667271614,0.12459839135408401,0.443498820066452,,,
2830.0,2831.0,True,presidenta,closeup,0.6223812103271484,0.3965572416782379,0.23401783406734467,0.022483328357338905,0.015889259055256844,0.0921599268913269,0.02067125216126442,0.03787843883037567,0.12199070304632187,0.45490923523902893,,,
2831.0,2832.0,True,presidenta,closeup,0.6026217341423035,0.5568834543228149,0.18332402408123016,0.019666830077767372,0.015509167686104774,0.1436602622270584,0.03245868906378746,0.04279589653015137,0.16597521305084229,0.396609902381897,,,
2832.0,2833.0,True,presidenta,closeup,0.795139491558075,0.32514333724975586,0.23476232588291168,0.036566052585840225,0.024780580773949623,0.08045241981744766,0.02758120745420456,0.045937538146972656,0.13800325989723206,0.411916583776474,,,
2833.0,2834.0,True,presidenta,closeup,0.6699669361114502,0.5640914440155029,0.21089738607406616,0.033545371145009995,0.014635187573730946,0.11740422248840332,0.0354590080678463,0.03771713376045227,0.13295036554336548,0.41739127039909363,,,
2834.0,2835.0,True,presidenta,closeup,0.646432638168335,0.6756306886672974,0.17579957842826843,0.03183012455701828,0.009470227174460888,0.16464677453041077,0.028449304401874542,0.033595580607652664,0.13971103727817535,0.4164973497390747,,,
2835.0,2836.0,True,presidenta,closeup,0.6183959245681763,0.49644017219543457,0.22903183102607727,0.030827876180410385,0.009286047890782356,0.06737493723630905,0.012680010870099068,0.04441151022911072,0.10383918881416321,0.5025486350059509,,,
2836.0,2837.0,True,presidenta,closeup,0.6477041840553284,0.5836067199707031,0.228748619556427,0.039759520441293716,0.00785767287015915,0.06419618427753448,0.012301874347031116,0.038762301206588745,0.09694827347993851,0.5114255547523499,,,
2837.0,2838.0,True,presidenta,closeup,0.6484973430633545,0.4395611882209778,0.23267772793769836,0.04021366685628891,0.01130763441324234,0.06685317307710648,0.016922183334827423,0.035357631742954254,0.09004277735948563,0.506625235080719,,,
2838.0,2839.0,True,presidenta,closeup,0.6255549788475037,0.5084575414657593,0.21592754125595093,0.0491497777402401,0.01180345844477415,0.0671364888548851,0.017129333689808846,0.043568097054958344,0.09781935811042786,0.49746599793434143,,,
2839.0,2840.0,True,presidenta,closeup,0.6020613312721252,0.375118613243103,0.2622591257095337,0.03299081698060036,0.014417480677366257,0.05572674795985222,0.015504783019423485,0.031924426555633545,0.09021080285310745,0.4969657063484192,,,
2840.0,2841.0,True,presidenta,closeup,0.19754421710968018,0.14105069637298584,0.14341066777706146,0.009124021045863628,0.02189626172184944,0.048048608005046844,0.01320065837353468,0.07749786972999573,0.18658825755119324,0.5002336502075195,,,
2841.0,2842.0,True,presidenta,closeup,0.5682769417762756,0.7365920543670654,0.1409742534160614,0.01727098785340786,0.006620996166020632,0.1004600003361702,0.017322618514299393,0.061133380979299545,0.16854976117610931,0.48766791820526123,,,
2842.0,2843.0,True,presidenta,closeup,0.8438965678215027,0.15251588821411133,0.26411283016204834,0.03535293787717819,0.017599202692508698,0.06972260028123856,0.016859600320458412,0.026572180911898613,0.08337750285863876,0.4864031970500946,,,
2843.0,2844.0,True,presidenta,closeup,0.2355738878250122,0.003078460693359375,0.14993241429328918,0.007957853376865387,0.023666495457291603,0.08852610737085342,0.017800167202949524,0.04859018325805664,0.3247706890106201,0.33875611424446106,,,
2844.0,2845.0,True,presidenta,closeup,0.639535665512085,0.20736625790596008,0.19147247076034546,0.013845960609614849,0.030601168051362038,0.0684429332613945,0.023515349254012108,0.04510502889752388,0.20403920114040375,0.42297786474227905,,,
2845.0,2846.0,True,presidenta,closeup,0.26396381855010986,0.14996623992919922,0.163271963596344,0.00882742926478386,0.0809468924999237,0.04976208880543709,0.023771462962031364,0.04823144152760506,0.2166234403848648,0.4085652530193329,,,
2846.0,2847.0,True,presidenta,closeup,0.6745631694793701,0.25519779324531555,0.18798969686031342,0.014097008854150772,0.021630052477121353,0.07216109335422516,0.01624065265059471,0.04206494614481926,0.18746568262577057,0.4583508372306824,,,
2847.0,2848.0,True,presidenta,closeup,0.7617850303649902,0.21513715386390686,0.209012970328331,0.027590015903115273,0.020099038258194923,0.09745010733604431,0.021591413766145706,0.03515021875500679,0.14766384661197662,0.4414423406124115,,,
2848.0,2849.0,True,presidenta,closeup,0.6519047021865845,0.5879379510879517,0.1088864728808403,0.02691117487847805,0.01578209362924099,0.17001883685588837,0.03378496319055557,0.05074873939156532,0.2530754506587982,0.34079229831695557,,,
2849.0,2850.0,True,presidenta,closeup,0.295320987701416,0.7309257388114929,0.13988792896270752,0.009733409620821476,0.014016288332641125,0.18195495009422302,0.030647704377770424,0.05820829048752785,0.21961922943592072,0.3459322154521942,,,
2850.0,2851.0,True,presidenta,closeup,0.9127733707427979,0.59241783618927,0.21323949098587036,0.18436388671398163,0.008345379494130611,0.14322668313980103,0.021441712975502014,0.02146008424460888,0.08024007827043533,0.3276826739311218,,,
2851.0,2852.0,True,presidenta,closeup,0.9385297894477844,0.6658178567886353,0.1540720909833908,0.2583208680152893,0.004310809075832367,0.13961544632911682,0.01984928734600544,0.01858319714665413,0.06251010298728943,0.34273821115493774,,,
2852.0,2853.0,True,presidenta,closeup,0.7571873068809509,0.5194405317306519,0.22511787712574005,0.04335707053542137,0.010470165871083736,0.0762673020362854,0.021706877276301384,0.02917049266397953,0.09407751262187958,0.49983274936676025,,,
2853.0,2854.0,True,presidenta,closeup,0.9274762272834778,0.5781053304672241,0.1762973517179489,0.21479421854019165,0.006349562201648951,0.12860733270645142,0.013367530889809132,0.0241704098880291,0.07213526219129562,0.3642783463001251,,,
2854.0,2855.0,True,presidenta,closeup,0.9293097853660583,0.4935477674007416,0.1660122126340866,0.2848445475101471,0.007800056599080563,0.11690809577703476,0.020507289096713066,0.021694498136639595,0.09007316082715988,0.2921600341796875,,,
2855.0,2856.0,True,presidenta,closeup,0.5730605125427246,0.232835590839386,0.3067014515399933,0.0197798702865839,0.038241077214479446,0.054364755749702454,0.026624532416462898,0.01958683505654335,0.10980987548828125,0.42489156126976013,,,
2856.0,2857.0,True,presidenta,closeup,0.9171533584594727,0.27397650480270386,0.30536267161369324,0.08798923343420029,0.012959699146449566,0.08407025039196014,0.01690748706459999,0.013102320022881031,0.06964718550443649,0.40996116399765015,,,
2857.0,2858.0,True,presidenta,closeup,0.7671756744384766,0.5692485570907593,0.22295638918876648,0.06119358167052269,0.010729728266596794,0.0809921994805336,0.01981249637901783,0.02918776497244835,0.08703998476266861,0.48808786273002625,,,
2858.0,2859.0,True,presidenta,closeup,0.942924439907074,0.25026702880859375,0.29351890087127686,0.11893095076084137,0.010330919176340103,0.07512832432985306,0.013293283991515636,0.015587608329951763,0.06272285431623459,0.4104871153831482,,,
2859.0,2860.0,True,presidenta,closeup,0.7529060244560242,0.42705872654914856,0.25621169805526733,0.03990788012742996,0.010205013677477837,0.10328409075737,0.013077387586236,0.02940748631954193,0.11058849841356277,0.43731802701950073,,,
2860.0,2861.0,True,presidenta,closeup,0.7055176496505737,0.19806036353111267,0.23267477750778198,0.02428356185555458,0.021594755351543427,0.0791599377989769,0.014167672023177147,0.03714984655380249,0.1023712232708931,0.4885982871055603,,,
2861.0,2862.0,True,presidenta,closeup,0.66480553150177,0.5710649490356445,0.2002638280391693,0.046801112592220306,0.008938930928707123,0.09668567776679993,0.01748817414045334,0.047654736787080765,0.12397719919681549,0.458190381526947,,,
2862.0,2863.0,True,presidenta,closeup,0.6665662527084351,0.6354649066925049,0.17574049532413483,0.038349445909261703,0.009220225736498833,0.09870510548353195,0.017582541331648827,0.04171011224389076,0.11984643340110779,0.498845636844635,,,
2863.0,2864.0,True,presidenta,closeup,0.7137300968170166,0.6223366260528564,0.18128745257854462,0.07404351234436035,0.01559954322874546,0.10240986943244934,0.020824825391173363,0.04665907844901085,0.12057381868362427,0.43860185146331787,,,
2864.0,2865.0,True,presidenta,closeup,0.784691333770752,-0.06409379839897156,0.2651599943637848,0.025276530534029007,0.024313047528266907,0.09644154459238052,0.021550405770540237,0.039287589490413666,0.1666930913925171,0.36127781867980957,,,
2865.0,2866.0,True,presidenta,closeup,0.7455116510391235,0.6824896335601807,0.15476182103157043,0.05443959683179855,0.009086346253752708,0.1623295694589615,0.029430972412228584,0.04953598976135254,0.13365130126476288,0.40676435828208923,,,
2866.0,2867.0,True,presidenta,closeup,0.7724376916885376,0.673044741153717,0.15418455004692078,0.04665270820260048,0.009964785538613796,0.18684376776218414,0.02828790806233883,0.03882875666022301,0.14658890664577484,0.3886485695838928,,,
2867.0,2868.0,True,presidenta,closeup,0.7410845160484314,0.391568124294281,0.2203957885503769,0.03633252903819084,0.01311041321605444,0.07091120630502701,0.01740356907248497,0.033942028880119324,0.0973581075668335,0.5105463266372681,,,
2868.0,2869.0,True,presidenta,closeup,0.8825851082801819,0.34444594383239746,0.21711605787277222,0.13649041950702667,0.010035363025963306,0.08939419686794281,0.013200422748923302,0.02922375313937664,0.09567700326442719,0.40886276960372925,,,
2869.0,2870.0,True,presidenta,closeup,0.887420117855072,-0.02976873517036438,0.29181426763534546,0.07743735611438751,0.022119065746665,0.07473369687795639,0.02053888514637947,0.022677436470985413,0.129814013838768,0.3608652651309967,,,
2870.0,2871.0,True,presidenta,closeup,0.5454526543617249,0.04297232627868652,0.2947388291358948,0.015834074467420578,0.017392419278621674,0.051732588559389114,0.01468587201088667,0.04306851699948311,0.11017560958862305,0.4523720443248749,,,
2871.0,2872.0,True,presidenta,closeup,0.570918083190918,0.4213833510875702,0.25031641125679016,0.023407183587551117,0.013647177256643772,0.09752156585454941,0.02173548750579357,0.032629407942295074,0.12407749146223068,0.4366653263568878,,,
2872.0,2873.0,True,presidenta,closeup,0.7657722234725952,0.460288941860199,0.2687034606933594,0.06446903198957443,0.009978479705750942,0.05983126908540726,0.01402027253061533,0.030306484550237656,0.08118584752082825,0.47150516510009766,,,
2873.0,2874.0,True,presidenta,closeup,0.6741442680358887,0.5356020927429199,0.19492121040821075,0.03983794152736664,0.00976667832583189,0.08112780749797821,0.01387571170926094,0.0450960211455822,0.11093082278966904,0.5044438242912292,,,
2874.0,2875.0,True,presidenta,closeup,0.7762748599052429,0.04582938551902771,0.3318151831626892,0.02589058317244053,0.01412268914282322,0.059772055596113205,0.013414870947599411,0.018795382231473923,0.07926229387521744,0.4569269120693207,,,
2875.0,2876.0,True,presidenta,closeup,0.7564178705215454,0.20531466603279114,0.2732900083065033,0.070561982691288,0.016775643453001976,0.09850368648767471,0.022012347355484962,0.028777729719877243,0.14962880313396454,0.34044981002807617,,,
2876.0,2877.0,False,,wide,,,,,,,,,,,,,
2877.0,2878.0,False,,wide,,,,,,,,,,,,,
2878.0,2879.0,False,,wide,,,,,,,,,,,,,
2879.0,2880.0,False,,wide,,,,,,,,,,,,,
2880.0,2881.0,True,otro,closeup,0.07544413208961487,0.6376967430114746,0.3131665885448456,0.020233705639839172,0.014449266716837883,0.03860964626073837,0.011525464244186878,0.047451384365558624,0.14968173205852509,0.40488216280937195,,,
2881.0,2882.0,True,otro,closeup,-0.28640100359916687,0.4994807243347168,0.3593893051147461,0.00569947250187397,0.021489614620804787,0.027749037370085716,0.009578285738825798,0.051425717771053314,0.1293848305940628,0.3952837288379669,,,
2882.0,2883.0,True,otro,closeup,-0.21031096577644348,0.5255135297775269,0.3927226662635803,0.011592247523367405,0.026909098029136658,0.029254768043756485,0.010679488070309162,0.044357940554618835,0.11912205070257187,0.36536166071891785,,,
2883.0,2884.0,True,otro,closeup,-0.21935248374938965,0.8351935148239136,0.19009193778038025,0.022992823272943497,0.00840452779084444,0.08495748043060303,0.01686648651957512,0.06020470708608627,0.20094318687915802,0.41553884744644165,,,
2884.0,2885.0,True,otro,closeup,-0.26531338691711426,0.5495070219039917,0.3688354790210724,0.01085507683455944,0.02123996801674366,0.033321380615234375,0.00970244500786066,0.05405265465378761,0.14095790684223175,0.3610350489616394,,,
2885.0,2886.0,True,otro,closeup,0.022872477769851685,0.6549960374832153,0.3123672604560852,0.02492337115108967,0.01438666321337223,0.049382880330085754,0.010498179122805595,0.05658114701509476,0.14025165140628815,0.3916087746620178,,,
2886.0,2887.0,True,otro,closeup,-0.20388618111610413,0.66322922706604,0.30528536438941956,0.01197191420942545,0.020399782806634903,0.0432504341006279,0.01391396950930357,0.04880259186029434,0.15004964172840118,0.40632638335227966,,,
2887.0,2888.0,True,otro,closeup,0.2019193470478058,0.6440973281860352,0.31555286049842834,0.03832267224788666,0.014615883119404316,0.05219645798206329,0.010976400226354599,0.04926496744155884,0.14061273634433746,0.3784579932689667,,,
2888.0,2889.0,True,otro,closeup,-0.24621877074241638,0.687810480594635,0.29471927881240845,0.015519650653004646,0.020169910043478012,0.05043456330895424,0.01584549993276596,0.052183374762535095,0.1647339165210724,0.38639387488365173,,,
2889.0,2890.0,True,otro,closeup,-0.2532151937484741,0.3956071734428406,0.2789096236228943,0.013419069349765778,0.02186327427625656,0.029028769582509995,0.00935410987585783,0.06229131668806076,0.19378221035003662,0.3913515508174896,,,
2890.0,2891.0,True,otro,closeup,-0.678508996963501,0.5051843523979187,0.33155497908592224,0.0026537086814641953,0.03271696716547012,0.028452875092625618,0.011207613162696362,0.056865472346544266,0.1545165330171585,0.3820318579673767,,,
2891.0,2892.0,True,otro,closeup,0.40285107493400574,0.7067245244979858,0.32258081436157227,0.05564336106181145,0.013927699066698551,0.07652939856052399,0.013738025911152363,0.050995834171772,0.1258087009191513,0.34077614545822144,,,
2892.0,2893.0,True,otro,closeup,0.26222482323646545,0.7362304329872131,0.33010175824165344,0.05871862545609474,0.013291864655911922,0.05008161440491676,0.012541471980512142,0.04213749244809151,0.11382603645324707,0.3793011009693146,,,
2893.0,2894.0,True,otro,closeup,0.1953870952129364,0.6414289474487305,0.3051433265209198,0.0514724925160408,0.017251312732696533,0.053374581038951874,0.013353238813579082,0.0583377331495285,0.14396817982196808,0.35709911584854126,,,
2894.0,2895.0,True,otro,closeup,-0.12630176544189453,0.6772239804267883,0.30398979783058167,0.02115396410226822,0.018537981435656548,0.04927648976445198,0.015458103269338608,0.04736487939953804,0.14266395568847656,0.40155482292175293,,,
2895.0,2896.0,True,otro,closeup,0.3612320125102997,0.7928311824798584,0.2927613854408264,0.07864315062761307,0.010521212592720985,0.07801633328199387,0.013810736127197742,0.03776123747229576,0.13954155147075653,0.34894442558288574,,,
2896.0,2897.0,True,otro,closeup,0.4917510151863098,0.7611883282661438,0.3281315565109253,0.07721762359142303,0.014072611927986145,0.05627686157822609,0.010763656347990036,0.044256798923015594,0.13056664168834686,0.3387141823768616,,,
2897.0,2898.0,True,otro,closeup,0.42577189207077026,0.8145357966423035,0.2596607506275177,0.13313332200050354,0.008524851873517036,0.06584954261779785,0.012568900361657143,0.049391888082027435,0.1262788623571396,0.34459188580513,,,
2898.0,2899.0,True,otro,closeup,-0.05266675353050232,0.6798349618911743,0.3249821364879608,0.02277308702468872,0.014485383406281471,0.04717420041561127,0.010970829986035824,0.04431309923529625,0.15226291120052338,0.38303831219673157,,,
2899.0,2900.0,True,otro,closeup,0.06744050979614258,0.7069641351699829,0.3186834454536438,0.027928775176405907,0.013542450964450836,0.05643909052014351,0.012408669106662273,0.048311252146959305,0.14648041129112244,0.3762059211730957,,,
2900.0,2901.0,True,otro,closeup,-0.3017677366733551,0.7737218141555786,0.287435382604599,0.010179872624576092,0.013121109455823898,0.06113002076745033,0.015288555063307285,0.047926049679517746,0.16719256341457367,0.3977263867855072,,,
2901.0,2902.0,True,otro,closeup,-0.36781126260757446,0.18642470240592957,0.38047605752944946,0.013597546145319939,0.025008318945765495,0.032188381999731064,0.008439506404101849,0.04535626620054245,0.1805029660463333,0.31443101167678833,,,
2902.0,2903.0,True,otro,closeup,-0.21379724144935608,0.757182776927948,0.29411619901657104,0.011449052020907402,0.009452221915125847,0.047752294689416885,0.011737397871911526,0.04560885578393936,0.1538945883512497,0.42598938941955566,,,
2903.0,2904.0,True,otro,closeup,-0.1290455162525177,0.5269477367401123,0.3694674074649811,0.01604660600423813,0.022606369107961655,0.03992413729429245,0.012548300437629223,0.046471599489450455,0.1295284479856491,0.3634071350097656,,,
2904.0,2905.0,True,otro,closeup,0.1427382528781891,0.6859073042869568,0.25778549909591675,0.02940262295305729,0.014738286845386028,0.07336421310901642,0.01329248771071434,0.06623421609401703,0.16089767217636108,0.38428500294685364,,,
2905.0,2906.0,True,otro,closeup,-0.1654333770275116,0.6688048839569092,0.32664185762405396,0.013139983639121056,0.021186919882893562,0.04817976430058479,0.014544970355927944,0.06433986872434616,0.1462365835905075,0.3657301068305969,,,
2906.0,2907.0,True,otro,closeup,0.02481141686439514,0.5278668999671936,0.35273388028144836,0.01256189588457346,0.026683490723371506,0.04500707611441612,0.011889826506376266,0.048041872680187225,0.12143465876579285,0.3816473186016083,,,
2907.0,2908.0,True,otro,closeup,0.2527539134025574,0.7661204934120178,0.2588200867176056,0.05849635228514671,0.013662026263773441,0.05492214113473892,0.014836786314845085,0.06660724431276321,0.18787483870983124,0.34478047490119934,,,
2908.0,2909.0,True,otro,closeup,0.08636364340782166,0.08604651689529419,0.537138819694519,0.018664799630641937,0.018792709335684776,0.01851356215775013,0.004261511377990246,0.02434404380619526,0.1316172182559967,0.24666725099086761,,,
2909.0,2910.0,True,otro,closeup,0.20680907368659973,0.6176947355270386,0.4113117754459381,0.030428193509578705,0.0169714093208313,0.04231798276305199,0.009276259690523148,0.04257771000266075,0.1301822066307068,0.3169344663619995,,,
2910.0,2911.0,True,otro,closeup,-0.04514631628990173,0.5662571787834167,0.4265801012516022,0.01819870062172413,0.02031855285167694,0.02873760275542736,0.009862116537988186,0.05815606191754341,0.12113825231790543,0.3170086145401001,,,
2911.0,2912.0,False,,wide,,,,,,,,,,,,,
2912.0,2913.0,False,,wide,,,,,,,,,,,,,
2913.0,2914.0,False,,wide,,,,,,,,,,,,,
2914.0,2915.0,False,,wide,,,,,,,,,,,,,
2915.0,2916.0,False,,wide,,,,,,,,,,,,,
2916.0,2917.0,False,,wide,,,,,,,,,,,,,
2917.0,2918.0,False,,wide,,,,,,,,,,,,,
2918.0,2919.0,False,,wide,,,,,,,,,,,,,
2919.0,2920.0,False,,wide,,,,,,,,,,,,,
2920.0,2921.0,False,,wide,,,,,,,,,,,,,
2921.0,2922.0,False,,wide,,,,,,,,,,,,,
2922.0,2923.0,False,,wide,,,,,,,,,,,,,
2923.0,2924.0,True,otro,closeup,-0.2982862889766693,0.6434174180030823,0.21761785447597504,0.002382665639743209,0.006512525957077742,0.0969700738787651,0.020958373323082924,0.05579447001218796,0.3383258581161499,0.26143819093704224,,,
2924.0,2925.0,True,otro,closeup,0.07161659002304077,0.6889505386352539,0.29880157113075256,0.00331821758300066,0.0062470342963933945,0.09751579910516739,0.01719108782708645,0.030212443321943283,0.2680545747280121,0.27865928411483765,,,
2925.0,2926.0,True,otro,closeup,-0.11317124962806702,0.7804076671600342,0.2232385128736496,0.003667672397568822,0.005625266116112471,0.13338536024093628,0.021254083141684532,0.037398286163806915,0.30290505290031433,0.2725257873535156,,,
2926.0,2927.0,True,otro,closeup,-0.0042552947998046875,0.7582905292510986,0.2096332311630249,0.00391006376594305,0.005210604052990675,0.11990616470575333,0.018198352307081223,0.0433005653321743,0.29465800523757935,0.3051829934120178,,,
2927.0,2928.0,True,otro,closeup,-0.15943849086761475,0.7277321219444275,0.21894457936286926,0.0026322631165385246,0.004506540950387716,0.09720120579004288,0.01519969291985035,0.04553578794002533,0.3287697434425354,0.28721022605895996,,,
2928.0,2929.0,True,otro,closeup,-0.032623618841171265,0.7536702752113342,0.2293699085712433,0.003357436740770936,0.005275269038975239,0.1459845006465912,0.018891049548983574,0.03144512698054314,0.31779995560646057,0.24787679314613342,,,
2929.0,2930.0,True,otro,closeup,0.47891318798065186,-0.45981451869010925,0.3078196942806244,0.013356434181332588,0.05946739763021469,0.08860337734222412,0.03638485074043274,0.02195030264556408,0.31480732560157776,0.15761058032512665,,,
2930.0,2931.0,True,otro,closeup,0.7219299674034119,-0.22000277042388916,0.335568904876709,0.027528448030352592,0.04431751370429993,0.10773341357707977,0.026149652898311615,0.02653321996331215,0.29311636090278625,0.13905249536037445,,,
2931.0,2932.0,True,otro,closeup,0.4828318655490875,0.20136883854866028,0.3171713650226593,0.008412868715822697,0.029424598440527916,0.07419677078723907,0.017910385504364967,0.02767590805888176,0.31104058027267456,0.21416747570037842,,,
2932.0,2933.0,True,otro,closeup,-0.1599045991897583,0.5786589980125427,0.32659363746643066,0.003183877095580101,0.010774079710245132,0.05922964960336685,0.018553227186203003,0.046728622168302536,0.2483198046684265,0.28661713004112244,,,
2933.0,2934.0,True,otro,closeup,0.000366896390914917,0.6855325698852539,0.24968327581882477,0.0035934301558882,0.007313642650842667,0.09573141485452652,0.01864224672317505,0.03592434898018837,0.3118967115879059,0.2772149443626404,,,
2934.0,2935.0,True,otro,closeup,-0.10732665657997131,0.5585922002792358,0.27216675877571106,0.0022115649189800024,0.008372362703084946,0.08964132517576218,0.021527985110878944,0.036258336156606674,0.280882865190506,0.28893885016441345,,,
2935.0,2936.0,True,otro,closeup,0.7574053406715393,-0.06128916144371033,0.18668852746486664,0.044262323528528214,0.03575124964118004,0.1852109730243683,0.03253430128097534,0.02871019020676613,0.35613128542900085,0.13071121275424957,,,
2936.0,2937.0,True,otro,closeup,0.9469422101974487,-0.652191162109375,0.26594114303588867,0.09244757145643234,0.16473041474819183,0.10594834387302399,0.028684964403510094,0.009693346917629242,0.23547600209712982,0.09707824885845184,,,
2937.0,2938.0,True,otro,closeup,0.8865460157394409,-0.5377393364906311,0.25411611795425415,0.08141597360372543,0.14415308833122253,0.0534282848238945,0.03559467941522598,0.030325667932629585,0.23841558396816254,0.16255058348178864,,,
2938.0,2939.0,True,otro,closeup,-0.6515945196151733,0.7528259754180908,0.12439631670713425,0.0037133023142814636,0.010579526424407959,0.07402302324771881,0.015725670382380486,0.15149784088134766,0.18145738542079926,0.438606858253479,,,
2939.0,2940.0,True,otro,closeup,0.4276634454727173,0.5175052285194397,0.16949471831321716,0.02814832702279091,0.025102714076638222,0.14008069038391113,0.04960807412862778,0.06261181831359863,0.4351861774921417,0.0897674709558487,,,
2940.0,2941.0,True,otro,closeup,-0.5019472241401672,0.7615424394607544,0.08669307827949524,0.005919595714658499,0.008051862940192223,0.11673212796449661,0.01563202030956745,0.16643474996089935,0.23401865363121033,0.36651790142059326,,,
2941.0,2942.0,True,otro,closeup,-0.10037505626678467,0.781487226486206,0.1876840591430664,0.005023592617362738,0.010795255191624165,0.12105248868465424,0.024415990337729454,0.05951064079999924,0.3755902945995331,0.21592766046524048,,,
2942.0,2943.0,True,otro,closeup,-0.2130908966064453,0.7459514737129211,0.2356378138065338,0.0036693832371383905,0.01547173224389553,0.09139437973499298,0.027341168373823166,0.06907966732978821,0.3321663737297058,0.22523954510688782,,,
2943.0,2944.0,True,otro,closeup,0.2714831531047821,0.46250519156455994,0.2093687504529953,0.011633344925940037,0.031071817502379417,0.11366380006074905,0.032704293727874756,0.07457432150840759,0.3552849292755127,0.17169874906539917,,,
2944.0,2945.0,True,otro,closeup,0.5069648027420044,0.36304914951324463,0.23690493404865265,0.021379534155130386,0.031651344150304794,0.11290159821510315,0.030316192656755447,0.042838189750909805,0.3656083345413208,0.15839983522891998,,,
2945.0,2946.0,True,otro,closeup,0.4991784393787384,0.15364685654640198,0.25683465600013733,0.016813576221466064,0.02821849100291729,0.13728083670139313,0.030731139704585075,0.03253154829144478,0.3396657705307007,0.15792399644851685,,,
2946.0,2947.0,True,otro,closeup,0.5639294981956482,0.17623645067214966,0.3303896486759186,0.016165897250175476,0.02860351838171482,0.08319547027349472,0.021893441677093506,0.028298111632466316,0.31832095980644226,0.173132985830307,,,
2947.0,2948.0,True,otro,closeup,0.38082849979400635,0.2857983708381653,0.17733129858970642,0.01418258622288704,0.027203984558582306,0.17067743837833405,0.029989395290613174,0.0485653355717659,0.3967010974884033,0.13534881174564362,,,
2948.0,2949.0,True,otro,closeup,0.70008385181427,0.4954701364040375,0.2456844449043274,0.040067121386528015,0.0267932191491127,0.12195338308811188,0.029658453539013863,0.04581424221396446,0.348965585231781,0.14106357097625732,,,
2949.0,2950.0,True,otro,closeup,0.4861386716365814,-0.15978193283081055,0.267264187335968,0.013071918860077858,0.06987858563661575,0.07689174264669418,0.026180129498243332,0.03359878808259964,0.33808663487434387,0.17502807080745697,,,
2950.0,2951.0,True,otro,closeup,0.7312883138656616,0.29286661744117737,0.10385538637638092,0.0434657484292984,0.0469806082546711,0.23913347721099854,0.05263390392065048,0.08271552622318268,0.3501530885696411,0.08106227219104767,,,
2951.0,2952.0,True,otro,closeup,0.7760416865348816,0.042150288820266724,0.15180926024913788,0.053923964500427246,0.04812735319137573,0.15827676653862,0.043204981833696365,0.06924706697463989,0.39116761088371277,0.0842430591583252,,,
2952.0,2953.0,True,otro,closeup,0.7306793928146362,0.16812145709991455,0.13598132133483887,0.04878673329949379,0.054726291447877884,0.21154725551605225,0.04382443055510521,0.06716091185808182,0.3477438986301422,0.0902290865778923,,,
2953.0,2954.0,True,otro,closeup,0.747412383556366,0.3070167303085327,0.1622178554534912,0.056648138910532,0.023328080773353577,0.2115616798400879,0.034882813692092896,0.04719962924718857,0.36167076230049133,0.10249105840921402,,,
2954.0,2955.0,True,otro,closeup,-0.8264380693435669,0.7837873101234436,0.09696821123361588,0.002018897095695138,0.015502740629017353,0.07450923323631287,0.01912377029657364,0.13509003818035126,0.2607658803462982,0.39602118730545044,,,
2955.0,2956.0,True,otro,closeup,-0.4688962697982788,0.7758390307426453,0.12021023035049438,0.001995926024392247,0.012547343969345093,0.0678340494632721,0.03233693540096283,0.09316656738519669,0.45320168137550354,0.21870721876621246,,,
2956.0,2957.0,True,otro,closeup,0.09544044733047485,0.4603901505470276,0.25946396589279175,0.0032031068112701178,0.01422298327088356,0.10444194078445435,0.020748674869537354,0.054936397820711136,0.2806970179080963,0.26228591799736023,,,
2957.0,2958.0,True,otro,closeup,0.12081030011177063,0.6696318984031677,0.24506694078445435,0.004720023833215237,0.010399180464446545,0.12189748138189316,0.021587276831269264,0.05567503347992897,0.3045201599597931,0.2361339032649994,,,
2958.0,2959.0,True,otro,closeup,-0.13032302260398865,0.5976042747497559,0.23837682604789734,0.002989036962389946,0.010715337470173836,0.10491616278886795,0.024496696889400482,0.05867400020360947,0.3060915172100067,0.2537404000759125,,,
2959.0,2960.0,True,otro,closeup,-0.10526621341705322,0.6843400001525879,0.21849314868450165,0.0033214325085282326,0.01126906182616949,0.08023959398269653,0.023936685174703598,0.059650667011737823,0.35003387928009033,0.25305554270744324,,,
2960.0,2961.0,True,otro,closeup,0.344833105802536,0.4915829598903656,0.23043213784694672,0.005592475179582834,0.01619855873286724,0.18606461584568024,0.024816693738102913,0.02623414620757103,0.36158353090286255,0.14907784759998322,,,
2961.0,2962.0,True,otro,closeup,0.370583713054657,0.02530604600906372,0.22070243954658508,0.01134664099663496,0.08389919251203537,0.07894372940063477,0.047754742205142975,0.03712622821331024,0.3885980248451233,0.13162904977798462,,,
2962.0,2963.0,True,otro,closeup,-0.16587534546852112,0.1617528200149536,0.1256801038980484,0.0080269705504179,0.10058014839887619,0.05323341116309166,0.03756076097488403,0.08872003108263016,0.4447680413722992,0.14143051207065582,,,
2963.0,2964.0,True,otro,closeup,0.3956185281276703,0.5656411051750183,0.2461751401424408,0.029516136273741722,0.019243717193603516,0.10817959904670715,0.03543025255203247,0.0674760490655899,0.36617109179496765,0.12780793011188507,,,
2964.0,2965.0,True,presidenta,closeup,0.43261808156967163,0.21699228882789612,0.2777522802352905,0.01799166016280651,0.027991708368062973,0.07748711109161377,0.026069041341543198,0.0326392725110054,0.14723819494247437,0.3928307294845581,,,
2965.0,2966.0,True,presidenta,closeup,0.539953351020813,-0.12085399031639099,0.3161281943321228,0.01605415903031826,0.036114729940891266,0.08783102035522461,0.02241266332566738,0.024459391832351685,0.15105491876602173,0.34594491124153137,,,
2966.0,2967.0,True,presidenta,closeup,0.4843183755874634,0.6256440877914429,0.2500641644001007,0.015592163428664207,0.01689206063747406,0.16996102035045624,0.033501092344522476,0.02566003054380417,0.1507491022348404,0.3375803530216217,,,
2967.0,2968.0,True,presidenta,closeup,0.4296461343765259,0.5863573551177979,0.21882639825344086,0.02286708354949951,0.018403295427560806,0.10381072759628296,0.026902247220277786,0.04702247679233551,0.1593381017446518,0.40282970666885376,,,
2968.0,2969.0,True,presidenta,closeup,0.09980475902557373,0.36665013432502747,0.22952578961849213,0.007015586365014315,0.02058340050280094,0.06097464635968208,0.016999704763293266,0.03080637939274311,0.16052588820457458,0.47356855869293213,,,
2969.0,2970.0,True,presidenta,closeup,0.04428204894065857,0.4569636881351471,0.2037537395954132,0.00810263305902481,0.027102842926979065,0.0785617083311081,0.029759850353002548,0.02653135545551777,0.151289165019989,0.47489872574806213,,,
2970.0,2971.0,True,presidenta,closeup,0.7151247262954712,0.149053692817688,0.32025888562202454,0.0450221486389637,0.020653363317251205,0.09556054323911667,0.022539742290973663,0.024342365562915802,0.0920536145567894,0.37956932187080383,,,
2971.0,2972.0,True,presidenta,closeup,0.5043333172798157,0.11078706383705139,0.3204682767391205,0.016720179468393326,0.02268732525408268,0.07958561182022095,0.024087876081466675,0.02876974456012249,0.1405523270368576,0.3671287000179291,,,
2972.0,2973.0,True,presidenta,closeup,0.4117225408554077,0.06329050660133362,0.3203401565551758,0.012280947528779507,0.025223728269338608,0.05182497575879097,0.016515154391527176,0.020364971831440926,0.1000690832734108,0.45338091254234314,,,
2973.0,2974.0,True,presidenta,closeup,0.3423062562942505,0.33834779262542725,0.27373573184013367,0.010385883040726185,0.01579432561993599,0.09553208202123642,0.021219968795776367,0.03120860829949379,0.13759395480155945,0.4145294725894928,,,
2974.0,2975.0,True,presidenta,closeup,0.08459234237670898,0.19901973009109497,0.28762292861938477,0.0061546084471046925,0.04002564772963524,0.04900505393743515,0.023930806666612625,0.033411506563425064,0.14596982300281525,0.4138796627521515,,,
2975.0,2976.0,True,presidenta,closeup,0.6270543932914734,0.519444465637207,0.25043603777885437,0.02725704200565815,0.013303234241902828,0.11413943022489548,0.017699861899018288,0.024445336312055588,0.14121487736701965,0.4115040898323059,,,
2976.0,2977.0,True,presidenta,closeup,0.7136622667312622,0.1100810170173645,0.35170722007751465,0.046619586646556854,0.03158768266439438,0.060711365193128586,0.017777180299162865,0.03125941753387451,0.10336041450500488,0.35697707533836365,,,
2977.0,2978.0,True,presidenta,closeup,0.28661662340164185,0.37312066555023193,0.32239341735839844,0.013998315669596195,0.02093511074781418,0.0663721039891243,0.02595899999141693,0.02920491062104702,0.12648597359657288,0.3946511149406433,,,
2978.0,2979.0,True,presidenta,closeup,0.27726873755455017,0.07400360703468323,0.27016010880470276,0.009634839370846748,0.02884635701775551,0.04756622761487961,0.01968757063150406,0.023229453712701797,0.11016519367694855,0.49071016907691956,,,
2979.0,2980.0,True,presidenta,closeup,0.39776328206062317,0.17531734704971313,0.2960638105869293,0.01813962683081627,0.026732712984085083,0.06964948773384094,0.02134442888200283,0.02203708328306675,0.14284005761146545,0.40319278836250305,,,
2980.0,2981.0,True,presidenta,closeup,0.8013663291931152,0.2450365126132965,0.3360786437988281,0.04364719241857529,0.015918143093585968,0.07803202420473099,0.01925268955528736,0.01924433745443821,0.08113913983106613,0.40668782591819763,,,
2981.0,2982.0,True,presidenta,closeup,-0.18018805980682373,0.33952802419662476,0.23078490793704987,0.0029255938716232777,0.032154034823179245,0.0771893635392189,0.03636271134018898,0.03506655991077423,0.16217085719108582,0.42334601283073425,,,
2982.0,2983.0,True,presidenta,closeup,0.35877540707588196,0.3916756808757782,0.2605504095554352,0.027445631101727486,0.038385968655347824,0.056063808500766754,0.026602335274219513,0.029739506542682648,0.14722095429897308,0.41399145126342773,,,
2983.0,2984.0,True,presidenta,closeup,0.17228606343269348,0.2280072271823883,0.2813166379928589,0.014017455279827118,0.045543964952230453,0.05176033452153206,0.027524476870894432,0.031144551932811737,0.14337216317653656,0.4053204655647278,,,
2984.0,2985.0,True,presidenta,closeup,0.5879701375961304,0.4521211087703705,0.2861132025718689,0.0379808209836483,0.013818684034049511,0.08351387828588486,0.02452227473258972,0.029122350737452507,0.11135183274745941,0.4135768711566925,,,
2985.0,2986.0,True,presidenta,closeup,0.49826332926750183,0.42443934082984924,0.28186193108558655,0.016406511887907982,0.015592317096889019,0.085919588804245,0.019853252917528152,0.025044821202754974,0.11823491007089615,0.4370866119861603,,,
2986.0,2987.0,True,presidenta,closeup,0.423864483833313,0.11117470264434814,0.36219894886016846,0.012780627235770226,0.03129849210381508,0.04612358286976814,0.018015893176198006,0.014920735731720924,0.09863796830177307,0.41602379083633423,,,
2987.0,2988.0,True,presidenta,closeup,-0.3582073450088501,0.5026358366012573,0.1857866644859314,0.004706603474915028,0.029200538992881775,0.0798759013414383,0.039365094155073166,0.04525548219680786,0.19223245978355408,0.423577219247818,,,
2988.0,2989.0,True,presidenta,closeup,0.05243492126464844,0.2995349168777466,0.24623267352581024,0.010493283160030842,0.062333714216947556,0.06922285258769989,0.032906096428632736,0.02560610882937908,0.16660013794898987,0.3866051435470581,,,
2989.0,2990.0,True,presidenta,closeup,0.1668809950351715,0.07504010200500488,0.35269245505332947,0.0046158707700669765,0.04011525958776474,0.041458576917648315,0.023357195779681206,0.02899077534675598,0.10976365953683853,0.3990062177181244,,,
2990.0,2991.0,True,presidenta,closeup,0.4190427362918854,0.3494521379470825,0.31295713782310486,0.012652777135372162,0.01945781148970127,0.08693647384643555,0.023626206442713737,0.024847254157066345,0.11185850948095322,0.40766382217407227,,,
2991.0,2992.0,True,presidenta,closeup,0.5967236757278442,0.40811264514923096,0.18589726090431213,0.03338067606091499,0.020867537707090378,0.10447221249341965,0.029951410368084908,0.029930196702480316,0.14865554869174957,0.446845144033432,,,
2992.0,2993.0,True,presidenta,closeup,0.668502151966095,0.19125157594680786,0.2620126008987427,0.02482856996357441,0.0308725256472826,0.10685476660728455,0.03445520997047424,0.025858569890260696,0.15330620110034943,0.3618116080760956,,,
2993.0,2994.0,True,presidenta,closeup,0.6190712451934814,0.546477198600769,0.28485730290412903,0.023068159818649292,0.019908206537365913,0.15857644379138947,0.03559393808245659,0.021009718999266624,0.1266433149576187,0.3303428590297699,,,
2994.0,2995.0,True,presidenta,closeup,0.7802414894104004,0.5126023292541504,0.2631559669971466,0.054607976227998734,0.014487587846815586,0.1540260761976242,0.034610386937856674,0.0229718666523695,0.11174166202545166,0.34439849853515625,,,
2995.0,2996.0,True,presidenta,closeup,0.792218804359436,0.2116260826587677,0.3071729242801666,0.031545061618089676,0.026114562526345253,0.08662577718496323,0.030793827027082443,0.017761418595910072,0.09357935935258865,0.40640705823898315,,,
2996.0,2997.0,True,presidenta,closeup,0.5398131608963013,-0.08910918235778809,0.3806816637516022,0.010612178593873978,0.03511558845639229,0.05186929926276207,0.018536364659667015,0.021566838026046753,0.09675601124763489,0.38486209511756897,,,
2997.0,2998.0,True,presidenta,closeup,0.7057733535766602,0.20935392379760742,0.3490617573261261,0.028738731518387794,0.025374291464686394,0.05832553282380104,0.018645063042640686,0.021643012762069702,0.0927615761756897,0.4054500460624695,,,
2998.0,2999.0,True,presidenta,closeup,0.7472660541534424,0.11091408133506775,0.3387889564037323,0.04168715700507164,0.02414677105844021,0.06975128501653671,0.018545672297477722,0.02429605834186077,0.09565678238868713,0.38712725043296814,,,
2999.0,3000.0,True,presidenta,closeup,0.5716543197631836,0.2891606390476227,0.26697078347206116,0.02624346688389778,0.0200311541557312,0.07254132628440857,0.018753089010715485,0.03281133994460106,0.1262139528989792,0.43643486499786377,,,
3000.0,3001.0,True,presidenta,closeup,0.6804439425468445,0.10288068652153015,0.2845022976398468,0.021627657115459442,0.018076572567224503,0.0692690759897232,0.012125439941883087,0.019434694200754166,0.09738211333751678,0.4775821268558502,,,
3001.0,3002.0,True,presidenta,closeup,0.5412998795509338,0.4388970136642456,0.32706210017204285,0.010898721404373646,0.0184827521443367,0.0829896405339241,0.01875995099544525,0.026157718151807785,0.1261613816022873,0.3894878327846527,,,
3002.0,3003.0,True,presidenta,closeup,0.3171539008617401,0.37010708451271057,0.2907797396183014,0.010809879750013351,0.01707625947892666,0.07426946610212326,0.019108831882476807,0.0364559143781662,0.15798494219779968,0.393515020608902,,,
3003.0,3004.0,True,presidenta,closeup,0.2145271897315979,0.4756702184677124,0.21421372890472412,0.011310441419482231,0.017611952498555183,0.08528181910514832,0.02633751928806305,0.05123846232891083,0.18604661524295807,0.4079594910144806,,,
3004.0,3005.0,True,presidenta,closeup,0.37424468994140625,0.3303142488002777,0.30187341570854187,0.008158739656209946,0.02140396647155285,0.09609563648700714,0.02902325429022312,0.02823895961046219,0.14312365651130676,0.37208232283592224,,,
3005.0,3006.0,True,presidenta,closeup,0.41801777482032776,0.21801984310150146,0.32823440432548523,0.009157183580100536,0.0237741582095623,0.05871475115418434,0.02070786990225315,0.023410193622112274,0.12251778692007065,0.41348376870155334,,,
3006.0,3007.0,True,presidenta,closeup,0.4881283938884735,0.09251245856285095,0.2622453570365906,0.023355579003691673,0.03574947640299797,0.05221724510192871,0.017949575558304787,0.03162296488881111,0.10574682056903839,0.4711129367351532,,,
3007.0,3008.0,True,presidenta,closeup,0.5305963158607483,0.047928810119628906,0.35089612007141113,0.014094647951424122,0.03375759348273277,0.05894485488533974,0.018588654696941376,0.01869751140475273,0.10712631791830063,0.3978942930698395,,,
3008.0,3009.0,True,presidenta,closeup,0.305565744638443,-0.10239407420158386,0.32415446639060974,0.005772624630481005,0.05540316179394722,0.03185756132006645,0.017191816121339798,0.021624740213155746,0.10778313130140305,0.4362125098705292,,,
3009.0,3010.0,True,presidenta,closeup,0.06680440902709961,-0.08414018154144287,0.3647299110889435,0.003575696377083659,0.050836969166994095,0.040408726781606674,0.023653022944927216,0.02162710763514042,0.12502023577690125,0.37014833092689514,,,
3010.0,3011.0,True,presidenta,closeup,0.6342350840568542,0.13911312818527222,0.18610483407974243,0.02337455190718174,0.026095300912857056,0.16633248329162598,0.03150412067770958,0.028445130214095116,0.16962361335754395,0.3685199022293091,,,
3011.0,3012.0,True,presidenta,closeup,0.1258474588394165,0.744015097618103,0.12038533389568329,0.006180230528116226,0.02037758193910122,0.17127461731433868,0.03624464198946953,0.04287361353635788,0.261103093624115,0.3415609896183014,,,
3012.0,3013.0,True,presidenta,closeup,0.14741304516792297,0.3611391484737396,0.1787441372871399,0.006021162029355764,0.029752273112535477,0.09685803204774857,0.02892138995230198,0.04012395069003105,0.1989331990480423,0.4206458628177643,,,
3013.0,3014.0,True,presidenta,closeup,0.7247558832168579,0.3619760274887085,0.19985195994377136,0.02484658546745777,0.019904518499970436,0.09392078965902328,0.019414886832237244,0.032341085374355316,0.13444553315639496,0.47527459263801575,,,
3014.0,3015.0,True,presidenta,closeup,0.343246191740036,-0.026355862617492676,0.18496885895729065,0.004716072231531143,0.038604557514190674,0.06168308109045029,0.01830005645751953,0.0330832377076149,0.21533288061618805,0.4433112144470215,,,
3015.0,3016.0,True,presidenta,closeup,0.4716539680957794,0.05419731140136719,0.32130900025367737,0.01340102031826973,0.026180759072303772,0.07540838420391083,0.02307743951678276,0.027461715042591095,0.11235152930021286,0.4008101522922516,,,
3016.0,3017.0,True,presidenta,closeup,0.5511153936386108,0.2175542414188385,0.35750991106033325,0.018330201506614685,0.01932196319103241,0.07682742178440094,0.01910834200680256,0.020846020430326462,0.11637171357870102,0.3716844916343689,,,
3017.0,3018.0,True,presidenta,closeup,0.30655625462532043,0.17416024208068848,0.28151097893714905,0.011503085494041443,0.02774110808968544,0.073519766330719,0.026068387553095818,0.025386519730091095,0.11284513026475906,0.4414249658584595,,,
3018.0,3019.0,True,presidenta,closeup,0.2719612419605255,0.2727426290512085,0.2768372595310211,0.015138250775635242,0.020229261368513107,0.06913061439990997,0.022210517898201942,0.03479833900928497,0.11959666013717651,0.44205909967422485,,,
3019.0,3020.0,True,presidenta,closeup,0.05557429790496826,0.3605738580226898,0.23751963675022125,0.006855746731162071,0.03984130918979645,0.07559996843338013,0.03671449050307274,0.03207464516162872,0.18878547847270966,0.3826088309288025,,,
3020.0,3021.0,True,presidenta,closeup,0.5521076321601868,0.21803757548332214,0.31380999088287354,0.022617634385824203,0.040235575288534164,0.10354702919721603,0.029666872695088387,0.02014971897006035,0.13450196385383606,0.3354712724685669,,,
3021.0,3022.0,True,presidenta,closeup,0.2575776278972626,0.3637407422065735,0.2617418169975281,0.009788419120013714,0.03435540944337845,0.0844569280743599,0.0290667824447155,0.030523262917995453,0.12734749913215637,0.4227198362350464,,,
3022.0,3023.0,True,presidenta,closeup,0.0989832878112793,0.18488654494285583,0.2691456973552704,0.004315182100981474,0.02410850301384926,0.06397717446088791,0.02151772752404213,0.03163094073534012,0.13720592856407166,0.4480988085269928,,,
3023.0,3024.0,True,presidenta,closeup,0.5185339450836182,0.23568645119667053,0.22406727075576782,0.012393343262374401,0.020947320386767387,0.09888650476932526,0.02921784669160843,0.03935232385993004,0.11166663467884064,0.46346884965896606,,,
3024.0,3025.0,True,presidenta,closeup,0.2952229678630829,0.5513002872467041,0.20511454343795776,0.01394798792898655,0.019052015617489815,0.1509627103805542,0.04029541835188866,0.031462471932172775,0.20533767342567444,0.3338271677494049,,,
3025.0,3026.0,True,presidenta,closeup,0.5976483821868896,0.6045970916748047,0.24303913116455078,0.0379418320953846,0.013986801728606224,0.11664880067110062,0.02465357445180416,0.03667023777961731,0.1444903016090393,0.3825693726539612,,,
3026.0,3027.0,True,presidenta,closeup,0.5897743701934814,0.42807328701019287,0.24243111908435822,0.02223523147404194,0.012813516892492771,0.13539381325244904,0.019376251846551895,0.017560454085469246,0.13621634244918823,0.41397327184677124,,,
3027.0,3028.0,True,presidenta,closeup,0.2682685852050781,0.2486049234867096,0.3101613521575928,0.01031804084777832,0.018544431775808334,0.0634884238243103,0.015410776250064373,0.01769997924566269,0.12378130853176117,0.44059574604034424,,,
3028.0,3029.0,True,presidenta,closeup,-0.02367246150970459,0.2679554522037506,0.22615793347358704,0.004566964693367481,0.02658947743475437,0.06837188452482224,0.025294898077845573,0.033805001527071,0.14233802258968353,0.4728758633136749,,,
3029.0,3030.0,True,presidenta,closeup,0.3412030339241028,0.03219252824783325,0.3152357041835785,0.0056037139147520065,0.017329398542642593,0.048321664333343506,0.013038229197263718,0.022793574258685112,0.10705826431512833,0.47061944007873535,,,
3030.0,3031.0,True,presidenta,closeup,0.554151177406311,0.20744478702545166,0.26195478439331055,0.023796498775482178,0.021966256201267242,0.09279264509677887,0.023570995777845383,0.026476232334971428,0.12389950454235077,0.42554306983947754,,,
3031.0,3032.0,True,presidenta,closeup,0.7091720700263977,0.7051548361778259,0.18121838569641113,0.08988937735557556,0.008974594064056873,0.13701383769512177,0.024330604821443558,0.024709654971957207,0.12539158761501312,0.408471941947937,,,
3032.0,3033.0,True,presidenta,closeup,0.4048823118209839,0.19484791159629822,0.3166930079460144,0.012410051189363003,0.01574367843568325,0.08644275367259979,0.02305973321199417,0.02346985973417759,0.10179055482149124,0.42039036750793457,,,
3033.0,3034.0,True,presidenta,closeup,0.6578381061553955,0.1304020881652832,0.3166702091693878,0.019211141392588615,0.018725113943219185,0.05904552713036537,0.013970066793262959,0.021046947687864304,0.10331255942583084,0.4480184018611908,,,
3034.0,3035.0,True,presidenta,closeup,0.5986967086791992,0.065328449010849,0.2803827226161957,0.026439394801855087,0.024898499250411987,0.08253715932369232,0.022810524329543114,0.03763164207339287,0.12694214284420013,0.39835792779922485,,,
3035.0,3036.0,True,presidenta,closeup,-0.2402457594871521,0.3482172191143036,0.17657768726348877,0.003096330212429166,0.05526900291442871,0.0603046752512455,0.024957872927188873,0.030969887971878052,0.23891232907772064,0.40991222858428955,,,
3036.0,3037.0,True,presidenta,closeup,0.3040049076080322,0.227472186088562,0.2787397801876068,0.009809201583266258,0.02313028834760189,0.06873448193073273,0.018950317054986954,0.026517676189541817,0.13297289609909058,0.4411454200744629,,,
3037.0,3038.0,True,presidenta,closeup,0.5621601343154907,0.3765522241592407,0.2509390413761139,0.022900449112057686,0.015236195176839828,0.10879767686128616,0.01870710216462612,0.026031628251075745,0.11580701172351837,0.4415808916091919,,,
3038.0,3039.0,True,presidenta,closeup,0.3673746585845947,0.04021477699279785,0.3147953450679779,0.008578541688621044,0.02800479158759117,0.051589272916316986,0.0162863340228796,0.020723339170217514,0.11358406394720078,0.44643837213516235,,,
3039.0,3040.0,True,presidenta,closeup,0.6222532391548157,0.07098373770713806,0.3355458080768585,0.014302372001111507,0.030095946043729782,0.04699414223432541,0.013709336519241333,0.020074212923645973,0.0899101123213768,0.44936802983283997,,,
3040.0,3041.0,True,presidenta,closeup,0.6174198389053345,0.1396045684814453,0.23553092777729034,0.08529408276081085,0.02070772275328636,0.06199891120195389,0.01601220667362213,0.04447873309254646,0.1458633840084076,0.3901139497756958,,,
3041.0,3042.0,True,presidenta,closeup,0.6205545663833618,0.4512520134449005,0.1566622108221054,0.021519094705581665,0.019939418882131577,0.12734602391719818,0.03161153942346573,0.0339571088552475,0.2508165240287781,0.35814809799194336,,,
3042.0,3043.0,False,,wide,,,,,,,,,,,,,
3043.0,3044.0,False,,wide,,,,,,,,,,,,,
3044.0,3045.0,False,,wide,,,,,,,,,,,,,
3045.0,3046.0,False,,wide,,,,,,,,,,,,,
3046.0,3047.0,True,otro,closeup,-0.4963447153568268,0.7023980617523193,0.2414054274559021,0.005242939107120037,0.012589787133038044,0.041594211012125015,0.017721179872751236,0.05796051025390625,0.2695929706096649,0.3538930118083954,,,
3047.0,3048.0,True,otro,closeup,-0.33191707730293274,0.8433446288108826,0.18383590877056122,0.010353348217904568,0.0068328408524394035,0.04185798391699791,0.013000573962926865,0.07416706532239914,0.2544497847557068,0.41550248861312866,,,
3048.0,3049.0,True,otro,closeup,-0.2593192756175995,0.7114564776420593,0.22012852132320404,0.009052666835486889,0.01007051207125187,0.028415560722351074,0.009234560653567314,0.05978776142001152,0.2259598821401596,0.43735048174858093,,,
3049.0,3050.0,True,otro,closeup,-0.5063172578811646,0.8337470293045044,0.21912719309329987,0.0086883045732975,0.00976934190839529,0.043705400079488754,0.019248420372605324,0.0739024430513382,0.2032385915517807,0.42232030630111694,,,
3050.0,3051.0,True,otro,closeup,-0.32308945059776306,0.8506604433059692,0.2262333482503891,0.01057617086917162,0.007347946986556053,0.05171782895922661,0.017247211188077927,0.07354175299406052,0.21019390225410461,0.4031418561935425,,,
3051.0,3052.0,True,otro,closeup,-0.19352319836616516,0.8897311091423035,0.16481968760490417,0.025202937424182892,0.008374609053134918,0.05132162198424339,0.020765749737620354,0.08716719597578049,0.32464903593063354,0.3176991641521454,,,
