start,end,face_detected,person,shot_type,valence,arousal,p_neutral,p_happiness,p_sadness,p_surprise,p_fear,p_anger,p_disgust,p_contempt,au04_brow_lowerer,au12_lip_corner_puller,au24_lip_pressor
0.0,1.0,True,otro,closeup,,,0.8180561065673828,0.15612158179283142,0.0003957560402341187,0.0012801962438970804,1.372214774164604e-05,0.0007292995578609407,0.02340332604944706,0.0,0.4994467794895172,0.7895150184631348,0.6280655264854431
1.0,2.0,True,otro,closeup,,,0.9235047101974487,0.06141326203942299,0.0012319156667217612,0.0006512850522994995,2.3500198949477635e-05,0.0015414291992783546,0.011633926071226597,0.0,0.27631378173828125,0.892471969127655,0.41929808259010315
2.0,3.0,True,otro,closeup,,,0.3175787329673767,0.00956796295940876,0.05402874946594238,0.013281751424074173,0.009240862913429737,0.0839567631483078,0.5123451352119446,0.0,0.1296718418598175,0.12155332416296005,0.4066566526889801
3.0,4.0,True,otro,closeup,,,0.7467080354690552,0.20164284110069275,0.00034271410549990833,0.0049107917584478855,7.072568405419588e-05,0.031172094866633415,0.01515280269086361,0.0,0.6363751888275146,0.7382966876029968,0.739366888999939
4.0,5.0,True,otro,closeup,,,0.1810295432806015,0.06002480164170265,0.00071151606971398,0.0012543827760964632,5.462189801619388e-05,0.017096878960728645,0.73982834815979,0.0,0.6592374444007874,0.7334283590316772,0.718018114566803
5.0,6.0,True,otro,closeup,,,0.12885412573814392,0.05879078060388565,0.0006878041313029826,0.0006050544325262308,0.00016826664796099067,0.0678790807723999,0.7430148720741272,0.0,0.7889899015426636,0.782475471496582,0.6975976824760437
6.0,7.0,True,otro,closeup,,,0.2628614604473114,0.047726504504680634,0.0018544833874329925,0.0025241714902222157,0.0008180725853890181,0.0426885262131691,0.6415268182754517,0.0,0.6171595454216003,0.7144887447357178,0.7166470289230347
7.0,8.0,True,otro,closeup,,,0.58146733045578,0.1686115562915802,0.00253624957986176,0.0007252751383930445,0.00020081733237020671,0.09545397013425827,0.15100476145744324,0.0,0.676379919052124,0.7468152046203613,0.607936680316925
8.0,9.0,True,otro,closeup,,,0.9288249015808105,0.04312313348054886,0.0003903999750036746,0.0002148854109691456,2.571688310126774e-05,0.009218537248671055,0.01820245012640953,0.0,0.6025490164756775,0.7087011933326721,0.6644923686981201
9.0,10.0,True,otro,closeup,,,0.36209094524383545,0.4885956048965454,0.0010580254020169377,0.000582235399633646,2.9982198611833155e-05,0.021832412108778954,0.12581086158752441,0.0,0.6650434136390686,0.6833420395851135,0.6352733969688416
10.0,11.0,True,otro,closeup,,,0.9159832000732422,0.059323180466890335,0.0011718692258000374,0.00013162134564481676,8.60865202412242e-06,0.016646092757582664,0.006735431030392647,0.0,0.13050131499767303,0.7574042677879333,0.6527771353721619
11.0,12.0,True,otro,closeup,,,0.10438422858715057,0.18947981297969818,0.0021441555581986904,0.0010511755244806409,0.00012294299085624516,0.014805672690272331,0.6880120038986206,0.0,0.5400779247283936,0.877089262008667,0.6160857081413269
12.0,13.0,True,otro,closeup,,,0.14273087680339813,0.06150059774518013,0.0013284094166010618,0.000815045612398535,0.00018366285075899214,0.2002732753753662,0.5931681990623474,0.0,0.8380512595176697,0.6592711210250854,0.8126985430717468
13.0,14.0,True,otro,closeup,,,0.21986187994480133,0.18423636257648468,0.0032517665531486273,0.0013319392455741763,0.00053024833323434,0.07766090333461761,0.513126790523529,0.0,0.7346704006195068,0.869831383228302,0.7055838108062744
14.0,15.0,True,otro,closeup,,,0.17720316350460052,0.11586654186248779,0.0014632364036515355,0.0008415924967266619,0.0001427587994839996,0.1039942130446434,0.6004884839057922,0.0,0.8322893977165222,0.7410351037979126,0.6601674556732178
15.0,16.0,True,otro,closeup,,,0.15723919868469238,0.07446222007274628,0.0016827554209157825,0.0019483247306197882,0.0004289540811441839,0.12355205416679382,0.6406865119934082,0.0,0.8333565592765808,0.7874903082847595,0.7052991390228271
16.0,17.0,True,otro,closeup,,,0.6819297671318054,0.08801104128360748,0.0018152070697396994,0.0009514342527836561,0.0004585499700624496,0.12846390902996063,0.0983700305223465,0.0,0.6044082641601562,0.653411328792572,0.7118142247200012
17.0,18.0,True,otro,closeup,,,0.4496898651123047,0.053428251296281815,0.0019659714307636023,0.0039012122433632612,0.00012364964641164988,0.014891436323523521,0.4759995639324188,0.0,0.28744181990623474,0.9107566475868225,0.5073661804199219
18.0,19.0,True,otro,closeup,,,0.1370304971933365,0.021531736478209496,0.000199792324565351,0.00015332463954109699,5.124860763316974e-05,0.009746977128088474,0.8312864303588867,0.0,0.6740643382072449,0.7683685421943665,0.6481565833091736
19.0,20.0,True,otro,closeup,,,0.24814915657043457,0.18151146173477173,0.0025925012305378914,0.0006330082542262971,0.000417470233514905,0.2737421691417694,0.2929542064666748,0.0,0.859237015247345,0.2837328314781189,0.6824321746826172
20.0,21.0,True,otro,closeup,,,0.3264313340187073,0.1260405033826828,0.0008088017348200083,0.0035845041275024414,0.00022258538228925318,0.1827576756477356,0.3601546287536621,0.0,0.8228257298469543,0.6366217136383057,0.799904465675354
21.0,22.0,True,otro,closeup,,,0.5641276240348816,0.3759532868862152,0.0022730394266545773,0.0006400275160558522,9.557991870678961e-05,0.012041708454489708,0.04486881196498871,0.0,0.5697713494300842,0.8727797269821167,0.8118856549263
22.0,23.0,True,otro,closeup,,,0.05270054191350937,0.13759174942970276,0.0018180272309109569,0.0016967975534498692,0.000343188236001879,0.08079127222299576,0.7250583171844482,0.0,0.9117764830589294,0.8055376410484314,0.7781474590301514
23.0,24.0,True,otro,closeup,,,0.6881604194641113,0.0604756698012352,0.014903816394507885,0.016653036698698997,0.0012332547921687365,0.0037114687729626894,0.21486231684684753,0.0,0.060171063989400864,0.8339796662330627,0.4117389917373657
24.0,25.0,True,otro,closeup,,,0.5260480642318726,0.2706778347492218,0.002158551011234522,0.0023137142416089773,0.00032197314430959523,0.14963136613368988,0.048848532140254974,0.0,0.7225207686424255,0.6661176085472107,0.6834271550178528
25.0,26.0,True,otro,closeup,,,0.6197969913482666,0.292906254529953,0.001307936036027968,0.004954886622726917,0.0007261763676069677,0.014141086488962173,0.06616661697626114,0.0,0.13215607404708862,0.5715755820274353,0.37342411279678345
26.0,27.0,True,otro,closeup,,,0.12314639240503311,0.08211960643529892,0.0011829867726191878,0.001345440628938377,0.0003061461029574275,0.5249389410018921,0.26696059107780457,0.0,0.693406343460083,0.5612117052078247,0.8045870661735535
27.0,28.0,True,otro,closeup,,,0.35309576988220215,0.10691943019628525,0.0006960532045923173,0.0006518380250781775,9.573291754350066e-05,0.013735774904489517,0.5248053669929504,0.0,0.5986260771751404,0.8209245800971985,0.7814902067184448
28.0,29.0,True,otro,closeup,,,0.2386169582605362,0.5905700922012329,0.0017719871830195189,0.0016220980323851109,0.0002202867908636108,0.1030915230512619,0.06410707533359528,0.0,0.9033229947090149,0.7634563446044922,0.6682150363922119
29.0,30.0,True,otro,closeup,,,0.30361437797546387,0.5156632661819458,0.002519508358091116,0.0021811192855238914,0.0003833825176116079,0.060916922986507416,0.11472136527299881,0.0,0.8413398265838623,0.7299786806106567,0.6895373463630676
30.0,31.0,True,otro,closeup,,,0.2750624716281891,0.0033264204394072294,0.0023126238957047462,0.00022138805070426315,0.00010135245975106955,0.006678146775811911,0.7122976183891296,0.0,0.27178654074668884,0.16485123336315155,0.6476665735244751
31.0,32.0,True,otro,closeup,,,0.808736264705658,0.16031309962272644,0.00017110629414673895,0.0011337068863213062,6.604143709409982e-05,0.0065846736542880535,0.02299509011209011,0.0,0.7461159825325012,0.7944293022155762,0.7286935448646545
32.0,33.0,True,otro,closeup,,,0.3515591025352478,0.2889735996723175,0.009049287997186184,0.0033142755273729563,0.0006145011284388602,0.2447214424610138,0.10176783055067062,0.0,0.8849586248397827,0.7834861874580383,0.7867964506149292
33.0,34.0,True,otro,closeup,,,0.9875181317329407,0.00033461477141827345,0.0025120736099779606,0.00937915313988924,7.582142279716209e-05,9.92198329186067e-05,8.098844409687445e-05,0.0,0.11834003031253815,0.09859278798103333,0.5584897398948669
34.0,35.0,True,otro,closeup,,,0.9068895578384399,0.08302450180053711,7.272752554854378e-05,0.00016452699492219836,4.235595952195581e-06,0.008633560501039028,0.001210874761454761,0.0,0.6208853721618652,0.6239567399024963,0.6890895962715149
35.0,36.0,True,otro,closeup,,,0.7326385378837585,0.016257740557193756,0.012011614628136158,0.002289603464305401,0.0004642876156140119,0.017947101965546608,0.21839113533496857,0.0,0.3810114860534668,0.12529756128787994,0.33799558877944946
36.0,37.0,True,otro,closeup,,,0.443157821893692,0.16922059655189514,0.0009182666544802487,0.0036033987998962402,0.0003160767664667219,0.19294260442256927,0.18984124064445496,0.0,0.751284658908844,0.745075523853302,0.869675874710083
37.0,38.0,True,otro,closeup,,,0.2554895877838135,0.16959136724472046,0.0030217759776860476,0.0010589829180389643,0.000416317256167531,0.12084899097681046,0.44957292079925537,0.0,0.7001146078109741,0.695154070854187,0.6700102090835571
38.0,39.0,True,otro,closeup,,,0.7084499001502991,0.017919261008501053,0.005722873844206333,0.0028447764925658703,8.06438984000124e-05,0.040257833898067474,0.22472472488880157,0.0,0.2308267205953598,0.24814213812351227,0.7237271666526794
39.0,40.0,True,otro,closeup,,,0.7233892679214478,0.02719351463019848,0.002020385582000017,0.0009821977000683546,0.00021699057833757252,0.12340783327817917,0.12278977036476135,0.0,0.4554550349712372,0.26269280910491943,0.6239189505577087
40.0,41.0,True,otro,closeup,,,0.8805797696113586,0.08321744948625565,0.0009308166918344796,0.00196393602527678,3.5089226003037766e-05,0.0009144898504018784,0.032358475029468536,0.0,0.06601284444332123,0.8641719818115234,0.5932562947273254
41.0,42.0,True,otro,closeup,,,0.2668583393096924,0.060016948729753494,0.0022363665048033,0.003156336722895503,0.00020215536642353982,0.5588797330856323,0.10865016281604767,0.0,0.807504415512085,0.6624528765678406,0.7756064534187317
42.0,43.0,True,otro,closeup,,,0.5258370637893677,0.19581791758537292,0.0036369014997035265,0.003301606047898531,0.0004529018478933722,0.09499887377023697,0.17595471441745758,0.0,0.8052091002464294,0.8524535298347473,0.7152982354164124
43.0,44.0,True,otro,closeup,,,0.10673266649246216,0.04334676265716553,0.0011513220379129052,0.0007329849759116769,0.00014541760901920497,0.06396155059337616,0.7839292883872986,0.0,0.6609995365142822,0.768595278263092,0.6749213337898254
44.0,45.0,True,otro,closeup,,,0.5061222910881042,0.29798686504364014,0.001268163905479014,0.0021290797740221024,0.0004051266296301037,0.05338851362466812,0.1386999636888504,0.0,0.6079568266868591,0.7923910021781921,0.7991249561309814
45.0,46.0,True,otro,closeup,,,0.4783659875392914,0.4298624098300934,0.0006215671892277896,0.0019088416593149304,0.00033340431400574744,0.03800857812166214,0.050899192690849304,0.0,0.6141427755355835,0.9072877168655396,0.8822407722473145
46.0,47.0,True,otro,closeup,,,0.7864379286766052,0.01883344165980816,0.01110865268856287,0.003401690861210227,0.0009338445379398763,0.019534245133399963,0.15975013375282288,0.0,0.21217642724514008,0.7272830605506897,0.6517309546470642
47.0,48.0,True,otro,closeup,,,0.28021377325057983,0.22878028452396393,0.001681416411884129,0.004560527857393026,0.000643875973764807,0.05598892644047737,0.4281311333179474,0.0,0.432612806558609,0.7726877927780151,0.7016696333885193
48.0,49.0,True,otro,closeup,,,0.8764959573745728,0.0031553776934742928,0.003054638858884573,0.007832768373191357,0.000334102165652439,0.004448766354471445,0.10467842221260071,0.0,0.2516779899597168,0.25777044892311096,0.34446245431900024
49.0,50.0,True,otro,closeup,,,0.1263788640499115,0.11044533550739288,0.031748536974191666,0.026881031692028046,0.020349517464637756,0.17088232934474945,0.513314425945282,0.0,0.7026587128639221,0.9090905785560608,0.3831384479999542
50.0,51.0,True,otro,closeup,,,0.06712190806865692,0.11885678023099899,0.005405828822404146,0.004594338592141867,0.0041260141879320145,0.21089397370815277,0.5890011787414551,0.0,0.7749916315078735,0.7769514918327332,0.5924847722053528
51.0,52.0,True,otro,closeup,,,0.7882488369941711,0.007614397909492254,0.004286231007426977,0.008920055814087391,0.0008336069295182824,0.010809884406626225,0.17928700149059296,0.0,0.15960608422756195,0.4186340868473053,0.5251599550247192
52.0,53.0,True,otro,closeup,,,0.1461179107427597,0.03406482934951782,0.007628621067851782,0.0005534305237233639,0.00022437528241425753,0.23110976815223694,0.5803012251853943,0.0,0.8722730278968811,0.5048714876174927,0.7420821785926819
53.0,54.0,True,otro,closeup,,,0.02011118456721306,0.006313202902674675,0.0013768718345090747,0.00019991750014014542,0.00019238790264353156,0.0995551273226738,0.8722512722015381,0.0,0.8456265926361084,0.7995624542236328,0.6126044988632202
54.0,55.0,True,otro,closeup,,,0.1729869544506073,0.2783448398113251,0.0009367474121972919,0.0007651571067981422,0.0002517392858862877,0.11722579598426819,0.42948880791664124,0.0,0.7051306962966919,0.7098709344863892,0.6380174160003662
55.0,56.0,True,otro,closeup,,,0.260737806558609,0.29925742745399475,0.0007381830946542323,0.00844401866197586,0.00056695647072047,0.11960604041814804,0.3106495141983032,0.0,0.7923332452774048,0.8253343105316162,0.6318650841712952
56.0,57.0,True,otro,closeup,,,0.9640597701072693,0.01411652285605669,0.0007087377016432583,0.0017675785347819328,9.767189112608321e-06,0.01733170635998249,0.0020059014204889536,0.0,0.09497925639152527,0.16795556247234344,0.4796634614467621
57.0,58.0,True,otro,closeup,,,0.29324737191200256,0.11345513164997101,0.0015532702673226595,0.001486414228565991,6.777227099519223e-05,0.5091792345046997,0.08101069927215576,0.0,0.7288994789123535,0.6531221270561218,0.8112407922744751
58.0,59.0,True,otro,closeup,,,0.6525228023529053,0.11680229753255844,0.001463414984755218,0.0016683177091181278,9.484511974733323e-05,0.17071519792079926,0.056733131408691406,0.0,0.49886661767959595,0.7358771562576294,0.7855698466300964
59.0,60.0,True,otro,closeup,,,0.0754731297492981,0.2796946167945862,0.0005059781251475215,0.0011449772864580154,0.00016837161092553288,0.33291152119636536,0.31010138988494873,0.0,0.8169143795967102,0.6912346482276917,0.7609653472900391
60.0,61.0,False,,wide,,,,,,,,,,,,,
61.0,62.0,False,,wide,,,,,,,,,,,,,
62.0,63.0,True,otro,closeup,,,0.8961474895477295,0.011637737043201923,0.0014519636752083898,0.047158464789390564,4.2100877180928364e-05,0.04235247150063515,0.0012098319130018353,0.0,0.15919823944568634,0.13479062914848328,0.6791261434555054
63.0,64.0,True,otro,closeup,,,0.8806149959564209,0.008929714560508728,0.001980734756216407,0.0068365102633833885,1.860829070210457e-05,0.09369615465402603,0.007923297584056854,0.0,0.14822402596473694,0.24717390537261963,0.3996845483779907
64.0,65.0,True,otro,closeup,,,0.9339250326156616,0.021512264385819435,0.005988522432744503,0.002961923833936453,0.0001897996262414381,0.01603519730269909,0.019387206062674522,0.0,0.06800138205289841,0.4194048047065735,0.3088935613632202
65.0,66.0,True,otro,closeup,,,0.11504504829645157,0.010322012938559055,0.0013171613682061434,0.8197119832038879,0.00034599972423166037,0.051091551780700684,0.0021662095095962286,0.0,0.14124678075313568,0.07060656696557999,0.6762705445289612
66.0,67.0,True,presidenta,closeup,,,0.9799780249595642,0.01808856427669525,0.0013502856018021703,0.00023381873324979097,0.00012063053873134777,5.4457599617308006e-05,0.00017421480151824653,0.0,0.12133409082889557,0.22212204337120056,0.4631742537021637
67.0,68.0,True,presidenta,closeup,,,0.3784123659133911,0.48923835158348083,0.0067505002953112125,0.0014487738953903317,0.00047712569357827306,0.002447970909997821,0.12122494727373123,0.0,0.17667390406131744,0.8956817984580994,0.6819189190864563
68.0,69.0,True,presidenta,closeup,,,0.03215403109788895,0.14505815505981445,0.0013511617435142398,0.001688494230620563,0.00046148226829245687,0.0022327022161334753,0.8170539736747742,0.0,0.12218105047941208,0.13397149741649628,0.4759034812450409
69.0,70.0,False,,wide,,,,,,,,,,,,,
70.0,71.0,False,,wide,,,,,,,,,,,,,
71.0,72.0,True,otro,closeup,,,0.46665945649147034,0.05665966495871544,0.017496434971690178,0.03320755809545517,0.03709553927183151,0.24895218014717102,0.13992908596992493,0.0,0.2910628616809845,0.05367754399776459,0.5549759268760681
72.0,73.0,True,otro,closeup,,,0.7227807641029358,0.08045347034931183,0.013860532082617283,0.025471974164247513,0.0452457070350647,0.05804189294576645,0.05414566025137901,0.0,0.15216147899627686,0.058888211846351624,0.5484861135482788
73.0,74.0,True,otro,closeup,,,0.7996646165847778,0.011438766494393349,0.0012858951231464744,0.0006960657774470747,0.0001556344941491261,0.18478530645370483,0.001973786624148488,0.0,0.14813244342803955,0.47231367230415344,0.7261561155319214
74.0,75.0,True,otro,closeup,,,0.8326250314712524,0.034104228019714355,0.004709857515990734,0.00031475574360229075,0.00017367697728332132,0.12408510595560074,0.003987390547990799,0.0,0.27202659845352173,0.46508169174194336,0.7607515454292297
75.0,76.0,True,otro,closeup,,,0.4262118637561798,0.012912960723042488,0.008795611560344696,0.0026741530746221542,0.00044450172572396696,0.1233612522482872,0.4255996346473694,0.0,0.07804304361343384,0.11139974743127823,0.45367786288261414
76.0,77.0,True,otro,closeup,,,0.7888991832733154,0.011588172987103462,0.009300628677010536,0.025260847061872482,0.00019748799968510866,0.020515361800789833,0.14423832297325134,0.0,0.5065768957138062,0.7324123978614807,0.43400120735168457
77.0,78.0,True,otro,closeup,,,0.5884474515914917,0.012398552149534225,0.019546417519450188,0.001528897904790938,0.00048767836415208876,0.16002126038074493,0.21756979823112488,0.0,0.8091892600059509,0.74640953540802,0.4944990575313568
78.0,79.0,True,otro,closeup,,,0.410312682390213,0.017581382766366005,0.004179941490292549,0.005296647548675537,0.00010895635205088183,0.19053049385547638,0.3719898462295532,0.0,0.07590468972921371,0.3708433210849762,0.36909836530685425
79.0,80.0,True,otro,closeup,,,0.553575336933136,0.01991310343146324,0.008505159057676792,0.026957618072628975,0.0001550223387312144,0.37607255578041077,0.014821258373558521,0.0,0.1947024017572403,0.08565791696310043,0.4212881922721863
80.0,81.0,True,otro,closeup,,,0.5707581639289856,0.045764144510030746,0.003753019031137228,0.06904474645853043,0.0002536081010475755,0.30434462428092957,0.0060816565528512,0.0,0.12242938578128815,0.13729168474674225,0.7442746758460999
81.0,82.0,True,otro,closeup,,,0.28327158093452454,0.05455632507801056,0.003849896602332592,0.06461025774478912,0.0010089394636452198,0.42559725046157837,0.1671057641506195,0.0,0.4206118881702423,0.1192571371793747,0.5157982110977173
82.0,83.0,True,otro,closeup,,,0.6874841451644897,0.11910584568977356,0.012631750665605068,0.004564945586025715,0.00027024230803363025,0.1286403387784958,0.047302741557359695,0.0,0.42730164527893066,0.6766859889030457,0.5358676314353943
83.0,84.0,True,presidenta,closeup,,,0.9328209757804871,0.03958827257156372,0.009683480486273766,0.009144667536020279,0.00030412632622756064,0.007226880174130201,0.0012316202046349645,0.0,0.8152276873588562,0.2340468019247055,0.4859534502029419
84.0,85.0,True,presidenta,closeup,,,0.5278833508491516,0.44525784254074097,0.009139630943536758,0.015503883361816406,0.00012338272063061595,0.0019360808655619621,0.0001558796502649784,0.0,0.8445424437522888,0.8487040400505066,0.7612842321395874
85.0,86.0,True,presidenta,closeup,,,0.8833836913108826,0.0023210132494568825,0.040261562913656235,0.07271651178598404,0.0009553585550747812,0.00027838454116135836,8.346648246515542e-05,0.0,0.1546592265367508,0.04736817255616188,0.6487854719161987
86.0,87.0,True,presidenta,closeup,,,0.8363695740699768,0.1158810630440712,0.029608486220240593,0.01197455171495676,0.0014614313840866089,0.0010311345104128122,0.0036737946793437004,0.0,0.10246468335390091,0.1297622174024582,0.3343469202518463
87.0,88.0,True,presidenta,closeup,,,0.07303130626678467,0.3825956881046295,0.018090732395648956,0.003310833591967821,0.0008106496534310281,0.0010728396009653807,0.5210878849029541,0.0,0.3668294847011566,0.18226218223571777,0.4325644373893738
88.0,89.0,True,presidenta,closeup,,,0.7602541446685791,0.1403590589761734,0.014890185557305813,0.013459572568535805,0.003061469877138734,0.027908477932214737,0.040067072957754135,0.0,0.856308102607727,0.5492138862609863,0.40827763080596924
89.0,90.0,True,presidenta,closeup,,,0.36775463819503784,0.6017619371414185,0.009263195097446442,0.005037575028836727,0.00027833785861730576,0.01117103360593319,0.004733266308903694,0.0,0.8407891392707825,0.5646578669548035,0.7167613506317139
90.0,91.0,True,presidenta,closeup,,,0.25345852971076965,0.04921340197324753,0.012456593103706837,0.36675548553466797,0.0016993528697639704,0.3129734694957733,0.003443144727498293,0.0,0.3274047374725342,0.0473996102809906,0.666857123374939
91.0,92.0,True,presidenta,closeup,,,0.3731781840324402,0.5529476404190063,0.005044964142143726,0.03698445484042168,0.00014576190733350813,0.02652585320174694,0.005173167213797569,0.0,0.7725288271903992,0.6829928159713745,0.3891119658946991
92.0,93.0,True,presidenta,closeup,,,0.49910905957221985,0.4734412133693695,0.01992497779428959,0.0063030775636434555,0.00012300611706450582,0.0009157346794381738,0.00018295673362445086,0.0,0.7222446799278259,0.7803424000740051,0.8492230176925659
93.0,94.0,True,presidenta,closeup,,,0.9739310145378113,0.009002996608614922,0.005712992511689663,0.008985969237983227,0.0005860557430423796,0.0009339220705442131,0.0008470540051348507,0.0,0.0756077989935875,0.23010554909706116,0.4392814338207245
94.0,95.0,True,presidenta,closeup,,,0.28237736225128174,0.19147367775440216,0.020203519612550735,0.023772187530994415,0.0024456875398755074,0.047614339739084244,0.4321131706237793,0.0,0.8422580361366272,0.3232126832008362,0.7054149508476257
95.0,96.0,True,presidenta,closeup,,,0.5635046362876892,0.39225339889526367,0.005280415527522564,0.015198925510048866,0.0008610169752500951,0.017124658450484276,0.005776949226856232,0.0,0.7859638333320618,0.13355211913585663,0.5934931635856628
96.0,97.0,True,presidenta,closeup,,,0.8891966342926025,0.014080019667744637,0.0782577395439148,0.006392718758434057,0.011192009784281254,0.00043301295954734087,0.0004478388000279665,0.0,0.3028307855129242,0.1321682184934616,0.48672884702682495
97.0,98.0,True,presidenta,closeup,,,0.5784465670585632,0.3986533582210541,0.0027055800892412663,0.015054711140692234,0.001323084463365376,0.0012521420139819384,0.002564535941928625,0.0,0.14558999240398407,0.11215604096651077,0.5434240102767944
98.0,99.0,True,presidenta,closeup,,,0.5128031373023987,0.1819486767053604,0.005245390348136425,0.16237443685531616,0.010766573250293732,0.003869464388117194,0.12299234420061111,0.0,0.07908005267381668,0.039591189473867416,0.44353023171424866
99.0,100.0,True,presidenta,closeup,,,0.09559448063373566,0.8494009971618652,0.0016713959630578756,0.02736411988735199,0.0007404700154438615,0.00020733730343636125,0.02502099797129631,0.0,0.22224928438663483,0.3756987750530243,0.43728673458099365
100.0,101.0,True,presidenta,closeup,,,0.021309059113264084,0.10051000863313675,0.0011742222122848034,0.8644679188728333,0.01066578272730112,0.0017691144021227956,0.00010398028825875372,0.0,0.5319905877113342,0.8388963937759399,0.03190268948674202
101.0,102.0,True,presidenta,closeup,,,0.04575701430439949,0.911233127117157,0.0008564484305679798,0.025927070528268814,0.00048472126945853233,0.00030444643925875425,0.015437161549925804,0.0,0.08688788115978241,0.7184581160545349,0.31484684348106384
102.0,103.0,True,presidenta,closeup,,,0.28303688764572144,0.11624578386545181,0.00632769800722599,0.023477287963032722,0.002149115549400449,0.013718895614147186,0.555044412612915,0.0,0.35722848773002625,0.10271669924259186,0.48328566551208496
103.0,104.0,True,presidenta,closeup,,,0.09311145544052124,0.19695718586444855,0.022097831591963768,0.5743299126625061,0.025053536519408226,0.001898581045679748,0.08655150234699249,0.0,0.10422071814537048,0.1738491952419281,0.4216049611568451
104.0,105.0,True,presidenta,closeup,,,0.7483203411102295,0.18633945286273956,0.004841444548219442,0.04719608277082443,0.0009518516599200666,0.0029845971148461103,0.009366189129650593,0.0,0.08054576069116592,0.07033292204141617,0.5762808322906494
105.0,106.0,True,presidenta,closeup,,,0.896933376789093,0.0803852379322052,0.013049512170255184,0.005945128388702869,6.541135371662676e-05,0.003563026199117303,5.831309681525454e-05,0.0,0.2589375674724579,0.019217049703001976,0.7112030982971191
106.0,107.0,True,presidenta,closeup,,,0.6796878576278687,0.07588276267051697,0.009154751896858215,0.23236949741840363,0.0017032382311299443,0.001012651133351028,0.0001892577129183337,0.0,0.11487280577421188,0.028939710929989815,0.47991687059402466
107.0,108.0,True,presidenta,closeup,,,0.14542871713638306,0.02707887813448906,0.004388671368360519,0.8096511960029602,0.008495403453707695,0.004228351637721062,0.0007287777261808515,0.0,0.5867092609405518,0.017406955361366272,0.45287176966667175
108.0,109.0,True,presidenta,closeup,,,0.8349217772483826,0.03982849791646004,0.0065721203573048115,0.06125831976532936,0.0013107145205140114,0.004949918948113918,0.0511585958302021,0.0,0.18008917570114136,0.10238756984472275,0.426188200712204
109.0,110.0,True,presidenta,closeup,,,0.6280325651168823,0.1627953052520752,0.008293196558952332,0.009381730109453201,0.0006255616899579763,0.013329301960766315,0.17754237353801727,0.0,0.052057184278964996,0.050737541168928146,0.5412946939468384
110.0,111.0,True,presidenta,closeup,,,0.5463863015174866,0.2776884138584137,0.012697018682956696,0.08610394597053528,0.003835313720628619,0.004076079931110144,0.06921293586492538,0.0,0.1169331818819046,0.029431158676743507,0.23434287309646606
111.0,112.0,True,presidenta,closeup,,,0.5263799428939819,0.28164437413215637,0.04624766483902931,0.13016194105148315,0.001382127869874239,0.0036408943124115467,0.010543012991547585,0.0,0.09167706221342087,0.21977660059928894,0.38195618987083435
112.0,113.0,True,presidenta,closeup,,,0.513811469078064,0.022971991449594498,0.010475127957761288,0.44978073239326477,0.0005619348376058042,0.002311120741069317,8.765752863837406e-05,0.0,0.23805487155914307,0.34256863594055176,0.5390183329582214
113.0,114.0,True,presidenta,closeup,,,0.20769980549812317,0.021287178620696068,0.0427059680223465,0.30118468403816223,0.20156028866767883,0.005223076790571213,0.22033894062042236,0.0,0.10729217529296875,0.0694240853190422,0.4285210371017456
114.0,115.0,True,presidenta,closeup,,,0.533401608467102,0.1738082468509674,0.008391076698899269,0.27721837162971497,0.0014840362127870321,0.0019311829237267375,0.0037654391489923,0.0,0.1766500473022461,0.0714232474565506,0.3451728820800781
115.0,116.0,True,presidenta,closeup,,,0.8696419596672058,0.013857729732990265,0.010168811306357384,0.10529710352420807,0.00028551192372106016,0.000575492565985769,0.00017335945449303836,0.0,0.12100522965192795,0.06861444562673569,0.3566910922527313
116.0,117.0,True,presidenta,closeup,,,0.05683250352740288,0.09614381939172745,0.003347159130498767,0.8230199813842773,0.014569996856153011,0.004548794589936733,0.0015377165982499719,0.0,0.03547525778412819,0.13224661350250244,0.2021496742963791
117.0,118.0,True,presidenta,closeup,,,0.030270295217633247,0.6051673889160156,0.0044576325453817844,0.3191661238670349,0.002906031906604767,0.004865453112870455,0.03316698968410492,0.0,0.15031655132770538,0.39024636149406433,0.29160210490226746
118.0,119.0,True,presidenta,closeup,,,0.9622114896774292,0.015584518201649189,0.002806413220241666,0.018011216074228287,0.0005238057347014546,0.0007829847163520753,7.956756599014625e-05,0.0,0.27719444036483765,0.05163256451487541,0.4867677092552185
119.0,120.0,True,presidenta,closeup,,,0.6115381121635437,0.03690287470817566,0.01609135791659355,0.323112815618515,0.0024597235023975372,0.0031457615550607443,0.006749384105205536,0.0,0.20267973840236664,0.07679001986980438,0.4353894591331482
120.0,121.0,True,presidenta,closeup,,,0.693993330001831,0.008184869773685932,0.013348842971026897,0.1981722116470337,0.006013723090291023,0.00118575943633914,0.07910127192735672,0.0,0.31064802408218384,0.04645153880119324,0.6384926438331604
121.0,122.0,True,presidenta,closeup,,,0.6597051620483398,0.02603023685514927,0.0015135887078940868,0.3120642900466919,0.000548344396520406,0.00010981582454405725,2.8486323571996763e-05,0.0,0.19160421192646027,0.053817231208086014,0.46507665514945984
122.0,123.0,True,presidenta,closeup,,,0.2508835196495056,0.007085591088980436,0.0011029534507542849,0.7362809181213379,0.0008950241608545184,0.0036757721100002527,7.627352169947699e-05,0.0,0.21462294459342957,0.06422442942857742,0.5719789862632751
123.0,124.0,True,presidenta,closeup,,,0.8950815796852112,0.08553329855203629,0.006029914133250713,0.012105931527912617,0.0003439601568970829,0.0002457954396959394,0.0006595213781110942,0.0,0.3836890161037445,0.11726175993680954,0.515202522277832
124.0,125.0,True,presidenta,closeup,,,0.3336411118507385,0.14928659796714783,0.003339818911626935,0.5014142990112305,0.007090339902788401,0.0005932610365562141,0.004634620156139135,0.0,0.20484934747219086,0.20120461285114288,0.36351439356803894
125.0,126.0,True,presidenta,closeup,,,0.8612650632858276,0.1107889786362648,0.0044113085605204105,0.009989257901906967,0.0004982554237358272,0.0061095175333321095,0.0069375899620354176,0.0,0.24042083323001862,0.033602580428123474,0.4422256350517273
126.0,127.0,True,presidenta,closeup,,,0.9306731224060059,0.05292040854692459,0.001564029953442514,0.012921879068017006,0.0002517684188205749,0.0007156793726608157,0.0009531195973977447,0.0,0.12719786167144775,0.04919471591711044,0.6305832266807556
127.0,128.0,True,presidenta,closeup,,,0.4064755439758301,0.5766850113868713,0.001277135917916894,0.004213184583932161,0.00015702568634878844,0.0009615459130145609,0.01023049931973219,0.0,0.04813218489289284,0.08505285531282425,0.6465039849281311
128.0,129.0,True,presidenta,closeup,,,0.9826146960258484,0.015442091040313244,0.0013524416135624051,9.360252443002537e-05,2.7676138415699825e-05,0.00023474583576899022,0.0002348242123844102,0.0,0.17218069732189178,0.042687974870204926,0.5580206513404846
129.0,130.0,True,presidenta,closeup,,,0.9507762789726257,0.02796442247927189,0.012654060497879982,0.004694669507443905,0.00038949749432504177,0.002103982726112008,0.0014170422218739986,0.0,0.32882168889045715,0.5964598059654236,0.6420385241508484
130.0,131.0,True,presidenta,closeup,,,0.5777941346168518,0.05028520151972771,0.0021159907337278128,0.365388423204422,0.0008406032575294375,0.0029060058295726776,0.0006695814081467688,0.0,0.2209852784872055,0.06748569011688232,0.6143609285354614
131.0,132.0,True,presidenta,closeup,,,0.7244071960449219,0.19268406927585602,0.005370729602873325,0.06549683958292007,0.0010227870661765337,0.00420756358653307,0.006810745690017939,0.0,0.09392139315605164,0.04566362872719765,0.6316671371459961
132.0,133.0,True,presidenta,closeup,,,0.9312320351600647,0.03363492339849472,0.0034470539540052414,0.024439509958028793,0.0007588611915707588,0.004854306112974882,0.0016333003295585513,0.0,0.3473453223705292,0.020931197330355644,0.46337953209877014
133.0,134.0,True,presidenta,closeup,,,0.7110500931739807,0.036270398646593094,0.007740651722997427,0.2306157648563385,0.007961188443005085,0.003761585336178541,0.002600341336801648,0.0,0.34143927693367004,0.03309372812509537,0.534738302230835
134.0,135.0,True,presidenta,closeup,,,0.6961736679077148,0.007019949145615101,0.0032088367734104395,0.2931821048259735,6.953090633032843e-05,0.0003154870355501771,3.040182673430536e-05,0.0,0.13710515201091766,0.0292198546230793,0.6441016793251038
135.0,136.0,True,presidenta,closeup,,,0.5507575869560242,0.04253019392490387,0.005563746206462383,0.39914900064468384,0.0011172358645126224,0.0006177772884257138,0.0002644427877385169,0.0,0.25938621163368225,0.0743057057261467,0.42528626322746277
136.0,137.0,True,presidenta,closeup,,,0.413337379693985,0.08482338488101959,0.014446183107793331,0.4736948013305664,0.0033812462352216244,0.0031987177208065987,0.007118375971913338,0.0,0.11216907203197479,0.05757942423224449,0.4009582996368408
137.0,138.0,True,presidenta,closeup,,,0.2840172052383423,0.6733368635177612,0.012625166215002537,0.021069617941975594,0.00023666062043048441,0.002891538431867957,0.0058228615671396255,0.0,0.18069057166576385,0.2960411310195923,0.5118916630744934
138.0,139.0,True,presidenta,closeup,,,0.8148922920227051,0.04897671937942505,0.018008502200245857,0.11098042130470276,0.0024730502627789974,0.000758899434003979,0.003910135943442583,0.0,0.3358597457408905,0.038406070321798325,0.4433589577674866
139.0,140.0,True,presidenta,closeup,,,0.06438656151294708,0.8299678564071655,0.0023320193868130445,0.013777625747025013,0.0005455437931232154,0.00013981292431708425,0.08885069191455841,0.0,0.11205442994832993,0.7623300552368164,0.47987306118011475
140.0,141.0,True,presidenta,closeup,,,0.2945408225059509,0.4902261793613434,0.002002200810238719,0.05901539698243141,0.0008089171606115997,0.0031217331998050213,0.15028482675552368,0.0,0.10063987225294113,0.08238531649112701,0.42571383714675903
141.0,142.0,True,presidenta,closeup,,,0.7549945712089539,0.08306033164262772,0.004080045036971569,0.1529989391565323,0.0015736885834485292,0.0030567951034754515,0.00023565322044305503,0.0,0.18047656118869781,0.04537026584148407,0.5268110036849976
142.0,143.0,True,presidenta,closeup,,,0.3446480333805084,0.003211860079318285,0.00447820546105504,0.6441726088523865,0.0014494117349386215,0.0019814425613731146,5.8384641306474805e-05,0.0,0.26141512393951416,0.04356102645397186,0.5493592023849487
143.0,144.0,True,presidenta,closeup,,,0.802886962890625,0.03335268050432205,0.005980580113828182,0.14828768372535706,0.0015810957411304116,0.007294856011867523,0.0006160824559628963,0.0,0.08914437144994736,0.07521765679121017,0.44723281264305115
144.0,145.0,True,presidenta,closeup,,,0.02018994651734829,0.004480869974941015,0.00032538361847400665,0.9718493223190308,0.001910048071295023,0.0012280750088393688,1.6388119547627866e-05,0.0,0.23829582333564758,0.05277194827795029,0.3349865674972534
145.0,146.0,True,presidenta,closeup,,,0.8757374286651611,0.03847378492355347,0.038726888597011566,0.02013213559985161,0.00014732326962985098,0.008830210193991661,0.01795220375061035,0.0,0.3739222586154938,0.09724142402410507,0.3776051104068756
146.0,147.0,True,presidenta,closeup,,,0.9380261301994324,0.0366646982729435,0.005199418403208256,0.01846388168632984,0.00029919258668087423,0.000157310176291503,0.0011893798364326358,0.0,0.0970529243350029,0.07281866669654846,0.47193825244903564
147.0,148.0,True,presidenta,closeup,,,0.7984486222267151,0.02404523640871048,0.005949184764176607,0.16841654479503632,0.0005522329593077302,0.0009604762308299541,0.0016277091344818473,0.0,0.18674533069133759,0.14586709439754486,0.4683893620967865
148.0,149.0,True,presidenta,closeup,,,0.6776768565177917,0.13774874806404114,0.007945253513753414,0.12144650518894196,0.0009340806864202023,0.003114031394943595,0.051134537905454636,0.0,0.21991360187530518,0.06551496684551239,0.43436896800994873
149.0,150.0,True,presidenta,closeup,,,0.9094365239143372,0.019383884966373444,0.01360386423766613,0.05534184351563454,0.0005313422298058867,0.0003186480316799134,0.0013839076273143291,0.0,0.2559328079223633,0.06978113204240799,0.5455330610275269
150.0,151.0,True,presidenta,closeup,,,0.5894699096679688,0.22708335518836975,0.006576713640242815,0.17000025510787964,0.0007340987795032561,0.004020356573164463,0.0021153297275304794,0.0,0.19675283133983612,0.11431574076414108,0.7474885582923889
151.0,152.0,True,presidenta,closeup,,,0.43884557485580444,0.010642149485647678,0.014787723310291767,0.5258098840713501,0.004662137012928724,0.0023768485989421606,0.00287570315413177,0.0,0.27272745966911316,0.022221609950065613,0.34869322180747986
152.0,153.0,True,presidenta,closeup,,,0.5829671025276184,0.1270330846309662,0.021982623264193535,0.23524422943592072,0.00796918012201786,0.0013583059189841151,0.023445457220077515,0.0,0.23881831765174866,0.0319380909204483,0.3015535771846771
153.0,154.0,True,presidenta,closeup,,,0.05097285658121109,0.21537229418754578,0.0019660177640616894,0.032724667340517044,0.0007550480077043176,0.0012702115345746279,0.6969388127326965,0.0,0.18444086611270905,0.03233683481812477,0.36143478751182556
154.0,155.0,True,presidenta,closeup,,,0.7001689672470093,0.008450619876384735,0.026355136185884476,0.25307565927505493,0.006286061368882656,0.0037666906137019396,0.001896909554488957,0.0,0.25207415223121643,0.01911364123225212,0.3383403420448303
155.0,156.0,True,presidenta,closeup,,,0.32556286454200745,0.48397964239120483,0.016062499955296516,0.07967007160186768,0.005124395247548819,0.0008721225894987583,0.08872845023870468,0.0,0.2469208687543869,0.042086053639650345,0.2692422866821289
156.0,157.0,True,presidenta,closeup,,,0.2990982234477997,0.08059648424386978,0.04575575143098831,0.032766908407211304,0.04295199736952782,0.007629050873219967,0.49120163917541504,0.0,0.144628643989563,0.03645996376872063,0.4971678555011749
157.0,158.0,True,presidenta,closeup,,,0.13369539380073547,0.019057298079133034,0.002245629671961069,0.8324257135391235,0.009538293816149235,0.00087376544252038,0.002163949888199568,0.0,0.09975401312112808,0.026181744411587715,0.3184797167778015
158.0,159.0,True,presidenta,closeup,,,0.2147807776927948,0.009320134297013283,0.005277683027088642,0.7608308792114258,0.0010468410328030586,0.007702832575887442,0.001040839240886271,0.0,0.10625231266021729,0.03227788209915161,0.34153667092323303
159.0,160.0,True,presidenta,closeup,,,0.69383305311203,0.006451664492487907,0.23174668848514557,0.006878307554870844,0.00034174686879850924,0.00220578839071095,0.05854280665516853,0.0,0.5695809125900269,0.17377568781375885,0.6100646257400513
160.0,161.0,True,presidenta,closeup,,,0.906236469745636,0.02146250382065773,0.02334265597164631,0.03266891464591026,0.010505836457014084,0.0024115582928061485,0.0033719995990395546,0.0,0.2785501480102539,0.09037569910287857,0.6090883016586304
161.0,162.0,True,presidenta,closeup,,,0.5160502195358276,0.00340077537111938,0.247098907828331,0.11068110913038254,0.04240015521645546,0.008554662577807903,0.0718141421675682,0.0,0.15215063095092773,0.02349918708205223,0.4498360753059387
162.0,163.0,True,presidenta,closeup,,,0.7126397490501404,0.019707925617694855,0.11757217347621918,0.1311059296131134,0.010309861972928047,0.0021340283565223217,0.00653035705909133,0.0,0.23326627910137177,0.13040365278720856,0.37629222869873047
163.0,164.0,True,presidenta,closeup,,,0.8338722586631775,0.06886660307645798,0.008965770713984966,0.0815635696053505,0.0010905973613262177,0.0032766428776085377,0.002364604501053691,0.0,0.11310090124607086,0.06762631982564926,0.6661531925201416
164.0,165.0,True,presidenta,closeup,,,0.18528449535369873,0.6373946070671082,0.024583859369158745,0.131295308470726,0.003406320698559284,0.001930378028191626,0.016105065122246742,0.0,0.0874001756310463,0.029500363394618034,0.43619149923324585
165.0,166.0,True,presidenta,closeup,,,0.696547269821167,0.27175718545913696,0.023136474192142487,0.003908032085746527,0.00019558321218937635,0.0030863808933645487,0.00136905862018466,0.0,0.22840040922164917,0.05916763097047806,0.507866382598877
166.0,167.0,True,presidenta,closeup,,,0.6250409483909607,0.01208564080297947,0.048335153609514236,0.2968481481075287,0.002826190087944269,0.01212331373244524,0.0027406392619013786,0.0,0.05005217716097832,0.021624820306897163,0.3143571615219116
167.0,168.0,True,presidenta,closeup,,,0.01037505641579628,0.4348057508468628,0.008838048204779625,0.5311952829360962,0.008427905850112438,0.0014358296757563949,0.004922183696180582,0.0,0.07845871150493622,0.06366028636693954,0.3801502287387848
168.0,169.0,True,presidenta,closeup,,,0.1295023113489151,0.00595098314806819,0.02121458388864994,0.8309728503227234,0.01046596746891737,0.0010819633025676012,0.0008113227668218315,0.0,0.05667461082339287,0.020836832001805305,0.25987446308135986
169.0,170.0,True,presidenta,closeup,,,0.4211225211620331,0.009923035278916359,0.18708689510822296,0.287488728761673,0.029488036409020424,0.004310328979045153,0.06058051437139511,0.0,0.12994371354579926,0.02425706759095192,0.4352691173553467
170.0,171.0,True,presidenta,closeup,,,0.23965837061405182,0.2977534830570221,0.05950119346380234,0.08749184012413025,0.0036662383936345577,0.005274677649140358,0.3066542446613312,0.0,0.1439840942621231,0.05297150835394859,0.3823569416999817
171.0,172.0,True,presidenta,closeup,,,0.9184603691101074,0.005579753313213587,0.010718995705246925,0.06074981018900871,0.0014820363139733672,0.002600621897727251,0.0004084691754542291,0.0,0.4723169505596161,0.016031011939048767,0.6238969564437866
172.0,173.0,True,presidenta,closeup,,,0.5907907485961914,0.007131973281502724,0.009719371795654297,0.38589370250701904,0.0021255994215607643,0.002929004142060876,0.0014095682417973876,0.0,0.22445330023765564,0.03509083017706871,0.7410323619842529
173.0,174.0,True,presidenta,closeup,,,0.7693340182304382,0.06772954761981964,0.01351503748446703,0.03197302669286728,0.0013695268426090479,0.004396114964038134,0.11168272793292999,0.0,0.3830146789550781,0.037040263414382935,0.588456392288208
174.0,175.0,True,presidenta,closeup,,,0.6222949028015137,0.03618159890174866,0.006919730920344591,0.32207223773002625,0.0047966851852834225,0.0040976000018417835,0.003637263784185052,0.0,0.11922910809516907,0.04264684021472931,0.3117320239543915
175.0,176.0,True,presidenta,closeup,,,0.4767768383026123,0.04737399145960808,0.007949566468596458,0.44582563638687134,0.010502425953745842,0.007605042774230242,0.003966514486819506,0.0,0.28814437985420227,0.04596780985593796,0.4523923397064209
176.0,177.0,True,presidenta,closeup,,,0.0948057696223259,0.00570528581738472,0.021034982055425644,0.7957355380058289,0.05919304117560387,0.0014364097733050585,0.02208903431892395,0.0,0.32990047335624695,0.03715718165040016,0.3398059904575348
177.0,178.0,True,presidenta,closeup,,,0.9326264262199402,0.047442249953746796,0.005276884883642197,0.012839063070714474,0.00037423515459522605,0.0012198812328279018,0.00022126617841422558,0.0,0.34782370924949646,0.03152605518698692,0.5455935001373291
178.0,179.0,True,presidenta,closeup,,,0.1836785078048706,0.6319789290428162,0.011703519150614738,0.027538640424609184,0.0036720861680805683,0.017606982961297035,0.12382132560014725,0.0,0.8608713150024414,0.15448695421218872,0.4492184817790985
179.0,180.0,True,presidenta,closeup,,,0.720619797706604,0.01587063819169998,0.09666884690523148,0.15561772882938385,0.009770834818482399,0.0005144859896972775,0.0009376580128446221,0.0,0.11731676012277603,0.03302837163209915,0.64895099401474
180.0,181.0,True,presidenta,closeup,,,0.7864943742752075,0.17820468544960022,0.02619341015815735,0.0049850367940962315,0.000473395106382668,0.0006457056151703,0.0030033928342163563,0.0,0.19250641763210297,0.07541611045598984,0.7354239821434021
181.0,182.0,True,presidenta,closeup,,,0.7653972506523132,0.012078572064638138,0.07040297985076904,0.11207427829504013,0.027850115671753883,0.0005471789627335966,0.011649585328996181,0.0,0.16912418603897095,0.038428016006946564,0.5014176964759827
182.0,183.0,True,presidenta,closeup,,,0.6139920353889465,0.003586221719160676,0.12982091307640076,0.15757893025875092,0.04037914425134659,0.02895745076239109,0.025685297325253487,0.0,0.2574058771133423,0.04722759500145912,0.6422653198242188
183.0,184.0,True,presidenta,closeup,,,0.7202221751213074,0.012947467155754566,0.003918390721082687,0.2609729766845703,0.000862476066686213,0.0005812122253701091,0.000495291082188487,0.0,0.057859133929014206,0.07852508872747421,0.6541299223899841
184.0,185.0,True,presidenta,closeup,,,0.8110597133636475,0.08526570349931717,0.0028484505601227283,0.09897077828645706,0.0011430892627686262,0.00014799476775806397,0.0005642743199132383,0.0,0.15056975185871124,0.11370696872472763,0.5149828791618347
185.0,186.0,True,presidenta,closeup,,,0.9757369756698608,0.010026538744568825,0.004039932042360306,0.007029132451862097,0.0026054251939058304,0.00028383443714119494,0.00027814559871330857,0.0,0.21859204769134521,0.07404416799545288,0.34716299176216125
186.0,187.0,True,presidenta,closeup,,,0.5527100563049316,0.03580532222986221,0.008663828484714031,0.3935895264148712,0.0022579769138246775,0.003359271679073572,0.0036140053998678923,0.0,0.2412751466035843,0.06052687019109726,0.45259034633636475
187.0,188.0,True,presidenta,closeup,,,0.2903372347354889,0.5783434510231018,0.01782524399459362,0.10027176141738892,0.0009674033499322832,0.0028009365778416395,0.009453986771404743,0.0,0.5478687286376953,0.17716477811336517,0.6097749471664429
188.0,189.0,True,presidenta,closeup,,,0.8010982871055603,0.12094224989414215,0.06752040982246399,0.004471410997211933,0.00025581728550605476,0.0041431221179664135,0.0015686858678236604,0.0,0.09204421937465668,0.0505673848092556,0.38947242498397827
189.0,190.0,True,presidenta,closeup,,,0.5877484679222107,0.12079114466905594,0.014510998502373695,0.24321632087230682,0.029016366228461266,0.0015280848601832986,0.003188585862517357,0.0,0.12910737097263336,0.188083216547966,0.4476829171180725
190.0,191.0,True,presidenta,closeup,,,0.49773046374320984,0.00307978643104434,0.010642064735293388,0.48521968722343445,0.0017594513483345509,0.0013900311896577477,0.00017849162395577878,0.0,0.3590080440044403,0.037787239998579025,0.32731497287750244
191.0,192.0,True,presidenta,closeup,,,0.7342693209648132,0.0021413343492895365,0.011194583028554916,0.25149622559547424,0.00037750942283309996,0.0004922481602989137,2.8731807105941698e-05,0.0,0.14549949765205383,0.03844209015369415,0.42932337522506714
192.0,193.0,True,presidenta,closeup,,,0.4425707757472992,0.01523413136601448,0.013027616776525974,0.5075379014015198,0.020379967987537384,0.0003485059423837811,0.0009010627982206643,0.0,0.4477924108505249,0.044688720256090164,0.32120129466056824
193.0,194.0,True,presidenta,closeup,,,0.9097558856010437,0.024387041106820107,0.007355253677815199,0.05767638981342316,0.00010847142402781174,0.00020922157273162156,0.0005077734822407365,0.0,0.176174595952034,0.07859820127487183,0.43389418721199036
194.0,195.0,True,presidenta,closeup,,,0.6978861689567566,0.01632198877632618,0.011398731730878353,0.26988041400909424,0.0020861653611063957,0.000735826906748116,0.0016906982054933906,0.0,0.06874203681945801,0.04605614393949509,0.4092617630958557
195.0,196.0,True,presidenta,closeup,,,0.8801953792572021,0.10051736235618591,0.009800820611417294,0.005874850321561098,0.0004346599744167179,0.0005564299644902349,0.0026204928290098906,0.0,0.512101411819458,0.019742295145988464,0.45689037442207336
196.0,197.0,True,presidenta,closeup,,,0.7629290819168091,0.025613609701395035,0.021212663501501083,0.18296262621879578,0.003711484372615814,0.002639709273353219,0.0009308534790761769,0.0,0.2799868881702423,0.01577123999595642,0.3925381302833557
197.0,198.0,True,presidenta,closeup,,,0.6091287732124329,0.014621153473854065,0.0032528515439480543,0.36971741914749146,0.0013016847660765052,0.001616211491636932,0.0003619420458562672,0.0,0.06586272269487381,0.0908411294221878,0.5060647130012512
198.0,199.0,True,presidenta,closeup,,,0.9626973867416382,0.010641881264746189,0.004145442508161068,0.021420558914542198,0.0001246039173565805,0.0006411604699678719,0.00032902066595852375,0.0,0.08110515773296356,0.08299839496612549,0.5381749868392944
199.0,200.0,True,presidenta,closeup,,,0.9550471305847168,0.0009478475549258292,0.01758124679327011,0.019791942089796066,0.00048026422155089676,0.005865313578397036,0.00028625258710235357,0.0,0.2752440273761749,0.05858202278614044,0.41539236903190613
200.0,201.0,True,presidenta,closeup,,,0.47395387291908264,0.23910579085350037,0.0062250555492937565,0.09002538025379181,0.0005321404314599931,0.007966277189552784,0.18219147622585297,0.0,0.2228216528892517,0.05573967099189758,0.4930247366428375
201.0,202.0,True,presidenta,closeup,,,0.9406028985977173,0.0029015576001256704,0.0009153010323643684,0.05519644543528557,0.00012574803258758038,0.0002516605018172413,6.340781965263886e-06,0.0,0.18398119509220123,0.027464475482702255,0.35706597566604614
202.0,203.0,True,presidenta,closeup,,,0.9059193730354309,0.012187041342258453,0.03119605965912342,0.04877988249063492,0.00015274483303073794,0.0014057644875720143,0.0003591144341044128,0.0,0.12046549469232559,0.2605583667755127,0.6441949605941772
203.0,204.0,True,presidenta,closeup,,,0.7367448806762695,0.16488796472549438,0.0037815195973962545,0.043004244565963745,0.0013904403895139694,0.005572741385549307,0.04461820423603058,0.0,0.14519718289375305,0.04262664541602135,0.44471144676208496
204.0,205.0,True,presidenta,closeup,,,0.8968545794487,0.0076716309413313866,0.02668924257159233,0.06388957798480988,0.0008894317434169352,0.003660515183582902,0.00034501636400818825,0.0,0.08384277671575546,0.04357065632939339,0.46778056025505066
205.0,206.0,True,presidenta,closeup,,,0.849302351474762,0.023309191688895226,0.010134709998965263,0.08073756098747253,0.02164722979068756,0.010888022370636463,0.003980880603194237,0.0,0.2085048258304596,0.01859731785953045,0.3989703953266144
206.0,207.0,True,presidenta,closeup,,,0.5960184335708618,0.2726113498210907,0.01082516461610794,0.010624163784086704,0.002761939074844122,0.0011796657927334309,0.10597925633192062,0.0,0.24179723858833313,0.02903411164879799,0.4703523516654968
207.0,208.0,True,presidenta,closeup,,,0.8994162678718567,0.029930660501122475,0.01995389722287655,0.04073437675833702,0.0029537868686020374,0.0022664496209472418,0.004744562786072493,0.0,0.415251225233078,0.026612896472215652,0.4285967946052551
208.0,209.0,True,presidenta,closeup,,,0.662715494632721,0.022377442568540573,0.015839509665966034,0.2918374836444855,0.004334630910307169,0.0023262479808181524,0.0005692023551091552,0.0,0.13180944323539734,0.019079793244600296,0.5599110126495361
209.0,210.0,True,presidenta,closeup,,,0.9530314803123474,0.007992135360836983,0.006866856943815947,0.02892526052892208,0.0005380112561397254,0.002268182812258601,0.0003780102706514299,0.0,0.2807064354419708,0.038051802664995193,0.6198940873146057
210.0,211.0,True,presidenta,closeup,,,0.8937727808952332,0.0122859301045537,0.008769224397838116,0.08367369323968887,0.00010898150503635406,0.0009991424158215523,0.0003902156022377312,0.0,0.2111615091562271,0.0522611141204834,0.46922239661216736
211.0,212.0,True,presidenta,closeup,,,0.7792046070098877,0.017915185540914536,0.011498162522912025,0.1889224797487259,0.0003226748376619071,0.0015009029302746058,0.000636034645140171,0.0,0.37368980050086975,0.023252753540873528,0.49797311425209045
212.0,213.0,True,presidenta,closeup,,,0.5920844078063965,0.029968462884426117,0.02406381443142891,0.34929564595222473,0.0034040140453726053,0.0007314550457522273,0.00045219503226689994,0.0,0.28439247608184814,0.03074759803712368,0.39146119356155396
213.0,214.0,True,presidenta,closeup,,,0.16117310523986816,0.08450106531381607,0.006162566598504782,0.38964390754699707,0.008822541683912277,0.0014647726202383637,0.3482320010662079,0.0,0.28504714369773865,0.12332508713006973,0.28779149055480957
214.0,215.0,True,presidenta,closeup,,,0.6144973039627075,0.023916997015476227,0.006944604218006134,0.3489854633808136,0.0007269239285960793,0.0013621215475723147,0.0035666644107550383,0.0,0.23970700800418854,0.050140269100666046,0.37287434935569763
215.0,216.0,True,presidenta,closeup,,,0.8285591006278992,0.006701811216771603,0.005132229998707771,0.15861628949642181,0.00037865163176320493,0.000545357121154666,6.656877667410299e-05,0.0,0.08535770326852798,0.07161740213632584,0.7447840571403503
216.0,217.0,True,presidenta,closeup,,,0.6221854090690613,0.021500684320926666,0.021727552637457848,0.22213874757289886,0.0017035381169989705,0.009849867783486843,0.10089417546987534,0.0,0.08933649957180023,0.052816420793533325,0.3187294602394104
217.0,218.0,True,presidenta,closeup,,,0.14061105251312256,0.03493674471974373,0.00575037207454443,0.814300537109375,0.00364985060878098,0.0003869099891744554,0.0003645356046035886,0.0,0.11924255639314651,0.11371636390686035,0.3801765739917755
218.0,219.0,True,presidenta,closeup,,,0.9472900629043579,0.03642556816339493,0.00910442229360342,0.005895518232136965,0.00017334442236460745,0.0002743775839917362,0.000836677907500416,0.0,0.20948359370231628,0.20645175874233246,0.6482347846031189
219.0,220.0,True,presidenta,closeup,,,0.9696714282035828,0.012664194218814373,0.012099601328372955,0.003191536059603095,0.0007028674590401351,0.00010668103641364723,0.0015637065516784787,0.0,0.11980176717042923,0.1225864440202713,0.5380791425704956
220.0,221.0,True,presidenta,closeup,,,0.9229447841644287,0.06875818222761154,0.004420923069119453,0.0008317798492498696,0.000157747243065387,9.295901691075414e-05,0.0027936736587435007,0.0,0.29760366678237915,0.42774856090545654,0.7346634268760681
221.0,222.0,True,presidenta,closeup,,,0.8163149356842041,0.11172313243150711,0.003742330241948366,0.04508306086063385,0.0023418155033141375,0.0015673439484089613,0.01922737807035446,0.0,0.2611624002456665,0.06044919416308403,0.34230542182922363
222.0,223.0,True,presidenta,closeup,,,0.10177912563085556,0.6071437001228333,0.010284301824867725,0.26310428977012634,0.015329355373978615,0.00028196536004543304,0.0020773541182279587,0.0,0.2858506739139557,0.6725925803184509,0.3856821358203888
223.0,224.0,True,presidenta,closeup,,,0.8430159687995911,0.014033118262887001,0.01870887167751789,0.08397985994815826,0.014421331696212292,0.004305332433432341,0.021535590291023254,0.0,0.1944199800491333,0.04826490953564644,0.23687008023262024
224.0,225.0,True,presidenta,closeup,,,0.9749460220336914,0.0010547265410423279,0.0031903288327157497,0.020251348614692688,0.0003470148949418217,0.00018719505169428885,2.3344004148384556e-05,0.0,0.14681699872016907,0.03028450347483158,0.6328288316726685
225.0,226.0,True,presidenta,closeup,,,0.8964316844940186,0.03458195552229881,0.0017297703307121992,0.06597689539194107,0.00018341487157158554,0.0009054043330252171,0.0001908552076201886,0.0,0.22812631726264954,0.05093225836753845,0.6570812463760376
226.0,227.0,True,presidenta,closeup,,,0.849166989326477,0.022128934040665627,0.005598296876996756,0.11754504591226578,0.0023628203198313713,0.002168023493140936,0.0010298797860741615,0.0,0.27842584252357483,0.029989495873451233,0.33399564027786255
227.0,228.0,True,presidenta,closeup,,,0.5692206025123596,0.06249820068478584,0.016442717984318733,0.3238919675350189,0.007982541806995869,0.0027730828151106834,0.017190907150506973,0.0,0.04276835918426514,0.1456550657749176,0.43518632650375366
228.0,229.0,True,presidenta,closeup,,,0.6294711232185364,0.2854306995868683,0.009036818519234657,0.026018327102065086,0.0008078530663624406,0.0003165501984767616,0.048918623477220535,0.0,0.05700017884373665,0.07017200440168381,0.5523887276649475
229.0,230.0,True,presidenta,closeup,,,0.9205284118652344,0.033678703010082245,0.0106935054063797,0.026864733546972275,0.002981212455779314,0.0010055346647277474,0.004247874487191439,0.0,0.10927506536245346,0.07349752634763718,0.4484357237815857
230.0,231.0,True,presidenta,closeup,,,0.028698772192001343,0.020634345710277557,0.0020812556613236666,0.013286737725138664,0.0002070293267024681,0.0007743757450953126,0.934317409992218,0.0,0.39350393414497375,0.042258840054273605,0.4013311564922333
231.0,232.0,True,presidenta,closeup,,,0.4739285707473755,0.009971070103347301,0.040786173194646835,0.39274099469184875,0.0590239018201828,0.0062861633487045765,0.017263036221265793,0.0,0.1244390532374382,0.055856071412563324,0.3190852105617523
232.0,233.0,True,presidenta,closeup,,,0.5289743542671204,0.010181676596403122,0.01369419228285551,0.44591858983039856,0.00033145342604257166,0.0007448259275406599,0.00015481060836464167,0.0,0.12666255235671997,0.08209769427776337,0.4516303837299347
233.0,234.0,True,presidenta,closeup,,,0.5628470182418823,0.08234509825706482,0.14337241649627686,0.06774051487445831,0.002962722908705473,0.04575391486287117,0.09497826546430588,0.0,0.16909413039684296,0.04183215647935867,0.438745379447937
234.0,235.0,True,presidenta,closeup,,,0.33141839504241943,0.16887147724628448,0.011969994753599167,0.33272746205329895,0.032165128737688065,0.00416977284476161,0.1186777800321579,0.0,0.45626941323280334,0.03556770831346512,0.4370696544647217
235.0,236.0,True,presidenta,closeup,,,0.6671584844589233,0.09744822978973389,0.003639035392552614,0.22238212823867798,0.0012305128620937467,0.005487969145178795,0.002653667936101556,0.0,0.2758336067199707,0.04128436744213104,0.5174027681350708
236.0,237.0,True,presidenta,closeup,,,0.20370662212371826,0.7366171479225159,0.0027546114288270473,0.04748113080859184,0.0008781537762843072,0.000778145098593086,0.0077841379679739475,0.0,0.45591187477111816,0.3889845013618469,0.47126317024230957
237.0,238.0,True,presidenta,closeup,,,0.6870057582855225,0.0740177258849144,0.0074320160783827305,0.20998822152614594,0.005135517567396164,0.002374475123360753,0.014046287164092064,0.0,0.15266872942447662,0.0844036117196083,0.3332919776439667
238.0,239.0,True,presidenta,closeup,,,0.14328385889530182,0.0023487939033657312,0.0017897675279527903,0.8510944247245789,0.0003790822811424732,0.0010294407838955522,7.462799840141088e-05,0.0,0.07822217047214508,0.04796814173460007,0.45870986580848694
239.0,240.0,True,presidenta,closeup,,,0.6714365482330322,0.017459919676184654,0.006071548908948898,0.28588977456092834,0.016614381223917007,0.0015747009310871363,0.0009531190153211355,0.0,0.24232754111289978,0.04819444939494133,0.46788284182548523
240.0,241.0,True,presidenta,closeup,,,0.9775290489196777,0.002789767226204276,0.006339787971228361,0.011072307825088501,0.0017398929921910167,0.00043531914707273245,9.380312985740602e-05,0.0,0.23805873095989227,0.09182678163051605,0.5008292198181152
241.0,242.0,True,presidenta,closeup,,,0.9210419654846191,0.002751037012785673,0.018636245280504227,0.04853212088346481,0.008687234483659267,0.00023789654369466007,0.00011352510045981035,0.0,0.24186401069164276,0.029257996007800102,0.7037642002105713
242.0,243.0,True,presidenta,closeup,,,0.4546884000301361,0.429223895072937,0.002260999521240592,0.0535181500017643,0.020665420219302177,0.0005300504271872342,0.03911307454109192,0.0,0.06170802190899849,0.12474524974822998,0.3790808916091919
243.0,244.0,True,presidenta,closeup,,,0.5970621109008789,0.00947064533829689,0.004307912662625313,0.3459337055683136,0.03909113630652428,0.002985528204590082,0.0011489387834444642,0.0,0.1564372479915619,0.06643614172935486,0.4438380300998688
244.0,245.0,True,presidenta,closeup,,,0.910126805305481,0.0062367976643145084,0.005986463278532028,0.039655089378356934,0.0328403078019619,0.0005439113010652363,0.0046105519868433475,0.0,0.06623636931180954,0.048924677073955536,0.18487648665905
245.0,246.0,True,presidenta,closeup,,,0.8728751540184021,0.05323749780654907,0.00273267668671906,0.004315228667110205,0.0011586395557969809,0.0047246236354112625,0.06095612421631813,0.0,0.07405301183462143,0.05483502149581909,0.5312896966934204
246.0,247.0,True,presidenta,closeup,,,0.10436056554317474,0.7484309673309326,0.0021166789811104536,0.1331767588853836,0.002880050567910075,0.0004945535911247134,0.008540419861674309,0.0,0.1523866355419159,0.5300378799438477,0.35534825921058655
247.0,248.0,True,presidenta,closeup,,,0.8577604293823242,0.012207637540996075,0.039188873022794724,0.07862594723701477,0.0009539354359731078,0.0024920222349464893,0.008771118707954884,0.0,0.2136339694261551,0.16369503736495972,0.7259263396263123
248.0,249.0,True,presidenta,closeup,,,0.9754897356033325,0.013491034507751465,0.004978948272764683,0.0014832504093647003,0.0006026326445862651,0.0005426588468253613,0.0034117784816771746,0.0,0.227621927857399,0.03119594231247902,0.3836895525455475
249.0,250.0,True,presidenta,closeup,,,0.5443236827850342,0.01413720939308405,0.008457030169665813,0.4190835952758789,0.013306301087141037,0.00017644227773416787,0.0005157163832336664,0.0,0.04208359494805336,0.13522596657276154,0.2468871772289276
250.0,251.0,True,presidenta,closeup,,,0.8379298448562622,0.07167848199605942,0.0035517707001417875,0.08453372120857239,0.0010662961285561323,0.00035666412441059947,0.0008831555023789406,0.0,0.15539023280143738,0.08534424751996994,0.4924570620059967
251.0,252.0,True,presidenta,closeup,,,0.6752834916114807,0.12994423508644104,0.05871135741472244,0.006312217563390732,0.006355424411594868,0.012142305262386799,0.11125092953443527,0.0,0.8399073481559753,0.15551958978176117,0.6443955302238464
252.0,253.0,True,presidenta,closeup,,,0.7487385869026184,0.09129165858030319,0.00196682196110487,0.004991401918232441,0.0005302702193148434,0.07176163792610168,0.08071964979171753,0.0,0.857796311378479,0.39749327301979065,0.5031030774116516
253.0,254.0,True,presidenta,closeup,,,0.9337935447692871,0.048668939620256424,0.004724639002233744,0.000740423274692148,0.0002519045665394515,0.0050435452722013,0.006777046248316765,0.0,0.817823588848114,0.23302872478961945,0.6310210824012756
254.0,255.0,True,presidenta,closeup,,,0.9127781987190247,0.0025597531348466873,0.004928416572511196,0.01306270994246006,0.06185426190495491,0.0018332552863284945,0.0029834117740392685,0.0,0.18594056367874146,0.05171011760830879,0.24974502623081207
255.0,256.0,True,presidenta,closeup,,,0.9439769983291626,0.029041605070233345,0.0024419475812464952,0.014484282582998276,0.003369476180523634,0.001284572179429233,0.005401091184467077,0.0,0.23506514728069305,0.059860315173864365,0.25729191303253174
256.0,257.0,True,presidenta,closeup,,,0.051952458918094635,0.0003354371292516589,0.00032368506072089076,0.9469239711761475,0.00036208960227668285,9.5899093139451e-05,6.560034762514988e-06,0.0,0.19419459998607635,0.02173343114554882,0.3741456866264343
257.0,258.0,True,presidenta,closeup,,,0.9158062934875488,0.045544691383838654,0.006764858961105347,0.0027849681209772825,0.0009661561343818903,0.0019882628694176674,0.026144808158278465,0.0,0.2129891812801361,0.058439701795578,0.4645589590072632
258.0,259.0,True,presidenta,closeup,,,0.22854457795619965,0.6545860767364502,0.0031806088518351316,0.026669522747397423,0.007411149330437183,0.004410103429108858,0.07519787549972534,0.0,0.0792776420712471,0.3086741268634796,0.46238064765930176
259.0,260.0,True,presidenta,closeup,,,0.780331552028656,0.08824657648801804,0.0038965519051998854,0.09046226739883423,0.001258689328096807,0.0024765192065387964,0.03332780301570892,0.0,0.0330832339823246,0.11113405227661133,0.3316129744052887
260.0,261.0,True,presidenta,closeup,,,0.9407293796539307,0.01122986152768135,0.0034989803098142147,0.043080903589725494,0.0006245961412787437,0.0007127855205908418,0.0001234463125001639,0.0,0.05269542708992958,0.08718626946210861,0.4464181661605835
261.0,262.0,True,presidenta,closeup,,,0.7432822585105896,0.03214452415704727,0.005479649640619755,0.21705861389636993,0.0015272482996806502,0.0003691442543640733,0.00013858040620107204,0.0,0.07891906797885895,0.1079065203666687,0.4251251518726349
262.0,263.0,True,presidenta,closeup,,,0.3478107750415802,0.006292755715548992,0.0007794927223585546,0.6414104104042053,0.0027759182266891003,0.0008708850364200771,5.973495353828184e-05,0.0,0.1339907944202423,0.04924702271819115,0.390303373336792
263.0,264.0,True,presidenta,closeup,,,0.773086667060852,0.15580396354198456,0.0038567688316106796,0.06462898850440979,0.0004505844844970852,0.0006598886684514582,0.0015131408581510186,0.0,0.1996610164642334,0.41450005769729614,0.47598281502723694
264.0,265.0,True,presidenta,closeup,,,0.9834989905357361,0.014479720033705235,0.0009397777612321079,0.00040076844743452966,0.0005216254503466189,2.2027836166671477e-05,0.0001370859972666949,0.0,0.16364575922489166,0.06237113103270531,0.5042651891708374
265.0,266.0,True,presidenta,closeup,,,0.9868907332420349,0.002072232775390148,0.005804472602903843,0.0034180383663624525,0.00023519450041931123,0.0014464370906352997,0.00013281559222377837,0.0,0.3474508821964264,0.03258867189288139,0.6773307919502258
266.0,267.0,True,presidenta,closeup,,,0.9703712463378906,0.015455883927643299,0.0013263527071103454,0.006794787012040615,0.0017404932295903563,0.0007098110509105027,0.0036014572251588106,0.0,0.22579491138458252,0.03714948892593384,0.4526822566986084
267.0,268.0,True,presidenta,closeup,,,0.9229382872581482,0.02566978521645069,0.00046643076348118484,0.04813826456665993,0.0005860535311512649,0.0013431430561468005,0.0008580120047554374,0.0,0.18951253592967987,0.05961981415748596,0.5568355917930603
268.0,269.0,True,presidenta,closeup,,,0.979759156703949,0.010113951750099659,0.0017838365165516734,0.0009798647370189428,0.0006269898149184883,0.0043940856121480465,0.0023420846555382013,0.0,0.4191989302635193,0.05481225624680519,0.5724342465400696
269.0,270.0,True,presidenta,closeup,,,0.6678941249847412,0.2274002730846405,0.0009502883185632527,0.017412718385457993,0.004696936812251806,0.0012659428175538778,0.08037972450256348,0.0,0.08161845803260803,0.05506938323378563,0.35964563488960266
270.0,271.0,True,presidenta,closeup,,,0.7035984992980957,0.07251597195863724,0.0029498953372240067,0.20995771884918213,0.0062683867290616035,0.0009566406370140612,0.0037528418470174074,0.0,0.134918674826622,0.14829248189926147,0.4531767964363098
271.0,272.0,True,presidenta,closeup,,,0.9788532853126526,0.004335795994848013,0.010263225995004177,0.003539231140166521,0.0007368115475401282,0.0006951124523766339,0.0015765109565109015,0.0,0.2856488823890686,0.044575873762369156,0.27261245250701904
272.0,273.0,True,presidenta,closeup,,,0.9280741810798645,0.050240471959114075,0.0017611902439966798,0.01753961108624935,0.0008671846590004861,0.00010417992598377168,0.0014132673386484385,0.0,0.2572527825832367,0.0994466170668602,0.47870680689811707
273.0,274.0,True,presidenta,closeup,,,0.912988007068634,0.051953963935375214,0.00455247750505805,0.019007427617907524,0.00039278826443478465,0.0021332039032131433,0.008972053416073322,0.0,0.34604567289352417,0.020520228892564774,0.2820139229297638
274.0,275.0,True,presidenta,closeup,,,0.8012344241142273,0.17976608872413635,0.007039904128760099,0.006641968619078398,0.0007781572639942169,0.001461085514165461,0.0030783554539084435,0.0,0.10124649852514267,0.05514095351099968,0.463105708360672
275.0,276.0,True,presidenta,closeup,,,0.7292205095291138,0.09568390995264053,0.003634366672486067,0.1614452451467514,0.00270069413818419,0.00038359808968380094,0.006931634619832039,0.0,0.14252348244190216,0.05073464661836624,0.5428606867790222
276.0,277.0,True,presidenta,closeup,,,0.9230018258094788,0.03608657792210579,0.000871662690769881,0.03267297148704529,0.000487648940179497,0.0012578077148646116,0.0056215557269752026,0.0,0.061908021569252014,0.04644549638032913,0.5882154703140259
277.0,278.0,True,presidenta,closeup,,,0.8151229023933411,0.021597327664494514,0.001445668749511242,0.1607019603252411,0.0001785334461601451,0.00021581257169600576,0.0007378259906545281,0.0,0.09435213357210159,0.049434613436460495,0.5699111223220825
278.0,279.0,True,presidenta,closeup,,,0.7200939655303955,0.033522624522447586,0.04854072257876396,0.044286131858825684,0.0009899658616632223,0.02858326956629753,0.12398336082696915,0.0,0.09336324036121368,0.02159247361123562,0.3687332570552826
279.0,280.0,True,presidenta,closeup,,,0.8313642144203186,0.09336661547422409,0.004113659728318453,0.054835252463817596,0.0036114980466663837,0.0005867775762453675,0.012121988460421562,0.0,0.06968232244253159,0.02055365778505802,0.3365786671638489
280.0,281.0,True,presidenta,closeup,,,0.963778555393219,0.013105124235153198,0.006355911027640104,0.006836999673396349,0.008348295465111732,0.00040094676660373807,0.0011742237256839871,0.0,0.25213491916656494,0.061958491802215576,0.18223194777965546
281.0,282.0,True,presidenta,closeup,,,0.2401171773672104,0.6163321137428284,0.004537187982350588,0.08747294545173645,0.010795755311846733,0.0005711962003260851,0.040173593908548355,0.0,0.25198864936828613,0.5805662870407104,0.4921022951602936
282.0,283.0,True,presidenta,closeup,,,0.9741602540016174,0.011469636112451553,0.0030551119707524776,0.008914405480027199,0.0014120107516646385,0.00034027124638669193,0.0006483082543127239,0.0,0.24706070125102997,0.060129377990961075,0.3291369378566742
283.0,284.0,True,presidenta,closeup,,,0.8469353318214417,0.0468757189810276,0.0017795867752283812,0.09653376787900925,0.0048102280125021935,0.000792606791947037,0.0022728152107447386,0.0,0.21391229331493378,0.04140959307551384,0.25725057721138
284.0,285.0,True,presidenta,closeup,,,0.37081143260002136,0.359110951423645,0.02024615742266178,0.2364228218793869,0.002864282811060548,0.003165296744555235,0.0073790415190160275,0.0,0.2023969292640686,0.1420699954032898,0.5005737543106079
285.0,286.0,True,presidenta,closeup,,,0.8257774114608765,0.04543120786547661,0.0030675469897687435,0.11340269446372986,0.009806373156607151,0.00038149196188896894,0.0021332446485757828,0.0,0.18531468510627747,0.1319442093372345,0.5143759846687317
286.0,287.0,True,presidenta,closeup,,,0.8786976337432861,0.04147601127624512,0.0032250666990876198,0.07324652373790741,0.0013852985575795174,0.0006936616846360266,0.0012758001685142517,0.0,0.1310792714357376,0.09263385832309723,0.23185431957244873
287.0,288.0,True,presidenta,closeup,,,0.9449098110198975,0.024436766281723976,0.002989688189700246,0.024236783385276794,0.0013933326117694378,0.0013098613126203418,0.000723735021892935,0.0,0.1755339503288269,0.07013922184705734,0.6583213210105896
288.0,289.0,True,presidenta,closeup,,,0.9342577457427979,0.044034235179424286,0.012099270708858967,0.006488404702395201,0.001264433958567679,0.00045668502571061254,0.0013991623418405652,0.0,0.06853929907083511,0.028245314955711365,0.5841373205184937
289.0,290.0,True,presidenta,closeup,,,0.9748324751853943,0.020509572699666023,0.0032381266355514526,0.0008579547866247594,0.00010597267100820318,0.0003946766664739698,6.124641367932782e-05,0.0,0.12935896217823029,0.054299622774124146,0.6882402300834656
290.0,291.0,True,presidenta,closeup,,,0.961280882358551,0.0031066604424268007,0.003180569503456354,0.02478022314608097,0.0067046326585114,0.0006917288992553949,0.0002552569203544408,0.0,0.12810687720775604,0.03870774433016777,0.5613515973091125
291.0,292.0,True,presidenta,closeup,,,0.9763568639755249,0.006881438661366701,0.005626759957522154,0.00373536953702569,0.003821475664153695,0.001983886118978262,0.0015941975871101022,0.0,0.17187099158763885,0.02417348138988018,0.5544301271438599
292.0,293.0,True,presidenta,closeup,,,0.9953908920288086,0.00260357023216784,0.0015436098910868168,0.0003174127487000078,2.4607004888821393e-05,4.518356581684202e-05,7.477461622329429e-05,0.0,0.18247215449810028,0.07677262276411057,0.5057999491691589
293.0,294.0,True,presidenta,closeup,,,0.8621762990951538,0.10156194120645523,0.016605276614427567,0.0016858638264238834,0.00035970102180726826,0.000924182531889528,0.01668674685060978,0.0,0.8492719531059265,0.5608276128768921,0.7264456748962402
294.0,295.0,True,presidenta,closeup,,,0.9440863132476807,0.03611370921134949,0.012918381951749325,0.0012414271477609873,0.00019278524268884212,0.003784321481361985,0.0016630931058898568,0.0,0.4214197099208832,0.14726877212524414,0.7418321967124939
295.0,296.0,True,presidenta,closeup,,,0.9856050610542297,0.006569189485162497,0.003331053303554654,0.0022294968366622925,0.0009983762865886092,0.0002719108888413757,0.0009948572842404246,0.0,0.12313064187765121,0.046479422599077225,0.5309699177742004
296.0,297.0,True,presidenta,closeup,,,0.9206290245056152,0.06513981521129608,0.0017661162419244647,0.001117491046898067,0.008722255937755108,0.00015680197975598276,0.002468460239470005,0.0,0.1906217634677887,0.07493534684181213,0.4197693169116974
297.0,298.0,True,presidenta,closeup,,,0.5086821913719177,0.01771308109164238,0.0020718632731586695,0.4697558581829071,0.0006910351803526282,0.0009275733609683812,0.00015835423255339265,0.0,0.2372487187385559,0.07027803361415863,0.26947587728500366
298.0,299.0,True,presidenta,closeup,,,0.8969119191169739,0.035298559814691544,0.003408999415114522,0.058334387838840485,0.004884609952569008,8.482942939735949e-05,0.0010767505737021565,0.0,0.09047380089759827,0.15333868563175201,0.41307154297828674
299.0,300.0,True,presidenta,closeup,,,0.9200645089149475,0.05496036633849144,0.011786947958171368,0.000652666378300637,0.0006062163156457245,0.00447810860350728,0.007451157551258802,0.0,0.7624444961547852,0.31790298223495483,0.6314350962638855
300.0,301.0,True,presidenta,closeup,,,0.43050700426101685,0.5286127328872681,0.008945091627538204,0.025802580639719963,0.0009864174062386155,0.002463115146383643,0.0026830960996448994,0.0,0.23812322318553925,0.7701529860496521,0.6697074174880981
301.0,302.0,True,presidenta,closeup,,,0.5675325989723206,0.2416706532239914,0.003414433915168047,0.16520431637763977,0.01612013392150402,0.0004215905210003257,0.005636239890009165,0.0,0.11469867825508118,0.3088061809539795,0.4337535500526428
302.0,303.0,True,presidenta,closeup,,,0.9873924851417542,0.0031586659606546164,0.0032795912120491266,0.003328884020447731,0.0009534797864034772,0.0014249230735003948,0.00046196396579034626,0.0,0.10143715888261795,0.07049412280321121,0.5121597647666931
303.0,304.0,True,presidenta,closeup,,,0.9086006283760071,0.03249063715338707,0.0067487661726772785,0.04734418913722038,0.004364434629678726,0.00017390835273545235,0.0002774858148768544,0.0,0.20116882026195526,0.05793004482984543,0.30052468180656433
304.0,305.0,True,presidenta,closeup,,,0.9622837901115417,0.018477952107787132,0.0051746373064816,0.011025217361748219,0.0009626013343222439,0.00019342079758644104,0.0018823350546881557,0.0,0.2266625314950943,0.08975433558225632,0.4423590302467346
305.0,306.0,True,presidenta,closeup,,,0.4304654598236084,0.0351688489317894,0.004489569924771786,0.4773160517215729,0.05138472095131874,0.0005917244707234204,0.0005836828495375812,0.0,0.4077472984790802,0.07132325321435928,0.22381022572517395
306.0,307.0,True,presidenta,closeup,,,0.9584234356880188,0.014020493254065514,0.004855981096625328,0.01682199165225029,0.004825526382774115,0.0002399596996838227,0.0008126090397126973,0.0,0.17062802612781525,0.06038648262619972,0.34670427441596985
307.0,308.0,True,presidenta,closeup,,,0.6696596741676331,0.18507690727710724,0.008569824509322643,0.0636991634964943,0.001517303055152297,0.0015419432893395424,0.06993516534566879,0.0,0.05121566355228424,0.11270977556705475,0.3842823803424835
308.0,309.0,True,presidenta,closeup,,,0.8839952945709229,0.07623650133609772,0.005703813396394253,0.029614679515361786,0.001342106843367219,0.001368488185107708,0.0017391267465427518,0.0,0.12127012759447098,0.01780339702963829,0.38151705265045166
309.0,310.0,True,presidenta,closeup,,,0.9275481104850769,0.038614653050899506,0.004936594516038895,0.022655127570033073,0.0009594227885827422,0.0019563694950193167,0.003329679137095809,0.0,0.03910351172089577,0.013826532289385796,0.29907381534576416
310.0,311.0,True,presidenta,closeup,,,0.8351650834083557,0.014635798521339893,0.008342249318957329,0.09990613162517548,0.02095438353717327,0.008925158530473709,0.012071143835783005,0.0,0.03268476948142052,0.031037047505378723,0.41711971163749695
311.0,312.0,True,presidenta,closeup,,,0.8609296083450317,0.0482829250395298,0.004179955925792456,0.06828483194112778,0.01182570867240429,0.005087753292173147,0.0014091961784288287,0.0,0.04112635925412178,0.07168950885534286,0.5069698691368103
312.0,313.0,True,presidenta,closeup,,,0.8822977542877197,0.06937681138515472,0.011366344057023525,0.02274497225880623,0.00041263407911174,0.010242766700685024,0.003558729775249958,0.0,0.818977415561676,0.2850954532623291,0.714024543762207
313.0,314.0,True,presidenta,closeup,,,0.08570440858602524,0.004067518748342991,0.0014863793039694428,0.898910641670227,0.009649321436882019,0.00010629630560288206,7.549535803264007e-05,0.0,0.07991921156644821,0.04441165551543236,0.2313590794801712
314.0,315.0,True,presidenta,closeup,,,0.9333328604698181,0.004900332540273666,0.007172344718128443,0.05169748514890671,0.0024483362212777138,0.00029525079298764467,0.00015345937572419643,0.0,0.08084538578987122,0.14477182924747467,0.4073343575000763
315.0,316.0,True,presidenta,closeup,,,0.9883391857147217,0.00752073060721159,0.0015705005498602986,0.001976512372493744,0.00030111108208075166,0.00019143690587952733,0.00010055741586256772,0.0,0.06536227464675903,0.07912570983171463,0.6320543885231018
316.0,317.0,True,presidenta,closeup,,,0.9033088088035583,0.05572379752993584,0.005401016678661108,0.026506327092647552,0.0011796662583947182,0.0026899941731244326,0.005190388299524784,0.0,0.20572423934936523,0.04883435368537903,0.32604798674583435
317.0,318.0,True,presidenta,closeup,,,0.9508546590805054,0.03124428726732731,0.0010091058211401105,0.01614644005894661,0.00024332475732080638,9.698840585770085e-05,0.0004052565200254321,0.0,0.13294455409049988,0.0762602910399437,0.5265778303146362
318.0,319.0,True,presidenta,closeup,,,0.8650687336921692,0.029880767688155174,0.008842511102557182,0.09327060729265213,0.000586516282055527,0.0005515840603038669,0.0017992476932704449,0.0,0.07751494646072388,0.10372386872768402,0.449241042137146
319.0,320.0,True,presidenta,closeup,,,0.3426666855812073,0.24769319593906403,0.00907657016068697,0.38194742798805237,0.016783883795142174,0.0002799417416099459,0.0015522950561717153,0.0,0.059313226491212845,0.5647937655448914,0.22155973315238953
320.0,321.0,True,presidenta,closeup,,,0.8358684182167053,0.05758943781256676,0.007612885907292366,0.08719535171985626,0.011274095624685287,0.00021685200044885278,0.00024296417541336268,0.0,0.07929471880197525,0.08232657611370087,0.6083695292472839
321.0,322.0,True,presidenta,closeup,,,0.7028290629386902,0.2876572012901306,0.0022614605259150267,0.0013726488687098026,0.0007280161953531206,0.000854825833812356,0.004296744242310524,0.0,0.06768521666526794,0.406408429145813,0.5868789553642273
322.0,323.0,True,presidenta,closeup,,,0.498538613319397,0.03328264504671097,0.0019755742978304625,0.4613799750804901,0.002679593162611127,0.0015317784855142236,0.000611771596595645,0.0,0.16170614957809448,0.042026493698358536,0.3358379602432251
323.0,324.0,True,presidenta,closeup,,,0.9455360770225525,0.04798435792326927,0.0015423039440065622,0.0025101350620388985,0.0007714914390817285,0.0013373482506722212,0.0003183026274200529,0.0,0.04975050687789917,0.027456611394882202,0.748717188835144
324.0,325.0,True,presidenta,closeup,,,0.4526767134666443,0.036149054765701294,0.0018186293309554458,0.5031501650810242,0.002084022155031562,0.0028768214397132397,0.0012446773471310735,0.0,0.0446966178715229,0.0330435112118721,0.317905992269516
325.0,326.0,True,presidenta,closeup,,,0.9676359295845032,0.0068046050146222115,0.012565952725708485,0.01031477190554142,0.00033305128454230726,0.001489092712290585,0.0008566015749238431,0.0,0.16111807525157928,0.08681219071149826,0.46241822838783264
326.0,327.0,True,presidenta,closeup,,,0.7861284017562866,0.0712825283408165,0.011012613773345947,0.0798594132065773,0.0034998864866793156,0.001811648951843381,0.04640551283955574,0.0,0.18122978508472443,0.055558156222105026,0.3986634612083435
327.0,328.0,True,presidenta,closeup,,,0.8100855946540833,0.11807040870189667,0.004612041171640158,0.06232220306992531,0.0004291945369914174,0.00042581488378345966,0.00405476987361908,0.0,0.2779582142829895,0.08546583354473114,0.47016817331314087
328.0,329.0,True,presidenta,closeup,,,0.9354042410850525,0.04435606300830841,0.0032283233013004065,0.009489058516919613,0.0005902080447413027,0.0005236531142145395,0.006408450659364462,0.0,0.16133391857147217,0.05007745325565338,0.4318951964378357
329.0,330.0,True,presidenta,closeup,,,0.6317663192749023,0.12768447399139404,0.005918845068663359,0.20398755371570587,0.0026113500352948904,0.005498678423464298,0.022532744333148003,0.0,0.08157196640968323,0.20007477700710297,0.40418747067451477
330.0,331.0,True,presidenta,closeup,,,0.788326621055603,0.0840165913105011,0.0022147370036691427,0.0539000928401947,0.010293995961546898,0.0034046743530780077,0.05784326791763306,0.0,0.09810832887887955,0.07896832376718521,0.30210208892822266
331.0,332.0,True,presidenta,closeup,,,0.8792919516563416,0.005852156784385443,0.004912455566227436,0.10802577435970306,0.0013300476130098104,0.00043636519694700837,0.00015127364895306528,0.0,0.21277378499507904,0.06530416011810303,0.6301488280296326
332.0,333.0,True,presidenta,closeup,,,0.6901563405990601,0.2857581675052643,0.012020949274301529,0.008539666421711445,0.0001362866605632007,0.0011963509023189545,0.0021922006271779537,0.0,0.05050542205572128,0.049395762383937836,0.5947900414466858
333.0,334.0,True,presidenta,closeup,,,0.9148042798042297,0.07812482863664627,0.0057128556072711945,0.00023874666658230126,3.650591315818019e-05,0.00028240447863936424,0.0008003622642718256,0.0,0.2625575661659241,0.2729027569293976,0.4266008734703064
334.0,335.0,True,presidenta,closeup,,,0.9032530784606934,0.0798063725233078,0.0025891505647450686,0.00796489231288433,0.00021539864246733487,0.00023166625760495663,0.00593944638967514,0.0,0.19188280403614044,0.06564193964004517,0.3413684070110321
335.0,336.0,True,presidenta,closeup,,,0.607538104057312,0.021717578172683716,0.0021433208603411913,0.36639663577079773,0.0011797453043982387,0.0008084940491244197,0.00021611498959828168,0.0,0.08566711843013763,0.07593486458063126,0.4443092346191406
336.0,337.0,True,presidenta,closeup,,,0.9542661309242249,0.0274796262383461,0.0021977494470775127,0.013217967003583908,0.0002234885178040713,0.00047487326082773507,0.0021402304992079735,0.0,0.4148731827735901,0.051799263805150986,0.3130253851413727
337.0,338.0,True,presidenta,closeup,,,0.8799463510513306,0.05043000355362892,0.006452173460274935,0.05884832143783569,0.0013753436505794525,0.00015836827515158802,0.0027893639635294676,0.0,0.09327763319015503,0.45760858058929443,0.20968018472194672
338.0,339.0,True,presidenta,closeup,,,0.6847440600395203,0.046023763716220856,0.004320931620895863,0.23725874722003937,0.0035425315145403147,0.0020743277855217457,0.022035587579011917,0.0,0.1965978741645813,0.04515065997838974,0.3612058758735657
339.0,340.0,True,presidenta,closeup,,,0.8545855283737183,0.04107731580734253,0.010396521538496017,0.010570746846497059,0.0022898067254573107,0.001136557082645595,0.07994356751441956,0.0,0.28338831663131714,0.06115802004933357,0.3058536946773529
340.0,341.0,True,presidenta,closeup,,,0.7402280569076538,0.0036051860079169273,0.011890830472111702,0.23349568247795105,0.006396280135959387,0.0027108052745461464,0.0016731586074456573,0.0,0.3380108177661896,0.041017234325408936,0.32989445328712463
341.0,342.0,True,presidenta,closeup,,,0.9303125739097595,0.027723759412765503,0.002371371490880847,0.03554609417915344,0.0020274724811315536,0.0007459991029463708,0.0012727304128929973,0.0,0.16966599225997925,0.038823451846838,0.36207231879234314
342.0,343.0,True,presidenta,closeup,,,0.9243298768997192,0.0011429765727370977,0.007824060507118702,0.06586791574954987,0.0003967444645240903,0.00037267955485731363,6.578714965144172e-05,0.0,0.26881110668182373,0.03094184771180153,0.49755558371543884
343.0,344.0,True,presidenta,closeup,,,0.747279167175293,0.16922639310359955,0.0035028140991926193,0.058530788868665695,0.001385006122291088,0.0013777184067294002,0.018698109313845634,0.0,0.28018173575401306,0.06465157121419907,0.36360785365104675
344.0,345.0,True,presidenta,closeup,,,0.9718741178512573,0.017096884548664093,0.004287349060177803,0.004508639220148325,0.0010049829725176096,0.0005322556826286018,0.000695774971973151,0.0,0.21635586023330688,0.05301785096526146,0.5737104415893555
345.0,346.0,True,presidenta,closeup,,,0.8616601824760437,0.07587213814258575,0.002461050869897008,0.05698106437921524,0.0014133232180029154,0.0006798591930419207,0.0009323980193585157,0.0,0.1557968109846115,0.12176631391048431,0.40189412236213684
346.0,347.0,True,presidenta,closeup,,,0.5527242422103882,0.2498130202293396,0.006969476118683815,0.18189816176891327,0.004291151650249958,0.00048572354717180133,0.00381822744384408,0.0,0.17363303899765015,0.23547618091106415,0.5252211093902588
347.0,348.0,True,presidenta,closeup,,,0.8015039563179016,0.010515534318983555,0.002160856733098626,0.18333974480628967,0.0010253917425870895,0.001197730889543891,0.00025671321782283485,0.0,0.09303388744592667,0.04143944010138512,0.4764806628227234
348.0,349.0,True,presidenta,closeup,,,0.9329850673675537,0.04457394406199455,0.005977604538202286,0.007171162404119968,0.00042458990355953574,0.0006242388626560569,0.008243313990533352,0.0,0.22431352734565735,0.137518972158432,0.306615948677063
349.0,350.0,True,presidenta,closeup,,,0.9143863916397095,0.021730616688728333,0.0035553984344005585,0.046151868999004364,0.0015477756969630718,0.0038268982898443937,0.008801093325018883,0.0,0.43473246693611145,0.04413897171616554,0.2635667026042938
350.0,351.0,True,presidenta,closeup,,,0.7419150471687317,0.22918187081813812,0.002630003495141864,0.010921410284936428,0.0008107619360089302,0.0016877647722139955,0.012853086926043034,0.0,0.16635094583034515,0.06066363304853439,0.6079124212265015
351.0,352.0,True,presidenta,closeup,,,0.7553701996803284,0.037468310445547104,0.008085936307907104,0.18666917085647583,0.00628124363720417,0.001495077391155064,0.004630083683878183,0.0,0.16027823090553284,0.09547831118106842,0.6384447813034058
352.0,353.0,True,presidenta,closeup,,,0.7187265157699585,0.09058409184217453,0.004693000111728907,0.14685557782649994,0.002136467956006527,0.0005373817984946072,0.03646691516041756,0.0,0.28379735350608826,0.10187173634767532,0.4316539764404297
353.0,354.0,True,presidenta,closeup,,,0.0643535777926445,0.07640540599822998,0.002867288189008832,0.8461220264434814,0.00864370446652174,0.00022963047376833856,0.0013783486792817712,0.0,0.09685862809419632,0.6256551742553711,0.32109275460243225
354.0,355.0,True,presidenta,closeup,,,0.6013864874839783,0.08107249438762665,0.003349966136738658,0.28630536794662476,0.01222660206258297,0.0001852257555583492,0.01547385472804308,0.0,0.11707273870706558,0.15418335795402527,0.19359055161476135
355.0,356.0,True,presidenta,closeup,,,0.9635717272758484,0.007743431720882654,0.004952365532517433,0.020953284576535225,0.0006408544140867889,0.0008968516485765576,0.001241507357917726,0.0,0.1752091497182846,0.06283178925514221,0.36670100688934326
356.0,357.0,True,presidenta,closeup,,,0.9715988039970398,0.003019528230652213,0.017000712454319,0.006215089466422796,0.0003587430401239544,0.0006749372696503997,0.001132201636210084,0.0,0.20870652794837952,0.13938552141189575,0.43822234869003296
357.0,358.0,True,presidenta,closeup,,,0.9685289263725281,0.012038538232445717,0.003586776088923216,0.012833859771490097,0.0005322120268829167,0.0003799867699854076,0.0020996914245188236,0.0,0.1911025196313858,0.037277862429618835,0.2888043522834778
358.0,359.0,True,presidenta,closeup,,,0.9778380990028381,0.019854560494422913,0.0016173842595890164,0.00041834477451629937,6.418538396246731e-05,0.0001326816709479317,7.469738193321973e-05,0.0,0.2078515589237213,0.18002758920192719,0.6845390796661377
359.0,360.0,True,presidenta,closeup,,,0.8217740058898926,0.15600977838039398,0.002674486953765154,0.007723301649093628,0.0007474416634067893,0.0011773202568292618,0.009893739596009254,0.0,0.2031102180480957,0.023250965401530266,0.31285279989242554
360.0,361.0,True,presidenta,closeup,,,0.9626954793930054,0.018476763740181923,0.0019641672261059284,0.01628400757908821,0.00020165253954473883,0.0002682930789887905,0.00010962477244902402,0.0,0.04381853714585304,0.03014933504164219,0.5789450407028198
361.0,362.0,True,presidenta,closeup,,,0.44514715671539307,0.523459255695343,0.007553157862275839,0.017403852194547653,0.0029944628477096558,0.0009982441551983356,0.0024439950939267874,0.0,0.060971830040216446,0.06484275311231613,0.5471013188362122
362.0,363.0,True,presidenta,closeup,,,0.8343417644500732,0.14485469460487366,0.0047623030841350555,0.00346811069175601,0.0004144172999076545,0.0007985483389347792,0.011360131204128265,0.0,0.06277041137218475,0.05726804584264755,0.7071623802185059
363.0,364.0,True,presidenta,closeup,,,0.5460860729217529,0.0012740480015054345,0.07950370013713837,0.07125446945428848,0.3011276125907898,0.0003421860164962709,0.0004119194927625358,0.0,0.10615639388561249,0.1090485006570816,0.2864104211330414
364.0,365.0,True,presidenta,closeup,,,0.9826245903968811,0.007070687133818865,0.006466423626989126,0.001722894492559135,0.000303100619930774,0.0007727451156824827,0.0010395889403298497,0.0,0.23745141923427582,0.15496887266635895,0.48845604062080383
365.0,366.0,True,presidenta,closeup,,,0.30123215913772583,0.2997729778289795,0.0014285227516666055,0.3886106312274933,0.0032143264543265104,0.0012845901073887944,0.004456777125597,0.0,0.21772058308124542,0.43769213557243347,0.22686314582824707
366.0,367.0,True,presidenta,closeup,,,0.941127359867096,0.0016613523475825787,0.003747850190848112,0.05212011560797691,0.00038264290196821094,0.0006783267017453909,0.0002823584945872426,0.0,0.14020021259784698,0.03774995356798172,0.3235380947589874
367.0,368.0,True,presidenta,closeup,,,0.14774537086486816,0.06670033186674118,0.001486249384470284,0.777841329574585,0.0018481992883607745,0.001764520537108183,0.002613938646391034,0.0,0.1341644823551178,0.18650299310684204,0.10539684444665909
368.0,369.0,True,presidenta,closeup,,,0.6563237905502319,0.295718789100647,0.005618025083094835,0.020592356100678444,0.011802262626588345,0.00037684018025174737,0.009567932225763798,0.0,0.16905415058135986,0.153437539935112,0.2556985020637512
369.0,370.0,True,presidenta,closeup,,,0.8755307197570801,0.058780521154403687,0.0060270424000918865,0.047994114458560944,0.0017982643330469728,0.0010195247596129775,0.008849776349961758,0.0,0.23062781989574432,0.057825248688459396,0.18584007024765015
370.0,371.0,True,presidenta,closeup,,,0.3224900960922241,0.1902475357055664,0.005452836398035288,0.4731830954551697,0.007210956420749426,0.00073574623093009,0.0006797072128392756,0.0,0.13503524661064148,0.2837420105934143,0.3302071690559387
371.0,372.0,True,presidenta,closeup,,,0.9056909084320068,0.01678059995174408,0.0011169916251674294,0.07362723350524902,0.00044957720092497766,0.002049469854682684,0.0002852031902875751,0.0,0.21084606647491455,0.07463307678699493,0.4476664364337921
372.0,373.0,True,presidenta,closeup,,,0.9196292757987976,0.07672085613012314,0.002485948847606778,0.00014279699826147407,1.892067666631192e-05,0.0004023582150693983,0.0005998637061566114,0.0,0.2500786781311035,0.27841028571128845,0.5130663514137268
373.0,374.0,True,presidenta,closeup,,,0.6546930074691772,0.291037380695343,0.004127791617065668,0.02827022410929203,0.0011716223089024425,0.0008457087096758187,0.019854307174682617,0.0,0.04881392419338226,0.06776029616594315,0.4178626537322998
374.0,375.0,True,presidenta,closeup,,,0.9293872117996216,0.03876607492566109,0.001036251662299037,0.02874336950480938,0.0006970509421080351,0.0011067126179113984,0.00026331894332543015,0.0,0.18879516422748566,0.08121801912784576,0.633612334728241
375.0,376.0,True,presidenta,closeup,,,0.9605662822723389,0.0321471281349659,0.0017904650885611773,0.002709274645894766,0.000506891927216202,0.0008937039528973401,0.001386321964673698,0.0,0.255900502204895,0.053199999034404755,0.5225216746330261
376.0,377.0,True,presidenta,closeup,,,0.8578242659568787,0.046161796897649765,0.0029124245047569275,0.0908866822719574,0.0005732527934014797,0.0005588160711340606,0.0010827602818608284,0.0,0.2762615382671356,0.09334926307201385,0.2894724905490875
377.0,378.0,True,presidenta,closeup,,,0.976072371006012,0.009525277651846409,0.006481965072453022,0.00627830158919096,0.0005149220232851803,0.00028578011551871896,0.0008413349860347807,0.0,0.2739565968513489,0.06607536971569061,0.3274942934513092
378.0,379.0,True,presidenta,closeup,,,0.8266197443008423,0.011542153544723988,0.0018275779439136386,0.15707488358020782,0.0007704512681812048,0.001981577603146434,0.0001836957089835778,0.0,0.311467707157135,0.05227968096733093,0.4871273636817932
379.0,380.0,True,presidenta,closeup,,,0.9941859245300293,0.0034709430765360594,0.0018191541312262416,0.00033640058245509863,2.2027512386557646e-05,0.0001377512962790206,2.7733838578569703e-05,0.0,0.1861753910779953,0.0770774781703949,0.6096355319023132
380.0,381.0,True,presidenta,closeup,,,0.6643303632736206,0.0007029569242149591,0.002157449722290039,0.33270129561424255,7.172786718001589e-05,2.7150128516950645e-05,9.036773917614482e-06,0.0,0.1393062323331833,0.038351867347955704,0.627341091632843
381.0,382.0,True,presidenta,closeup,,,0.9725481271743774,0.005991017911583185,0.0060446858406066895,0.013594352640211582,0.0015197013271972537,2.1184914658078924e-05,0.0002809618308674544,0.0,0.25458455085754395,0.08995193988084793,0.6132785677909851
382.0,383.0,True,presidenta,closeup,,,0.9717689752578735,0.026792220771312714,0.0010711270151659846,0.00016895018052309752,1.2230822903802618e-05,4.123307371628471e-05,0.00014525078586302698,0.0,0.08890698105096817,0.3001919090747833,0.7442355751991272
383.0,384.0,True,presidenta,closeup,,,0.8755230903625488,0.11673176288604736,0.001400197041220963,0.002793259220197797,0.0004856607411056757,9.729791054269299e-05,0.002968747867271304,0.0,0.05219702795147896,0.11917368322610855,0.4085838198661804
384.0,385.0,True,presidenta,closeup,,,0.5909042358398438,0.40388521552085876,0.0009971456602215767,0.0006748604937456548,0.0002108094486175105,0.00012521316239144653,0.003202546387910843,0.0,0.09711416065692902,0.45876023173332214,0.5672003030776978
385.0,386.0,True,presidenta,closeup,,,0.8799008727073669,0.04778498038649559,0.0014590367209166288,0.06946000456809998,0.00038541315007023513,0.0006740449462085962,0.00033567394712008536,0.0,0.17457477748394012,0.06653004884719849,0.5973789691925049
386.0,387.0,True,presidenta,closeup,,,0.17575892806053162,0.13001985847949982,0.0016187671571969986,0.686456561088562,0.005347039084881544,0.0003680656664073467,0.00043073834967799485,0.0,0.17979207634925842,0.09972329437732697,0.49965333938598633
387.0,388.0,True,presidenta,closeup,,,0.7709798216819763,0.02629438415169716,0.00297901825979352,0.19283127784729004,0.004692689049988985,0.0010143901454284787,0.0012084271293133497,0.0,0.20794273912906647,0.12544432282447815,0.31761717796325684
388.0,389.0,True,presidenta,closeup,,,0.9723917841911316,0.015387840569019318,0.0014549109619110823,0.009265013970434666,0.0008336095488630235,0.0003502815670799464,0.0003165281959809363,0.0,0.06842853128910065,0.08036413043737411,0.3660593032836914
389.0,390.0,True,presidenta,closeup,,,0.9610194563865662,0.003359692869707942,0.004652101546525955,0.0303376242518425,0.0003804738516919315,8.736522431718186e-05,0.00016334274550899863,0.0,0.20579969882965088,0.09498456120491028,0.554061770439148
390.0,391.0,True,presidenta,closeup,,,0.33564886450767517,0.005803428124636412,0.019188275560736656,0.6227633953094482,0.007785013411194086,0.0075374385342001915,0.0012736208736896515,0.0,0.11416531354188919,0.04413474723696709,0.5966948866844177
391.0,392.0,True,presidenta,closeup,,,0.9454469680786133,0.002993770642206073,0.00896642915904522,0.041296761482954025,0.00019608787260949612,0.0006476882845163345,0.00045229209354147315,0.0,0.30539223551750183,0.059021130204200745,0.3142341077327728
392.0,393.0,True,presidenta,closeup,,,0.9425873756408691,0.01907499134540558,0.004953303840011358,0.027561206370592117,0.0007635099464096129,0.0027077116537839174,0.0023518858943134546,0.0,0.19165121018886566,0.07428769022226334,0.4594816565513611
393.0,394.0,True,presidenta,closeup,,,0.7376983165740967,0.03027796372771263,0.01521657407283783,0.15505841374397278,0.013731086626648903,0.003777874168008566,0.04423980414867401,0.0,0.2065373808145523,0.03754071146249771,0.39287400245666504
394.0,395.0,True,presidenta,closeup,,,0.8778762817382812,0.014556893147528172,0.006118136923760176,0.06974083930253983,0.02180563285946846,0.0020831662695854902,0.00781911052763462,0.0,0.09869682788848877,0.057136572897434235,0.392104834318161
395.0,396.0,True,presidenta,closeup,,,0.9811160564422607,0.013622667640447617,0.0022050607949495316,0.0022830606903880835,0.0001307944330619648,0.00014921475667506456,0.0004931114963255823,0.0,0.2578887343406677,0.0928100124001503,0.43255874514579773
396.0,397.0,True,presidenta,closeup,,,0.901533305644989,0.01404632069170475,0.005456497892737389,0.07135915756225586,0.003179893596097827,0.002170902444049716,0.002253881422802806,0.0,0.23007813096046448,0.06461586803197861,0.34059062600135803
397.0,398.0,True,presidenta,closeup,,,0.772009551525116,0.09062524139881134,0.010391045361757278,0.11136018484830856,0.0024098611902445555,0.0009086818317882717,0.012295409105718136,0.0,0.1437908262014389,0.04558878764510155,0.25270822644233704
398.0,399.0,True,presidenta,closeup,,,0.6296262145042419,0.362875372171402,0.0009490507072769105,0.0026100275572389364,0.0002714642614591867,0.0012230982538312674,0.0024447108153253794,0.0,0.049318112432956696,0.1883285492658615,0.6290871500968933
399.0,400.0,True,presidenta,closeup,,,0.9313744306564331,0.004572661127895117,0.03536907956004143,0.020181089639663696,0.007500218693166971,0.0002393456088611856,0.0007632605265825987,0.0,0.09562840312719345,0.15343311429023743,0.5021783113479614
400.0,401.0,True,presidenta,closeup,,,0.9764982461929321,0.0024517716374248266,0.0013020633487030864,0.01918717473745346,0.00013976875925436616,0.0003526046930346638,6.83837424730882e-05,0.0,0.1768946349620819,0.05652155354619026,0.3978791832923889
401.0,402.0,True,presidenta,closeup,,,0.9614382982254028,0.015829887241125107,0.012095262296497822,0.005500631406903267,0.00023088966554496437,0.0012328039156273007,0.0036721723154187202,0.0,0.24746622145175934,0.17023080587387085,0.5201154351234436
402.0,403.0,True,presidenta,closeup,,,0.952019989490509,0.013534641824662685,0.0029080817475914955,0.03000142239034176,0.00035392987774685025,0.0006410840433090925,0.0005408997531048954,0.0,0.05059442296624184,0.022364748641848564,0.5297781825065613
403.0,404.0,True,presidenta,closeup,,,0.19269703328609467,0.003932826686650515,0.000349775975337252,0.801362931728363,0.00027760930242948234,0.0013494951417669654,3.03816868836293e-05,0.0,0.17731504142284393,0.029141878709197044,0.4854869246482849
404.0,405.0,True,presidenta,closeup,,,0.05764150992035866,0.004843404982239008,0.0003904052427969873,0.9356877207756042,0.0006825854652561247,0.000653838156722486,0.00010052219295175746,0.0,0.09643480181694031,0.02992096357047558,0.6356532573699951
405.0,406.0,True,presidenta,closeup,,,0.9344934821128845,0.00487658753991127,0.008771509863436222,0.03961464762687683,0.011485731229186058,0.0003994343860540539,0.00035864562960341573,0.0,0.16977909207344055,0.08178911358118057,0.47863879799842834
406.0,407.0,True,presidenta,closeup,,,0.8663919568061829,0.1242162212729454,0.001434528036043048,0.005758730228990316,0.000381538673536852,0.00020879974181298167,0.001608258462511003,0.0,0.04148060083389282,0.21633492410182953,0.587384819984436
407.0,408.0,True,presidenta,closeup,,,0.9455444812774658,0.051595088094472885,0.0016914880834519863,0.0006473542307503521,2.3287733711185865e-05,0.0002658517041709274,0.00023245056218001992,0.0,0.2663189768791199,0.13008937239646912,0.3624342083930969
408.0,409.0,True,presidenta,closeup,,,0.42479562759399414,0.08597205579280853,0.0020224174950271845,0.4823529124259949,0.0015601101331412792,0.0012956809950992465,0.0020012056920677423,0.0,0.10855069011449814,0.08081519603729248,0.44747909903526306
409.0,410.0,True,presidenta,closeup,,,0.2746516168117523,0.7097695469856262,0.002167236991226673,0.001252656918950379,0.0001195043878396973,0.0007553796167485416,0.011284083127975464,0.0,0.08623483031988144,0.22184059023857117,0.592580258846283
410.0,411.0,True,presidenta,closeup,,,0.662094235420227,0.1076972484588623,0.0032932136673480272,0.1814359724521637,0.012190476059913635,0.0022555706091225147,0.031033262610435486,0.0,0.07725071161985397,0.10133899748325348,0.4499066174030304
411.0,412.0,True,presidenta,closeup,,,0.9014499187469482,0.00577594805508852,0.005714893341064453,0.0844573974609375,0.0019155251793563366,0.0006565317744389176,2.9840557544957846e-05,0.0,0.04732678458094597,0.0919814333319664,0.5569977760314941
412.0,413.0,True,presidenta,closeup,,,0.3377247750759125,0.0030276975594460964,0.004340930376201868,0.6506383419036865,0.003961747046560049,0.00025050906697288156,5.6028642575256526e-05,0.0,0.10689068585634232,0.11007744073867798,0.4269036054611206
413.0,414.0,True,presidenta,closeup,,,0.6694000959396362,0.004741603974252939,0.004665388725697994,0.31951940059661865,0.0009159046458080411,0.0004505977558437735,0.0003070220409426838,0.0,0.03321978449821472,0.06767524033784866,0.3579402565956116
414.0,415.0,True,presidenta,closeup,,,0.6437489986419678,0.3203539550304413,0.0048843566328287125,0.02568742074072361,0.00037950900150462985,0.0007529809372499585,0.004192779306322336,0.0,0.11456949263811111,0.028923895210027695,0.346204936504364
415.0,416.0,True,presidenta,closeup,,,0.9417749643325806,0.02094195783138275,0.0036307862028479576,0.028956150636076927,0.0010106019908562303,0.001200223690830171,0.0024853444192558527,0.0,0.16533441841602325,0.04406000301241875,0.3985954821109772
416.0,417.0,True,presidenta,closeup,,,0.7178183794021606,0.27543383836746216,0.0012243909295648336,0.0008586979238316417,0.00026990691549144685,0.0001363443152513355,0.00425839563831687,0.0,0.12551499903202057,0.1038941890001297,0.5646883249282837
417.0,418.0,True,presidenta,closeup,,,0.2698710858821869,0.46505436301231384,0.015539448708295822,0.12773491442203522,0.10612693428993225,0.0011939608957618475,0.014479302801191807,0.0,0.18586502969264984,0.41573962569236755,0.4444456696510315
418.0,419.0,True,presidenta,closeup,,,0.9484006762504578,0.002404655795544386,0.009773016907274723,0.0376223586499691,0.0009080041199922562,0.0007024231017567217,0.00018881642608903348,0.0,0.1520923227071762,0.05759027600288391,0.6652554869651794
419.0,420.0,True,presidenta,closeup,,,0.6128156781196594,0.006656032986938953,0.09397011250257492,0.1734810322523117,0.06857442855834961,0.0029422093648463488,0.041560474783182144,0.0,0.49270904064178467,0.06288783252239227,0.37270769476890564
420.0,421.0,True,presidenta,closeup,,,0.7340611815452576,0.0665246993303299,0.004964455496519804,0.1908804476261139,0.002473746193572879,0.00045319393393583596,0.0006423171143978834,0.0,0.18488189578056335,0.12416093796491623,0.5082789063453674
421.0,422.0,True,presidenta,closeup,,,0.9528486728668213,0.019493408501148224,0.002869101706892252,0.022174084559082985,0.0008519473485648632,0.0011422805255278945,0.0006205767276696861,0.0,0.04907828941941261,0.0870964452624321,0.38278669118881226
422.0,423.0,True,presidenta,closeup,,,0.8897038102149963,0.0174446702003479,0.015250991098582745,0.07384798675775528,0.0020192472729831934,0.0009198585175909102,0.0008133880910463631,0.0,0.11299101263284683,0.03801492974162102,0.49380725622177124
423.0,424.0,True,presidenta,closeup,,,0.23548120260238647,0.6357086300849915,0.010557657107710838,0.10023748129606247,0.008889904245734215,0.0010471047135069966,0.00807808618992567,0.0,0.45726874470710754,0.7204827666282654,0.2984831631183624
424.0,425.0,True,presidenta,closeup,,,0.9744378328323364,0.003507534507662058,0.0013644415885210037,0.019231922924518585,0.0010688381735235453,0.00019242856069467962,0.0001970209996215999,0.0,0.1444815844297409,0.060872312635183334,0.6431184411048889
425.0,426.0,True,presidenta,closeup,,,0.8659579157829285,0.04572583734989166,0.004325095098465681,0.03944949805736542,0.014787605963647366,0.00687557365745306,0.02287842519581318,0.0,0.36107808351516724,0.055263541638851166,0.3719252645969391
426.0,427.0,True,presidenta,closeup,,,0.8093838691711426,0.1410672962665558,0.002863848814740777,0.029187016189098358,0.005404807161539793,0.0006858020205982029,0.011407372541725636,0.0,0.04975731298327446,0.1815602034330368,0.4625987708568573
427.0,428.0,True,presidenta,closeup,,,0.4763873815536499,0.01880413480103016,0.01978059858083725,0.3993699252605438,0.06493613868951797,0.0021436521783471107,0.01857815682888031,0.0,0.1880790740251541,0.056936606764793396,0.30571043491363525
428.0,429.0,True,presidenta,closeup,,,0.9507742524147034,0.012652464210987091,0.0032406961545348167,0.02199738286435604,0.006633411161601543,0.0009203529334627092,0.0037814101669937372,0.0,0.15581247210502625,0.09569445252418518,0.38820692896842957
429.0,430.0,True,presidenta,closeup,,,0.9835235476493835,0.00621972419321537,0.00437767943367362,0.0005740812048316002,5.53714380657766e-05,0.0018827896565198898,0.0033668545074760914,0.0,0.8000860810279846,0.6791901588439941,0.7696729302406311
430.0,431.0,True,presidenta,closeup,,,0.7497569918632507,0.05279996991157532,0.018875114619731903,0.02773803472518921,0.0004052200820297003,0.03971569985151291,0.11070895195007324,0.0,0.9067060947418213,0.42167964577674866,0.7512179613113403
431.0,432.0,True,presidenta,closeup,,,0.3278869390487671,0.07619752734899521,0.024694284424185753,0.24823273718357086,0.3126848042011261,0.007831444963812828,0.0024722625967115164,0.0,0.1206226572394371,0.510805606842041,0.09401120245456696
432.0,433.0,True,presidenta,closeup,,,0.8831904530525208,0.004293201956897974,0.0021635740995407104,0.10629382729530334,0.0032230874057859182,0.0006099737365730107,0.00022586826526094228,0.0,0.09776873886585236,0.09039729833602905,0.5211596488952637
433.0,434.0,True,presidenta,closeup,,,0.901079535484314,0.005580810364335775,0.0021013745572417974,0.08879902958869934,0.0021992542315274477,0.00019103632075712085,4.900611747871153e-05,0.0,0.04583144932985306,0.07940826565027237,0.48829129338264465
434.0,435.0,True,presidenta,closeup,,,0.9801079630851746,0.00750231696292758,0.0025258951354771852,0.004502295982092619,0.0014307802775874734,0.0024712025187909603,0.0014594716485589743,0.0,0.14671587944030762,0.06826939433813095,0.5681449770927429
435.0,436.0,True,presidenta,closeup,,,0.8189069628715515,0.15210101008415222,0.006166995503008366,0.0008932208293117583,0.00018300821830052882,0.0009013651870191097,0.020847434177994728,0.0,0.11062004417181015,0.0618128776550293,0.5334151387214661
436.0,437.0,True,presidenta,closeup,,,0.5947437882423401,0.11739564687013626,0.007790474686771631,0.2645668685436249,0.008104992099106312,0.003191267140209675,0.004207014571875334,0.0,0.11136159300804138,0.18705792725086212,0.3468896150588989
437.0,438.0,True,presidenta,closeup,,,0.700006902217865,0.2521311640739441,0.0016689370386302471,0.03955106809735298,0.0004186408477835357,0.00044512032764032483,0.005778175313025713,0.0,0.14796265959739685,0.06923935562372208,0.42714881896972656
438.0,439.0,True,presidenta,closeup,,,0.9537484645843506,0.016047965735197067,0.00275190407410264,0.025371091440320015,0.0010037628235295415,0.0002139647986041382,0.0008627997012808919,0.0,0.15263749659061432,0.11948580294847488,0.3589203655719757
439.0,440.0,True,presidenta,closeup,,,0.545674204826355,0.4019264578819275,0.0016838840674608946,0.0038875574246048927,0.0002674049464985728,0.0008685078355483711,0.04569196328520775,0.0,0.21019785106182098,0.19860506057739258,0.6004113554954529
440.0,441.0,True,presidenta,closeup,,,0.02786426804959774,0.9619344472885132,0.00020493415649980307,0.008007394149899483,0.000529347569681704,0.00012205520761199296,0.0013375210110098124,0.0,0.08744333684444427,0.7690634727478027,0.49766504764556885
441.0,442.0,True,presidenta,closeup,,,0.3227942883968353,0.5305539965629578,0.002255088649690151,0.05640177056193352,0.012232117354869843,0.0035334795247763395,0.07222934067249298,0.0,0.13515053689479828,0.6444788575172424,0.47322943806648254
442.0,443.0,True,presidenta,closeup,,,0.36672699451446533,0.04423971474170685,0.0006985291838645935,0.5820799469947815,0.003835089039057493,0.0017688325606286526,0.0006509622908197343,0.0,0.17287054657936096,0.14411872625350952,0.41502827405929565
443.0,444.0,True,presidenta,closeup,,,0.849065363407135,0.003279343945905566,0.0024596508592367172,0.1404225081205368,0.00036703026853501797,0.0043406253680586815,6.542049231939018e-05,0.0,0.23031868040561676,0.06639502942562103,0.6403878331184387
444.0,445.0,True,presidenta,closeup,,,0.7557004690170288,0.15811443328857422,0.0015326871071010828,0.07901879400014877,0.0014208495849743485,0.003351969411596656,0.0008607308845967054,0.0,0.16151244938373566,0.10736417770385742,0.39864465594291687
445.0,446.0,True,presidenta,closeup,,,0.971908450126648,0.015472589060664177,0.0016479803016409278,0.009238092228770256,0.0005316796014085412,0.0001640061818761751,0.001037171925418079,0.0,0.19424089789390564,0.08627469092607498,0.5551725625991821
446.0,447.0,True,presidenta,closeup,,,0.553369402885437,0.019677676260471344,0.008726495318114758,0.36551642417907715,0.04951152577996254,0.0010747004998847842,0.0021237521432340145,0.0,0.2692476212978363,0.19037486612796783,0.2558588981628418
447.0,448.0,True,presidenta,closeup,,,0.9118555784225464,0.07058461755514145,0.00856848806142807,0.005611802916973829,0.0023533664643764496,0.0004199261893518269,0.0006061914609745145,0.0,0.2594456970691681,0.23587293922901154,0.3044610321521759
448.0,449.0,True,presidenta,closeup,,,0.9344924688339233,0.05382746830582619,0.001312704524025321,0.00947200134396553,0.0005310263950377703,0.0002418780786683783,0.00012250889267306775,0.0,0.0792781338095665,0.08466443419456482,0.43977588415145874
449.0,450.0,True,presidenta,closeup,,,0.887954831123352,0.10532405227422714,0.0012790291802957654,0.004971345886588097,2.9765458748443052e-05,0.00030768668511882424,0.00013329066860023886,0.0,0.04637613892555237,0.2505936622619629,0.549567461013794
450.0,451.0,True,presidenta,closeup,,,0.44643059372901917,0.47718605399131775,0.000883506319951266,0.01180768571794033,0.00040135023300535977,0.0006231081788428128,0.06266768276691437,0.0,0.05166533216834068,0.09467026591300964,0.5078151226043701
451.0,452.0,True,presidenta,closeup,,,0.9686954617500305,0.02386833168566227,0.0017007733695209026,0.0005547963082790375,0.00016206619329750538,0.002064239699393511,0.002954344265162945,0.0,0.21791335940361023,0.13048070669174194,0.5522043108940125
452.0,453.0,True,presidenta,closeup,,,0.9061715602874756,0.008612832985818386,0.014340232126414776,0.06566266715526581,0.001545756938867271,0.002290656790137291,0.0013762591406702995,0.0,0.32215186953544617,0.06176978722214699,0.5694055557250977
453.0,454.0,True,presidenta,closeup,,,0.37430641055107117,0.02354057878255844,0.0013655208749696612,0.5782285928726196,0.011241641826927662,0.009605610743165016,0.0017116267699748278,0.0,0.10929718613624573,0.10924455523490906,0.5223693251609802
454.0,455.0,True,presidenta,closeup,,,0.882483720779419,0.07411811500787735,0.01513113733381033,0.006818579975515604,0.014884521253407001,0.0006822150899097323,0.005881661549210548,0.0,0.12893348932266235,0.16518430411815643,0.43788665533065796
455.0,456.0,True,presidenta,closeup,,,0.7360888123512268,0.2574050724506378,0.0007688422920182347,0.001752424635924399,0.0002447783772367984,0.0004480601055547595,0.0032920350786298513,0.0,0.06069083884358406,0.1912701576948166,0.633122980594635
456.0,457.0,True,presidenta,closeup,,,0.9710921049118042,0.0025936926249414682,0.015513071790337563,0.0056904759258031845,0.004829278215765953,0.0002089845365844667,7.241547427838668e-05,0.0,0.06423509120941162,0.08565423637628555,0.3880561292171478
457.0,458.0,True,presidenta,closeup,,,0.9522326588630676,0.03926560655236244,0.0029721632599830627,0.0029245929326862097,0.000164527737069875,0.0005061063566245139,0.0019343269523233175,0.0,0.0632944107055664,0.09001568704843521,0.5614539980888367
458.0,459.0,True,presidenta,closeup,,,0.7412935495376587,0.0154454680159688,0.0029490794986486435,0.22085191309452057,0.005749990232288837,0.01204132940620184,0.0016687449533492327,0.0,0.09738614410161972,0.052068449556827545,0.4005296528339386
459.0,460.0,True,presidenta,closeup,,,0.7787108421325684,0.02744266204535961,0.010214565321803093,0.1580589860677719,0.005049502477049828,0.0016147153219208121,0.01890874095261097,0.0,0.07741763442754745,0.061735980212688446,0.3009719252586365
460.0,461.0,True,presidenta,closeup,,,0.8746845722198486,0.015737364068627357,0.004668597597628832,0.09909286350011826,0.0030925688333809376,0.0012419892009347677,0.0014820389915257692,0.0,0.04481929540634155,0.060816772282123566,0.4615102708339691
461.0,462.0,True,presidenta,closeup,,,0.25074395537376404,0.003059874754399061,0.0024023763835430145,0.7407006621360779,0.0007719855639152229,0.002235990483313799,8.517593232681975e-05,0.0,0.12184246629476547,0.04841485619544983,0.4041315019130707
462.0,463.0,True,presidenta,closeup,,,0.9604209065437317,0.019343236461281776,0.002856288105249405,0.012116041034460068,0.0010857144370675087,0.0017384192906320095,0.002439363393932581,0.0,0.09180416166782379,0.1318153440952301,0.41418731212615967
463.0,464.0,True,presidenta,closeup,,,0.5950549244880676,0.11403705179691315,0.004770191852003336,0.26691219210624695,0.0017508827149868011,0.003023582510650158,0.01445118710398674,0.0,0.03482783958315849,0.09019482135772705,0.3413582444190979
464.0,465.0,True,presidenta,closeup,,,0.9952375888824463,0.0018107595387846231,0.001019195420667529,0.0018370012985542417,4.712840018328279e-05,4.641500345314853e-05,1.8659437728274497e-06,0.0,0.08142980933189392,0.05157922953367233,0.5024150609970093
465.0,466.0,True,presidenta,closeup,,,0.3608129918575287,0.012136772274971008,0.00419997051358223,0.621551513671875,0.0010377062717452645,0.00016556362970732152,9.553491690894589e-05,0.0,0.15621566772460938,0.07602133601903915,0.3071739673614502
466.0,467.0,True,presidenta,closeup,,,0.9081152081489563,0.01739427261054516,0.014843608252704144,0.002598314546048641,0.00047718704445287585,0.003830184694379568,0.052741244435310364,0.0,0.17491675913333893,0.08099528402090073,0.46714839339256287
467.0,468.0,True,presidenta,closeup,,,0.6633635759353638,0.005240886006504297,0.0025088652037084103,0.32723939418792725,0.0003734779020305723,0.0011313982540741563,0.0001423476787749678,0.0,0.11509308218955994,0.05264797434210777,0.503910481929779
468.0,469.0,True,presidenta,closeup,,,0.9495468139648438,0.02176414057612419,0.001839467673562467,0.026373369619250298,0.0001667476026341319,8.69076611706987e-05,0.0002225907810498029,0.0,0.1336485594511032,0.09229061007499695,0.44737306237220764
469.0,470.0,True,presidenta,closeup,,,0.8510808944702148,0.10152240842580795,0.0046785748563706875,0.036304593086242676,0.00399085134267807,0.00021640927297994494,0.0022063159849494696,0.0,0.14654548466205597,0.07567033171653748,0.3911419212818146
470.0,471.0,True,presidenta,closeup,,,0.6592459678649902,0.30690014362335205,0.0013413091655820608,0.027821676805615425,0.0007764952606521547,0.0003931598039343953,0.0035212680231779814,0.0,0.3983335494995117,0.1408807635307312,0.37926772236824036
471.0,472.0,True,presidenta,closeup,,,0.9402715563774109,0.009659161791205406,0.0011541692074388266,0.04744751378893852,0.0010331344092264771,0.0002820312511175871,0.00015251198783516884,0.0,0.09688146412372589,0.08242973685264587,0.583643913269043
472.0,473.0,True,presidenta,closeup,,,0.9084048271179199,0.07760592550039291,0.0008511930936947465,0.01274482998996973,0.0001320895680692047,0.00011269971582805738,0.0001483980449847877,0.0,0.06716610491275787,0.08773025870323181,0.43432649970054626
473.0,474.0,True,presidenta,closeup,,,0.7174100279808044,0.2392774373292923,0.0024346630088984966,0.03959398716688156,0.00011145211465191096,0.0005604247562587261,0.0006120678153820336,0.0,0.21776528656482697,0.6058318018913269,0.48942285776138306
474.0,475.0,True,presidenta,closeup,,,0.991617739200592,0.003124722745269537,0.002656937576830387,0.0021275861654430628,2.0116905943723395e-05,0.0004366593493614346,1.622096897335723e-05,0.0,0.13842850923538208,0.048684943467378616,0.575621485710144
475.0,476.0,True,presidenta,closeup,,,0.4788861870765686,0.010143422521650791,0.0030563483014702797,0.5020668506622314,0.004285377915948629,0.0013581211678683758,0.0002036953519564122,0.0,0.2746167480945587,0.04882964491844177,0.4142681956291199
476.0,477.0,True,presidenta,closeup,,,0.862517774105072,0.006369582377374172,0.017424583435058594,0.10086162388324738,0.00813259556889534,0.002549950033426285,0.002143894089385867,0.0,0.1568012833595276,0.05513075366616249,0.30040857195854187
477.0,478.0,True,presidenta,closeup,,,0.9096200466156006,0.028314480558037758,0.008086582645773888,0.0484619215130806,0.0017047333531081676,0.0008946200250647962,0.002917592879384756,0.0,0.27012717723846436,0.1398695707321167,0.38597655296325684
478.0,479.0,True,presidenta,closeup,,,0.9325954914093018,0.011996022425591946,0.00859864056110382,0.030735423788428307,0.0009941590251401067,0.0039753904566168785,0.011104860343039036,0.0,0.08072695881128311,0.08677636831998825,0.2561003267765045
479.0,480.0,True,presidenta,closeup,,,0.4710824191570282,0.2565789520740509,0.0017440291121602058,0.22195927798748016,0.0014524542493745685,0.002333648968487978,0.04484917223453522,0.0,0.08565044403076172,0.35469457507133484,0.49104785919189453
480.0,481.0,True,presidenta,closeup,,,0.6818613409996033,0.2690314054489136,0.016609352082014084,0.005333383101969957,0.0006238422356545925,0.005559834651648998,0.02098085545003414,0.0,0.6640214323997498,0.20081931352615356,0.7945693731307983
481.0,482.0,True,presidenta,closeup,,,0.7255071401596069,0.2402583509683609,0.00541597418487072,0.020539063960313797,0.0002119638811564073,0.003998727072030306,0.0040687988512218,0.0,0.6231628060340881,0.5636063814163208,0.5971176624298096
482.0,483.0,True,presidenta,closeup,,,0.2675723731517792,0.004973196890205145,0.007808655966073275,0.5904643535614014,0.1270095407962799,0.0004922847147099674,0.001679535605944693,0.0,0.13463880121707916,0.06436667591333389,0.360732764005661
483.0,484.0,True,presidenta,closeup,,,0.9832397103309631,0.005156666040420532,0.0031521706841886044,0.005597372073680162,0.0006120378966443241,0.0006529449601657689,0.0015891172224655747,0.0,0.23271456360816956,0.034967537969350815,0.49778151512145996
484.0,485.0,True,presidenta,closeup,,,0.8457324504852295,0.028133342042565346,0.005118067376315594,0.0026403970550745726,0.0015674030873924494,0.009337032213807106,0.1074712723493576,0.0,0.22088786959648132,0.04257684946060181,0.4447645843029022
485.0,486.0,True,presidenta,closeup,,,0.8690606355667114,0.026495734229683876,0.020124249160289764,0.016574155539274216,0.0010674077784642577,0.015117923729121685,0.0515599362552166,0.0,0.562786340713501,0.5655568838119507,0.5922224521636963
486.0,487.0,True,presidenta,closeup,,,0.8433775305747986,0.07451711595058441,0.0010682096472010016,0.027862822636961937,0.010119815357029438,0.006463751196861267,0.03659075126051903,0.0,0.1557592898607254,0.10718537867069244,0.5998302698135376
487.0,488.0,True,presidenta,closeup,,,0.9355916976928711,0.001209672656841576,0.01257000770419836,0.03531726077198982,0.01267932914197445,0.001780519261956215,0.0008514475775882602,0.0,0.1465233415365219,0.05180713161826134,0.2808840870857239
488.0,489.0,True,presidenta,closeup,,,0.9687250852584839,0.013447497971355915,0.004571907222270966,0.01242300309240818,0.00013726037286687642,0.0004917358746752143,0.00020353244326543063,0.0,0.14235633611679077,0.2044268548488617,0.5899989604949951
489.0,490.0,True,presidenta,closeup,,,0.9607419967651367,0.01248712744563818,0.0064000156708061695,0.014601388946175575,0.0004052986914757639,0.0036337412893772125,0.0017304522916674614,0.0,0.14228783547878265,0.09292886406183243,0.33887121081352234
490.0,491.0,True,presidenta,closeup,,,0.9780918955802917,0.005071008112281561,0.0027511969674378633,0.01065339706838131,0.0013402802869677544,0.0016364334151148796,0.00045581720769405365,0.0,0.24424602091312408,0.05824223905801773,0.6071586012840271
491.0,492.0,True,presidenta,closeup,,,0.9414469599723816,0.02185269258916378,0.002065245294943452,0.03266032040119171,0.001036247005686164,0.0006641471991315484,0.00027436192613095045,0.0,0.05027741938829422,0.13924825191497803,0.5895693898200989
492.0,493.0,True,presidenta,closeup,,,0.9564824104309082,0.014730352908372879,0.006534132640808821,0.01901763305068016,0.0011306293308734894,0.0010286440374329686,0.0010761894518509507,0.0,0.17917266488075256,0.10743851214647293,0.5204774737358093
493.0,494.0,True,presidenta,closeup,,,0.8987669348716736,0.09320985525846481,0.0020741326734423637,0.002236313885077834,0.0007487377733923495,0.0003903707838617265,0.002573668258264661,0.0,0.15803097188472748,0.0547577328979969,0.5616493225097656
494.0,495.0,True,presidenta,closeup,,,0.4468553066253662,0.010120294988155365,0.022517167031764984,0.3042072653770447,0.2028694897890091,0.003374112071469426,0.010056396946310997,0.0,0.3086773455142975,0.06619788706302643,0.35230371356010437
495.0,496.0,True,presidenta,closeup,,,0.9400189518928528,0.012669903226196766,0.01157237496227026,0.033118072897195816,0.0008019612287171185,0.0015876485267654061,0.00023111420159693807,0.0,0.24582168459892273,0.15721990168094635,0.5954453349113464
496.0,497.0,True,presidenta,closeup,,,0.8300299644470215,0.0013496332103386521,0.00905325636267662,0.15800416469573975,0.0005806296830996871,0.0008848080760799348,9.752330515766516e-05,0.0,0.2637733519077301,0.05626525357365608,0.8389361500740051
497.0,498.0,True,presidenta,closeup,,,0.9125019907951355,0.0021498098503798246,0.00822555273771286,0.0748215913772583,0.001193965319544077,0.0010371421230956912,6.995774310780689e-05,0.0,0.1607818454504013,0.06398439407348633,0.2351745367050171
498.0,499.0,True,presidenta,closeup,,,0.5877655744552612,0.029672665521502495,0.004117162432521582,0.3587021827697754,0.014092829078435898,0.00457449397072196,0.0010750533547252417,0.0,0.08201701194047928,0.03718851879239082,0.4037991762161255
499.0,500.0,True,presidenta,closeup,,,0.9226836562156677,0.037104010581970215,0.009593568742275238,0.01143741887062788,0.0011642890749499202,0.0010266813915222883,0.016990311443805695,0.0,0.316814124584198,0.0437232181429863,0.40810731053352356
500.0,501.0,True,presidenta,closeup,,,0.4485633373260498,0.2774863541126251,0.05887497961521149,0.1401718407869339,0.028734948486089706,0.002482882933691144,0.043685659766197205,0.0,0.1993904411792755,0.09116451442241669,0.24637171626091003
501.0,502.0,True,presidenta,closeup,,,0.8188866972923279,0.12410234659910202,0.006722200196236372,0.013562701642513275,0.000839578511659056,0.002224178984761238,0.03366231173276901,0.0,0.1846262812614441,0.022242417559027672,0.6114893555641174
502.0,503.0,True,presidenta,closeup,,,0.9702644944190979,0.01767587848007679,0.005689200479537249,0.0049509089440107346,0.0009461558656767011,0.0001852441782830283,0.0002881229156628251,0.0,0.3231044411659241,0.036868587136268616,0.6096144914627075
503.0,504.0,True,presidenta,closeup,,,0.9858836531639099,0.009074852801859379,0.0034061430487781763,0.0015300267841666937,2.6965719371219166e-05,4.354223710834049e-05,3.4830402000807226e-05,0.0,0.1591142863035202,0.04800288751721382,0.3937322795391083
504.0,505.0,True,presidenta,closeup,,,0.9132294654846191,0.015019391663372517,0.0034466790966689587,0.05590885505080223,0.0008980919956229627,0.004411614499986172,0.007085854187607765,0.0,0.21557939052581787,0.06029637157917023,0.4918712377548218
505.0,506.0,True,presidenta,closeup,,,0.8490908145904541,0.0801662877202034,0.006141681224107742,0.022973759099841118,0.0008028069860301912,0.004244214855134487,0.036580417305231094,0.0,0.17582274973392487,0.45239922404289246,0.5649887323379517
506.0,507.0,True,presidenta,closeup,,,0.973691463470459,0.012625726871192455,0.0021155690774321556,0.010781831108033657,0.0003538388409651816,0.0003082491166424006,0.00012330722529441118,0.0,0.2157583385705948,0.1263907104730606,0.7370136380195618
507.0,508.0,True,presidenta,closeup,,,0.20184266567230225,0.005818780977278948,0.0008313128491863608,0.7905252575874329,0.00047055885079316795,0.0004839506291318685,2.7428000976215117e-05,0.0,0.11083220690488815,0.05133886635303497,0.5228676199913025
508.0,509.0,True,presidenta,closeup,,,0.822028636932373,0.012720322236418724,0.004540982656180859,0.15392737090587616,0.0014386718394234776,0.005166212562471628,0.0001777884317561984,0.0,0.2969193756580353,0.04141053929924965,0.5102609992027283
509.0,510.0,True,presidenta,closeup,,,0.3149645924568176,0.007348968647420406,0.002165689365938306,0.6726559996604919,0.0005086757591925561,0.0018589715473353863,0.0004970664158463478,0.0,0.055990561842918396,0.02483248896896839,0.3990665078163147
510.0,511.0,True,presidenta,closeup,,,0.9625067114830017,0.03000590018928051,0.003937884233891964,0.00047532186727039516,0.0002455213398206979,0.0018294017063453794,0.0009992948034778237,0.0,0.3472106456756592,0.07063516974449158,0.49980661273002625
511.0,512.0,True,presidenta,closeup,,,0.3485669791698456,0.11206293851137161,0.0025571524165570736,0.5275070667266846,0.003117808373644948,0.0017381025245413184,0.004449909087270498,0.0,0.36730337142944336,0.2285771518945694,0.3196050524711609
512.0,513.0,True,presidenta,closeup,,,0.9588445425033569,0.0010968104470521212,0.011426635086536407,0.027884293347597122,0.0004267071490176022,0.0002765210228972137,4.441495184437372e-05,0.0,0.1382741779088974,0.0405426025390625,0.7472143769264221
513.0,514.0,True,presidenta,closeup,,,0.24245814979076385,0.09138649702072144,0.0013700929703190923,0.656697690486908,0.0059241242706775665,0.0018147554947063327,0.00034872774267569184,0.0,0.08313609659671783,0.06354720145463943,0.39396020770072937
514.0,515.0,True,presidenta,closeup,,,0.4346175789833069,0.05229460820555687,0.005850066896528006,0.49479183554649353,0.0062824273481965065,0.0020601123105734587,0.0041032591834664345,0.0,0.20227202773094177,0.10798106342554092,0.28276583552360535
515.0,516.0,True,presidenta,closeup,,,0.9239312410354614,0.05935663357377052,0.0008523178985342383,0.008553609251976013,0.001075689448043704,0.00257374020293355,0.0036567789502441883,0.0,0.10612722486257553,0.10444123297929764,0.3976089060306549
516.0,517.0,True,presidenta,closeup,,,0.8848152756690979,0.08398150652647018,0.001503256498835981,0.004853339400142431,0.0006685375119559467,0.0010297257686033845,0.02314833179116249,0.0,0.10722232609987259,0.04923735931515694,0.3708764314651489
517.0,518.0,True,presidenta,closeup,,,0.9872409701347351,0.0017372540896758437,0.004669968970119953,0.005312079563736916,0.00010900822235271335,0.0004150905297137797,0.0005156564875505865,0.0,0.35067218542099,0.07544133067131042,0.2353854924440384
518.0,519.0,True,presidenta,closeup,,,0.9362097382545471,0.026097793132066727,0.005938670597970486,0.029519837349653244,0.00036551253288052976,0.0008526989258825779,0.001015731948427856,0.0,0.12469489872455597,0.07274949550628662,0.31987836956977844
519.0,520.0,True,presidenta,closeup,,,0.6798821687698364,0.26974356174468994,0.0031182803213596344,0.0058722044341266155,0.0003828172048088163,0.003043718170374632,0.03795719891786575,0.0,0.07129541784524918,0.23112308979034424,0.5408143997192383
520.0,521.0,True,presidenta,closeup,,,0.7455844283103943,0.02003948763012886,0.004132636357098818,0.21888884902000427,0.004415766801685095,0.005161286797374487,0.001777556026354432,0.0,0.054243672639131546,0.16846616566181183,0.2873174548149109
521.0,522.0,True,presidenta,closeup,,,0.7581051588058472,0.0033069720957428217,0.004524083808064461,0.22856897115707397,0.004367855843156576,0.001050919876433909,7.607957377331331e-05,0.0,0.14111240208148956,0.03364968299865723,0.47444355487823486
522.0,523.0,True,presidenta,closeup,,,0.8905088901519775,0.09585154801607132,0.0017658453434705734,0.010867448523640633,0.00010787021892610937,0.00042527171899564564,0.0004730947548523545,0.0,0.39385902881622314,0.1272941380739212,0.5498672723770142
523.0,524.0,True,presidenta,closeup,,,0.7821298837661743,0.1876179724931717,0.002082242164760828,0.025006311014294624,0.0007689473568461835,0.0002988053602166474,0.0020958413369953632,0.0,0.24404029548168182,0.21814651787281036,0.3563278913497925
524.0,525.0,True,presidenta,closeup,,,0.8061113357543945,0.01055764127522707,0.007995067164301872,0.16784238815307617,0.004424895625561476,0.0015731746098026633,0.0014955352526158094,0.0,0.110018290579319,0.0226680226624012,0.3458532989025116
525.0,526.0,True,presidenta,closeup,,,0.9872801899909973,0.00763842836022377,0.0020472777541726828,0.0013302414445206523,0.00028345175087451935,0.0005398996872827411,0.0008805394754745066,0.0,0.2873595356941223,0.025115016847848892,0.36376693844795227
526.0,527.0,True,presidenta,closeup,,,0.3114994168281555,0.019835935905575752,0.001094379578717053,0.662502110004425,0.0017362420912832022,0.002624181332066655,0.0007078484632074833,0.0,0.22605811059474945,0.04898892343044281,0.1990945041179657
527.0,528.0,True,presidenta,closeup,,,0.8096758723258972,0.0005186460912227631,0.00673159072175622,0.17845012247562408,0.0002640636230353266,0.004329117480665445,3.060086601180956e-05,0.0,0.4689793884754181,0.018101302906870842,0.4840642511844635
528.0,529.0,True,presidenta,closeup,,,0.8708511590957642,0.016883064061403275,0.005032695829868317,0.10664697736501694,0.00023356580641120672,0.00028848127112723887,6.398915138561279e-05,0.0,0.15232905745506287,0.061306774616241455,0.7050048112869263
529.0,530.0,True,presidenta,closeup,,,0.2264818698167801,0.06485909223556519,0.004512895364314318,0.6963133215904236,0.005781080108135939,0.0008701148326508701,0.0011816148180514574,0.0,0.26694202423095703,0.05226119980216026,0.3594357669353485
530.0,531.0,True,presidenta,closeup,,,0.9044540524482727,0.002912246622145176,0.004477751906961203,0.08591730892658234,0.0009476978448219597,0.0011908317683264613,0.0001001001728582196,0.0,0.0800175666809082,0.0537838414311409,0.4063476324081421
531.0,532.0,True,presidenta,closeup,,,0.9534959197044373,0.008373725228011608,0.0029942865949124098,0.030989130958914757,0.003715124912559986,9.923206380335614e-05,0.0003325822181068361,0.0,0.09089857339859009,0.08627861738204956,0.2232360988855362
532.0,533.0,True,presidenta,closeup,,,0.9911321997642517,0.001285894657485187,0.0014488179003819823,0.005169183947145939,0.00030336042982526124,0.00062355468980968,3.6986730265198275e-05,0.0,0.2180061936378479,0.04624900594353676,0.49042731523513794
533.0,534.0,True,presidenta,closeup,,,0.9514623880386353,0.010809572413563728,0.027107082307338715,0.00876978412270546,0.0004128644068259746,0.0008230851381085813,0.0006152057321742177,0.0,0.38163870573043823,0.26893696188926697,0.6658597588539124
534.0,535.0,True,presidenta,closeup,,,0.950107753276825,0.0030198432505130768,0.00536481523886323,0.04047117754817009,0.0002930827613454312,0.0007067620172165334,3.655394175439142e-05,0.0,0.12589159607887268,0.019045153632760048,0.6416583061218262
535.0,536.0,True,presidenta,closeup,,,0.9883421063423157,0.009690954349935055,0.0013259518891572952,0.0004195178917143494,1.844601138145663e-05,0.00015639326011296362,4.665792585001327e-05,0.0,0.17292502522468567,0.06644731014966965,0.6975193619728088
536.0,537.0,True,presidenta,closeup,,,0.008037417195737362,0.9182022213935852,0.00014715259021613747,0.0690387636423111,0.0036732149310410023,9.113702981267124e-05,0.000810179568361491,0.0,0.07944559305906296,0.9423794746398926,0.6761846542358398
537.0,538.0,True,presidenta,closeup,,,0.8789956569671631,0.019204409793019295,0.025570174679160118,0.06402542442083359,0.00472822692245245,0.0038202879950404167,0.0036557852290570736,0.0,0.19725799560546875,0.06253744661808014,0.34996676445007324
538.0,539.0,True,presidenta,closeup,,,0.13152511417865753,0.008176273666322231,0.0011587815824896097,0.8550609350204468,0.002345070708543062,0.0014794408343732357,0.0002544204471632838,0.0,0.09278237819671631,0.060742996633052826,0.37258559465408325
539.0,540.0,True,presidenta,closeup,,,0.9263525009155273,0.03968719020485878,0.004119470715522766,0.024870242923498154,0.00022945378441363573,0.003837513504549861,0.0009036508272401989,0.0,0.13523924350738525,0.3342035412788391,0.6900030374526978
540.0,541.0,True,presidenta,closeup,,,0.9833168387413025,0.012577827088534832,0.0023178616538643837,0.001507819863036275,0.00016611925093457103,6.12822113907896e-05,5.222315667197108e-05,0.0,0.1510249823331833,0.07020016759634018,0.6457347273826599
541.0,542.0,True,presidenta,closeup,,,0.8102735280990601,0.05018634721636772,0.00625079870223999,0.12425386905670166,0.005401828326284885,0.0024982779286801815,0.0011352873407304287,0.0,0.06488363444805145,0.0531744584441185,0.4028252959251404
542.0,543.0,True,presidenta,closeup,,,0.882368266582489,0.021630149334669113,0.0016076023457571864,0.09130728244781494,0.0014805783284828067,0.0013403223128989339,0.0002657651202753186,0.0,0.0497002936899662,0.10666215419769287,0.5567715764045715
543.0,544.0,True,presidenta,closeup,,,0.9416615962982178,0.005643474403768778,0.0067600770853459835,0.0445975735783577,0.00030571286333724856,0.0008436114294454455,0.00018791615730151534,0.0,0.09612277895212173,0.046155404299497604,0.6380638480186462
544.0,545.0,True,presidenta,closeup,,,0.865517795085907,0.056736670434474945,0.011734160594642162,0.050235211849212646,0.0007095379987731576,0.0016329118516296148,0.0134337292984128,0.0,0.31002873182296753,0.29049187898635864,0.6314333081245422
545.0,546.0,True,presidenta,closeup,,,0.9015833139419556,0.09241194278001785,0.001789807458408177,0.0019140299409627914,0.0007796360296197236,0.0010025677038356662,0.0005186581402085721,0.0,0.050750669091939926,0.1417195051908493,0.4670349061489105
546.0,547.0,True,presidenta,closeup,,,0.9456644058227539,0.01271259319037199,0.013681774027645588,0.019853154197335243,0.004030643962323666,0.000792150036431849,0.003265262581408024,0.0,0.07518165558576584,0.05210728198289871,0.27785202860832214
547.0,548.0,True,presidenta,closeup,,,0.9775180220603943,0.009575319476425648,0.0027805084828287363,0.009536601603031158,0.00025134117458947003,0.00021165492944419384,0.00012650915596168488,0.0,0.18735601007938385,0.03233027458190918,0.4425939917564392
548.0,549.0,True,presidenta,closeup,,,0.9152278900146484,0.019113240763545036,0.013125632889568806,0.019331708550453186,0.0015983274206519127,0.0037609569262713194,0.027842221781611443,0.0,0.48634257912635803,0.04931007698178291,0.7310053706169128
549.0,550.0,True,presidenta,closeup,,,0.691580057144165,0.03343462198972702,0.003984838258475065,0.26079505681991577,0.005213819444179535,0.0024683985393494368,0.002523205941542983,0.0,0.06752615422010422,0.10970162600278854,0.3841002583503723
550.0,551.0,True,presidenta,closeup,,,0.30441924929618835,0.04340723901987076,0.008410115726292133,0.6292200684547424,0.010858305729925632,0.001335254404693842,0.002349724993109703,0.0,0.2701403498649597,0.21697016060352325,0.34018057584762573
551.0,552.0,True,presidenta,closeup,,,0.7446762919425964,0.20608487725257874,0.0035199772100895643,0.04048209637403488,0.0006868664640933275,0.0007258212426677346,0.003824056126177311,0.0,0.3753947615623474,0.221315398812294,0.48005741834640503
552.0,553.0,True,presidenta,closeup,,,0.8474913239479065,0.01339868176728487,0.00818336009979248,0.10502118617296219,0.003957860171794891,0.0055434443056583405,0.016404150053858757,0.0,0.32000523805618286,0.2028418630361557,0.289427787065506
553.0,554.0,True,presidenta,closeup,,,0.9741233587265015,0.002466714009642601,0.008847532793879509,0.013048257678747177,0.00022071019338909537,0.0011375764152035117,0.00015581981278955936,0.0,0.060889605432748795,0.05080656707286835,0.48439493775367737
554.0,555.0,True,presidenta,closeup,,,0.6187285780906677,0.012908907607197762,0.0028488843236118555,0.35662171244621277,0.005291379988193512,0.003441000124439597,0.00015949236694723368,0.0,0.06256470829248428,0.06872483342885971,0.4079560339450836
555.0,556.0,True,presidenta,closeup,,,0.7122906446456909,0.012433940544724464,0.0016263022553175688,0.27145862579345703,0.0003876386908814311,0.001749947783537209,5.2890958613716066e-05,0.0,0.10961068421602249,0.09673596173524857,0.689559280872345
556.0,557.0,True,presidenta,closeup,,,0.32488584518432617,0.01430346630513668,0.0013149682199582458,0.6563884019851685,0.0017709037056192756,0.0011354148155078292,0.00020110514014959335,0.0,0.2042321264743805,0.05693507567048073,0.2510403096675873
557.0,558.0,True,presidenta,closeup,,,0.27067768573760986,0.692710816860199,0.0019488390535116196,0.032001644372940063,0.00031637531355954707,0.0010406741639599204,0.0013040336780250072,0.0,0.35970374941825867,0.4581791162490845,0.7790829539299011
558.0,559.0,True,presidenta,closeup,,,0.6428743600845337,0.34143751859664917,0.008902354165911674,0.004824300762265921,0.00010726047185016796,0.001121072331443429,0.0007330559310503304,0.0,0.4315491318702698,0.6820425391197205,0.747633159160614
559.0,560.0,True,presidenta,closeup,,,0.9154066443443298,0.04511671140789986,0.006741431541740894,0.030170975252985954,0.00026085591525770724,0.00022208038717508316,0.0020813336595892906,0.0,0.1313188225030899,0.08300115168094635,0.27930203080177307
560.0,561.0,True,presidenta,closeup,,,0.9831721782684326,0.002097318647429347,0.006808954756706953,0.0071981498040258884,0.000330058071995154,0.00033810839522629976,5.520725972019136e-05,0.0,0.15120841562747955,0.06636949628591537,0.407955139875412
561.0,562.0,True,presidenta,closeup,,,0.8470317125320435,0.027615128085017204,0.0055454629473388195,0.08278676122426987,0.02115962654352188,0.010751770809292793,0.005109582096338272,0.0,0.11475211381912231,0.08026119321584702,0.5598474144935608
562.0,563.0,True,presidenta,closeup,,,0.9599506258964539,0.023389073088765144,0.003164560766890645,0.01071256771683693,0.001967997755855322,0.00046093756100162864,0.0003542151243891567,0.0,0.16285467147827148,0.09384724497795105,0.350680410861969
563.0,564.0,True,presidenta,closeup,,,0.9291906952857971,0.05940213426947594,0.001928614336065948,0.006339261308312416,0.0014309451216831803,0.0013696103123947978,0.0003387544129509479,0.0,0.1936546415090561,0.06224159896373749,0.44878920912742615
564.0,565.0,True,presidenta,closeup,,,0.9493067264556885,0.012108393013477325,0.008780869655311108,0.02321036532521248,0.0034449088852852583,0.0009005790925584733,0.002248109318315983,0.0,0.17833739519119263,0.1174822449684143,0.36878469586372375
565.0,566.0,True,presidenta,closeup,,,0.9323750138282776,0.028337791562080383,0.0016144237015396357,0.03621223568916321,0.0004637776000890881,0.0004941745428368449,0.0005025235004723072,0.0,0.44656533002853394,0.038603514432907104,0.6458987593650818
566.0,567.0,True,presidenta,closeup,,,0.15635496377944946,0.812753438949585,0.0009779775282368064,0.008575152605772018,0.0017089545726776123,0.00021465231839101762,0.019414812326431274,0.0,0.2505580484867096,0.42613548040390015,0.4454018175601959
567.0,568.0,True,presidenta,closeup,,,0.841025710105896,0.12732642889022827,0.011457943357527256,0.004783946555107832,8.670840179547668e-05,0.0022024870850145817,0.013116792775690556,0.0,0.3248678743839264,0.31952565908432007,0.5435848236083984
568.0,569.0,True,presidenta,closeup,,,0.9159396886825562,0.03594318777322769,0.02242630161345005,0.01747884787619114,0.00027799373492598534,0.0013077743351459503,0.006626188289374113,0.0,0.20188108086585999,0.11709482967853546,0.4225451946258545
569.0,570.0,True,presidenta,closeup,,,0.5580849051475525,0.0021564289927482605,0.005107649136334658,0.4326774775981903,0.0007820562459528446,0.0011387644335627556,5.2692579629365355e-05,0.0,0.09302110970020294,0.04294232279062271,0.4205854833126068
570.0,571.0,True,presidenta,closeup,,,0.8224290013313293,0.15326736867427826,0.015462000854313374,0.00600691931322217,0.00021183965145610273,0.0022410175297409296,0.00038181536365300417,0.0,0.15593217313289642,0.33727124333381653,0.42737409472465515
571.0,572.0,True,presidenta,closeup,,,0.9754035472869873,0.011385545134544373,0.004949201364070177,0.0077853137627244,0.00016263150610029697,0.0001834159775171429,0.0001303751050727442,0.0,0.14252173900604248,0.03330627456307411,0.6370018720626831
572.0,573.0,True,presidenta,closeup,,,0.8539570569992065,0.07500643283128738,0.001351894112303853,0.06791090965270996,0.00026732555124908686,0.0002625926281325519,0.0012437348486855626,0.0,0.1583397537469864,0.09423546493053436,0.27838802337646484
573.0,574.0,True,presidenta,closeup,,,0.32616764307022095,0.08037281781435013,0.0040900525636971,0.5785985589027405,0.004138809163123369,0.0036042367573827505,0.0030278614722192287,0.0,0.1842741221189499,0.13012292981147766,0.39501282572746277
574.0,575.0,True,presidenta,closeup,,,0.8623297810554504,0.017827879637479782,0.017222614958882332,0.09341835230588913,0.005524512846022844,0.0011741783237084746,0.002502720570191741,0.0,0.21002405881881714,0.07290489971637726,0.4189256727695465
575.0,576.0,True,presidenta,closeup,,,0.8815332055091858,0.00967356562614441,0.002693695481866598,0.1018635630607605,0.003025531768798828,0.0009473912650719285,0.00026306675863452256,0.0,0.08562388271093369,0.057414472103118896,0.3709069490432739
576.0,577.0,True,presidenta,closeup,,,0.8943182826042175,0.008749679662287235,0.011027837172150612,0.08308109641075134,0.0009227139526046813,0.0016101151704788208,0.0002902945561800152,0.0,0.2565953731536865,0.039861489087343216,0.4527018070220947
577.0,578.0,True,presidenta,closeup,,,0.8047599196434021,0.010546477511525154,0.002289040945470333,0.17554470896720886,0.00027236490859650075,0.006411019247025251,0.00017647779895924032,0.0,0.08123770356178284,0.06681923568248749,0.36441898345947266
578.0,579.0,True,presidenta,closeup,,,0.4791914224624634,0.020246416330337524,0.0031684052664786577,0.47588273882865906,0.01062070019543171,0.010350731201469898,0.0005396057385951281,0.0,0.12777872383594513,0.05847523733973503,0.48148947954177856
579.0,580.0,True,presidenta,closeup,,,0.9657630324363708,0.014244896359741688,0.014993312768638134,0.0011661062017083168,0.00010552438470767811,0.001842772588133812,0.0018843240104615688,0.0,0.15363147854804993,0.5282426476478577,0.5756963491439819
580.0,581.0,True,presidenta,closeup,,,0.21752893924713135,0.12953448295593262,0.009447505697607994,0.6201101541519165,0.007222956046462059,0.0030632871203124523,0.013092653825879097,0.0,0.1150350496172905,0.05695527046918869,0.3696120083332062
581.0,582.0,True,presidenta,closeup,,,0.5474452972412109,0.09494179487228394,0.004645272623747587,0.29293861985206604,0.0028689701575785875,0.0033151868265122175,0.0538448691368103,0.0,0.16616950929164886,0.037078388035297394,0.6450358033180237
582.0,583.0,True,presidenta,closeup,,,0.9138477444648743,0.07110761851072311,0.004802714567631483,0.00845420453697443,0.00024096686684060842,0.0001836074807215482,0.00136314588598907,0.0,0.08624948561191559,0.08477102220058441,0.4296639561653137
583.0,584.0,True,presidenta,closeup,,,0.967535138130188,0.017881371080875397,0.004863186273723841,0.0038428802508860826,0.004719609394669533,0.00017937026859726757,0.0009784187423065305,0.0,0.04348684847354889,0.18279841542243958,0.3927036225795746
584.0,585.0,True,presidenta,closeup,,,0.46765443682670593,0.002995950635522604,0.0034289814066141844,0.5253849625587463,0.00020133561338298023,0.0003016190021298826,3.278925578342751e-05,0.0,0.15911325812339783,0.06430517137050629,0.6262005567550659
585.0,586.0,True,presidenta,closeup,,,0.7451000809669495,0.013621518388390541,0.007051300723105669,0.2298114001750946,0.002431615488603711,0.0017723122145980597,0.00021172327979002148,0.0,0.17703531682491302,0.07355765253305435,0.40227940678596497
586.0,587.0,True,presidenta,closeup,,,0.8186368942260742,0.004561154171824455,0.01695767231285572,0.15736721456050873,0.0014618217246606946,0.0008837341447360814,0.00013150500308256596,0.0,0.12239404767751694,0.04998080059885979,0.3588053584098816
587.0,588.0,True,presidenta,closeup,,,0.9025375247001648,0.026650285348296165,0.005387783981859684,0.05662040784955025,0.0008357095066457987,0.003365060081705451,0.004603248089551926,0.0,0.09629574418067932,0.07253286242485046,0.43786105513572693
588.0,589.0,True,presidenta,closeup,,,0.8334771394729614,0.011010746471583843,0.03420345112681389,0.08620903640985489,0.0024027752224355936,0.030780691653490067,0.001916171982884407,0.0,0.4315708875656128,0.21755433082580566,0.5937137007713318
589.0,590.0,True,presidenta,closeup,,,0.9322600364685059,0.052095502614974976,0.008544160053133965,0.004557597916573286,8.525170414941385e-05,0.0002150118671124801,0.002242476912215352,0.0,0.14121529459953308,0.10598460584878922,0.42490634322166443
590.0,591.0,True,presidenta,closeup,,,0.9686176776885986,0.024871408939361572,0.0043664597906172276,0.0003885324695147574,0.00017889596347231418,0.00017791730351746082,0.0013991091400384903,0.0,0.15696482360363007,0.03558356687426567,0.3933727443218231
591.0,592.0,True,presidenta,closeup,,,0.47797855734825134,0.4729205369949341,0.0076814149506390095,0.036150749772787094,0.00022874890419188887,0.0005061120609752834,0.0045338766649365425,0.0,0.35058048367500305,0.0614728145301342,0.3472885489463806
592.0,593.0,True,presidenta,closeup,,,0.8827348351478577,0.007129938341677189,0.0027775131165981293,0.09223399311304092,0.014104467816650867,0.0008301027119159698,0.00018919139984063804,0.0,0.22299502789974213,0.15333905816078186,0.30322781205177307
593.0,594.0,True,presidenta,closeup,,,0.18118499219417572,0.18614698946475983,0.0010628203162923455,0.6192684769630432,0.007270941976457834,0.000785563956014812,0.004280272871255875,0.0,0.17454661428928375,0.08593223989009857,0.3566788136959076
594.0,595.0,True,presidenta,closeup,,,0.9673705697059631,0.002695979317650199,0.0013242766726762056,0.028068380430340767,0.00022614505724050105,0.0002882454718928784,2.6427022021380253e-05,0.0,0.08790067583322525,0.08738614618778229,0.6270064115524292
595.0,596.0,True,presidenta,closeup,,,0.6724727749824524,0.021178636699914932,0.005489169619977474,0.29714256525039673,0.0016345420153811574,0.00033124187029898167,0.0017510374309495091,0.0,0.06219334155321121,0.07657750695943832,0.27733683586120605
596.0,597.0,True,presidenta,closeup,,,0.7686135172843933,0.050969164818525314,0.0034326151944696903,0.1656796634197235,0.0009492390090599656,0.003348316764459014,0.007007427979260683,0.0,0.2566051781177521,0.037512149661779404,0.5480396747589111
597.0,598.0,True,presidenta,closeup,,,0.5221920013427734,0.31588807702064514,0.0018948556389659643,0.14609092473983765,0.0007696354878135026,0.0012188085820525885,0.011945645324885845,0.0,0.08627354353666306,0.051842980086803436,0.3868848979473114
598.0,599.0,True,presidenta,closeup,,,0.7818766236305237,0.003212139941751957,0.006854814011603594,0.20601029694080353,0.0012756495270878077,0.0006080338498577476,0.0001624791038921103,0.0,0.17516084015369415,0.038301341235637665,0.5407213568687439
599.0,600.0,True,presidenta,closeup,,,0.9700058698654175,0.00465411227196455,0.015289999544620514,0.006602537352591753,0.0003671117010526359,0.0021274930331856012,0.0009528308291919529,0.0,0.2787429988384247,0.0748727023601532,0.4332349896430969
600.0,601.0,True,presidenta,closeup,,,0.8973533511161804,0.06484653800725937,0.018728075549006462,0.016293520107865334,0.00021545978961512446,0.0013465724186971784,0.0012165569933131337,0.0,0.05310745909810066,0.0225274208933115,0.4563102126121521
601.0,602.0,True,presidenta,closeup,,,0.8139302134513855,0.16051530838012695,0.013633722439408302,0.007823262363672256,0.0013501892099156976,0.0011642705649137497,0.0015830725897103548,0.0,0.08702197670936584,0.21344245970249176,0.5772789716720581
602.0,603.0,True,presidenta,closeup,,,0.509349524974823,0.47412118315696716,0.012312307022511959,0.001069980557076633,0.00029851318686269224,0.001026531565003097,0.0018219287740066648,0.0,0.3826282322406769,0.043619781732559204,0.7572889924049377
603.0,604.0,True,presidenta,closeup,,,0.4827927052974701,0.00477415369823575,0.01888471096754074,0.4335687458515167,0.05790623277425766,0.000989177031442523,0.0010843889322131872,0.0,0.060278259217739105,0.17831942439079285,0.4670373797416687
604.0,605.0,True,presidenta,closeup,,,0.890978217124939,0.0030375428032130003,0.004398438148200512,0.09769666194915771,0.0016075283056125045,0.0015317222569137812,0.0007498750346712768,0.0,0.07742727547883987,0.0621454231441021,0.3753698170185089
605.0,606.0,True,presidenta,closeup,,,0.7003310918807983,0.02677491120994091,0.004013147670775652,0.26391908526420593,0.004435689654201269,0.0002473779895808548,0.0002786562545225024,0.0,0.06202220916748047,0.08599238097667694,0.3573843836784363
606.0,607.0,True,presidenta,closeup,,,0.9516468644142151,0.011613404378294945,0.0030056519899517298,0.03177774325013161,0.001640693168155849,0.00021231244318187237,0.00010336432751500979,0.0,0.07632956653833389,0.0423896461725235,0.22887958586215973
607.0,608.0,True,presidenta,closeup,,,0.6840044856071472,0.048241958022117615,0.004568783566355705,0.2609691023826599,0.0007130671292543411,0.0009233130840584636,0.0005792552256025374,0.0,0.1817634552717209,0.06668505817651749,0.39957770705223083
608.0,609.0,True,presidenta,closeup,,,0.9421949982643127,0.02097594365477562,0.02493974193930626,0.008105320855975151,0.00045126499026082456,0.0004468812549021095,0.0028858038131147623,0.0,0.6112504005432129,0.02610963210463524,0.5544175505638123
609.0,610.0,True,presidenta,closeup,,,0.6883941888809204,0.29428204894065857,0.009935562498867512,0.0037346314638853073,0.00025873957201838493,0.0009744445560500026,0.002420334378257394,0.0,0.20858719944953918,0.0774388238787651,0.6556564569473267
610.0,611.0,True,presidenta,closeup,,,0.9788538217544556,0.014390304684638977,0.004377938341349363,0.001626454177312553,0.00017593525990378112,0.00021264649694785476,0.00036284676752984524,0.0,0.2658751904964447,0.031606052070856094,0.5729876756668091
611.0,612.0,True,presidenta,closeup,,,0.9521574378013611,0.012950383126735687,0.00756056560203433,0.02548341080546379,0.00032162904972210526,0.0011477019870653749,0.0003789127222262323,0.0,0.4970358908176422,0.03173646703362465,0.5307177305221558
612.0,613.0,True,presidenta,closeup,,,0.8585009574890137,0.11066712439060211,0.002527602482587099,0.024656057357788086,0.0009059386793524027,0.0012241968652233481,0.0015181292546913028,0.0,0.14448845386505127,0.09580840170383453,0.47342991828918457
613.0,614.0,True,presidenta,closeup,,,0.1301005780696869,0.8244546055793762,0.0012205344391986728,0.03539225459098816,0.0016198045341297984,0.0003364272997714579,0.00687576737254858,0.0,0.07394272089004517,0.4836655259132385,0.5928592681884766
614.0,615.0,True,presidenta,closeup,,,0.9837656617164612,0.0023511811159551144,0.0042454577051103115,0.007415435276925564,0.0008989755879156291,0.0006836697575636208,0.0006396605167537928,0.0,0.589487612247467,0.026163743808865547,0.44817614555358887
615.0,616.0,True,presidenta,closeup,,,0.6020658016204834,0.2878662049770355,0.017928460612893105,0.0751158595085144,0.0013618142111226916,0.0030056601390242577,0.012656217440962791,0.0,0.1657940149307251,0.08769391477108002,0.6594720482826233
616.0,617.0,True,presidenta,closeup,,,0.7420362234115601,0.08684725314378738,0.005394501145929098,0.16058145463466644,0.0011737627210095525,0.002534841652959585,0.0014319868059828877,0.0,0.14646446704864502,0.04698888212442398,0.7499949336051941
617.0,618.0,True,presidenta,closeup,,,0.14426201581954956,0.7458842992782593,0.007618281524628401,0.06697402149438858,0.0017105061560869217,0.00281412317417562,0.030736705288290977,0.0,0.11869579553604126,0.07430192083120346,0.470286101102829
618.0,619.0,True,presidenta,closeup,,,0.5810893774032593,0.004341181367635727,0.007407087367027998,0.3936675190925598,0.008353590033948421,0.00352382636629045,0.0016174183692783117,0.0,0.2510735094547272,0.028829382732510567,0.47120460867881775
619.0,620.0,True,presidenta,closeup,,,0.2890889346599579,0.6401933431625366,0.004253627732396126,0.05469457060098648,0.0005952686769887805,0.001952949445694685,0.009221320040524006,0.0,0.07855970412492752,0.09099119156599045,0.3637174665927887
620.0,621.0,True,presidenta,closeup,,,0.06131305918097496,0.046885572373867035,0.001846387516707182,0.8807706832885742,0.0028925344813615084,0.0007016294985078275,0.00559016689658165,0.0,0.06919153779745102,0.03133617341518402,0.2802787721157074
621.0,622.0,True,presidenta,closeup,,,0.8050968647003174,0.1806974560022354,0.008043247275054455,0.002037673955783248,0.00017480594397056848,0.0020100700203329325,0.0019398863660171628,0.0,0.1362946778535843,0.04726511985063553,0.6544674634933472
622.0,623.0,True,presidenta,closeup,,,0.7517036199569702,0.22344587743282318,0.0075378683395683765,0.0021689378190785646,0.00025309628108516335,0.005904354155063629,0.008986282162368298,0.0,0.8092575669288635,0.327494740486145,0.708431601524353
623.0,624.0,True,presidenta,closeup,,,0.7488635182380676,0.022178703919053078,0.013679911382496357,0.028572190552949905,0.020924674347043037,0.014314448460936546,0.15146653354167938,0.0,0.827703058719635,0.25743967294692993,0.7352009415626526
624.0,625.0,True,presidenta,closeup,,,0.9814140200614929,0.007075000088661909,0.007719690911471844,0.002139235846698284,4.754496330861002e-05,0.0007831132388673723,0.0008213818655349314,0.0,0.1349460333585739,0.13751213252544403,0.7992273569107056
625.0,626.0,True,presidenta,closeup,,,0.6978108882904053,0.22113679349422455,0.003942093811929226,0.04788297042250633,0.0045725139789283276,0.0009825644083321095,0.023672128096222878,0.0,0.10324046015739441,0.03822500258684158,0.35413020849227905
626.0,627.0,True,presidenta,closeup,,,0.5013033151626587,0.2673579156398773,0.0007747734780423343,0.2261141985654831,0.001117565087042749,0.001209457404911518,0.0021228014957159758,0.0,0.09826566278934479,0.057679831981658936,0.18354380130767822
627.0,628.0,True,presidenta,closeup,,,0.9799536466598511,0.007943038828670979,0.0020039831288158894,0.00961272232234478,0.00011461723624961451,0.00025416314019821584,0.00011779421038227156,0.0,0.1994861662387848,0.0639452412724495,0.334892600774765
628.0,629.0,True,presidenta,closeup,,,0.8523430824279785,0.016505803912878036,0.0033450729679316282,0.12405666708946228,0.002863806439563632,0.00045190751552581787,0.0004336502170190215,0.0,0.1300584077835083,0.07518050074577332,0.4126237630844116
629.0,630.0,True,presidenta,closeup,,,0.834196150302887,0.0034286242444068193,0.010889030061662197,0.15042677521705627,0.00045675423461943865,0.00043328545871190727,0.0001693611266091466,0.0,0.2503957450389862,0.03931063786149025,0.29901787638664246
630.0,631.0,True,presidenta,closeup,,,0.9331873059272766,0.030597081407904625,0.005087141878902912,0.01923545077443123,0.01112185139209032,0.0004005323280580342,0.0003706730203703046,0.0,0.24404501914978027,0.1623137891292572,0.45120769739151
631.0,632.0,True,presidenta,closeup,,,0.8484387397766113,0.02700365148484707,0.0031063659116625786,0.1184927374124527,0.0008516850066371262,0.0020153531804680824,9.145471267402172e-05,0.0,0.0675368458032608,0.039397064596414566,0.2910709083080292
632.0,633.0,True,presidenta,closeup,,,0.7173557877540588,0.01164101343601942,0.004505601711571217,0.2615053653717041,0.0035140831023454666,0.001158082508482039,0.00032005991670303047,0.0,0.08125843852758408,0.07167591899633408,0.3250332772731781
633.0,634.0,True,presidenta,closeup,,,0.9844058752059937,0.004878823645412922,0.0036026942543685436,0.006614104378968477,0.00022672457271255553,0.0002436659997329116,2.8043255952070467e-05,0.0,0.21813444793224335,0.07473231852054596,0.7076981663703918
634.0,635.0,True,presidenta,closeup,,,0.8160624504089355,0.1662284880876541,0.004839720204472542,0.009232276119291782,0.00042834237683564425,0.0013366929488256574,0.0018720630323514342,0.0,0.11094869673252106,0.3969769775867462,0.43721553683280945
635.0,636.0,True,presidenta,closeup,,,0.9815481901168823,0.009746789932250977,0.007051446475088596,0.0009152084239758551,0.0005182623281143606,0.00014063595153857023,7.954839384183288e-05,0.0,0.3037479519844055,0.030312413349747658,0.3724522888660431
636.0,637.0,True,presidenta,closeup,,,0.8624048829078674,0.06532491743564606,0.015084986574947834,0.03152766078710556,0.00499784667044878,0.002783980220556259,0.017875762656331062,0.0,0.23398669064044952,0.06778958439826965,0.3436526656150818
637.0,638.0,True,presidenta,closeup,,,0.5699210166931152,0.2699500024318695,0.0035121289547532797,0.0955132469534874,0.008427301421761513,0.00287912436760962,0.04979724436998367,0.0,0.15625576674938202,0.05275483429431915,0.440796822309494
638.0,639.0,True,presidenta,closeup,,,0.9620733261108398,0.003690797369927168,0.010880986228585243,0.018077852204442024,0.0028987405821681023,0.0015223516384139657,0.0008559211273677647,0.0,0.2563229501247406,0.11798862367868423,0.5021557807922363
639.0,640.0,True,presidenta,closeup,,,0.6214295625686646,0.019768809899687767,0.005911656189709902,0.3472538888454437,0.0030044179875403643,0.002373817842453718,0.0002578860439825803,0.0,0.0908728837966919,0.07677371054887772,0.5479000806808472
640.0,641.0,True,presidenta,closeup,,,0.3182227313518524,0.006172088906168938,0.014154579490423203,0.6482661366462708,0.012497534044086933,0.0004963235696777701,0.00019060540944337845,0.0,0.07528872042894363,0.03196665272116661,0.5828486084938049
641.0,642.0,True,presidenta,closeup,,,0.8590602874755859,0.018682964146137238,0.008110897615551949,0.10752376914024353,0.0037634524051100016,0.002240505302324891,0.0006180828786455095,0.0,0.3045479953289032,0.09775126725435257,0.24920348823070526
642.0,643.0,True,presidenta,closeup,,,0.6928123235702515,0.30263930559158325,0.002226009499281645,0.0014963680878281593,3.7095946026965976e-05,0.00020105333533138037,0.0005878680385649204,0.0,0.056188713759183884,0.32805073261260986,0.5664575695991516
643.0,644.0,True,presidenta,closeup,,,0.42505088448524475,0.013499540276825428,0.012530412524938583,0.5406972765922546,0.005064562428742647,0.0012483553728088737,0.0019090231508016586,0.0,0.11070197820663452,0.19751442968845367,0.46301063895225525
644.0,645.0,True,presidenta,closeup,,,0.8634945750236511,0.08389908075332642,0.012153522111475468,0.02791651524603367,0.0009576927404850721,0.0026238129939883947,0.008954828605055809,0.0,0.2817331850528717,0.10428470373153687,0.4649106562137604
645.0,646.0,True,presidenta,closeup,,,0.9753955006599426,0.006352144759148359,0.0038657644763588905,0.007850190624594688,0.0010360612068325281,0.0036913584917783737,0.0018089348450303078,0.0,0.10007494688034058,0.09292291849851608,0.5569731593132019
646.0,647.0,True,presidenta,closeup,,,0.05718551576137543,0.24852091073989868,0.00595369515940547,0.678726077079773,0.004774696193635464,0.0010569386649876833,0.003782192710787058,0.0,0.24351252615451813,0.14242485165596008,0.23227998614311218
647.0,648.0,True,presidenta,closeup,,,0.4264847934246063,0.21060650050640106,0.002479825634509325,0.3543344736099243,0.0024111999664455652,0.0017580053536221385,0.0019252309575676918,0.0,0.10678254812955856,0.09449104219675064,0.36088016629219055
648.0,649.0,True,presidenta,closeup,,,0.23297300934791565,0.0051055727526545525,0.001732931355945766,0.7563018202781677,0.0029228427447378635,0.0005656344001181424,0.0003981063491664827,0.0,0.15545280277729034,0.05269163101911545,0.18497833609580994
649.0,650.0,True,presidenta,closeup,,,0.8739243149757385,0.05850498750805855,0.0029254432301968336,0.06399989128112793,0.000279326835880056,7.241783896461129e-05,0.0002935928350780159,0.0,0.08835262060165405,0.057916369289159775,0.20098868012428284
650.0,651.0,True,presidenta,closeup,,,0.9826165437698364,0.012477594427764416,0.003685948671773076,0.0006073054973967373,0.00013746574404649436,0.00013075732567813247,0.00034438929287716746,0.0,0.14869579672813416,0.6012433171272278,0.5103005170822144
651.0,652.0,True,presidenta,closeup,,,0.9419018626213074,0.05383877083659172,0.0023783210199326277,0.00043482129694893956,5.039132520323619e-05,0.00118988414760679,0.0002059619000647217,0.0,0.2216627299785614,0.07048386335372925,0.5289404392242432
652.0,653.0,True,presidenta,closeup,,,0.8206031918525696,0.15454022586345673,0.004153519403189421,0.014453514479100704,0.0003212040464859456,0.002228154568001628,0.0037002244498580694,0.0,0.4247224032878876,0.570532500743866,0.507753312587738
653.0,654.0,True,presidenta,closeup,,,0.20086544752120972,0.7507980465888977,0.0059746792539954185,0.016732964664697647,0.00043637570342980325,0.00026178770349361,0.02493065968155861,0.0,0.09423122555017471,0.6129281520843506,0.4667753279209137
654.0,655.0,True,presidenta,closeup,,,0.9704237580299377,0.024590805172920227,0.0040687317959964275,0.00039518927223980427,3.280764940427616e-05,0.0003378757101017982,0.00015083230391610414,0.0,0.31307685375213623,0.15773291885852814,0.5468463897705078
655.0,656.0,True,presidenta,closeup,,,0.938083827495575,0.04997720941901207,0.003515732940286398,0.006618368439376354,0.0004164412966929376,0.0001985551934922114,0.0011899329256266356,0.0,0.13867385685443878,0.17357805371284485,0.38980600237846375
656.0,657.0,True,presidenta,closeup,,,0.8631041646003723,0.06995382159948349,0.005613286979496479,0.04782158508896828,0.010199222713708878,0.0006806115270592272,0.0026272551622241735,0.0,0.12623266875743866,0.08901333808898926,0.2856900095939636
657.0,658.0,True,presidenta,closeup,,,0.7686450481414795,0.21543166041374207,0.0015633627772331238,0.0034478483721613884,0.0002852999896276742,0.0010853756684809923,0.009541369043290615,0.0,0.048538610339164734,0.15845243632793427,0.4973500370979309
658.0,659.0,True,presidenta,closeup,,,0.8248851299285889,0.13859635591506958,0.006089497823268175,0.02285687066614628,0.00026176893152296543,0.0005958816036581993,0.0067144725471735,0.0,0.41693034768104553,0.09325256943702698,0.44543951749801636
659.0,660.0,True,presidenta,closeup,,,0.9469600915908813,0.005212486255913973,0.002782459370791912,0.04421750083565712,0.00048275868175551295,0.00011418564099585637,0.00023048849834594876,0.0,0.46764788031578064,0.022107798606157303,0.47933429479599
660.0,661.0,True,presidenta,closeup,,,0.9730051159858704,0.018380044028162956,0.0014543881407007575,0.006196494679898024,0.0003192074073012918,0.0004172777116764337,0.000227479831664823,0.0,0.13653331995010376,0.02567262016236782,0.3898594081401825
661.0,662.0,True,presidenta,closeup,,,0.23774108290672302,0.012192522175610065,0.0037458189763128757,0.737298846244812,0.001816930714994669,0.006765443831682205,0.00043934749555774033,0.0,0.033504337072372437,0.02015083096921444,0.4876787066459656
662.0,663.0,True,presidenta,closeup,,,0.9772734045982361,0.017931221053004265,0.00146391149610281,0.0024244431406259537,0.0001631027989787981,0.0006958790472708642,4.802737385034561e-05,0.0,0.0967472642660141,0.041122917085886,0.6361686587333679
663.0,664.0,True,presidenta,closeup,,,0.9735756516456604,0.02354571223258972,0.0008578968700021505,0.0015035466058179736,0.00015897481353022158,0.00025357145932503045,0.00010467157699167728,0.0,0.22200551629066467,0.05919370427727699,0.7087938189506531
664.0,665.0,True,presidenta,closeup,,,0.6270574927330017,0.3693774938583374,0.0016350338701158762,0.00029013180756010115,5.9244172007311136e-05,0.0011347057297825813,0.0004458993789739907,0.0,0.1930823177099228,0.22386248409748077,0.6919472217559814
665.0,666.0,True,presidenta,closeup,,,0.9745246767997742,0.012742158956825733,0.0010867579840123653,0.008243546821177006,0.0014846163103356957,0.0003571118868421763,0.001561126671731472,0.0,0.08433359861373901,0.0934569463133812,0.3484085202217102
666.0,667.0,True,presidenta,closeup,,,0.9677169322967529,0.01626650243997574,0.0047730798833072186,0.007923639379441738,0.0007003521895967424,0.0013231713091954589,0.0012962844921275973,0.0,0.20371587574481964,0.06031593307852745,0.4974275231361389
667.0,668.0,True,presidenta,closeup,,,0.9119839668273926,0.018639173358678818,0.0018335040658712387,0.06465848535299301,0.0010622584959492087,0.0016621857648715377,0.0001604625431355089,0.0,0.1182684600353241,0.06110231578350067,0.624953031539917
668.0,669.0,True,presidenta,closeup,,,0.9124482870101929,0.013992106541991234,0.0026598921976983547,0.06806700676679611,0.00038002763176336884,0.0022231226321309805,0.00022952818835619837,0.0,0.1306876838207245,0.08113517612218857,0.6446226239204407
669.0,670.0,True,presidenta,closeup,,,0.49052193760871887,0.02176050841808319,0.0032608825713396072,0.4822743535041809,0.0011827435810118914,0.000706446822732687,0.0002931275521405041,0.0,0.16516339778900146,0.07157782465219498,0.3326452374458313
670.0,671.0,True,presidenta,closeup,,,0.6228430271148682,0.335990846157074,0.0075598242692649364,0.01922268234193325,0.0004462630022317171,0.004666526801884174,0.009270802140235901,0.0,0.22308433055877686,0.19428926706314087,0.3847588002681732
671.0,672.0,True,presidenta,closeup,,,0.8851573467254639,0.012388601899147034,0.0020123005378991365,0.09803712368011475,0.0009452250087633729,0.000859537161886692,0.000599813589360565,0.0,0.1340693086385727,0.028378577902913094,0.44147929549217224
672.0,673.0,True,presidenta,closeup,,,0.9773927330970764,0.005854825489223003,0.0007235572556965053,0.015342744067311287,0.000553760735783726,5.083656287752092e-05,8.151886140694842e-05,0.0,0.060329288244247437,0.07008527964353561,0.5174492001533508
673.0,674.0,True,presidenta,closeup,,,0.797606348991394,0.15493431687355042,0.0022843556944280863,0.029462842270731926,0.0011185446055606008,0.0005718047032132745,0.014021715149283409,0.0,0.11421657353639603,0.08473276346921921,0.42436307668685913
674.0,675.0,True,presidenta,closeup,,,0.8827105164527893,0.02833816036581993,0.0033657292369753122,0.07891327887773514,0.0010222564451396465,0.0010834524873644114,0.004566610790789127,0.0,0.18877799808979034,0.03895121440291405,0.20923539996147156
675.0,676.0,True,presidenta,closeup,,,0.9654353857040405,0.008987774141132832,0.00470450334250927,0.017702164128422737,0.0006850486970506608,0.0006895632832311094,0.001795568154193461,0.0,0.1755015105009079,0.06539422273635864,0.3606460988521576
676.0,677.0,True,presidenta,closeup,,,0.5448090434074402,0.03154661878943443,0.005693177692592144,0.3876989781856537,0.013756959699094296,0.008127929642796516,0.008367260918021202,0.0,0.2173897922039032,0.03557053580880165,0.4416083097457886
677.0,678.0,True,presidenta,closeup,,,0.10183528065681458,0.3596929907798767,0.0020952012855559587,0.5225602388381958,0.010470176115632057,0.0003740213287528604,0.0029720766469836235,0.0,0.22733132541179657,0.1689022183418274,0.34535038471221924
678.0,679.0,True,presidenta,closeup,,,0.761509895324707,0.0664103627204895,0.0033531412482261658,0.16368606686592102,0.0009745568386279047,0.002194342901930213,0.0018716497579589486,0.0,0.16133563220500946,0.07009830325841904,0.5195680856704712
679.0,680.0,True,presidenta,closeup,,,0.8739165663719177,0.032548561692237854,0.04284326732158661,0.006919817999005318,0.0008221386815421283,0.008893327787518501,0.03405630216002464,0.0,0.09231645613908768,0.06694995611906052,0.5815289616584778
680.0,681.0,True,presidenta,closeup,,,0.8543181419372559,0.06058129668235779,0.01093234121799469,0.05416388437151909,0.001504104700870812,0.0008874014602042735,0.017612764611840248,0.0,0.07951223850250244,0.05364687740802765,0.4872450828552246
681.0,682.0,True,presidenta,closeup,,,0.4025445878505707,0.08521781116724014,0.0023448513820767403,0.5041405558586121,0.0029445078689604998,0.0008950799820013344,0.0019126441329717636,0.0,0.10306406766176224,0.07490606606006622,0.5507594347000122
682.0,683.0,True,presidenta,closeup,,,0.7291701436042786,0.22077807784080505,0.0014528264291584492,0.044844504445791245,0.0004233699291944504,0.0006984348874539137,0.002632708987221122,0.0,0.19603490829467773,0.09331244230270386,0.3551011383533478
683.0,684.0,True,presidenta,closeup,,,0.7855364680290222,0.00941226165741682,0.0022271801717579365,0.2020479142665863,0.0005849364097230136,7.920386997284368e-05,0.00011206282943021506,0.0,0.06766156852245331,0.033364519476890564,0.44278019666671753
684.0,685.0,True,presidenta,closeup,,,0.14963245391845703,0.76343834400177,0.008993957191705704,0.06724955886602402,0.000763252261094749,0.0021550848614424467,0.007767307572066784,0.0,0.13098621368408203,0.11351529508829117,0.5373505353927612
685.0,686.0,True,presidenta,closeup,,,0.8353613615036011,0.12224338203668594,0.0063924640417099,0.02690654993057251,0.00032863530213944614,0.000768728437833488,0.007998867891728878,0.0,0.07476431876420975,0.03009955771267414,0.45100265741348267
686.0,687.0,True,presidenta,closeup,,,0.8117836713790894,0.010041536763310432,0.008787562139332294,0.1672714352607727,0.0009334473870694637,0.0010288241319358349,0.00015352264745160937,0.0,0.34017032384872437,0.022210530936717987,0.5258926749229431
687.0,688.0,True,presidenta,closeup,,,0.8128353357315063,0.10717824101448059,0.007757400628179312,0.06785941869020462,0.0006448377971537411,0.0029520909301936626,0.0007726501789875329,0.0,0.2368650585412979,0.023573245853185654,0.5099359750747681
688.0,689.0,True,presidenta,closeup,,,0.20461596548557281,0.0020436944905668497,0.008883972652256489,0.7738127112388611,0.009824446402490139,0.00047482733498327434,0.0003443627501837909,0.0,0.0789017453789711,0.022908905521035194,0.19588182866573334
689.0,690.0,True,presidenta,closeup,,,0.09062439948320389,0.18378594517707825,0.0037688016891479492,0.7101512551307678,0.002907314570620656,0.004441455472260714,0.0043207379058003426,0.0,0.02840815670788288,0.08435848355293274,0.29612305760383606
690.0,691.0,True,presidenta,closeup,,,0.3550318777561188,0.12294578552246094,0.007969492115080357,0.17207521200180054,0.037164356559515,0.026274308562278748,0.27853894233703613,0.0,0.2228032946586609,0.014855007641017437,0.24241919815540314
691.0,692.0,True,presidenta,closeup,,,0.23854583501815796,0.07070345431566238,0.012737615033984184,0.6524080634117126,0.01109915692359209,0.0027724378742277622,0.011733509600162506,0.0,0.10225970298051834,0.02004343271255493,0.32889798283576965
692.0,693.0,True,presidenta,closeup,,,0.809048056602478,0.05098395794630051,0.005796288140118122,0.12947171926498413,0.0018612185958772898,0.0010497667826712132,0.001788985449820757,0.0,0.05598306283354759,0.0745355412364006,0.6227164268493652
693.0,694.0,True,presidenta,closeup,,,0.9034662246704102,0.04026709124445915,0.007978742942214012,0.004554606508463621,0.004524160176515579,0.006106777116656303,0.03310234844684601,0.0,0.4565557837486267,0.023375004529953003,0.4984729588031769
694.0,695.0,True,presidenta,closeup,,,0.978902280330658,0.014832636341452599,0.0018868150655180216,0.002515950007364154,0.0002832250320352614,0.0006990372785367072,0.0008800853393040597,0.0,0.3535919487476349,0.04580511897802353,0.6724045276641846
695.0,696.0,True,presidenta,closeup,,,0.8503092527389526,0.1316651552915573,0.0028288387693464756,0.00687761977314949,0.0014942437410354614,0.0009823284344747663,0.005842495709657669,0.0,0.31886836886405945,0.06126665696501732,0.5387325286865234
696.0,697.0,True,presidenta,closeup,,,0.42275097966194153,0.10530693829059601,0.0039231074042618275,0.459241658449173,0.00732149463146925,0.0009561313199810684,0.0004997434443794191,0.0,0.23923121392726898,0.0604090690612793,0.30249249935150146
697.0,698.0,True,presidenta,closeup,,,0.8245805501937866,0.1376291662454605,0.002688794396817684,0.030031993985176086,0.00044658989645540714,0.000834213278722018,0.0037887354847043753,0.0,0.29638972878456116,0.03640865534543991,0.4060248136520386
698.0,699.0,True,presidenta,closeup,,,0.8236242532730103,0.00825064443051815,0.0025201563257724047,0.1644219309091568,0.0005713798454962671,0.00038007620605640113,0.00023154777591116726,0.0,0.10191049426794052,0.027498289942741394,0.4190540909767151
699.0,700.0,True,presidenta,closeup,,,0.3437410891056061,0.6487399935722351,0.0006130445399321616,0.004700572695583105,0.00019489417900331318,0.0001199783364427276,0.0018904272001236677,0.0,0.14745795726776123,0.12384022772312164,0.43796253204345703
700.0,701.0,True,presidenta,closeup,,,0.5789170861244202,0.21487317979335785,0.0032188845798373222,0.12845003604888916,0.0055079152807593346,0.006986979395151138,0.06204593554139137,0.0,0.073655866086483,0.03045494668185711,0.3035311996936798
701.0,702.0,True,presidenta,closeup,,,0.6293917894363403,0.08934686332941055,0.0014658407308161259,0.27487319707870483,0.0015344081912189722,0.0027451938949525356,0.0006426625768654048,0.0,0.15054622292518616,0.01720508374273777,0.22005052864551544
702.0,703.0,True,presidenta,closeup,,,0.865180253982544,0.12277751415967941,0.000811631849501282,0.0069120051339268684,0.0006365858716890216,0.0004914043238386512,0.0031905651558190584,0.0,0.147471085190773,0.025269394740462303,0.3105227053165436
703.0,704.0,True,presidenta,closeup,,,0.0339435338973999,0.8907936215400696,0.0027371139731258154,0.05138242617249489,0.01702621765434742,0.0002367414126638323,0.003880341537296772,0.0,0.12716904282569885,0.7907611727714539,0.15891022980213165
704.0,705.0,True,presidenta,closeup,,,0.8803783655166626,0.010153153911232948,0.0038793357089161873,0.10228703916072845,0.0023258007131516933,0.00040111260022968054,0.0005751253920607269,0.0,0.23000463843345642,0.05600612238049507,0.34573617577552795
705.0,706.0,True,presidenta,closeup,,,0.5521764755249023,0.21065960824489594,0.005448806099593639,0.1796523481607437,0.004185437224805355,0.003976475913077593,0.04390085116028786,0.0,0.15026253461837769,0.03185221552848816,0.24220560491085052
706.0,707.0,True,presidenta,closeup,,,0.8859491944313049,0.026754315942525864,0.004567374009639025,0.08076038211584091,0.0008340118220075965,0.00044340459862723947,0.0006913627148605883,0.0,0.15750524401664734,0.027330392971634865,0.37504351139068604
707.0,708.0,True,presidenta,closeup,,,0.9131435751914978,0.04541665315628052,0.011111228726804256,0.028738975524902344,0.0007928033592179418,0.0002694680297281593,0.0005273372516967356,0.0,0.15869735181331635,0.061920229345560074,0.18963861465454102
708.0,709.0,True,presidenta,closeup,,,0.3317669630050659,0.02586871199309826,0.0033392682671546936,0.6310051679611206,0.003497279481962323,0.0030173889826983213,0.0015052258968353271,0.0,0.35804152488708496,0.03945332393050194,0.4333204925060272
709.0,710.0,True,presidenta,closeup,,,0.902230978012085,0.04370861500501633,0.005065308418124914,0.035127196460962296,0.001706840586848557,0.002093361224979162,0.010067748837172985,0.0,0.2828647792339325,0.028280535712838173,0.29999443888664246
710.0,711.0,True,presidenta,closeup,,,0.8984549641609192,0.011986124329268932,0.00038021683576516807,0.08836088329553604,0.0004728505155071616,0.0002825115225277841,6.247611599974334e-05,0.0,0.2465420812368393,0.019703727215528488,0.6117412447929382
711.0,712.0,True,presidenta,closeup,,,0.9148083925247192,0.07964752614498138,0.0018948237411677837,0.002680823439732194,0.00016812393732834607,0.0004007978714071214,0.0003995055449195206,0.0,0.10318409651517868,0.05631771311163902,0.6878182291984558
712.0,713.0,True,presidenta,closeup,,,0.9760668277740479,0.015283484011888504,0.0060173398815095425,0.001109060482122004,6.72024762025103e-05,0.0008980554412119091,0.0005580004653893411,0.0,0.6536417603492737,0.4278838336467743,0.7937377095222473
713.0,714.0,True,presidenta,closeup,,,0.8047599792480469,0.0008226348436437547,0.0028532969299703836,0.18915657699108124,7.475178426830098e-05,0.002200198359787464,0.00013257040700409561,0.0,0.23911577463150024,0.2076437920331955,0.5483350157737732
714.0,715.0,True,presidenta,closeup,,,0.24333630502223969,0.0012103997869417071,0.008005280047655106,0.7227210998535156,0.02410748042166233,0.0004549148434307426,0.0001645274751354009,0.0,0.12217926979064941,0.04247380793094635,0.2462765872478485
715.0,716.0,True,presidenta,closeup,,,0.5098287463188171,0.07335890829563141,0.010167772881686687,0.32500752806663513,0.020385239273309708,0.059498514980077744,0.001753276097588241,0.0,0.04307035729289055,0.07686203718185425,0.5023054480552673
716.0,717.0,True,presidenta,closeup,,,0.858927845954895,0.13199564814567566,0.000959987286478281,0.005472077988088131,0.00013392491382546723,0.0005140872090123594,0.0019963968079537153,0.0,0.08527986705303192,0.045206185430288315,0.49033063650131226
717.0,718.0,True,presidenta,closeup,,,0.5341612100601196,0.46069076657295227,0.001837651594541967,0.001127901952713728,6.687943823635578e-05,0.0008604201138950884,0.0012551232939586043,0.0,0.08004862070083618,0.7995080351829529,0.7337797284126282
718.0,719.0,True,presidenta,closeup,,,0.9479294419288635,0.009308344684541225,0.02600361965596676,0.0025280138943344355,0.0006697474746033549,0.005937907844781876,0.007622862234711647,0.0,0.44327017664909363,0.20439942181110382,0.6057653427124023
719.0,720.0,True,presidenta,closeup,,,0.9408577680587769,0.004860638175159693,0.008733430877327919,0.04300784692168236,0.0006372743519023061,0.0016813030233606696,0.00022171273303683847,0.0,0.11265022307634354,0.03776536509394646,0.613752543926239
720.0,721.0,True,presidenta,closeup,,,0.9791834950447083,0.008284714072942734,0.011172483675181866,0.00018552153778728098,0.00011021282989531755,0.00028796217520721257,0.0007756615523248911,0.0,0.11516762524843216,0.21297819912433624,0.6434028744697571
721.0,722.0,True,presidenta,closeup,,,0.8425806164741516,0.0017755962908267975,0.004183557350188494,0.14953197538852692,0.0002739080518949777,0.0016257460229098797,2.8559650672832504e-05,0.0,0.4213135838508606,0.08691725879907608,0.31517088413238525
722.0,723.0,True,presidenta,closeup,,,0.8682266473770142,0.06572961807250977,0.018102269619703293,0.027410579845309258,0.0015237015904858708,0.0101042864844203,0.00890290830284357,0.0,0.3016117513179779,0.2282996028661728,0.41574037075042725
723.0,724.0,True,presidenta,closeup,,,0.8329342007637024,0.14854075014591217,0.0032295791897922754,0.008101306855678558,6.342009146464989e-05,0.0003401063440833241,0.006790583487600088,0.0,0.23952633142471313,0.13898839056491852,0.40712785720825195
724.0,725.0,True,presidenta,closeup,,,0.92925626039505,0.051730457693338394,0.006535275373607874,0.01071875635534525,0.0002837983483914286,0.00038849981501698494,0.0010869541438296437,0.0,0.09289630502462387,0.1275995671749115,0.6259239912033081
725.0,726.0,True,presidenta,closeup,,,0.7960758805274963,0.11647520214319229,0.004003401845693588,0.07327527552843094,0.006581473164260387,0.0008768319967202842,0.002711938926950097,0.0,0.09556078165769577,0.2118818759918213,0.3901246190071106
726.0,727.0,True,presidenta,closeup,,,0.6226412057876587,0.3563801348209381,0.0007964669493958354,0.01340457797050476,0.0002473212662152946,0.0006018567946739495,0.00592844421043992,0.0,0.15826793015003204,0.10428574681282043,0.49347761273384094
727.0,728.0,True,presidenta,closeup,,,0.8833293914794922,0.11184882372617722,0.0018183536594733596,0.0004280678986106068,0.00029340205946937203,0.0007401168695650995,0.0015418999828398228,0.0,0.07694728672504425,0.09920621663331985,0.5929006934165955
728.0,729.0,True,presidenta,closeup,,,0.32110148668289185,0.033651191741228104,0.0023007469717413187,0.6413258910179138,0.0003538773162290454,0.0011814915342256427,8.532434003427625e-05,0.0,0.1876574605703354,0.05137291178107262,0.42965587973594666
729.0,730.0,True,presidenta,closeup,,,0.9792802929878235,0.00042852983460761607,0.000748787191696465,0.01895952597260475,3.4152178614021977e-06,0.0005647249636240304,1.4704991372127552e-05,0.0,0.5495045781135559,0.09805878251791,0.6578884720802307
730.0,731.0,True,presidenta,closeup,,,0.7913811206817627,0.02820420451462269,0.004538869019597769,0.1726156622171402,0.0005234424606896937,0.0018899856368079782,0.0008467359584756196,0.0,0.06476133316755295,0.0329330712556839,0.46830040216445923
731.0,732.0,True,presidenta,closeup,,,0.9400919675827026,0.038959622383117676,0.008739993907511234,0.008472365327179432,0.0020901812240481377,0.00015129984240047634,0.0014945096336305141,0.0,0.13970284163951874,0.13292481005191803,0.45404329895973206
732.0,733.0,True,presidenta,closeup,,,0.8379561305046082,0.002500248374417424,0.01707569882273674,0.10076279938220978,0.03943166881799698,0.0006208283011801541,0.001652625622227788,0.0,0.33671876788139343,0.023088542744517326,0.26158133149147034
733.0,734.0,True,presidenta,closeup,,,0.9641337990760803,0.003986811265349388,0.016134941950440407,0.004003861919045448,0.0004732356464955956,0.002490718849003315,0.008776691742241383,0.0,0.34640926122665405,0.07132601737976074,0.4752737283706665
734.0,735.0,True,presidenta,closeup,,,0.6981117129325867,0.01272611878812313,0.006093339528888464,0.28084394335746765,0.0007461655186489224,0.0009801638079807162,0.000498572364449501,0.0,0.1252235323190689,0.05046031251549721,0.43887364864349365
735.0,736.0,True,presidenta,closeup,,,0.6501165628433228,0.21156246960163116,0.0038665400352329016,0.07086186856031418,0.0031585798133164644,0.0019299449631944299,0.058504004031419754,0.0,0.07035090774297714,0.06502780318260193,0.5743808150291443
736.0,737.0,True,presidenta,closeup,,,0.9678419232368469,0.0016391900135204196,0.012085569091141224,0.01769227348268032,0.00030720600625500083,0.0002575622347649187,0.00017626205226406455,0.0,0.158904567360878,0.0552273690700531,0.439170777797699
737.0,738.0,True,presidenta,closeup,,,0.46571531891822815,0.011579328216612339,0.001887186081148684,0.5131922364234924,0.006770523730665445,0.0007043849909678102,0.0001510999136371538,0.0,0.03143932297825813,0.06003204360604286,0.342868834733963
738.0,739.0,True,presidenta,closeup,,,0.7024685144424438,0.1540204882621765,0.0030861941631883383,0.09111326932907104,0.007507849484682083,0.0015409619081765413,0.04026270657777786,0.0,0.12889772653579712,0.19553939998149872,0.37305960059165955
739.0,740.0,True,presidenta,closeup,,,0.9821449518203735,0.0008043298148550093,0.0017899839440360665,0.01510753482580185,0.00011236884893151,3.102959817624651e-05,9.817192221817095e-06,0.0,0.07961006462574005,0.08850246667861938,0.5629631280899048
740.0,741.0,True,presidenta,closeup,,,0.754535436630249,0.07480008900165558,0.0020150025375187397,0.14028804004192352,0.0020807606633752584,0.007531230803579092,0.018749479204416275,0.0,0.08489016443490982,0.11123991012573242,0.3938008248806
741.0,742.0,True,presidenta,closeup,,,0.8539468050003052,0.0987793579697609,0.0009512306423857808,0.013635597191751003,0.0007683809380978346,0.0023952338378876448,0.029523398727178574,0.0,0.14156194031238556,0.04893815889954567,0.39192938804626465
742.0,743.0,True,presidenta,closeup,,,0.9851220846176147,0.007660261355340481,0.0007997109205462039,0.005368685349822044,0.0007390339160338044,0.00017305082292295992,0.0001371847465634346,0.0,0.19654841721057892,0.056152407079935074,0.5151708126068115
743.0,744.0,True,presidenta,closeup,,,0.5591712594032288,0.023117132484912872,0.0020402513910084963,0.41072484850883484,0.0037176276091486216,0.0011559979757294059,7.292897498700768e-05,0.0,0.11728028208017349,0.06078691408038139,0.5885317325592041
744.0,745.0,True,presidenta,closeup,,,0.8269845843315125,0.0566590316593647,0.0028051985427737236,0.10066194087266922,0.009599686600267887,0.00047380992327816784,0.0028157480992376804,0.0,0.15876498818397522,0.10446255654096603,0.41017818450927734
745.0,746.0,True,presidenta,closeup,,,0.6703394651412964,0.10043037682771683,0.004611250013113022,0.14011013507843018,0.0026229796931147575,0.0025653138291090727,0.0793204978108406,0.0,0.2520368993282318,0.05562053993344307,0.41762271523475647
746.0,747.0,True,presidenta,closeup,,,0.9888650178909302,0.004823442082852125,0.003184463130310178,0.0027697125915437937,4.304358299123123e-05,0.00014080268738325685,0.0001735887781251222,0.0,0.5746920704841614,0.04758265241980553,0.3532397150993347
747.0,748.0,True,presidenta,closeup,,,0.9335014224052429,0.019274713471531868,0.0037691800389438868,0.0377408042550087,0.0014094487996771932,0.0007449320983141661,0.0035595314111560583,0.0,0.27782413363456726,0.030438141897320747,0.39355185627937317
748.0,749.0,True,presidenta,closeup,,,0.9890539646148682,0.004534735810011625,0.00394614739343524,0.001645154901780188,8.488629100611433e-05,0.00015206295938696712,0.0005830597947351635,0.0,0.3448711335659027,0.03706568852066994,0.29818472266197205
749.0,750.0,True,presidenta,closeup,,,0.9703249931335449,0.0027884298469871283,0.012768127955496311,0.01234873291105032,0.0014010126469656825,0.00020132691133767366,0.00016741472063586116,0.0,0.18532174825668335,0.041302528232336044,0.5831464529037476
750.0,751.0,True,presidenta,closeup,,,0.6947493553161621,0.011727903969585896,0.03712861239910126,0.2302451729774475,0.021061329171061516,0.0031904291827231646,0.0018972045509144664,0.0,0.2289009988307953,0.0929458886384964,0.4173048138618469
751.0,752.0,True,presidenta,closeup,,,0.761900007724762,0.02090940810739994,0.025185896083712578,0.15210020542144775,0.0066565158776938915,0.0015583217609673738,0.03168965503573418,0.0,0.5624381899833679,0.08025392889976501,0.342804878950119
752.0,753.0,True,presidenta,closeup,,,0.13652288913726807,0.0004521051305346191,0.0018189609982073307,0.8593655824661255,0.0017508799210190773,7.926364924060181e-05,1.0330432814953383e-05,0.0,0.20755644142627716,0.03855438530445099,0.5390861630439758
753.0,754.0,True,presidenta,closeup,,,0.26748403906822205,0.03497379645705223,0.001944875344634056,0.6868025660514832,0.002308292081579566,0.004809464793652296,0.0016770382644608617,0.0,0.11646819859743118,0.06864725798368454,0.4257675111293793
754.0,755.0,True,presidenta,closeup,,,0.8966768980026245,0.08934146910905838,0.0019934182055294514,0.00894082710146904,0.0004480588831938803,0.0009822428692132235,0.0016171112656593323,0.0,0.08463891595602036,0.12997950613498688,0.5840815901756287
755.0,756.0,True,presidenta,closeup,,,0.71165531873703,0.27283793687820435,0.0015746605349704623,0.00774947926402092,0.00028588579152710736,0.0006865707109682262,0.005210137460380793,0.0,0.20973429083824158,0.08759055286645889,0.4920405149459839
756.0,757.0,True,presidenta,closeup,,,0.5281789898872375,0.3098483681678772,0.0036658269818872213,0.03727828338742256,0.0015220942441374063,0.0026037467177957296,0.11690278351306915,0.0,0.08009728789329529,0.062336552888154984,0.42054349184036255
757.0,758.0,True,presidenta,closeup,,,0.6902523636817932,0.08976885676383972,0.013417770154774189,0.18024760484695435,0.014922825619578362,0.003742943285033107,0.007647610269486904,0.0,0.1264895349740982,0.21734347939491272,0.43611738085746765
758.0,759.0,True,presidenta,closeup,,,0.8031604290008545,0.020398888736963272,0.07862215489149094,0.02631416730582714,0.017483141273260117,0.004029718227684498,0.04999151453375816,0.0,0.16730007529258728,0.061538223177194595,0.4669325649738312
759.0,760.0,True,presidenta,closeup,,,0.9000231027603149,0.09277410805225372,0.0019118769560009241,0.0010726985055953264,9.830715134739876e-05,0.0004335248959250748,0.0036863181740045547,0.0,0.06745947897434235,0.36506587266921997,0.6390929818153381
760.0,761.0,True,presidenta,closeup,,,0.8734930753707886,0.1203429251909256,0.002726537175476551,0.0009489895310252905,9.349288302473724e-05,0.000638234312646091,0.0017568216426298022,0.0,0.07972926646471024,0.1499112993478775,0.5017364621162415
761.0,762.0,True,presidenta,closeup,,,0.9591731429100037,0.013504017144441605,0.0016259386902675033,0.02493261732161045,0.0003036523412447423,0.0004237111716065556,3.694567931233905e-05,0.0,0.07133594900369644,0.053209904581308365,0.44374337792396545
762.0,763.0,True,presidenta,closeup,,,0.9183378219604492,0.04779760539531708,0.011676049791276455,0.01822257600724697,0.0002938377729151398,0.0006211840664036572,0.0030509571079164743,0.0,0.34927883744239807,0.3351566791534424,0.7297543287277222
763.0,764.0,True,presidenta,closeup,,,0.761023998260498,0.008498406037688255,0.05166212096810341,0.00158135243691504,0.0004410733818076551,0.002774751279503107,0.17401821911334991,0.0,0.281582772731781,0.056946855038404465,0.36084112524986267
764.0,765.0,True,presidenta,closeup,,,0.8798012733459473,0.008402595296502113,0.004398775286972523,0.10139351338148117,0.0018280453514307737,0.003759304992854595,0.00041652328218333423,0.0,0.15659429132938385,0.05542568862438202,0.26372039318084717
765.0,766.0,True,presidenta,closeup,,,0.9878151416778564,0.0035233187954872847,0.0019626107532531023,0.006068446673452854,0.00013488343392964453,0.000394045258872211,0.00010156746429856867,0.0,0.20945367217063904,0.035723842680454254,0.7533673048019409
766.0,767.0,True,presidenta,closeup,,,0.2576802968978882,0.28487151861190796,0.004861066117882729,0.3713109493255615,0.005813336931169033,0.0035024334210902452,0.0719604641199112,0.0,0.05800331383943558,0.13424253463745117,0.43972429633140564
767.0,768.0,True,presidenta,closeup,,,0.09709393978118896,0.2199021428823471,0.0034176232293248177,0.6748553514480591,0.0023077628575265408,0.0005465762224048376,0.0018765799468383193,0.0,0.4530855119228363,0.16212981939315796,0.32440343499183655
768.0,769.0,True,presidenta,closeup,,,0.6846722960472107,0.009354504756629467,0.0036964667961001396,0.2889793813228607,0.011868622153997421,0.0006114569259807467,0.0008172901580110192,0.0,0.2930719554424286,0.04020818695425987,0.2611830234527588
769.0,770.0,True,presidenta,closeup,,,0.926972508430481,0.0034805305767804384,0.006781816948205233,0.06059029698371887,0.001478642108850181,0.0005579472053796053,0.00013823799963574857,0.0,0.17968124151229858,0.04568951949477196,0.3842431902885437
770.0,771.0,True,presidenta,closeup,,,0.8819027543067932,0.04664483293890953,0.0051780021749436855,0.06405675411224365,0.001795915886759758,0.0002810852893162519,0.00014069116150494665,0.0,0.09005867689847946,0.09068964421749115,0.32384395599365234
771.0,772.0,True,presidenta,closeup,,,0.9207320213317871,0.012782013043761253,0.003698185319080949,0.061102572828531265,0.0006745562423020601,0.00048784440150484443,0.0005228493828326464,0.0,0.0638815239071846,0.08609743416309357,0.4246121048927307
772.0,773.0,True,presidenta,closeup,,,0.7815989851951599,0.10423468798398972,0.006821945309638977,0.10136707127094269,0.0048755500465631485,0.0003250193258281797,0.0007767044007778168,0.0,0.05536183714866638,0.10818342864513397,0.27558550238609314
773.0,774.0,True,presidenta,closeup,,,0.9168999195098877,0.03455619141459465,0.01436606701463461,0.028810210525989532,0.0015670263674110174,0.00011087486200267449,0.0036897221580147743,0.0,0.1508363038301468,0.08658778667449951,0.38814887404441833
774.0,775.0,True,presidenta,closeup,,,0.26404300332069397,0.4738295376300812,0.003457333194091916,0.2296028435230255,0.0058679645881056786,0.0017351725837215781,0.021464133635163307,0.0,0.07534869015216827,0.06112366542220116,0.4378734529018402
775.0,776.0,True,presidenta,closeup,,,0.7914111614227295,0.004115618299692869,0.04371532425284386,0.12273254245519638,0.03598186373710632,0.001090296427719295,0.0009531379910185933,0.0,0.07529671490192413,0.019894251599907875,0.1675133854150772
776.0,777.0,True,presidenta,closeup,,,0.2506699860095978,0.017923709005117416,0.020595179870724678,0.6784769296646118,0.01882924884557724,0.004914022050797939,0.008590880781412125,0.0,0.07221753150224686,0.031779032200574875,0.4529115855693817
777.0,778.0,True,presidenta,closeup,,,0.7276793122291565,0.17941008508205414,0.004117114469408989,0.08503156155347824,0.0012257772032171488,0.00013951568689662963,0.002396597759798169,0.0,0.19216307997703552,0.08468972146511078,0.37750571966171265
778.0,779.0,True,presidenta,closeup,,,0.6895105838775635,0.1586839109659195,0.023235777392983437,0.08747799694538116,0.006682815495878458,0.003635586705058813,0.030773326754570007,0.0,0.08515731245279312,0.05357532203197479,0.3692221939563751
779.0,780.0,True,presidenta,closeup,,,0.5136327743530273,0.3057972192764282,0.026273339986801147,0.025545671582221985,0.006230822764337063,0.0014709664974361658,0.12104915082454681,0.0,0.3698037564754486,0.22398990392684937,0.4634353518486023
780.0,781.0,True,presidenta,closeup,,,0.9683073163032532,0.005484672728925943,0.0019931294955313206,0.022050080820918083,0.00054443214321509,0.000631344853900373,0.000988969812169671,0.0,0.09549199044704437,0.0768604651093483,0.5334007740020752
781.0,782.0,True,presidenta,closeup,,,0.562169075012207,0.006335579324513674,0.002949123503640294,0.42135608196258545,0.0013010026887059212,0.005504199303686619,0.00038490621955133975,0.0,0.15465311706066132,0.04851003363728523,0.3400493562221527
782.0,783.0,True,presidenta,closeup,,,0.789668083190918,0.019103266298770905,0.012622282840311527,0.1738702654838562,0.003264715662226081,0.00046797413961030543,0.0010034142760559916,0.0,0.25033849477767944,0.05972389504313469,0.6524655818939209
783.0,784.0,True,presidenta,closeup,,,0.9653589129447937,0.025644533336162567,0.003363298252224922,0.004916679114103317,0.00010582007234916091,0.00043420272413641214,0.0001765870110830292,0.0,0.099542036652565,0.034173447638750076,0.6813510656356812
784.0,785.0,True,presidenta,closeup,,,0.6180779337882996,0.0100242979824543,0.004956364631652832,0.36095747351646423,0.0006153925787657499,0.005196623504161835,0.00017196244152728468,0.0,0.1194985881447792,0.017097486183047295,0.4113585948944092
785.0,786.0,True,presidenta,closeup,,,0.9275606274604797,0.008186968974769115,0.0037508620880544186,0.039287205785512924,0.00895069818943739,0.0010830808896571398,0.011180542409420013,0.0,0.3108026385307312,0.03686217963695526,0.44566577672958374
786.0,787.0,True,presidenta,closeup,,,0.521075963973999,0.03752321004867554,0.004493540618568659,0.4183417856693268,0.008181074634194374,0.0050771175883710384,0.005307315848767757,0.0,0.22215357422828674,0.016404155641794205,0.4878881275653839
787.0,788.0,True,presidenta,closeup,,,0.11810123920440674,0.27103492617607117,0.007387852296233177,0.5143710374832153,0.02745191566646099,0.001363856252282858,0.060289282351732254,0.0,0.09670623391866684,0.08828764408826828,0.46489179134368896
788.0,789.0,True,presidenta,closeup,,,0.15347225964069366,0.0808447077870369,0.004410280846059322,0.0391915962100029,0.09939464181661606,0.003999863285571337,0.6186867356300354,0.0,0.1447199583053589,0.08417870849370956,0.4056810140609741
789.0,790.0,True,presidenta,closeup,,,0.5486682057380676,0.34479039907455444,0.014675176702439785,0.006146685220301151,0.0027313674800097942,0.0007020748453214765,0.08228610455989838,0.0,0.15706484019756317,0.2494068294763565,0.4225296676158905
790.0,791.0,True,presidenta,closeup,,,0.49327215552330017,0.40795060992240906,0.0038562898989766836,0.012213452719151974,0.0011566773755475879,0.003577443538233638,0.07797326147556305,0.0,0.394513338804245,0.1107046976685524,0.7335127592086792
791.0,792.0,True,presidenta,closeup,,,0.9878242015838623,0.004128078930079937,0.0006487969658337533,0.0068640620447695255,0.0003183262888342142,0.00018193417054135352,3.466183625278063e-05,0.0,0.6465638279914856,0.0246652290225029,0.7143533825874329
792.0,793.0,True,presidenta,closeup,,,0.24508081376552582,0.03293989971280098,0.005213525611907244,0.7093522548675537,0.0009580351761542261,0.006043058820068836,0.0004124267434235662,0.0,0.27263882756233215,0.020592037588357925,0.696505606174469
793.0,794.0,True,presidenta,closeup,,,0.8229105472564697,0.09308940172195435,0.0009240260696969926,0.0794646218419075,0.0008344019879586995,0.0016508889384567738,0.0011260866886004806,0.0,0.14071474969387054,0.05738518759608269,0.5648539662361145
794.0,795.0,True,presidenta,closeup,,,0.5467579364776611,0.39690718054771423,0.0019469138933345675,0.05116942152380943,0.0016027764650061727,0.0003612675645854324,0.0012544897617772222,0.0,0.151229128241539,0.090420201420784,0.6020889282226562
795.0,796.0,True,presidenta,closeup,,,0.23283705115318298,0.043805576860904694,0.0021503001917153597,0.7194111943244934,0.0009782371344044805,0.0004114565090276301,0.0004061621439177543,0.0,0.16889245808124542,0.08778421580791473,0.4556293189525604
796.0,797.0,True,presidenta,closeup,,,0.8949058651924133,0.06522923707962036,0.009151569567620754,0.0215769000351429,0.0007203038549050689,0.0023614102974534035,0.0060546319000422955,0.0,0.3648393452167511,0.0970865935087204,0.25259464979171753
797.0,798.0,True,presidenta,closeup,,,0.9414166808128357,0.022757843136787415,0.007059675641357899,0.021858980879187584,0.00011994816304650158,0.0010292226215824485,0.005757701583206654,0.0,0.10248669236898422,0.052902624011039734,0.452961802482605
798.0,799.0,True,presidenta,closeup,,,0.386691689491272,0.11652522534132004,0.012427633628249168,0.43604570627212524,0.04581170529127121,0.0007444681250490248,0.0017535533988848329,0.0,0.18642789125442505,0.0871502012014389,0.3721095323562622
799.0,800.0,True,presidenta,closeup,,,0.01734243333339691,0.0015408117324113846,0.00010814214329002425,0.9805888533592224,0.0003308816521894187,7.596597424708307e-05,1.2872170373157132e-05,0.0,0.07950033992528915,0.142800435423851,0.1363222748041153
800.0,801.0,True,presidenta,closeup,,,0.5972998142242432,0.33781659603118896,0.016686147078871727,0.03688815236091614,0.00847845058888197,0.00024079745344351977,0.002589993178844452,0.0,0.032495323568582535,0.6848573684692383,0.24702155590057373
801.0,802.0,True,presidenta,closeup,,,0.024106210097670555,0.8555237650871277,0.00036595668643713,0.11089477688074112,0.0016364854527637362,0.00018670572899281979,0.007286091800779104,0.0,0.11505299806594849,0.8938198089599609,0.34970006346702576
802.0,803.0,True,presidenta,closeup,,,0.9306349754333496,0.04996532201766968,0.003118869150057435,0.00642732996493578,0.0005236361757852137,0.00045215789577923715,0.008877635933458805,0.0,0.08132284134626389,0.2878625690937042,0.38913795351982117
803.0,804.0,True,presidenta,closeup,,,0.9599449038505554,0.03441966697573662,0.0021262564696371555,0.0022546520922333,0.00012894919200334698,0.0002623938780743629,0.0008631803211756051,0.0,0.14437514543533325,0.2807774245738983,0.5445093512535095
804.0,805.0,True,presidenta,closeup,,,0.17501267790794373,0.004707517102360725,0.0032113848719745874,0.8042445182800293,0.012716952711343765,9.199706255458295e-05,1.4942120287742e-05,0.0,0.16934747993946075,0.08968468010425568,0.1398211270570755
805.0,806.0,True,presidenta,closeup,,,0.9891344308853149,0.0021694214083254337,0.0011925994185730815,0.007340870797634125,0.00010001670307246968,4.602078115567565e-05,1.6566864360356703e-05,0.0,0.16246271133422852,0.07693545520305634,0.4709072411060333
806.0,807.0,True,presidenta,closeup,,,0.6280145049095154,0.11624495685100555,0.007933847606182098,0.05543281510472298,0.016478335484862328,0.003632877254858613,0.17226269841194153,0.0,0.21965645253658295,0.07711344212293625,0.3306224048137665
807.0,808.0,True,presidenta,closeup,,,0.7138630747795105,0.27422550320625305,0.0025258944369852543,0.0065882569178938866,0.000240588269662112,0.00043688080040737987,0.0021198245231062174,0.0,0.28065720200538635,0.38969045877456665,0.6089751124382019
808.0,809.0,True,presidenta,closeup,,,0.9119563698768616,0.0063222795724868774,0.014398522675037384,0.02753198705613613,0.038282930850982666,0.0009525322238914669,0.0005554063827730715,0.0,0.095761239528656,0.030846139416098595,0.2331875115633011
809.0,810.0,True,presidenta,closeup,,,0.7314144372940063,0.16768494248390198,0.009648424573242664,0.006112548056989908,0.010668299160897732,0.006230240222066641,0.06824109703302383,0.0,0.09642692655324936,0.018403133377432823,0.6230692267417908
810.0,811.0,True,presidenta,closeup,,,0.753429114818573,0.10608408600091934,0.011295240372419357,0.017876259982585907,0.0041855257004499435,0.001256976742297411,0.10587280988693237,0.0,0.0800979733467102,0.0586688332259655,0.5417326092720032
811.0,812.0,True,presidenta,closeup,,,0.9107015132904053,0.050496142357587814,0.004865309689193964,0.0029221358709037304,0.0011035989737138152,0.005662293639034033,0.02424900233745575,0.0,0.25916776061058044,0.02205878682434559,0.5313294529914856
812.0,813.0,True,presidenta,closeup,,,0.9523760080337524,0.03436090052127838,0.0020771909039467573,0.006075193174183369,0.0006790597690269351,0.0013730957871302962,0.003058512695133686,0.0,0.2217509150505066,0.06045916676521301,0.6420970559120178
813.0,814.0,True,presidenta,closeup,,,0.8326860070228577,0.13175354897975922,0.009495163336396217,0.0034033511765301228,0.0008392980671487749,0.0020684648770838976,0.019754119217395782,0.0,0.3848673105239868,0.5774704217910767,0.521327018737793
814.0,815.0,True,presidenta,closeup,,,0.8933387398719788,0.10019678622484207,0.001133661950007081,0.002560514025390148,0.00017381539510097355,0.00013835243589710444,0.0024580792523920536,0.0,0.056912653148174286,0.14202439785003662,0.37653741240501404
815.0,816.0,True,presidenta,closeup,,,0.7988742589950562,0.016135532408952713,0.0072740125469863415,0.15851978957653046,0.008434326387941837,0.002692683832719922,0.008069416508078575,0.0,0.11014427989721298,0.042995814234018326,0.2629408836364746
816.0,817.0,True,presidenta,closeup,,,0.9572008848190308,0.03157107159495354,0.0018023733282461762,0.008527984842658043,0.0004992872127331793,0.00015779434761498123,0.00024056473921518773,0.0,0.2960985600948334,0.09093908220529556,0.44571056962013245
817.0,818.0,True,presidenta,closeup,,,0.8216503262519836,0.03852911293506622,0.007404905278235674,0.09976222366094589,0.025749508291482925,0.0026580968406051397,0.004245775751769543,0.0,0.25152355432510376,0.09633267670869827,0.4142460227012634
818.0,819.0,True,presidenta,closeup,,,0.41111332178115845,0.044241778552532196,0.004118537995964289,0.5189523100852966,0.00596196111291647,0.006486743222922087,0.009125301614403725,0.0,0.2170674204826355,0.04570693150162697,0.3659687340259552
819.0,820.0,True,presidenta,closeup,,,0.8839468359947205,0.04562254250049591,0.004446546081453562,0.06312237679958344,0.0019375383853912354,0.0006085729110054672,0.00031550059793516994,0.0,0.12518654763698578,0.09589042514562607,0.576180636882782
820.0,821.0,True,presidenta,closeup,,,0.6460127234458923,0.33729326725006104,0.002741903532296419,0.011688193306326866,0.000126028957311064,0.0011185979237779975,0.0010192460613325238,0.0,0.1321563422679901,0.026387209072709084,0.45545318722724915
821.0,822.0,True,presidenta,closeup,,,0.9267942905426025,0.04506123438477516,0.0013944396050646901,0.02607116661965847,0.00021068938076496124,0.00014268823724705726,0.0003254723851568997,0.0,0.10735777765512466,0.06313365697860718,0.49620726704597473
822.0,823.0,True,presidenta,closeup,,,0.7835450172424316,0.02839922346174717,0.006224168464541435,0.14575603604316711,0.00943308137357235,0.01551336981356144,0.011129136197268963,0.0,0.21512936055660248,0.043082501739263535,0.21583424508571625
823.0,824.0,True,presidenta,closeup,,,0.27635887265205383,0.25563862919807434,0.005144590977579355,0.44725167751312256,0.0019895867444574833,0.004144047386944294,0.00947255827486515,0.0,0.16101385653018951,0.08253054320812225,0.18743591010570526
824.0,825.0,True,presidenta,closeup,,,0.9104238748550415,0.03181151673197746,0.002982130041345954,0.053845781832933426,0.00040892817196436226,0.00031140216742642224,0.00021640975319314748,0.0,0.08533485978841782,0.10167192667722702,0.48621606826782227
825.0,826.0,True,presidenta,closeup,,,0.7294923663139343,0.12845289707183838,0.0024572783149778843,0.1335114985704422,0.0012579926988109946,0.0002878113300539553,0.004540142137557268,0.0,0.12489057332277298,0.0859265923500061,0.3758743703365326
826.0,827.0,True,presidenta,closeup,,,0.1425313949584961,0.017496664077043533,0.0039033445063978434,0.772102415561676,0.06291621923446655,0.0008039094391278923,0.00024601654149591923,0.0,0.11967416852712631,0.2404787838459015,0.5642430782318115
827.0,828.0,True,presidenta,closeup,,,0.8590455055236816,0.048118360340595245,0.004498269874602556,0.08180341124534607,0.001971227116882801,0.0015334213385358453,0.0030297618359327316,0.0,0.15394988656044006,0.06869903951883316,0.22082562744617462
828.0,829.0,True,presidenta,closeup,,,0.8859354853630066,0.0025432242546230555,0.007262661121785641,0.10183742642402649,0.001955643529072404,0.00043389108031988144,3.15749020955991e-05,0.0,0.08720152080059052,0.04026137292385101,0.5139925479888916
829.0,830.0,True,presidenta,closeup,,,0.7699794173240662,0.028589867055416107,0.012930624186992645,0.17198891937732697,0.0019370528170838952,0.013400291092693806,0.0011737721506506205,0.0,0.26934814453125,0.053523290902376175,0.32354089617729187
830.0,831.0,True,presidenta,closeup,,,0.9132256507873535,0.023655686527490616,0.005442919675260782,0.05346075817942619,0.0025413152761757374,0.0008306049276143312,0.0008430259767919779,0.0,0.1718435138463974,0.08588113635778427,0.5146169662475586
831.0,832.0,True,presidenta,closeup,,,0.23516413569450378,0.7490196824073792,0.001671951962634921,0.00551232136785984,6.50888541713357e-05,0.00017356152238789946,0.008393211290240288,0.0,0.21247801184654236,0.609819233417511,0.4075099527835846
832.0,833.0,True,presidenta,closeup,,,0.975671648979187,0.008303606882691383,0.007917322218418121,0.007030092645436525,0.0005934810033068061,0.000378431606804952,0.0001053893574862741,0.0,0.06196875870227814,0.035629719495773315,0.45583611726760864
833.0,834.0,True,presidenta,closeup,,,0.7720960974693298,0.04546257108449936,0.005596454720944166,0.14779315888881683,0.003613273613154888,0.0004043621302116662,0.025034038349986076,0.0,0.0726502314209938,0.03230828791856766,0.48059749603271484
834.0,835.0,True,presidenta,closeup,,,0.80427086353302,0.054468899965286255,0.0114745507016778,0.09759800136089325,0.0065048993565142155,0.011906876228749752,0.013775930739939213,0.0,0.06956379115581512,0.026319054886698723,0.33837127685546875
835.0,836.0,True,presidenta,closeup,,,0.5305225849151611,0.017507683485746384,0.011216853745281696,0.422671377658844,0.014209006913006306,0.002624675864353776,0.0012478354619815946,0.0,0.17990198731422424,0.022849075496196747,0.2653041481971741
836.0,837.0,True,presidenta,closeup,,,0.9491297602653503,0.01703866943717003,0.004103099461644888,0.009709897451102734,0.002154592191800475,0.002219674177467823,0.01564432494342327,0.0,0.1495649218559265,0.13736137747764587,0.3723367154598236
837.0,838.0,True,presidenta,closeup,,,0.9271698594093323,0.04806358739733696,0.0024659521877765656,0.017470667138695717,0.0011136684333905578,0.0015693901805207133,0.002146853832527995,0.0,0.1290379762649536,0.08744025230407715,0.43675872683525085
838.0,839.0,True,presidenta,closeup,,,0.9860841631889343,0.0013485872186720371,0.00222382927313447,0.0096609340980649,0.0002237560402136296,0.0003419763525016606,0.00011676916619762778,0.0,0.274058997631073,0.060499150305986404,0.31746551394462585
839.0,840.0,True,presidenta,closeup,,,0.37458500266075134,0.002326750662177801,0.007769008632749319,0.6128117442131042,0.0009378867107443511,0.001390030956827104,0.0001795160205801949,0.0,0.20656593143939972,0.034431833773851395,0.4648582935333252
840.0,841.0,True,presidenta,closeup,,,0.26980677247047424,0.008923504501581192,0.0011519362451508641,0.7117716073989868,0.003723864909261465,0.004505161661654711,0.0001171338080894202,0.0,0.07892651110887527,0.03297547623515129,0.20919764041900635
841.0,842.0,True,presidenta,closeup,,,0.8781917691230774,0.06821104884147644,0.001953446539118886,0.050130732357501984,0.0003138360916636884,0.0006401871214620769,0.0005590274231508374,0.0,0.2797178030014038,0.04589904472231865,0.35564354062080383
842.0,843.0,True,presidenta,closeup,,,0.9363696575164795,0.04425165057182312,0.008576910942792892,0.004622501786798239,0.00034101991332136095,0.0008741169003769755,0.004964188672602177,0.0,0.09495654702186584,0.047050148248672485,0.5721414089202881
843.0,844.0,True,presidenta,closeup,,,0.29504629969596863,0.015837840735912323,0.004030533134937286,0.6758511066436768,0.0036193523555994034,0.004889223258942366,0.0007256267126649618,0.0,0.47428497672080994,0.03256852552294731,0.786702036857605
844.0,845.0,True,presidenta,closeup,,,0.9465398192405701,0.03352648764848709,0.00345947640016675,0.004230618942528963,0.0030979362782090902,0.0016622502589598298,0.007483412511646748,0.0,0.17205913364887238,0.08022584766149521,0.5787811279296875
845.0,846.0,True,presidenta,closeup,,,0.6509038805961609,0.3387407958507538,0.0013561517698690295,0.005214747041463852,0.00030219866312108934,0.0007399424794130027,0.002742379903793335,0.0,0.07369761914014816,0.28138262033462524,0.6122524738311768
846.0,847.0,True,presidenta,closeup,,,0.97135990858078,0.0074144513346254826,0.0018918898422271013,0.01656057871878147,0.00022125098621472716,0.0022674330975860357,0.00028447090880945325,0.0,0.23772753775119781,0.03953401744365692,0.34249046444892883
847.0,848.0,True,presidenta,closeup,,,0.8882176280021667,0.02686753310263157,0.008294251747429371,0.06586436182260513,0.0001628438476473093,0.003061573952436447,0.0075317732989788055,0.0,0.20311950147151947,0.040048543363809586,0.3801569938659668
848.0,849.0,True,presidenta,closeup,,,0.309732586145401,0.276896208524704,0.0024741683155298233,0.3970320224761963,0.004726288374513388,0.0005781396757811308,0.008560571819543839,0.0,0.20713452994823456,0.17062817513942719,0.41426190733909607
849.0,850.0,True,presidenta,closeup,,,0.7483552694320679,0.1643570363521576,0.012884124182164669,0.06306451559066772,0.009191732853651047,0.00014136196114122868,0.0020059901289641857,0.0,0.10989128798246384,0.24453124403953552,0.24538271129131317
850.0,851.0,True,presidenta,closeup,,,0.4205785393714905,0.4709587097167969,0.006159006617963314,0.08998047560453415,0.0027101500891149044,0.00033699313644319773,0.00927609670907259,0.0,0.07103187590837479,0.15128760039806366,0.51321941614151
851.0,852.0,True,presidenta,closeup,,,0.9491114020347595,0.020803047344088554,0.004728304222226143,0.016100430861115456,0.003370589343830943,0.0008188473875634372,0.005067384801805019,0.0,0.13837452232837677,0.12714065611362457,0.3989730477333069
852.0,853.0,True,presidenta,closeup,,,0.9712440967559814,0.005848793778568506,0.0023830635473132133,0.018732622265815735,0.0011666750069707632,0.0004657500539906323,0.00015900997095741332,0.0,0.3026127517223358,0.08771719038486481,0.4052998125553131
853.0,854.0,True,presidenta,closeup,,,0.9037193059921265,0.04179396107792854,0.004041694104671478,0.04596826434135437,0.0009792878990992904,0.0003600155177991837,0.003137511434033513,0.0,0.22186492383480072,0.14655977487564087,0.40141743421554565
854.0,855.0,True,presidenta,closeup,,,0.24546681344509125,0.07612670958042145,0.010339154861867428,0.627096951007843,0.02150641568005085,0.008455419912934303,0.01100856438279152,0.0,0.32819488644599915,0.09345918893814087,0.4198353588581085
855.0,856.0,True,presidenta,closeup,,,0.6322896480560303,0.3344416320323944,0.0009062853641808033,0.013141044415533543,0.0006101631443016231,0.0002556254039518535,0.01835564151406288,0.0,0.12120528519153595,0.04774371162056923,0.4419906735420227
856.0,857.0,True,presidenta,closeup,,,0.7476949095726013,0.19846563041210175,0.00204080599360168,0.0016245789593085647,0.0005049626925028861,0.0006936073186807334,0.048975519835948944,0.0,0.032596006989479065,0.1871902048587799,0.5764009356498718
857.0,858.0,True,presidenta,closeup,,,0.831230103969574,0.007235197816044092,0.008901639841496944,0.14371414482593536,0.0023328589741140604,0.006460621953010559,0.00012538672308437526,0.0,0.07209550589323044,0.046171799302101135,0.5352278351783752
858.0,859.0,True,presidenta,closeup,,,0.6966834664344788,0.2007080316543579,0.004146857187151909,0.08642112463712692,0.002288208110257983,0.0005916891968809068,0.009160613641142845,0.0,0.13745038211345673,0.07966457307338715,0.2962642014026642
859.0,860.0,True,presidenta,closeup,,,0.7830994725227356,0.07922428846359253,0.002308194525539875,0.04738057032227516,0.002092254813760519,0.001346777193248272,0.08454841375350952,0.0,0.09005094319581985,0.0604727528989315,0.4850773811340332
860.0,861.0,True,presidenta,closeup,,,0.9250630736351013,0.022263677790760994,0.003950768616050482,0.04661489650607109,0.0006273027393035591,0.0004164073907304555,0.0010638138046488166,0.0,0.2657330632209778,0.05689307302236557,0.4150157570838928
861.0,862.0,True,presidenta,closeup,,,0.41699862480163574,0.008227672427892685,0.001999863190576434,0.5639044642448425,0.007321926765143871,0.0010797175345942378,0.00046771124470978975,0.0,0.2238905131816864,0.04412858188152313,0.19369661808013916
862.0,863.0,True,presidenta,closeup,,,0.7848841547966003,0.0577845498919487,0.004201462026685476,0.14426636695861816,0.002051501302048564,0.002857635961845517,0.003954330924898386,0.0,0.1263917237520218,0.10306378453969955,0.6109411716461182
863.0,864.0,True,presidenta,closeup,,,0.9949945211410522,0.0007224214496091008,0.002662501996383071,0.0013962558005005121,0.0001497071934863925,4.564953633234836e-05,2.8955711968592368e-05,0.0,0.06584109365940094,0.022224634885787964,0.4356350302696228
864.0,865.0,True,presidenta,closeup,,,0.4286022484302521,0.00877245794981718,0.001612590509466827,0.5598790049552917,0.0007502074586227536,0.0003025190671905875,8.097710087895393e-05,0.0,0.20805397629737854,0.04894068464636803,0.4173941910266876
865.0,866.0,True,presidenta,closeup,,,0.8541562557220459,0.09833326935768127,0.0006046976195648313,0.04551543667912483,0.00020746565132867545,0.00015893022646196187,0.001023978227749467,0.0,0.2260562628507614,0.080375075340271,0.49309197068214417
866.0,867.0,True,presidenta,closeup,,,0.6565640568733215,0.2927120625972748,0.0014890754828229547,0.045931942760944366,0.0007278043776750565,0.00016907438111957163,0.0024059335701167583,0.0,0.049927785992622375,0.07104180008172989,0.4213241636753082
867.0,868.0,True,presidenta,closeup,,,0.8470527529716492,0.08502437174320221,0.0008829281432554126,0.06423558294773102,0.00031558924820274115,0.0002700894547160715,0.0022187235299497843,0.0,0.1190001517534256,0.08538266271352768,0.30593615770339966
868.0,869.0,True,presidenta,closeup,,,0.9158746004104614,0.028657298535108566,0.005339279305189848,0.008659549988806248,0.0012150869006291032,0.006977613549679518,0.03327656537294388,0.0,0.11422325670719147,0.0907398983836174,0.3353528678417206
869.0,870.0,True,presidenta,closeup,,,0.858341634273529,0.08111558854579926,0.0021515146363526583,0.047325946390628815,0.0036471011117100716,0.0008690364775247872,0.006549167912453413,0.0,0.18609796464443207,0.04691676050424576,0.4047662019729614
870.0,871.0,True,presidenta,closeup,,,0.9266538619995117,0.03578884154558182,0.004518336150795221,0.022685565054416656,0.006100289523601532,0.0005286869709379971,0.003724411828443408,0.0,0.5721083283424377,0.0677301362156868,0.49646300077438354
871.0,872.0,True,presidenta,closeup,,,0.9579547047615051,0.03606346249580383,0.0014399602077901363,0.0023360271006822586,0.0003010380605701357,0.0004349885566625744,0.0014698418090119958,0.0,0.3463285267353058,0.12662023305892944,0.35067063570022583
872.0,873.0,True,presidenta,closeup,,,0.9760189652442932,0.01732352003455162,0.004852155223488808,0.0004113741160836071,0.00017139305418822914,0.0009734285995364189,0.0002490785554982722,0.0,0.16704878211021423,0.1505829244852066,0.5585577487945557
873.0,874.0,True,presidenta,closeup,,,0.6023741960525513,0.23072239756584167,0.0073853363282978535,0.13735520839691162,0.005579693242907524,0.002225723583251238,0.014357415027916431,0.0,0.0633338913321495,0.027564575895667076,0.422859787940979
874.0,875.0,True,presidenta,closeup,,,0.7346513867378235,0.024618318304419518,0.016143886372447014,0.14634346961975098,0.06054988503456116,0.013041362166404724,0.004651673138141632,0.0,0.06679722666740417,0.040843166410923004,0.31197232007980347
875.0,876.0,True,presidenta,closeup,,,0.9257254004478455,0.01729496940970421,0.002423815196380019,0.04780202731490135,0.0020160567946732044,0.00301201269030571,0.0017256676219403744,0.0,0.21114560961723328,0.015306023880839348,0.3198980987071991
876.0,877.0,True,presidenta,closeup,,,0.25910434126853943,0.688766598701477,0.005120650865137577,0.004662254825234413,0.0005893684574402869,0.000855524733196944,0.040901314467191696,0.0,0.17729425430297852,0.03551366925239563,0.6328925490379333
877.0,878.0,True,presidenta,closeup,,,0.09573918581008911,0.8797909617424011,0.0009304973646067083,0.0033063848968595266,0.00022985643590800464,0.0002733561850618571,0.019729724153876305,0.0,0.4267280399799347,0.048609036952257156,0.53362637758255
878.0,879.0,True,presidenta,closeup,,,0.8853565454483032,0.027134738862514496,0.0031459906604140997,0.08078441768884659,0.000237401167396456,0.0017855073092505336,0.0015554479323327541,0.0,0.3226352632045746,0.017551302909851074,0.4018445611000061
879.0,880.0,True,presidenta,closeup,,,0.6824063062667847,0.234463632106781,0.003975002560764551,0.006758261471986771,0.0005271197878755629,0.007453436031937599,0.06441626697778702,0.0,0.1923566609621048,0.017505595460534096,0.3377005159854889
880.0,881.0,True,presidenta,closeup,,,0.6852934956550598,0.05106903985142708,0.014628781005740166,0.24026110768318176,0.005597156006842852,0.002443138509988785,0.0007072807056829333,0.0,0.04210609197616577,0.03144032880663872,0.36743825674057007
881.0,882.0,True,presidenta,closeup,,,0.6860415935516357,0.17851315438747406,0.022462928667664528,0.0034495529253035784,0.0006422286387532949,0.006680681835860014,0.10220983624458313,0.0,0.1530798077583313,0.12451518326997757,0.543350875377655
882.0,883.0,True,presidenta,closeup,,,0.297672837972641,0.2491302639245987,0.005432618781924248,0.4266979694366455,0.007222391664981842,0.0016722501022741199,0.012171657755970955,0.0,0.07156789302825928,0.04424388334155083,0.4090006351470947
883.0,884.0,True,presidenta,closeup,,,0.717274010181427,0.07445360720157623,0.008665063418447971,0.18282656371593475,0.0034853762481361628,0.0028722535353153944,0.010423075407743454,0.0,0.12161170691251755,0.025380628183484077,0.33038023114204407
884.0,885.0,True,presidenta,closeup,,,0.766627311706543,0.058355920016765594,0.006277727894484997,0.16162149608135223,0.0007990975864231586,0.00412706658244133,0.002191387815400958,0.0,0.07177295535802841,0.021005116403102875,0.3150577247142792
885.0,886.0,True,presidenta,closeup,,,0.9570139050483704,0.022252120077610016,0.007651964668184519,0.012625639326870441,0.0001337561261607334,0.0002222074253950268,0.0001003372308332473,0.0,0.12824949622154236,0.02216058410704136,0.3879343867301941
886.0,887.0,True,presidenta,closeup,,,0.141253262758255,0.021263254806399345,0.005587046965956688,0.8201935887336731,0.007336663082242012,0.0023205264005810022,0.0020456351339817047,0.0,0.1088503748178482,0.03856637701392174,0.3782428503036499
887.0,888.0,True,presidenta,closeup,,,0.877452552318573,0.07892020791769028,0.005595853552222252,0.008084134198725224,0.000322345265885815,0.004746250808238983,0.024878645315766335,0.0,0.31031209230422974,0.02013186365365982,0.32596510648727417
888.0,889.0,True,presidenta,closeup,,,0.7749958634376526,0.028818069025874138,0.00567321153357625,0.1844348907470703,0.0018794756615534425,0.0019207855220884085,0.002277711173519492,0.0,0.15398071706295013,0.0653715431690216,0.5654942989349365
889.0,890.0,True,presidenta,closeup,,,0.8329220414161682,0.12546806037425995,0.0046369656920433044,0.010127605870366096,0.0016461850609630346,0.002336891135200858,0.022862203419208527,0.0,0.09772252291440964,0.22476963698863983,0.5277881622314453
890.0,891.0,True,presidenta,closeup,,,0.849564790725708,0.037516579031944275,0.012347168289124966,0.09850315749645233,0.0013241891283541918,0.00014514786016661674,0.0005990094505250454,0.0,0.1020289957523346,0.10174816846847534,0.5956230163574219
891.0,892.0,True,presidenta,closeup,,,0.5849913954734802,0.19517511129379272,0.013242464512586594,0.18991096317768097,0.002583502558991313,0.006233165971934795,0.007863418199121952,0.0,0.06862512230873108,0.03437235206365585,0.47278323769569397
892.0,893.0,True,presidenta,closeup,,,0.21973027288913727,0.6902147531509399,0.0035876298788934946,0.07190141826868057,0.002941898303106427,0.002099241130053997,0.00952483993023634,0.0,0.06337817758321762,0.02637815847992897,0.3403932750225067
893.0,894.0,True,presidenta,closeup,,,0.47848743200302124,0.05400488153100014,0.00291214557364583,0.4426507353782654,0.01012831274420023,0.006548560224473476,0.005267901346087456,0.0,0.07029601186513901,0.02106289379298687,0.336172491312027
894.0,895.0,True,presidenta,closeup,,,0.775851309299469,0.01933661848306656,0.020336085930466652,0.16724149882793427,0.004053979180753231,0.0008243592455983162,0.012356235645711422,0.0,0.12421384453773499,0.026515068486332893,0.35141000151634216
895.0,896.0,True,presidenta,closeup,,,0.7824410200119019,0.0479460246860981,0.019782692193984985,0.11691970378160477,0.00425040815025568,0.005910566542297602,0.022749628871679306,0.0,0.1631990224123001,0.02661382034420967,0.45115235447883606
896.0,897.0,True,presidenta,closeup,,,0.7213040590286255,0.012406384572386742,0.007819409482181072,0.25315675139427185,0.0034906105138361454,0.0015421290881931782,0.00028070961707271636,0.0,0.1575363427400589,0.020357713103294373,0.4703391492366791
897.0,898.0,True,presidenta,closeup,,,0.26927199959754944,0.021573448553681374,0.0012648175470530987,0.7052844166755676,0.0008026236318983138,0.0012320417445152998,0.0005706582451239228,0.0,0.04176932945847511,0.029591476544737816,0.4150068461894989
898.0,899.0,True,presidenta,closeup,,,0.30735743045806885,0.12481838464736938,0.002644477877765894,0.5595568418502808,0.0020306045189499855,0.001345620839856565,0.002246601739898324,0.0,0.0388629287481308,0.026355106383562088,0.26926785707473755
899.0,900.0,True,presidenta,closeup,,,0.21684379875659943,0.03464752435684204,0.0013255110243335366,0.7431994676589966,0.0018459681887179613,0.0009262586245313287,0.0012114447308704257,0.0,0.1931624412536621,0.034579403698444366,0.2019597887992859
900.0,901.0,True,presidenta,closeup,,,0.9815271496772766,0.00853784754872322,0.0018707572016865015,0.006162299774587154,0.0007388876401819289,0.0003086643700953573,0.0008543927688151598,0.0,0.10232099890708923,0.05021746829152107,0.5959853529930115
901.0,902.0,True,presidenta,closeup,,,0.9172657132148743,0.028040288016200066,0.009581792168319225,0.042531296610832214,0.0004494902095757425,0.0008367360569536686,0.001294666901230812,0.0,0.31352609395980835,0.045042965561151505,0.3584108054637909
902.0,903.0,True,presidenta,closeup,,,0.9945213794708252,0.0036136845592409372,0.0007717391126789153,0.000608471455052495,0.00015766984142828733,9.909415530273691e-05,0.00022792363597545773,0.0,0.194880411028862,0.06562264263629913,0.651265561580658
903.0,904.0,True,presidenta,closeup,,,0.9934070110321045,0.004954509437084198,0.0005198950530029833,0.0009651776636019349,9.429124474991113e-05,3.794687654590234e-05,2.1207206373219378e-05,0.0,0.09330935776233673,0.10500139743089676,0.4158709645271301
904.0,905.0,True,presidenta,closeup,,,0.18235017359256744,0.007717485073953867,0.000984390382654965,0.8047217130661011,0.0012214246671646833,0.0029250383377075195,7.980283407960087e-05,0.0,0.1204858273267746,0.07214871048927307,0.38069412112236023
905.0,906.0,True,presidenta,closeup,,,0.11050723493099213,0.05787157639861107,0.0015318935038521886,0.8264321088790894,0.00213050190359354,0.00042809051228687167,0.00109870417509228,0.0,0.2981584072113037,0.12277285009622574,0.35064172744750977
906.0,907.0,True,presidenta,closeup,,,0.526533842086792,0.04999450594186783,0.0021304211113601923,0.4159536063671112,0.0027741275262087584,0.0010086162947118282,0.0016048223478719592,0.0,0.37779542803764343,0.13531211018562317,0.45582810044288635
907.0,908.0,True,presidenta,closeup,,,0.9315673112869263,0.06245674565434456,0.0027671412099152803,0.0020794710144400597,0.00033143701148219407,0.00045939875417388976,0.00033852047636173666,0.0,0.10963897407054901,0.14227324724197388,0.40300294756889343
908.0,909.0,True,presidenta,closeup,,,0.5660228729248047,0.4310522675514221,0.0016600067028775811,0.000370374065823853,1.5766045180498622e-05,0.0005820159567520022,0.0002967996697407216,0.0,0.09215874969959259,0.1207558885216713,0.6648507118225098
909.0,910.0,True,presidenta,closeup,,,0.9854015111923218,0.0031006145291030407,0.0007193338824436069,0.010565333999693394,6.361999112414196e-05,0.0001355190615868196,1.4027372344571631e-05,0.0,0.0986524224281311,0.04514572396874428,0.35263609886169434
910.0,911.0,True,presidenta,closeup,,,0.2910730838775635,0.24912065267562866,0.019267646595835686,0.4221764802932739,0.0024941381998360157,0.0019524461822584271,0.013915550895035267,0.0,0.35473009943962097,0.28556108474731445,0.6549012660980225
911.0,912.0,True,presidenta,closeup,,,0.19433452188968658,0.06908351182937622,0.0020319356117397547,0.7276898622512817,0.002768997335806489,0.0030977174174040556,0.0009934077970683575,0.0,0.023686449974775314,0.18129144608974457,0.49875977635383606
912.0,913.0,True,presidenta,closeup,,,0.6540876030921936,0.20078396797180176,0.004336950369179249,0.061179619282484055,0.003420585999265313,0.007887391373515129,0.06830386817455292,0.0,0.1324097067117691,0.12022727727890015,0.2665252983570099
913.0,914.0,True,presidenta,closeup,,,0.9351958632469177,0.03344183415174484,0.012019523419439793,0.015023830346763134,0.0004271981888450682,0.0008137932745739818,0.0030779866501688957,0.0,0.19558073580265045,0.05843037739396095,0.4321378469467163
914.0,915.0,True,presidenta,closeup,,,0.7826797366142273,0.1893102526664734,0.0021782931871712208,0.006594466976821423,0.00016572250751778483,0.000580914958845824,0.018490593880414963,0.0,0.09407927095890045,0.047740545123815536,0.21705742180347443
915.0,916.0,True,presidenta,closeup,,,0.20913439989089966,0.24028831720352173,0.02022264152765274,0.5085392594337463,0.0157769788056612,0.002384773688390851,0.003653653198853135,0.0,0.04471205547451973,0.07349628210067749,0.5264106392860413
916.0,917.0,True,presidenta,closeup,,,0.4356979727745056,0.2453915923833847,0.006896698381751776,0.05278027430176735,0.0030941609293222427,0.0036379648372530937,0.25250133872032166,0.0,0.10305546224117279,0.036814913153648376,0.2586617171764374
917.0,918.0,True,presidenta,closeup,,,0.49599942564964294,0.3913147747516632,0.0032535260543227196,0.06123262271285057,0.001818927237764001,0.003894586581736803,0.042486194521188736,0.0,0.18264752626419067,0.07009950280189514,0.6439892649650574
918.0,919.0,True,presidenta,closeup,,,0.639691174030304,0.23614080250263214,0.0048076799139380455,0.07788915187120438,0.0025741939898580313,0.015034961514174938,0.023862063884735107,0.0,0.12504228949546814,0.06512667238712311,0.6060861945152283
919.0,920.0,True,presidenta,closeup,,,0.6359580159187317,0.006392326671630144,0.009839868173003197,0.3088090121746063,0.0373779833316803,0.0009538600570522249,0.0006688781431876123,0.0,0.22758877277374268,0.04457973316311836,0.606255292892456
920.0,921.0,True,presidenta,closeup,,,0.7571865916252136,0.003141801804304123,0.011638311669230461,0.21828123927116394,0.009321550838649273,0.00028889309032820165,0.00014158656995277852,0.0,0.13887731730937958,0.05748539790511131,0.30302560329437256
921.0,922.0,True,presidenta,closeup,,,0.7084675431251526,0.19225741922855377,0.019564678892493248,0.05307824909687042,0.000977077754214406,0.001974593149498105,0.02368043176829815,0.0,0.4464675784111023,0.7266124486923218,0.730710506439209
922.0,923.0,True,presidenta,closeup,,,0.6287184357643127,0.03383040055632591,0.05783054977655411,0.010476701892912388,0.0015191222773864865,0.00937966350466013,0.2582451105117798,0.0,0.2475866824388504,0.22877781093120575,0.4765375554561615
923.0,924.0,True,presidenta,closeup,,,0.6043241620063782,0.08069617301225662,0.003157441271468997,0.3053187429904938,0.0015143560012802482,0.001926465891301632,0.0030626910738646984,0.0,0.09330619126558304,0.06434091925621033,0.3345000147819519
924.0,925.0,True,presidenta,closeup,,,0.929866373538971,0.06073423847556114,0.0019686282612383366,0.004365075845271349,0.000680462340824306,0.0011879324447363615,0.0011973499786108732,0.0,0.04752938076853752,0.11885848641395569,0.40584442019462585
925.0,926.0,True,presidenta,closeup,,,0.9598527550697327,0.035396501421928406,0.0010015089064836502,0.0021342826075851917,0.0002595772675704211,0.0009477146668359637,0.00040772382635623217,0.0,0.04649592190980911,0.11863810569047928,0.341744601726532
926.0,927.0,True,presidenta,closeup,,,0.550747811794281,0.05752471461892128,0.0066040558740496635,0.359142541885376,0.020360151305794716,0.0026264749467372894,0.0029942637775093317,0.0,0.16032537817955017,0.051064446568489075,0.40223369002342224
927.0,928.0,True,presidenta,closeup,,,0.9495100378990173,0.02849978394806385,0.00395718589425087,0.015051516704261303,0.00038621609564870596,0.00039075134554877877,0.0022044945508241653,0.0,0.16175182163715363,0.07271646708250046,0.3484850227832794
928.0,929.0,True,presidenta,closeup,,,0.6674849987030029,0.06841713935136795,0.00996608566492796,0.2435016930103302,0.0031111291609704494,0.0008697789744473994,0.006649118848145008,0.0,0.1333356499671936,0.09710611402988434,0.32189875841140747
929.0,930.0,True,presidenta,closeup,,,0.9777102470397949,0.014380923472344875,0.004006062634289265,0.0035267334897071123,7.419379835482687e-05,0.00018175359582528472,0.0001200765764224343,0.0,0.12904183566570282,0.09192223101854324,0.5340864658355713
930.0,931.0,True,presidenta,closeup,,,0.33449479937553406,0.06383880972862244,0.0011134702945128083,0.5980825424194336,0.0003571240231394768,0.00034189806319773197,0.0017712877597659826,0.0,0.2950437664985657,0.1263575553894043,0.4234497845172882
931.0,932.0,True,presidenta,closeup,,,0.6185173392295837,0.05812993273139,0.011921857483685017,0.026680447161197662,0.0013283663429319859,0.001787292305380106,0.28163477778434753,0.0,0.4644114375114441,0.06235744431614876,0.31907641887664795
932.0,933.0,True,presidenta,closeup,,,0.510387659072876,0.009580296464264393,0.006041560787707567,0.4633769989013672,0.00807885266840458,0.0019700422417372465,0.0005645509227178991,0.0,0.18641060590744019,0.06690362840890884,0.4324853718280792
933.0,934.0,True,presidenta,closeup,,,0.9135665893554688,0.06879779696464539,0.012208268977701664,0.0042358748614788055,0.00046728207962587476,0.00021126832871232182,0.0005129482015036047,0.0,0.09080252051353455,0.3075482249259949,0.5111556649208069
934.0,935.0,True,presidenta,closeup,,,0.9365721344947815,0.014409988187253475,0.004254505503922701,0.03943346068263054,0.0035597491078078747,0.0003817157994490117,0.0013884585350751877,0.0,0.19881705939769745,0.06340900808572769,0.31394338607788086
935.0,936.0,True,presidenta,closeup,,,0.9630097150802612,0.020964236930012703,0.002886566799134016,0.010887532494962215,0.0010614453349262476,0.00026377468020655215,0.0009267657878808677,0.0,0.192243754863739,0.14286792278289795,0.5374433994293213
936.0,937.0,True,presidenta,closeup,,,0.7648557424545288,0.002793988911435008,0.01855686865746975,0.18211615085601807,0.025446129962801933,0.005460492800921202,0.0007706659380346537,0.0,0.24808496236801147,0.03921947255730629,0.4047132730484009
937.0,938.0,True,presidenta,closeup,,,0.8076778650283813,0.025927379727363586,0.004996070172637701,0.15416577458381653,0.001872435910627246,0.004078254569321871,0.0012821911368519068,0.0,0.13062922656536102,0.03032742626965046,0.6579548120498657
938.0,939.0,True,presidenta,closeup,,,0.8855324387550354,0.050893742591142654,0.021235115826129913,0.029646392911672592,0.0034966415259987116,0.001336148357950151,0.007859505712985992,0.0,0.03369526192545891,0.019587557762861252,0.5841541886329651
939.0,940.0,True,presidenta,closeup,,,0.6224174499511719,0.09133876860141754,0.021905630826950073,0.22196051478385925,0.009206912480294704,0.007095727138221264,0.026075035333633423,0.0,0.25973400473594666,0.016967954114079475,0.5412291288375854
940.0,941.0,True,presidenta,closeup,,,0.2800912857055664,0.09821604937314987,0.030827904120087624,0.5849881172180176,0.0014156171819195151,0.002719809068366885,0.0017411740263924003,0.0,0.05401034653186798,0.059812843799591064,0.5628207325935364
941.0,942.0,True,presidenta,closeup,,,0.9864206314086914,0.005670601036399603,0.0017436648486182094,0.005660071037709713,0.00018911233928520232,0.00026940260431729257,4.649471156881191e-05,0.0,0.4718572795391083,0.0794411301612854,0.6588841080665588
942.0,943.0,True,presidenta,closeup,,,0.5934011936187744,0.07948872447013855,0.003565318649634719,0.3191125988960266,0.003928110934793949,0.00016806722851470113,0.0003360181290190667,0.0,0.06995023041963577,0.12339545786380768,0.7199109792709351
943.0,944.0,True,presidenta,closeup,,,0.7502087354660034,0.17279839515686035,0.004320139065384865,0.03174294903874397,0.0018013527151197195,0.0006855248939245939,0.03844296932220459,0.0,0.16637590527534485,0.15750223398208618,0.6277641654014587
944.0,945.0,True,presidenta,closeup,,,0.8824297189712524,0.0952049121260643,0.015776216983795166,0.0035391615238040686,0.0028106998652219772,0.00010745452163973823,0.0001318060385528952,0.0,0.12916810810565948,0.23088596761226654,0.5016644597053528
945.0,946.0,True,presidenta,closeup,,,0.12440087646245956,0.009764419868588448,0.0003390578494872898,0.8631299138069153,0.0011025442508980632,0.001230168156325817,3.301570541225374e-05,0.0,0.16472594439983368,0.08998660743236542,0.14365985989570618
946.0,947.0,True,presidenta,closeup,,,0.16183379292488098,0.6755233407020569,0.0012270539300516248,0.08286252617835999,0.00784326158463955,0.0026125723961740732,0.06809744238853455,0.0,0.13117656111717224,0.22357794642448425,0.46640363335609436
947.0,948.0,True,presidenta,closeup,,,0.966408908367157,0.026449158787727356,0.0015169644029811025,0.00418695155531168,0.0003556709853000939,0.000673081143759191,0.00040929633541963995,0.0,0.1659744381904602,0.12257324904203415,0.4470047950744629
948.0,949.0,True,presidenta,closeup,,,0.9101026058197021,0.06326371431350708,0.0016682508867233992,0.020959187299013138,0.0016004114877432585,0.0009792112978175282,0.0014265836216509342,0.0,0.09090644866228104,0.05660122632980347,0.24853414297103882
949.0,950.0,True,presidenta,closeup,,,0.7442064881324768,0.12199373543262482,0.0018816719530150294,0.1111719161272049,0.007869604974985123,0.0046679056249558926,0.008208613842725754,0.0,0.057578448206186295,0.03897939249873161,0.3493771255016327
950.0,951.0,True,presidenta,closeup,,,0.7831664681434631,0.05815628170967102,0.0032100649550557137,0.15264029800891876,0.0015460292343050241,0.0007165260030888021,0.0005643139593303204,0.0,0.1093817949295044,0.07696869224309921,0.36682823300361633
951.0,952.0,True,presidenta,closeup,,,0.9429676532745361,0.05253779888153076,0.001163656823337078,0.001993055222555995,0.00011839809303637594,0.00027270973077975214,0.0009467711206525564,0.0,0.08461031317710876,0.1063842698931694,0.6766800880432129
952.0,953.0,True,presidenta,closeup,,,0.516788899898529,0.09896785020828247,0.008141224272549152,0.3577529191970825,0.012770898640155792,0.0037259787786751986,0.0018522079335525632,0.0,0.07348273694515228,0.5271276235580444,0.3153856694698334
953.0,954.0,True,presidenta,closeup,,,0.977920651435852,0.009750439785420895,0.0014965437585487962,0.007823316380381584,0.0017136455280706286,0.0011700298637151718,0.0001254293747479096,0.0,0.08749563246965408,0.09272867441177368,0.5890156626701355
954.0,955.0,True,presidenta,closeup,,,0.9203670024871826,0.03819108381867409,0.004239762667566538,0.025749536231160164,0.0015850134659558535,0.0025227530859410763,0.007344774901866913,0.0,0.1577254682779312,0.1129528060555458,0.6865706443786621
955.0,956.0,True,presidenta,closeup,,,0.9096768498420715,0.0824875608086586,0.0016260086558759212,0.0038073419127613306,0.00019562579109333456,0.0004761871532537043,0.0017303747590631247,0.0,0.20859040319919586,0.11424340307712555,0.6132521629333496
956.0,957.0,True,presidenta,closeup,,,0.7979616522789001,0.18088065087795258,0.004110019188374281,0.015021470375359058,0.0001113430189434439,0.0012190156849101186,0.000695836148224771,0.0,0.2139187455177307,0.14461348950862885,0.4612210988998413
957.0,958.0,True,presidenta,closeup,,,0.03441356495022774,0.564770519733429,0.006355465389788151,0.39086464047431946,0.0019988110288977623,0.0007983212126418948,0.0007986259297467768,0.0,0.20059438049793243,0.5745999813079834,0.45179063081741333
958.0,959.0,True,presidenta,closeup,,,0.5697635412216187,0.0017646352062001824,0.005111637059599161,0.4214951992034912,0.00046111931442283094,0.0013556017074733973,4.826517397304997e-05,0.0,0.0835137590765953,0.03360987454652786,0.5583894848823547
959.0,960.0,True,presidenta,closeup,,,0.7853198051452637,0.12179402261972427,0.005246285814791918,0.0705818235874176,0.012632286176085472,0.001897559966892004,0.002528204582631588,0.0,0.07433474063873291,0.1705651581287384,0.5743555426597595
960.0,961.0,True,presidenta,closeup,,,0.9299891591072083,0.03666503727436066,0.0026855776086449623,0.02848902903497219,0.0002964877348858863,0.0012406862806528807,0.0006340041873045266,0.0,0.2926653027534485,0.17294134199619293,0.6889908909797668
961.0,962.0,True,presidenta,closeup,,,0.9060799479484558,0.035999976098537445,0.011635871604084969,0.010683365166187286,0.000305879395455122,0.006180218420922756,0.02911476232111454,0.0,0.2458324283361435,0.23985499143600464,0.4395610988140106
962.0,963.0,True,presidenta,closeup,,,0.9955546259880066,0.002452870598062873,0.0007387137156911194,0.0006151519482955337,0.00019747597980313003,0.0003658476343844086,7.536930934293196e-05,0.0,0.44750678539276123,0.04094768688082695,0.4063228964805603
963.0,964.0,True,presidenta,closeup,,,0.9673250317573547,0.0077154566533863544,0.004068154841661453,0.01879269629716873,0.0005817290511913598,0.0012381469132378697,0.0002787696139421314,0.0,0.16588978469371796,0.048424456268548965,0.37354692816734314
964.0,965.0,True,presidenta,closeup,,,0.8207825422286987,0.027353879064321518,0.010498187504708767,0.09958280622959137,0.0014302863273769617,0.009612168185412884,0.03074013814330101,0.0,0.19713032245635986,0.06427811086177826,0.29245448112487793
965.0,966.0,True,presidenta,closeup,,,0.4653525948524475,0.033992551267147064,0.01734141819179058,0.4707530736923218,0.005289659835398197,0.006324732676148415,0.0009459792054258287,0.0,0.13876552879810333,0.13305918872356415,0.24674107134342194
966.0,967.0,True,presidenta,closeup,,,0.7771131992340088,0.054712288081645966,0.00407107500359416,0.1484781801700592,0.004910084418952465,0.005370112601667643,0.0053450739942491055,0.0,0.10587874799966812,0.10025105625391006,0.4144090414047241
967.0,968.0,True,presidenta,closeup,,,0.8104894757270813,0.04696006700396538,0.005478543695062399,0.13375748693943024,0.0015323119005188346,0.0013434105785563588,0.00043869667570106685,0.0,0.3277948498725891,0.0589345283806324,0.4728405773639679
968.0,969.0,True,presidenta,closeup,,,0.9530479311943054,0.006465069949626923,0.0057543436996638775,0.028700152412056923,0.0003202491789124906,0.004417216405272484,0.0012949761003255844,0.0,0.4526077210903168,0.03697515279054642,0.2936401069164276
969.0,970.0,True,presidenta,closeup,,,0.9789091348648071,0.003244130639359355,0.0047117965295910835,0.011097768321633339,0.0004943758249282837,0.0013595815980806947,0.00018322608957532793,0.0,0.44957128167152405,0.03240349888801575,0.565275251865387
970.0,971.0,True,presidenta,closeup,,,0.5048137307167053,0.056504663079977036,0.0022452473640441895,0.41886815428733826,0.007339380215853453,0.0067746760323643684,0.0034541194327175617,0.0,0.47635403275489807,0.09015160799026489,0.2800741493701935
971.0,972.0,True,presidenta,closeup,,,0.8097053170204163,0.006391304079443216,0.00831932108849287,0.16754214465618134,0.0024513097014278173,0.004781956318765879,0.0008086009765975177,0.0,0.35456711053848267,0.032111670821905136,0.6616373658180237
972.0,973.0,True,presidenta,closeup,,,0.6600947976112366,0.1606527715921402,0.007868996821343899,0.16016435623168945,0.01063089445233345,0.0001513476890977472,0.00043684575939550996,0.0,0.06178560480475426,0.18074963986873627,0.17733867466449738
973.0,974.0,True,presidenta,closeup,,,0.6074977517127991,0.3608510196208954,0.024212507531046867,0.003333867294713855,0.0003600382769946009,0.002103394828736782,0.0016414988785982132,0.0,0.12157715857028961,0.04202476516366005,0.5789926052093506
974.0,975.0,True,presidenta,closeup,,,0.8557820916175842,0.09913212805986404,0.010894288308918476,0.029156718403100967,0.0030028356704860926,0.000415966787841171,0.0016159329097718,0.0,0.10017116367816925,0.06009216234087944,0.4350287914276123
975.0,976.0,True,presidenta,closeup,,,0.9286775588989258,0.025621281936764717,0.010012996383011341,0.030163895338773727,0.00119696871843189,0.0035362527705729008,0.0007910718559287488,0.0,0.07028116285800934,0.023093070834875107,0.3762817680835724
976.0,977.0,True,presidenta,closeup,,,0.9186603426933289,0.005486073438078165,0.004502553958445787,0.05113599821925163,0.0192757248878479,0.00036136608105152845,0.0005779470084235072,0.0,0.18756890296936035,0.03700022026896477,0.3666858971118927
977.0,978.0,True,presidenta,closeup,,,0.6347486972808838,0.01849069818854332,0.008198292925953865,0.3254888355731964,0.007283254526555538,0.004794449545443058,0.000995820970274508,0.0,0.359720915555954,0.02866646647453308,0.2847846746444702
978.0,979.0,True,presidenta,closeup,,,0.9325070977210999,0.018148651346564293,0.0029940337408334017,0.04476788267493248,0.0011670058593153954,0.0003726081340573728,4.273177546565421e-05,0.0,0.08464452624320984,0.05304212123155594,0.3013221025466919
979.0,980.0,True,presidenta,closeup,,,0.9867444038391113,0.005239990074187517,0.0035503965336829424,0.0035742504987865686,0.00023844998213462532,0.0005098170950077474,0.0001427184761269018,0.0,0.1987053006887436,0.04957478865981102,0.421404629945755
980.0,981.0,True,presidenta,closeup,,,0.68141770362854,0.02175133302807808,0.03335091844201088,0.21464712917804718,0.02265368402004242,0.00827761460095644,0.017901664599776268,0.0,0.5715656280517578,0.033771708607673645,0.3492194712162018
981.0,982.0,True,presidenta,closeup,,,0.9252300262451172,0.04076940938830376,0.007316533476114273,0.02122848853468895,0.0035777667071670294,0.0011075438233092427,0.000770222453866154,0.0,0.5045049786567688,0.05340144783258438,0.45408880710601807
982.0,983.0,True,presidenta,closeup,,,0.8983979225158691,0.006296407897025347,0.01176534779369831,0.06254369020462036,0.01588040217757225,0.004037076607346535,0.001079213572666049,0.0,0.07902534306049347,0.06189557909965515,0.5393649935722351
983.0,984.0,True,presidenta,closeup,,,0.2851060926914215,0.01411520130932331,0.009526715613901615,0.6055870056152344,0.08335795253515244,0.001998376101255417,0.0003086483629886061,0.0,0.1106756180524826,0.2189357727766037,0.2456710785627365
984.0,985.0,True,presidenta,closeup,,,0.9731231927871704,0.01038153376430273,0.0021306450944393873,0.012731869705021381,0.0011504205176606774,0.0004263359005562961,5.600275471806526e-05,0.0,0.15175947546958923,0.12972863018512726,0.2286909967660904
985.0,986.0,True,presidenta,closeup,,,0.7953814268112183,0.20221126079559326,0.0009547279332764447,0.0004618357343133539,3.55018419213593e-05,0.0005728827090933919,0.0003824037848971784,0.0,0.3235971927642822,0.27789580821990967,0.626947820186615
986.0,987.0,True,presidenta,closeup,,,0.8848503828048706,0.10214923322200775,0.003913398366421461,0.007504390086978674,0.0002479705144651234,0.00046974062570370734,0.0008648825460113585,0.0,0.11267940700054169,0.14727482199668884,0.44680240750312805
987.0,988.0,True,presidenta,closeup,,,0.6976960301399231,0.004285670816898346,0.021411919966340065,0.26994213461875916,0.006230421829968691,6.885732727823779e-05,0.00036497641121968627,0.0,0.42691460251808167,0.043678220361471176,0.4133855104446411
988.0,989.0,True,presidenta,closeup,,,0.18524900078773499,0.0009912155801430345,0.0015024541644379497,0.8120073080062866,0.00017627239867579192,6.962523184483871e-05,4.132716640015133e-06,0.0,0.21862955391407013,0.049790795892477036,0.27542781829833984
989.0,990.0,True,presidenta,closeup,,,0.9213801622390747,0.010921835899353027,0.004289423115551472,0.05876566469669342,0.0003700018860399723,0.0015057040145620704,0.002767215482890606,0.0,0.28017178177833557,0.057211846113204956,0.32425975799560547
990.0,991.0,True,presidenta,closeup,,,0.9616455435752869,0.0025745241437107325,0.016270816326141357,0.016329165548086166,0.0010252734646201134,0.002041897037997842,0.00011274803546257317,0.0,0.41376087069511414,0.041856616735458374,0.5375763773918152
991.0,992.0,True,presidenta,closeup,,,0.8949440121650696,0.026284657418727875,0.004072340205311775,0.07134601473808289,0.0025047888047993183,0.0004891508142463863,0.00035901740193367004,0.0,0.1554410308599472,0.08551566302776337,0.5583498477935791
992.0,993.0,True,presidenta,closeup,,,0.9697434902191162,0.026909351348876953,0.0016581994714215398,0.0012482604943215847,0.00037160859210416675,1.557002542540431e-05,5.352123116608709e-05,0.0,0.1780746430158615,0.10841717571020126,0.4013125002384186
993.0,994.0,True,presidenta,closeup,,,0.160441592335701,0.0009749614982865751,0.008681955747306347,0.5254226922988892,0.303648442029953,0.0006193433655425906,0.00021092464157845825,0.0,0.07223514467477798,0.04723931476473808,0.3524421751499176
994.0,995.0,True,presidenta,closeup,,,0.662178635597229,0.024771010503172874,0.020380932837724686,0.280793696641922,0.001609012600965798,0.00990201160311699,0.0003647183475550264,0.0,0.5511847734451294,0.03377154469490051,0.6202690601348877
995.0,996.0,True,presidenta,closeup,,,0.876250147819519,0.09547161310911179,0.004928063601255417,0.01982150413095951,0.00027465997845865786,0.001316170091740787,0.0019378263968974352,0.0,0.06673672050237656,0.04483700543642044,0.5595974922180176
996.0,997.0,True,presidenta,closeup,,,0.8518872857093811,0.05861491337418556,0.0015290796291083097,0.08274567872285843,0.0009101665928028524,0.003532412461936474,0.0007804517517797649,0.0,0.25795257091522217,0.05102669447660446,0.4245617389678955
997.0,998.0,True,presidenta,closeup,,,0.9645910859107971,0.016685405746102333,0.002659035846590996,0.006972892209887505,0.0013168593868613243,0.00469608511775732,0.0030786695424467325,0.0,0.3996725082397461,0.029634838923811913,0.3979726731777191
998.0,999.0,True,presidenta,closeup,,,0.6593385934829712,0.019246386364102364,0.010228990577161312,0.3088352382183075,0.0008215713314712048,0.0012499529402703047,0.0002792695304378867,0.0,0.3956141769886017,0.07598543912172318,0.5358530282974243
999.0,1000.0,True,presidenta,closeup,,,0.7440391182899475,0.0020892489701509476,0.0015537756262347102,0.25198787450790405,6.729426240781322e-05,0.0002554756647441536,7.178369287430542e-06,0.0,0.1887122094631195,0.06017196923494339,0.5085515975952148
1000.0,1001.0,True,presidenta,closeup,,,0.7201368808746338,0.10567378252744675,0.0015849252231419086,0.16122514009475708,0.0023544300347566605,0.0025399646256119013,0.00648484518751502,0.0,0.15854355692863464,0.06025851517915726,0.5797422528266907
1001.0,1002.0,True,presidenta,closeup,,,0.572094202041626,0.4204864501953125,0.000605628069024533,0.0027940403670072556,0.0001748480717651546,0.002450263127684593,0.0013945813989266753,0.0,0.1300150752067566,0.10712523013353348,0.736376941204071
1002.0,1003.0,True,presidenta,closeup,,,0.018419945612549782,0.008936463855206966,0.002308893483132124,0.959267258644104,0.010008485056459904,0.001040425500832498,1.8506843844079413e-05,0.0,0.06083593890070915,0.05722339451313019,0.46487751603126526
1003.0,1004.0,True,presidenta,closeup,,,0.8178487420082092,0.001530058216303587,0.00430468050763011,0.17579199373722076,0.0001336249551968649,0.0003801077837124467,1.0863512216019444e-05,0.0,0.18667127192020416,0.04889237880706787,0.5068662762641907
1004.0,1005.0,True,presidenta,closeup,,,0.9079464673995972,0.056976985186338425,0.015248100273311138,0.010729913599789143,0.0006962980260141194,0.006624357309192419,0.0017778464825823903,0.0,0.06168634071946144,0.4901929795742035,0.6282893419265747
1005.0,1006.0,True,presidenta,closeup,,,0.7490894198417664,0.1953943520784378,0.002223728457465768,0.04633163660764694,0.0013335266849026084,0.0004412457055877894,0.00518612377345562,0.0,0.06445872783660889,0.23917293548583984,0.4565759599208832
1006.0,1007.0,True,presidenta,closeup,,,0.8061524629592896,0.18696661293506622,0.0009860475547611713,0.004143211990594864,0.0002260097535327077,0.0002293174620717764,0.0012963959015905857,0.0,0.14324401319026947,0.062228012830019,0.5090624094009399
1007.0,1008.0,True,presidenta,closeup,,,0.9352761507034302,0.012927030213177204,0.0016445600194856524,0.04265188053250313,0.003954901825636625,0.0018340348033234477,0.0017113647190853953,0.0,0.09354019910097122,0.04208539426326752,0.47292131185531616
1008.0,1009.0,True,presidenta,closeup,,,0.9600887298583984,0.021946871653199196,0.005156026221811771,0.011045953258872032,0.0011960152769461274,0.0001703019515844062,0.0003960764443036169,0.0,0.4735434353351593,0.1598663330078125,0.5531280636787415
1009.0,1010.0,True,presidenta,closeup,,,0.20102909207344055,0.033999402076005936,0.0016638225642964244,0.7554846405982971,0.003679296700283885,0.0009113104897551239,0.00323245907202363,0.0,0.3160867393016815,0.14047257602214813,0.34217384457588196
1010.0,1011.0,True,presidenta,closeup,,,0.37277448177337646,0.021073274314403534,0.01002340018749237,0.5235146880149841,0.07231630384922028,0.0001125638882513158,0.00018524096230976284,0.0,0.0828198492527008,0.22131235897541046,0.30593550205230713
1011.0,1012.0,True,presidenta,closeup,,,0.9935941100120544,0.0018052118830382824,0.003855565097182989,0.00044068312854506075,3.1083854992175475e-05,0.000241460045799613,3.191249197698198e-05,0.0,0.256459504365921,0.1063486635684967,0.4524531960487366
1012.0,1013.0,True,presidenta,closeup,,,0.9507082104682922,0.009008883498609066,0.004319632891565561,0.03480324521660805,0.0005692730192095041,0.0002958732657134533,0.0002948425826616585,0.0,0.11668547242879868,0.07835285365581512,0.45949819684028625
1013.0,1014.0,True,presidenta,closeup,,,0.3978531062602997,0.0029639797285199165,0.002573619596660137,0.5955683588981628,0.000356008269591257,0.0006070866365917027,7.78701069066301e-05,0.0,0.2720602750778198,0.062739796936512,0.3786078691482544
1014.0,1015.0,True,presidenta,closeup,,,0.8109368681907654,0.1594190150499344,0.006763248238712549,0.017226524651050568,0.0011052609188482165,0.0010111003648489714,0.0035380155313760042,0.0,0.4478028416633606,0.12454627454280853,0.5485422015190125
1015.0,1016.0,True,presidenta,closeup,,,0.9576049447059631,0.03902991861104965,0.0012289370642974973,0.0013471064157783985,0.00016341469017788768,0.00010671652853488922,0.0005189971416257322,0.0,0.08851058781147003,0.04013822600245476,0.5835006833076477
1016.0,1017.0,True,presidenta,closeup,,,0.9871264100074768,0.003674185136333108,0.005528041161596775,0.003203281667083502,2.9576334782177582e-05,0.0004068833659403026,3.160061896778643e-05,0.0,0.44359347224235535,0.2208627611398697,0.6178837418556213
1017.0,1018.0,True,presidenta,closeup,,,0.8056119680404663,0.04314334690570831,0.040998511016368866,0.008632015436887741,0.0006622091750614345,0.010565605014562607,0.0903862938284874,0.0,0.5800715088844299,0.05213012918829918,0.6024879813194275
1018.0,1019.0,True,presidenta,closeup,,,0.877493143081665,0.0437203012406826,0.005205540452152491,0.041709430515766144,0.0008958438411355019,0.001286968938075006,0.029688797891139984,0.0,0.09588224440813065,0.05721680074930191,0.5891852974891663
1019.0,1020.0,True,presidenta,closeup,,,0.40176284313201904,0.021715091541409492,0.005971557926386595,0.5648863911628723,0.00413426524028182,0.0007434278377331793,0.0007863696664571762,0.0,0.2808462977409363,0.2191515862941742,0.32284584641456604
1020.0,1021.0,True,presidenta,closeup,,,0.9890254139900208,0.007306120824068785,0.0010353786638006568,0.0023155768867582083,5.2984316425863653e-05,0.00011490326141938567,0.0001496201875852421,0.0,0.16861645877361298,0.026670115068554878,0.2557202875614166
1021.0,1022.0,True,presidenta,closeup,,,0.8189108371734619,0.06169481202960014,0.00624850345775485,0.10659689456224442,0.0007262048893608153,0.0016010063700377941,0.004221727605909109,0.0,0.3088373839855194,0.06925473362207413,0.3668228089809418
1022.0,1023.0,True,presidenta,closeup,,,0.9736059308052063,0.011575465090572834,0.011435506865382195,0.0014633496757596731,0.0001790688984328881,0.0014731682604178786,0.0002675752912182361,0.0,0.26933106780052185,0.07105705142021179,0.48768261075019836
1023.0,1024.0,True,presidenta,closeup,,,0.8063835501670837,0.05536489933729172,0.027995558455586433,0.002240473171696067,0.00027222916833125055,0.0032735238783061504,0.10446983575820923,0.0,0.35519444942474365,0.08948367834091187,0.48999348282814026
1024.0,1025.0,True,presidenta,closeup,,,0.9307480454444885,0.0567321702837944,0.010018611326813698,0.00046864079195074737,0.00015998055459931493,0.00031489948742091656,0.0015576336300000548,0.0,0.5618964433670044,0.06453128904104233,0.5406054258346558
1025.0,1026.0,True,presidenta,closeup,,,0.6310151219367981,0.25423452258110046,0.007324728183448315,0.03042200766503811,0.000573288241866976,0.0024442062713205814,0.07398616522550583,0.0,0.39302825927734375,0.45723992586135864,0.46040359139442444
1026.0,1027.0,True,presidenta,closeup,,,0.8151699900627136,0.03884793445467949,0.006780229043215513,0.1347435861825943,0.0017399530624970794,0.00043401759467087686,0.0022842532489448786,0.0,0.28757891058921814,0.08868450671434402,0.4852496087551117
1027.0,1028.0,True,presidenta,closeup,,,0.7567004561424255,0.2119651585817337,0.008890442550182343,0.006333294324576855,0.00019782762683462352,0.00017580056737642735,0.015737006440758705,0.0,0.5344196557998657,0.11913282424211502,0.5010086297988892
1028.0,1029.0,True,presidenta,closeup,,,0.7372320890426636,0.003755604149773717,0.012898710556328297,0.2442743182182312,0.00030632156995125115,0.0012380577391013503,0.00029487014398910105,0.0,0.165033221244812,0.06613224744796753,0.6144489645957947
1029.0,1030.0,True,presidenta,closeup,,,0.45106738805770874,0.035581398755311966,0.019658006727695465,0.4824144244194031,0.003227307228371501,0.004093174822628498,0.003958331886678934,0.0,0.15094690024852753,0.13650232553482056,0.3756159842014313
1030.0,1031.0,True,presidenta,closeup,,,0.7568258047103882,0.06576571613550186,0.004838516004383564,0.16854606568813324,0.0034263785928487778,0.0002778237103484571,0.0003196651814505458,0.0,0.2403605431318283,0.09422317147254944,0.4625426232814789
1031.0,1032.0,True,presidenta,closeup,,,0.9261007905006409,0.029702330008149147,0.004280060064047575,0.03328865021467209,0.0017388383857905865,0.0027160595636814833,0.0021732235327363014,0.0,0.14150570333003998,0.08789170533418655,0.4609978497028351
1032.0,1033.0,True,presidenta,closeup,,,0.6051678657531738,0.35459575057029724,0.001399580156430602,0.025921644642949104,0.000560907821636647,0.0015517491847276688,0.010802588425576687,0.0,0.22341667115688324,0.12089654803276062,0.5621182322502136
1033.0,1034.0,True,presidenta,closeup,,,0.7071181535720825,0.038367971777915955,0.007746289949864149,0.24402941763401031,0.002194256754592061,0.0002900132385548204,0.0002538932312745601,0.0,0.043602824211120605,0.15761619806289673,0.300126850605011
1034.0,1035.0,True,presidenta,closeup,,,0.8671347498893738,0.04019147902727127,0.00505064707249403,0.08274510502815247,0.003452728735283017,0.0005618708673864603,0.000863359950017184,0.0,0.053807105869054794,0.15673762559890747,0.39648765325546265
1035.0,1036.0,True,presidenta,closeup,,,0.9547142386436462,0.0315263532102108,0.002631865441799164,0.003615353722125292,0.0004570943128783256,0.0010175608331337571,0.006037588696926832,0.0,0.2684866189956665,0.08769496530294418,0.55281001329422
1036.0,1037.0,True,presidenta,closeup,,,0.9748852849006653,0.004010396543890238,0.006700259633362293,0.011333218775689602,0.0005446596769616008,0.0010904819937422872,0.0014356947503983974,0.0,0.35812413692474365,0.06075470894575119,0.37258049845695496
1037.0,1038.0,True,presidenta,closeup,,,0.3466682732105255,0.027306096628308296,0.006213739514350891,0.6103352308273315,0.0018758474616333842,0.0036716507747769356,0.003929161466658115,0.0,0.44111648201942444,0.1398717612028122,0.3340437114238739
1038.0,1039.0,True,presidenta,closeup,,,0.6235588788986206,0.009087465703487396,0.008494855836033821,0.3531901240348816,0.0018909908831119537,0.002864961512386799,0.0009126996737904847,0.0,0.3522675037384033,0.07769046723842621,0.4640994071960449
1039.0,1040.0,True,presidenta,closeup,,,0.9844533801078796,0.009747997857630253,0.004398017656058073,0.0005873070913366973,7.998733053682372e-05,0.00038344430504366755,0.00034983939258381724,0.0,0.30364397168159485,0.0912136361002922,0.3850618302822113
1040.0,1041.0,True,presidenta,closeup,,,0.8968418836593628,0.008714908733963966,0.034064486622810364,0.018895504996180534,0.013905316591262817,0.0049212099984288216,0.022656679153442383,0.0,0.2997908890247345,0.06336576491594315,0.44017571210861206
1041.0,1042.0,True,presidenta,closeup,,,0.7856415510177612,0.07743166387081146,0.00455001974478364,0.042954571545124054,0.011756200343370438,0.0055745611898601055,0.07209146022796631,0.0,0.2487712949514389,0.06597498804330826,0.37693339586257935
1042.0,1043.0,True,presidenta,closeup,,,0.7630267143249512,0.09468703716993332,0.006685156840831041,0.12764322757720947,0.0023851406294852495,0.0003541096521075815,0.0052186413668096066,0.0,0.1477091908454895,0.13403677940368652,0.33751118183135986
1043.0,1044.0,True,presidenta,closeup,,,0.7711920142173767,0.11901829391717911,0.005890224128961563,0.09276608377695084,0.0025831277016550303,0.0008863451657816768,0.00766393356025219,0.0,0.06583558022975922,0.09250108152627945,0.3569016456604004
1044.0,1045.0,True,presidenta,closeup,,,0.7810648083686829,0.009669248946011066,0.005660189315676689,0.17662236094474792,0.001402634079568088,0.0035916233900934458,0.02198914624750614,0.0,0.14831767976284027,0.06078428030014038,0.36821824312210083
1045.0,1046.0,True,presidenta,closeup,,,0.1311279982328415,0.02331394888460636,0.039445310831069946,0.5942589640617371,0.20691581070423126,0.0024019598495215178,0.0025360053405165672,0.0,0.08085784316062927,0.6139252185821533,0.15412591397762299
1046.0,1047.0,True,presidenta,closeup,,,0.8581103682518005,0.036805856972932816,0.019935812801122665,0.07373660057783127,0.009241833351552486,0.0016134182224050164,0.0005561320576816797,0.0,0.05732912942767143,0.04171076789498329,0.6638656258583069
1047.0,1048.0,True,presidenta,closeup,,,0.9393003582954407,0.031046004965901375,0.0023057805374264717,0.017200302332639694,0.0014528874307870865,0.0016007067169994116,0.0070939138531684875,0.0,0.08777336031198502,0.06585248559713364,0.2976010739803314
1048.0,1049.0,True,presidenta,closeup,,,0.7812601923942566,0.019696522504091263,0.0069582839496433735,0.18353767693042755,0.0017851688899099827,0.00190259818919003,0.00485954387113452,0.0,0.15990662574768066,0.19371405243873596,0.3486849367618561
1049.0,1050.0,True,presidenta,closeup,,,0.39862290024757385,0.022636784240603447,0.0031162213999778032,0.5521844029426575,0.020459992811083794,0.0009327420266345143,0.002046896843239665,0.0,0.2299121618270874,0.06779326498508453,0.4091452360153198
1050.0,1051.0,True,presidenta,closeup,,,0.914929986000061,0.036293137818574905,0.002400150755420327,0.04320280998945236,0.0005869808373972774,0.0008034466300159693,0.0017834577010944486,0.0,0.07992767542600632,0.11409341543912888,0.4341801404953003
1051.0,1052.0,True,presidenta,closeup,,,0.9281553030014038,0.057886190712451935,0.0026597012765705585,0.010270343162119389,0.00021699952776543796,0.0004548938886728138,0.0003566074010450393,0.0,0.08966333419084549,0.15063676238059998,0.5707614421844482
1052.0,1053.0,True,presidenta,closeup,,,0.9651862978935242,0.021544422954320908,0.004484649747610092,0.007765780668705702,0.0007314862450584769,0.00010208387539023533,0.0001852121204137802,0.0,0.05135981738567352,0.024587685242295265,0.3554695248603821
1053.0,1054.0,True,presidenta,closeup,,,0.9680463075637817,0.005888460204005241,0.02102195844054222,0.0019270074553787708,0.00014425373228732497,0.002190022263675928,0.000782029761467129,0.0,0.0525301955640316,0.02562377043068409,0.5044031143188477
1054.0,1055.0,True,presidenta,closeup,,,0.5019518136978149,0.06331250816583633,0.003317066002637148,0.42577117681503296,0.0039840699173510075,0.0008454360649921,0.0008178492425940931,0.0,0.049668628722429276,0.02247248776257038,0.4586043357849121
1055.0,1056.0,True,presidenta,closeup,,,0.8414551019668579,0.14579246938228607,0.003050924278795719,0.005779155995696783,0.0006109033711254597,0.0005754541489295661,0.002735976129770279,0.0,0.0864907056093216,0.03233400732278824,0.4942994713783264
1056.0,1057.0,True,presidenta,closeup,,,0.8883960843086243,0.10136043280363083,0.009554341435432434,6.139939796412364e-05,0.0001017401518765837,0.00036024811561219394,0.00016577284259255975,0.0,0.3414802551269531,0.14967046678066254,0.43319499492645264
1057.0,1058.0,True,presidenta,closeup,,,0.1524312049150467,0.820185124874115,0.0011008770670741796,0.023940524086356163,0.00023221106675919145,8.844310650601983e-05,0.0020215725526213646,0.0,0.3088248074054718,0.6941782236099243,0.44854673743247986
1058.0,1059.0,True,presidenta,closeup,,,0.7447813749313354,0.24850335717201233,0.001136201899498701,0.0025166484992951155,0.00016497242904733866,0.0010422436753287911,0.001855196780525148,0.0,0.17567375302314758,0.037236813455820084,0.5520709156990051
1059.0,1060.0,True,presidenta,closeup,,,0.7346844673156738,0.02135908603668213,0.002021800959482789,0.23843985795974731,0.000948037370108068,0.0024519041180610657,9.486256749369204e-05,0.0,0.04610076919198036,0.05282636731863022,0.2691112458705902
1060.0,1061.0,True,presidenta,closeup,,,0.6250367164611816,0.038074079900979996,0.004517951048910618,0.3227583169937134,0.003949579317122698,0.004060798324644566,0.0016024867072701454,0.0,0.20265692472457886,0.1085735484957695,0.31213316321372986
1061.0,1062.0,True,presidenta,closeup,,,0.8967408537864685,0.0581606961786747,0.004666571505367756,0.03300284594297409,0.0004695555253420025,0.002513191429898143,0.004446294158697128,0.0,0.1442452222108841,0.06375576555728912,0.3817882835865021
1062.0,1063.0,True,presidenta,closeup,,,0.6496869325637817,0.06879182904958725,0.04506470635533333,0.05464755371212959,0.007695081178098917,0.008990024216473103,0.1651238650083542,0.0,0.27942097187042236,0.11828268319368362,0.29788076877593994
1063.0,1064.0,True,presidenta,closeup,,,0.7488222122192383,0.02940124273300171,0.0076541113667190075,0.1562815010547638,0.011994106695055962,0.0414920337498188,0.004354849457740784,0.0,0.1585424691438675,0.04394187033176422,0.4147089123725891
1064.0,1065.0,True,presidenta,closeup,,,0.9494935274124146,0.011839230544865131,0.005682147573679686,0.023601245135068893,0.003141625551506877,0.003864700673148036,0.002377521712332964,0.0,0.1837826520204544,0.05347135663032532,0.3640463650226593
1065.0,1066.0,True,presidenta,closeup,,,0.5306198000907898,0.039221350103616714,0.003943230956792831,0.10498127341270447,0.009550695307552814,0.07709512114524841,0.23458845913410187,0.0,0.15091776847839355,0.052814655005931854,0.26603227853775024
1066.0,1067.0,True,presidenta,closeup,,,0.16447533667087555,0.012365324422717094,0.0013422451447695494,0.8088655471801758,0.005582867190241814,0.005126988049596548,0.00224164011888206,0.0,0.13933143019676208,0.09753216058015823,0.356147438287735
1067.0,1068.0,True,presidenta,closeup,,,0.7073900699615479,0.07529417425394058,0.007310905493795872,0.18475785851478577,0.019578488543629646,0.0033552590757608414,0.002313251607120037,0.0,0.10843275487422943,0.1385904848575592,0.3402423858642578
1068.0,1069.0,True,presidenta,closeup,,,0.9480961561203003,0.027870653197169304,0.003477511228993535,0.013357069343328476,0.002557594794780016,0.002812999067828059,0.0018280092626810074,0.0,0.025742392987012863,0.07976368814706802,0.3735877573490143
1069.0,1070.0,True,presidenta,closeup,,,0.9477844834327698,0.013076581060886383,0.0010806136997416615,0.03679788485169411,0.00023443037935066968,0.0009076231508515775,0.00011846412962768227,0.0,0.15123482048511505,0.052167512476444244,0.6795461177825928
1070.0,1071.0,True,presidenta,closeup,,,0.9794426560401917,0.011255567893385887,0.0013103190576657653,0.005560871213674545,0.00017218825814779848,0.0014062331756576896,0.0008521579438820481,0.0,0.261199951171875,0.05995886027812958,0.3781484365463257
1071.0,1072.0,True,presidenta,closeup,,,0.9885737895965576,0.008014988154172897,0.002084433799609542,0.0008398954523727298,9.998241876019165e-05,0.0002623643376864493,0.000124530924949795,0.0,0.08696974813938141,0.07458256185054779,0.3804567754268646
1072.0,1073.0,True,presidenta,closeup,,,0.6758036613464355,0.06351062655448914,0.006520508788526058,0.23785662651062012,0.0054717157036066055,0.010332135483622551,0.0005047707818448544,0.0,0.07465529441833496,0.12122403085231781,0.4768974483013153
1073.0,1074.0,True,presidenta,closeup,,,0.05367909371852875,0.0031452609691768885,0.004148061852902174,0.8822987675666809,0.054296232759952545,0.002079601399600506,0.0003529940149746835,0.0,0.10527068376541138,0.09504003077745438,0.31346508860588074
1074.0,1075.0,True,presidenta,closeup,,,0.17099881172180176,0.005331979598850012,0.011261382140219212,0.7870785593986511,0.01591194048523903,0.00848348904401064,0.0009337927913293242,0.0,0.05886263772845268,0.027653519064188004,0.2280985563993454
1075.0,1076.0,True,presidenta,closeup,,,0.16489148139953613,0.001305735670030117,0.0014161162544041872,0.8301486968994141,0.0002164747129427269,0.0019046688685193658,0.00011682690819725394,0.0,0.04750830680131912,0.047708481550216675,0.44299760460853577
1076.0,1077.0,True,presidenta,closeup,,,0.8454069495201111,0.05645795166492462,0.002481486415490508,0.021409794688224792,0.0004330978845246136,0.07026290893554688,0.003547766711562872,0.0,0.7045005559921265,0.23368947207927704,0.37330499291419983
1077.0,1078.0,False,,wide,,,,,,,,,,,,,
1078.0,1079.0,False,,wide,,,,,,,,,,,,,
1079.0,1080.0,False,,wide,,,,,,,,,,,,,
1080.0,1081.0,True,otro,closeup,,,0.8550674915313721,0.012742776423692703,0.0032694898545742035,0.013574237003922462,2.738529656198807e-05,0.11252543330192566,0.0027932296507060528,0.0,0.0663013756275177,0.342766672372818,0.4946206510066986
1081.0,1082.0,True,otro,closeup,,,0.22110538184642792,0.6810966730117798,0.0013745755422860384,0.005358686204999685,5.448112642625347e-05,0.022016990929841995,0.06899317353963852,0.0,0.17644943296909332,0.7233209609985352,0.4169449210166931
1082.0,1083.0,True,otro,closeup,,,0.04327663034200668,0.8726089596748352,0.0009181083296425641,0.009186312556266785,4.598079976858571e-05,0.02160552330315113,0.052358534187078476,0.0,0.13246627151966095,0.7086614966392517,0.39003613591194153
1083.0,1084.0,True,otro,closeup,,,0.2631656229496002,0.6211313009262085,0.004429142456501722,0.006228395737707615,0.00010300039139110595,0.06246592476963997,0.04247663542628288,0.0,0.20521648228168488,0.7299878001213074,0.4952179491519928
1084.0,1085.0,True,otro,closeup,,,0.21379557251930237,0.743281364440918,0.0014982925495132804,0.0009618321200832725,2.944637708424125e-05,0.017611458897590637,0.022822007536888123,0.0,0.16677595674991608,0.7188110947608948,0.47510743141174316
1085.0,1086.0,True,otro,closeup,,,0.6731342077255249,0.2596777081489563,0.00835389830172062,0.0038662233855575323,0.00016624869022052735,0.04625657945871353,0.008545137010514736,0.0,0.7404256463050842,0.8726599812507629,0.6770298480987549
1086.0,1087.0,True,otro,closeup,,,0.15701264142990112,0.01002915296703577,0.20370958745479584,0.00012517069990281016,3.897913848049939e-05,0.6280475854873657,0.001036762841977179,0.0,0.10941606014966965,0.18295522034168243,0.4255267381668091
1087.0,1088.0,True,otro,closeup,,,0.26009848713874817,0.004981097765266895,0.34225592017173767,5.988071643514559e-05,6.911368836881593e-05,0.39115995168685913,0.0013755809050053358,0.0,0.3145402669906616,0.3001019358634949,0.6835200786590576
1088.0,1089.0,True,otro,closeup,,,0.9268905520439148,0.020313534885644913,0.018009457737207413,0.011870518326759338,0.0007265054737217724,0.022031908854842186,0.00015748917940072715,0.0,0.3205638527870178,0.18897151947021484,0.42739176750183105
1089.0,1090.0,True,otro,closeup,,,0.742369532585144,0.012540820054709911,0.04741000756621361,0.0045738061890006065,0.001018128707073629,0.1774357408285141,0.014651937410235405,0.0,0.5532197952270508,0.30996182560920715,0.44055816531181335
1090.0,1091.0,True,otro,closeup,,,0.8427131772041321,0.010263258591294289,0.065399169921875,0.0016703177243471146,0.0009900170844048262,0.07105900347232819,0.007905010133981705,0.0,0.47714370489120483,0.27538496255874634,0.3636294901371002
1091.0,1092.0,True,otro,closeup,,,0.8455438017845154,0.02547334134578705,0.06932949274778366,0.0024363421835005283,0.0015347644221037626,0.05337049067020416,0.002311804099008441,0.0,0.5380846261978149,0.39094892144203186,0.3607673943042755
1092.0,1093.0,True,otro,closeup,,,0.652675449848175,0.011267861351370811,0.059612102806568146,0.0004694329109042883,0.00025677410303615034,0.2732992470264435,0.0024191197007894516,0.0,0.5513706803321838,0.4501790702342987,0.43967634439468384
1093.0,1094.0,True,otro,closeup,,,0.30155089497566223,0.0067356969229876995,0.30067533254623413,0.00046819698764011264,0.0005976686370559037,0.38188520073890686,0.0080869747325778,0.0,0.588895857334137,0.4498974084854126,0.5928068161010742
1094.0,1095.0,True,otro,closeup,,,0.9091726541519165,0.01112608052790165,0.017762206494808197,0.010395987890660763,0.0072720833122730255,0.0439019538462162,0.00036903240834362805,0.0,0.4192512035369873,0.41151556372642517,0.36333000659942627
1095.0,1096.0,True,otro,closeup,,,0.9244841933250427,0.01705215312540531,0.019364940002560616,0.005507631693035364,0.00567238125950098,0.027582159265875816,0.0003365006123203784,0.0,0.4973473846912384,0.2892475724220276,0.4269121289253235
1096.0,1097.0,True,otro,closeup,,,0.38383764028549194,0.004813444800674915,0.08121860772371292,0.0015784589340910316,0.0015603877836838365,0.5000331997871399,0.02695825695991516,0.0,0.36658647656440735,0.37871575355529785,0.33852624893188477
1097.0,1098.0,True,otro,closeup,,,0.6875661611557007,0.011025718413293362,0.2015056163072586,0.01538254227489233,0.007308219093829393,0.0680963397026062,0.009115470573306084,0.0,0.16101369261741638,0.08002258092164993,0.6739183068275452
1098.0,1099.0,True,otro,closeup,,,0.8398401141166687,0.01730971783399582,0.0575125627219677,0.002732897875830531,0.005837261211127043,0.07556178420782089,0.0012056264095008373,0.0,0.5987578630447388,0.2518368363380432,0.4709576964378357
1099.0,1100.0,True,otro,closeup,,,0.4929197132587433,0.009474199265241623,0.1167522743344307,0.0014389179414138198,0.0015996884321793914,0.37279805541038513,0.005017130635678768,0.0,0.4123340845108032,0.3204629421234131,0.42628827691078186
1100.0,1101.0,True,otro,closeup,,,0.33377450704574585,0.056306175887584686,0.1048506572842598,0.0009980513714253902,0.0008286670199595392,0.24058897793293,0.2626529335975647,0.0,0.5528781414031982,0.3794066309928894,0.4838367700576782
1101.0,1102.0,True,otro,closeup,,,0.28593674302101135,0.010026494972407818,0.3350120186805725,0.0005354227614589036,0.000272883364232257,0.3627064526081085,0.0055099730379879475,0.0,0.5040658712387085,0.37993124127388,0.6292323470115662
1102.0,1103.0,True,otro,closeup,,,0.7957887053489685,0.0390043780207634,0.03935172036290169,0.021585842594504356,0.007263539358973503,0.09521489590406418,0.0017908669542521238,0.0,0.36370694637298584,0.4123947024345398,0.18359756469726562
1103.0,1104.0,True,otro,closeup,,,0.43796107172966003,0.044842518866062164,0.025516962632536888,0.001189999165944755,0.0015473496168851852,0.3816356658935547,0.10730653256177902,0.0,0.3274344801902771,0.5334079265594482,0.6706001162528992
1104.0,1105.0,True,otro,closeup,,,0.6013893485069275,0.013973899185657501,0.13730736076831818,0.0034722627606242895,0.0034078415483236313,0.2301584631204605,0.010290790349245071,0.0,0.4909268915653229,0.4052085876464844,0.36755791306495667
1105.0,1106.0,True,otro,closeup,,,0.3843288719654083,0.01822754554450512,0.12393941730260849,0.00032098128576762974,0.00022547032858710736,0.46525952219963074,0.007698175497353077,0.0,0.3633400797843933,0.3561877906322479,0.43893495202064514
1106.0,1107.0,True,otro,closeup,,,0.4467442035675049,0.06244659051299095,0.08469745516777039,0.0006095536518841982,0.0007340220035985112,0.3230123817920685,0.08175577968358994,0.0,0.5635933876037598,0.6698976159095764,0.4863843023777008
1107.0,1108.0,True,otro,closeup,,,0.509624183177948,0.021568065509200096,0.041871942579746246,0.0015042208833619952,0.004250964615494013,0.2295282483100891,0.19165243208408356,0.0,0.36794331669807434,0.5227382183074951,0.5453311204910278
1108.0,1109.0,True,otro,closeup,,,0.1803276538848877,0.03042072243988514,0.38020458817481995,0.00010692569776438177,0.00011236600403208286,0.3759801983833313,0.032847583293914795,0.0,0.2376152127981186,0.5074207782745361,0.59620201587677
1109.0,1110.0,True,otro,closeup,,,0.87534499168396,0.056037623435258865,0.03564392775297165,0.0015066780615597963,0.0003750489850062877,0.02933553047478199,0.0017562307184562087,0.0,0.44607821106910706,0.46782368421554565,0.46025407314300537
1110.0,1111.0,True,otro,closeup,,,0.06063384190201759,0.3846209645271301,0.4200063645839691,0.0019318154081702232,0.0002478759561199695,0.11340900510549545,0.01915009506046772,0.0,0.2215951532125473,0.6921769976615906,0.5414965748786926
1111.0,1112.0,True,otro,closeup,,,0.6964031457901001,0.24145759642124176,0.027297629043459892,0.0046631102450191975,0.00108060403726995,0.025755008682608604,0.003342838492244482,0.0,0.46414974331855774,0.6165711879730225,0.5576610565185547
1112.0,1113.0,True,otro,closeup,,,0.46246421337127686,0.06327056884765625,0.05212707445025444,0.00132114184089005,0.0012587376404553652,0.24203243851661682,0.17752580344676971,0.0,0.3277004063129425,0.3900441527366638,0.5668560266494751
1113.0,1114.0,True,otro,closeup,,,0.6675471067428589,0.09263930469751358,0.0682709813117981,0.0004250045749358833,0.0006096083670854568,0.1653243899345398,0.005183573812246323,0.0,0.4967735707759857,0.26756536960601807,0.746545672416687
1114.0,1115.0,True,otro,closeup,,,0.18088398873806,0.008282355032861233,0.008232149295508862,0.7928197979927063,0.0035086108837276697,0.003368746256455779,0.0029043082613497972,0.0,0.46320512890815735,0.3574272096157074,0.5353052020072937
1115.0,1116.0,True,otro,closeup,,,0.7824136018753052,0.013826998881995678,0.1649366021156311,0.016297854483127594,0.0028359689749777317,0.019180957227945328,0.0005080094560980797,0.0,0.4618857800960541,0.32164376974105835,0.5311390161514282
1116.0,1117.0,True,otro,closeup,,,0.6901534199714661,0.013864562846720219,0.10642029345035553,0.0008574802777729928,0.0030034640803933144,0.17246411740779877,0.01323664654046297,0.0,0.42149919271469116,0.3395809829235077,0.49728140234947205
1117.0,1118.0,True,otro,closeup,,,0.8946840763092041,0.010397379286587238,0.055992431938648224,0.00044458539923653007,0.001146379392594099,0.03636537864804268,0.0009697945206426084,0.0,0.4778413474559784,0.32404741644859314,0.5970032215118408
1118.0,1119.0,True,otro,closeup,,,0.7647015452384949,0.004109436646103859,0.0788622573018074,0.000830692530144006,0.0021789148449897766,0.1476137936115265,0.0017033012118190527,0.0,0.33595314621925354,0.34749913215637207,0.4763706922531128
1119.0,1120.0,True,otro,closeup,,,0.11197371780872345,0.022406183183193207,0.02707228809595108,0.003557689255103469,0.005685065407305956,0.0863749235868454,0.7429301142692566,0.0,0.3129951059818268,0.23563843965530396,0.3432266414165497
1120.0,1121.0,True,otro,closeup,,,0.28727957606315613,0.010361877270042896,0.02184176631271839,0.6588917374610901,0.006966634187847376,0.011911398731172085,0.0027469219639897346,0.0,0.24808616936206818,0.3881582021713257,0.24266009032726288
1121.0,1122.0,True,otro,closeup,,,0.9149842858314514,0.0027645325753837824,0.04433531314134598,0.016448430716991425,0.0005741181084886193,0.019897986203432083,0.0009953067637979984,0.0,0.2896277904510498,0.24737420678138733,0.4377132058143616
1122.0,1123.0,True,otro,closeup,,,0.8451629877090454,0.017064841464161873,0.058678314089775085,0.03563469648361206,0.0012550250394269824,0.035234834998846054,0.006969314068555832,0.0,0.3031603693962097,0.279156357049942,0.2372756153345108
1123.0,1124.0,True,otro,closeup,,,0.8803690671920776,0.0180521160364151,0.030983926728367805,0.03950990363955498,0.0016852751141414046,0.021387510001659393,0.00801219791173935,0.0,0.4578113257884979,0.4432850778102875,0.25028228759765625
1124.0,1125.0,True,otro,closeup,,,0.5228903293609619,0.17108485102653503,0.034105200320482254,0.00971364788711071,0.0008221689495258033,0.2575719356536865,0.0038118031807243824,0.0,0.45769527554512024,0.5684017539024353,0.640950083732605
1125.0,1126.0,True,presidenta,closeup,,,0.9589880704879761,0.012640981003642082,0.018544243648648262,0.00593605637550354,0.0008824077667668462,0.0016674561193212867,0.0013408273225650191,0.0,0.5091880559921265,0.09152618050575256,0.7304072976112366
1126.0,1127.0,True,presidenta,closeup,,,0.9660693407058716,0.019196290522813797,0.006643788889050484,0.004486517049372196,0.00034701297408901155,0.0023475259076803923,0.0009095364948734641,0.0,0.6847173571586609,0.2329747974872589,0.6186515092849731
1127.0,1128.0,True,presidenta,closeup,,,0.38294336199760437,0.5643947124481201,0.00823391042649746,0.023328883573412895,0.0008590861689299345,0.016411853954195976,0.003828134387731552,0.0,0.4938267171382904,0.5612346529960632,0.28549984097480774
1128.0,1129.0,True,presidenta,closeup,,,0.5048132538795471,0.42304039001464844,0.011764779686927795,0.033315595239400864,0.0007126257987692952,0.022878890857100487,0.003474427619948983,0.0,0.30662402510643005,0.47491511702537537,0.29788079857826233
1129.0,1130.0,True,presidenta,closeup,,,0.9316112995147705,0.03248633071780205,0.005882480647414923,0.025075089186429977,0.00016212869377341121,0.0047139390371739864,6.872546509839594e-05,0.0,0.13478869199752808,0.03844700753688812,0.28858476877212524
1130.0,1131.0,True,presidenta,closeup,,,0.48917797207832336,0.05686255544424057,0.0044172476045787334,0.424235075712204,0.003386622527614236,0.016410725191235542,0.005509724374860525,0.0,0.06907632946968079,0.06278347223997116,0.36933276057243347
1131.0,1132.0,True,presidenta,closeup,,,0.6165090799331665,0.23143862187862396,0.025361979380249977,0.06910254061222076,0.0009706978453323245,0.034048423171043396,0.02256864868104458,0.0,0.12345951795578003,0.16577105224132538,0.26785269379615784
1132.0,1133.0,True,presidenta,closeup,,,0.4514501392841339,0.018612634390592575,0.023063095286488533,0.365792840719223,0.006303112022578716,0.013838826678693295,0.12093932926654816,0.0,0.021239694207906723,0.05897538736462593,0.22327326238155365
1133.0,1134.0,True,presidenta,closeup,,,0.01841987669467926,0.20137642323970795,0.002146380487829447,0.01065885554999113,0.0012777770170941949,0.010241595096886158,0.7558791041374207,0.0,0.08773882687091827,0.2476191520690918,0.31236663460731506
1134.0,1135.0,True,presidenta,closeup,,,0.03943954408168793,0.6495151519775391,0.006993839051574469,0.0810178741812706,0.002831128891557455,0.02675502374768257,0.19344736635684967,0.0,0.06372149288654327,0.43343520164489746,0.2023785263299942
1135.0,1136.0,True,presidenta,closeup,,,0.602319061756134,0.2189452201128006,0.010374695062637329,0.10587886720895767,0.0016069784760475159,0.02697732485830784,0.03389792516827583,0.0,0.05335409194231033,0.18004941940307617,0.4465729296207428
1136.0,1137.0,True,presidenta,closeup,,,0.844963788986206,0.05999060347676277,0.009334517642855644,0.08340049535036087,0.00029020861256867647,0.0013154229382053018,0.0007049363339319825,0.0,0.08299337327480316,0.14317142963409424,0.4647374749183655
1137.0,1138.0,True,presidenta,closeup,,,0.3752284049987793,0.21490231156349182,0.023910272866487503,0.025465061888098717,0.0015878641279414296,0.017672548070549965,0.3412335216999054,0.0,0.061202432960271835,0.15339398384094238,0.38759350776672363
1138.0,1139.0,True,presidenta,closeup,,,0.25435343384742737,0.7038959264755249,0.023059144616127014,0.014465799555182457,0.00024405401200056076,0.0031312154605984688,0.0008504044380970299,0.0,0.17214715480804443,0.8062036037445068,0.5109120011329651
1139.0,1140.0,True,presidenta,closeup,,,0.9406049251556396,0.01344729121774435,0.011116998270154,0.010192851535975933,0.0006858562119305134,0.017793897539377213,0.006158183794468641,0.0,0.16252990067005157,0.22507673501968384,0.3771660029888153
1140.0,1141.0,True,presidenta,closeup,,,0.9584442377090454,0.01842622272670269,0.0135525893419981,0.006419687997549772,0.00031964745721779764,0.002370203612372279,0.00046735143405385315,0.0,0.7490651607513428,0.25074946880340576,0.6399291157722473
1141.0,1142.0,True,presidenta,closeup,,,0.7925695180892944,0.1668456494808197,0.012267744168639183,0.009123750030994415,0.00017313470016233623,0.0176521148532629,0.0013681005220860243,0.0,0.5341444611549377,0.5026341080665588,0.7087607979774475
1142.0,1143.0,True,presidenta,closeup,,,0.20247553288936615,0.7797273397445679,0.006962585728615522,0.00791744515299797,0.001010070787742734,0.0006291674799285829,0.0012778620002791286,0.0,0.4829143285751343,0.8151724338531494,0.6875308156013489
1143.0,1144.0,True,presidenta,closeup,,,0.9328202605247498,0.057346612215042114,0.0027374273631721735,0.0006437778938561678,2.823301838361658e-05,0.005810003262013197,0.0006137016462162137,0.0,0.28776806592941284,0.3311024308204651,0.665940523147583
1144.0,1145.0,True,presidenta,closeup,,,0.9440587759017944,0.029256176203489304,0.004251796752214432,0.007300851866602898,0.0008484083227813244,0.014083393849432468,0.00020061590475961566,0.0,0.168064683675766,0.12683610618114471,0.4029027223587036
1145.0,1146.0,True,presidenta,closeup,,,0.9325000047683716,0.02645920030772686,0.012584236450493336,0.02666487544775009,0.0002697971649467945,0.000970558263361454,0.0005513218347914517,0.0,0.24329206347465515,0.20488493144512177,0.25478312373161316
1146.0,1147.0,True,presidenta,closeup,,,0.564414918422699,0.41321268677711487,0.01231380831450224,0.004400818143039942,0.00022789974173065275,0.003391757607460022,0.002038125181570649,0.0,0.20644409954547882,0.6460494995117188,0.33953797817230225
1147.0,1148.0,True,presidenta,closeup,,,0.37354186177253723,0.1285218447446823,0.006982884369790554,0.4752010405063629,0.004452503751963377,0.0055651068687438965,0.005734751932322979,0.0,0.06462278217077255,0.023054473102092743,0.5298423767089844
1148.0,1149.0,True,presidenta,closeup,,,0.02172112837433815,0.0020585141610354185,0.0007786385249346495,0.971696138381958,0.0010516534093767405,0.0025930681731551886,0.00010075289173983037,0.0,0.03217460587620735,0.016151508316397667,0.4884895384311676
1149.0,1150.0,True,presidenta,closeup,,,0.692081868648529,0.03895223140716553,0.003740782616659999,0.2407856583595276,0.001122065121307969,0.02232491970062256,0.0009924492333084345,0.0,0.4849947988986969,0.2767397165298462,0.597793459892273
1150.0,1151.0,True,presidenta,closeup,,,0.3670739531517029,0.11045686155557632,0.006365165580064058,0.10608821362257004,0.005224156193435192,0.027337076142430305,0.37745463848114014,0.0,0.058093491941690445,0.044504500925540924,0.654499351978302
1151.0,1152.0,True,presidenta,closeup,,,0.6250179409980774,0.2191253900527954,0.016378289088606834,0.1251872032880783,0.000506585172843188,0.005902265664190054,0.0078823771327734,0.0,0.05533406510949135,0.04085860773921013,0.20742350816726685
1152.0,1153.0,True,presidenta,closeup,,,0.9192336201667786,0.06128736585378647,0.003043937962502241,0.01467243954539299,0.0003698654763866216,0.0009222176158800721,0.0004705425235442817,0.0,0.26648950576782227,0.2541799545288086,0.39550191164016724
1153.0,1154.0,True,presidenta,closeup,,,0.8969495892524719,0.04430112987756729,0.007186162751168013,0.03443596139550209,0.00047342770267277956,0.008560478687286377,0.008093196898698807,0.0,0.11915736645460129,0.11207886040210724,0.5615116357803345
1154.0,1155.0,True,presidenta,closeup,,,0.8202184438705444,0.1277841478586197,0.009806198067963123,0.022826936095952988,0.0004238669644109905,0.00993714015930891,0.00900323037058115,0.0,0.232131227850914,0.29885774850845337,0.3953554034233093
1155.0,1156.0,True,presidenta,closeup,,,0.8183031678199768,0.12759926915168762,0.010373973287642002,0.019510755315423012,0.0009616277529858053,0.01834786869585514,0.004903365857899189,0.0,0.483584463596344,0.23128658533096313,0.3926699161529541
1156.0,1157.0,True,presidenta,closeup,,,0.933318018913269,0.044120997190475464,0.005127622280269861,0.013670595362782478,0.0006218450143933296,0.0027465217281132936,0.0003944619675166905,0.0,0.2113734632730484,0.0939556285738945,0.38643160462379456
1157.0,1158.0,True,presidenta,closeup,,,0.7445197105407715,0.24058851599693298,0.006398076191544533,0.001968838507309556,6.460976146627218e-05,0.005526591092348099,0.0009336610091850162,0.0,0.7188984155654907,0.4318092465400696,0.4760555922985077
1158.0,1159.0,True,presidenta,closeup,,,0.9586292505264282,0.02103133499622345,0.006107733119279146,0.012037316337227821,8.776361937634647e-05,0.0016940670320764184,0.00041254315874539316,0.0,0.13613051176071167,0.12127217650413513,0.6178242564201355
1159.0,1160.0,True,presidenta,closeup,,,0.9567351937294006,0.03312847018241882,0.0074249813333153725,0.001493355492129922,8.572331717005e-05,0.0005713689024560153,0.0005609571235254407,0.0,0.10576529800891876,0.0415068082511425,0.5805944800376892
1160.0,1161.0,True,presidenta,closeup,,,0.6914660930633545,0.007917316630482674,0.027896633371710777,0.26635634899139404,0.0020704995840787888,0.0030972810927778482,0.0011958291288465261,0.0,0.04771842807531357,0.015236125327646732,0.3628925383090973
1161.0,1162.0,True,presidenta,closeup,,,0.13035620748996735,0.06249076500535011,0.01227725762873888,0.7300251722335815,0.0031726891174912453,0.008347686380147934,0.05333024263381958,0.0,0.04625752195715904,0.03525281324982643,0.38926321268081665
1162.0,1163.0,True,presidenta,closeup,,,0.8228650689125061,0.00594297144562006,0.042064473032951355,0.09350115060806274,0.0006510391249321401,0.02606838382780552,0.008906944654881954,0.0,0.09578128904104233,0.03636889159679413,0.552568256855011
1163.0,1164.0,True,presidenta,closeup,,,0.009763184003531933,0.09879495203495026,0.0020280289463698864,0.8794369697570801,0.0022880020551383495,0.0051860264502465725,0.002502845600247383,0.0,0.11552725732326508,0.6312212347984314,0.21104346215724945
1164.0,1165.0,True,presidenta,closeup,,,0.9497945308685303,0.03564370423555374,0.005806470289826393,0.007760562002658844,0.0003160801425110549,0.0005484565044753253,0.0001302610180573538,0.0,0.40758541226387024,0.148579940199852,0.5063725709915161
1165.0,1166.0,True,presidenta,closeup,,,0.9073566794395447,0.015476914122700691,0.033145345747470856,0.041265398263931274,0.0011850915616378188,0.0010652939090505242,0.0005052914493717253,0.0,0.10783173888921738,0.08240880817174911,0.5786325335502625
1166.0,1167.0,True,presidenta,closeup,,,0.624854326248169,0.023977767676115036,0.020368976518511772,0.3056981861591339,0.0016102520748972893,0.02103610150516033,0.00245440611615777,0.0,0.07081017643213272,0.018764665350317955,0.33501505851745605
1167.0,1168.0,True,presidenta,closeup,,,0.37876632809638977,0.02439667098224163,0.015985218808054924,0.5581140518188477,0.0031558682676404715,0.01477191410958767,0.004810011945664883,0.0,0.15592241287231445,0.043844666332006454,0.17309339344501495
1168.0,1169.0,True,presidenta,closeup,,,0.4203360676765442,0.048643458634614944,0.008648580871522427,0.5205038785934448,0.0011642338940873742,0.000606401008553803,9.731991303851828e-05,0.0,0.1993718445301056,0.18924081325531006,0.4775652289390564
1169.0,1170.0,True,presidenta,closeup,,,0.8302432894706726,0.10466447472572327,0.037327248603105545,0.016672935336828232,0.0010658337268978357,0.004771666135638952,0.005254529882222414,0.0,0.2629716098308563,0.2372216135263443,0.5377956628799438
1170.0,1171.0,True,presidenta,closeup,,,0.6647562384605408,0.20767700672149658,0.01759735308587551,0.06792178750038147,0.0006218250491656363,0.028942393139004707,0.012483379803597927,0.0,0.3291012644767761,0.18869410455226898,0.4000229239463806
1171.0,1172.0,True,presidenta,closeup,,,0.5745629668235779,0.030641894787549973,0.012257272377610207,0.37594074010849,0.0013023940846323967,0.0048930225893855095,0.000401638972107321,0.0,0.2273196578025818,0.03373591601848602,0.3697754740715027
1172.0,1173.0,True,presidenta,closeup,,,0.38846486806869507,0.02834455482661724,0.018058938905596733,0.5418712496757507,0.0005245288484729826,0.012010685168206692,0.010725211352109909,0.0,0.2613515853881836,0.041357893496751785,0.3698662221431732
1173.0,1174.0,True,presidenta,closeup,,,0.80107182264328,0.055127471685409546,0.016126420348882675,0.11916083842515945,0.0024275085888803005,0.0049389940686523914,0.0011469374876469374,0.0,0.2492610067129135,0.10762299597263336,0.2638263404369354
1174.0,1175.0,True,presidenta,closeup,,,0.8565384745597839,0.005940315313637257,0.1158035472035408,0.009302430786192417,0.0006643162341788411,0.0034184055402874947,0.008332500234246254,0.0,0.18748913705348969,0.07194095104932785,0.369814395904541
1175.0,1176.0,True,presidenta,closeup,,,0.36044931411743164,0.1753871887922287,0.02954207919538021,0.3329239785671234,0.007904304191470146,0.010973421856760979,0.08281970024108887,0.0,0.10637019574642181,0.11910337954759598,0.1694260537624359
1176.0,1177.0,True,presidenta,closeup,,,0.6352383494377136,0.049773044884204865,0.0448061041533947,0.15933167934417725,0.001605725847184658,0.031208159402012825,0.07803688198328018,0.0,0.04133884981274605,0.02547784335911274,0.2969222068786621
1177.0,1178.0,True,presidenta,closeup,,,0.8464146256446838,0.030543113127350807,0.0073248036205768585,0.10282746702432632,0.0020311828702688217,0.005845013540238142,0.0050137839280068874,0.0,0.07945839315652847,0.01880565844476223,0.24855265021324158
1178.0,1179.0,True,presidenta,closeup,,,0.5152313113212585,0.04085039719939232,0.07205638289451599,0.2410563975572586,0.003906998783349991,0.022483617067337036,0.10441482812166214,0.0,0.10595373064279556,0.09948942065238953,0.254556804895401
1179.0,1180.0,True,presidenta,closeup,,,0.11923143267631531,0.11460769921541214,0.00229407986626029,0.7593823671340942,0.0005749426782131195,0.0018812341149896383,0.0020282133482396603,0.0,0.14291596412658691,0.8607632517814636,0.09518124908208847
1180.0,1181.0,True,presidenta,closeup,,,0.03703894466161728,0.43701958656311035,0.0017031204188242555,0.500106155872345,0.0031287604942917824,0.003910667262971401,0.01709270291030407,0.0,0.06704007834196091,0.12571676075458527,0.2662595212459564
1181.0,1182.0,True,presidenta,closeup,,,0.14227698743343353,0.3444480895996094,0.00603668624535203,0.43996870517730713,0.0009559292811900377,0.021908292546868324,0.04440532252192497,0.0,0.16853612661361694,0.8138779997825623,0.13047881424427032
1182.0,1183.0,True,presidenta,closeup,,,0.5780224204063416,0.36578941345214844,0.02150237374007702,0.028762251138687134,0.00036665747757069767,0.001636563683860004,0.003920245915651321,0.0,0.4946780502796173,0.5679433345794678,0.2679499685764313
1183.0,1184.0,True,presidenta,closeup,,,0.6378951072692871,0.062387533485889435,0.014541295357048512,0.2513554096221924,0.009535782039165497,0.0030288586858659983,0.021256016567349434,0.0,0.1389109045267105,0.049024105072021484,0.24575364589691162
1184.0,1185.0,True,presidenta,closeup,,,0.8823987245559692,0.029974184930324554,0.029771629720926285,0.05342242866754532,0.00039905591984279454,0.0019573818426579237,0.002076618140563369,0.0,0.1586475521326065,0.04723406955599785,0.5026504993438721
1185.0,1186.0,True,presidenta,closeup,,,0.9533387422561646,0.010139212012290955,0.026386702433228493,0.00726133119314909,0.0001350943057332188,0.0024901446886360645,0.0002487163874320686,0.0,0.06965282559394836,0.02243131585419178,0.6270426511764526
1186.0,1187.0,True,presidenta,closeup,,,0.7972134351730347,0.06547153741121292,0.11751575022935867,0.016054440289735794,0.00012340606190264225,0.002068704692646861,0.001552780857309699,0.0,0.1267680674791336,0.09619458764791489,0.4387921988964081
1187.0,1188.0,True,presidenta,closeup,,,0.18971148133277893,0.41515570878982544,0.018271703273057938,0.23042075335979462,0.0022233298514038324,0.011068242602050304,0.13314878940582275,0.0,0.03504134714603424,0.10945843160152435,0.28536465764045715
1188.0,1189.0,True,presidenta,closeup,,,0.29020747542381287,0.039695315062999725,0.006441256497055292,0.6260949373245239,0.0008983743609860539,0.021366680040955544,0.015295911580324173,0.0,0.03866126015782356,0.016874948516488075,0.5182643532752991
1189.0,1190.0,True,presidenta,closeup,,,0.8652254343032837,0.012833498418331146,0.006259156856685877,0.10444635897874832,0.00033271420397795737,0.007520402316004038,0.0033824306447058916,0.0,0.17237868905067444,0.02617271989583969,0.48952579498291016
1190.0,1191.0,True,presidenta,closeup,,,0.39886942505836487,0.012443124316632748,0.039190106093883514,0.3847411274909973,0.001030072569847107,0.11087779700756073,0.052848342806100845,0.0,0.05985124036669731,0.03420413285493851,0.35732728242874146
1191.0,1192.0,True,presidenta,closeup,,,0.9329410791397095,0.02950703352689743,0.014574890024960041,0.01886489801108837,0.0002244654460810125,0.00375318038277328,0.00013438629684969783,0.0,0.10183588415384293,0.033353470265865326,0.45293647050857544
1192.0,1193.0,True,presidenta,closeup,,,0.7212417721748352,0.028377432376146317,0.03426205366849899,0.19962149858474731,0.0021458163391798735,0.012059840373694897,0.0022916030138731003,0.0,0.07992110401391983,0.06275782734155655,0.6643079519271851
1193.0,1194.0,True,presidenta,closeup,,,0.30735915899276733,0.077896349132061,0.030962107703089714,0.5592990517616272,0.004456271883100271,0.01780865155160427,0.0022184515837579966,0.0,0.06654082238674164,0.04318072274327278,0.2345908135175705
1194.0,1195.0,True,presidenta,closeup,,,0.3238457143306732,0.5409629940986633,0.031117742881178856,0.06591130048036575,0.0016849611420184374,0.00668714614585042,0.029790081083774567,0.0,0.2107073813676834,0.05029024928808212,0.3870856761932373
1195.0,1196.0,True,presidenta,closeup,,,0.7723496556282043,0.0668373852968216,0.01743711344897747,0.12248846888542175,0.0006383866420947015,0.017514880746603012,0.002734086476266384,0.0,0.14619462192058563,0.07546315342187881,0.5578005313873291
1196.0,1197.0,True,presidenta,closeup,,,0.7870604991912842,0.0033089020289480686,0.0018972335383296013,0.18883228302001953,0.00022740641725249588,0.018606221303343773,6.747317820554599e-05,0.0,0.2886895537376404,0.1295240968465805,0.5672484040260315
1197.0,1198.0,True,presidenta,closeup,,,0.7726867198944092,0.0058392793871462345,0.006816273555159569,0.20258992910385132,0.006572585552930832,0.004724909085780382,0.0007702716393396258,0.0,0.37086090445518494,0.1283995658159256,0.5961072444915771
1198.0,1199.0,True,presidenta,closeup,,,0.8478233218193054,0.045586127787828445,0.017809970304369926,0.033647309988737106,0.0023588810581713915,0.032365262508392334,0.02040908858180046,0.0,0.19096948206424713,0.14563477039337158,0.5928587317466736
1199.0,1200.0,True,presidenta,closeup,,,0.6833370923995972,0.03904261812567711,0.06539773941040039,0.11659873276948929,0.0021350535098463297,0.009588011540472507,0.08390079438686371,0.0,0.27647173404693604,0.10831360518932343,0.5656459331512451
1200.0,1201.0,True,presidenta,closeup,,,0.9523353576660156,0.00897352583706379,0.029663896188139915,0.0077649434097111225,0.00030002431594766676,0.0006815922679379582,0.00028063845820724964,0.0,0.28822949528694153,0.2016802728176117,0.5673009157180786
1201.0,1202.0,True,presidenta,closeup,,,0.9667617082595825,0.009488452225923538,0.0184637438505888,0.0035207474138587713,0.0001999325177166611,0.0013376428978517652,0.00022773574164602906,0.0,0.6265498995780945,0.09541599452495575,0.5220516324043274
1202.0,1203.0,True,presidenta,closeup,,,0.7359775900840759,0.09227894991636276,0.040963064879179,0.05595298856496811,0.0029331084806472063,0.02185273915529251,0.0500415563583374,0.0,0.2897092401981354,0.21053126454353333,0.39900287985801697
1203.0,1204.0,True,presidenta,closeup,,,0.665337860584259,0.04901699721813202,0.0503704771399498,0.20456399023532867,0.001853430992923677,0.0184891689568758,0.010367987677454948,0.0,0.3028225600719452,0.23515602946281433,0.3763565421104431
1204.0,1205.0,True,presidenta,closeup,,,0.3051590621471405,0.5637855529785156,0.015649892389774323,0.016984665766358376,0.00040333165088668466,0.0772307962179184,0.020786698907613754,0.0,0.6141331195831299,0.19318737089633942,0.46880075335502625
1205.0,1206.0,True,presidenta,closeup,,,0.039451830089092255,0.03245469182729721,0.0041532511822879314,0.902911365032196,0.004233065061271191,0.012453309260308743,0.004342496860772371,0.0,0.3712902367115021,0.04276854917407036,0.46489015221595764
1206.0,1207.0,True,presidenta,closeup,,,0.597907304763794,0.27613094449043274,0.01295157615095377,0.1049889624118805,0.0019037857418879867,0.004100831691175699,0.002016568323597312,0.0,0.05219513177871704,0.14754357933998108,0.40703850984573364
1207.0,1208.0,True,presidenta,closeup,,,0.05753975361585617,0.13630558550357819,0.010685843415558338,0.7512903809547424,0.0014631669037044048,0.015363932587206364,0.02735135331749916,0.0,0.10748433321714401,0.36078864336013794,0.3331778049468994
1208.0,1209.0,True,presidenta,closeup,,,0.3077196478843689,0.48687201738357544,0.08251906931400299,0.08898669481277466,0.00046137432218529284,0.0029622018337249756,0.030478931963443756,0.0,0.12684093415737152,0.5687995553016663,0.4953039288520813
1209.0,1210.0,True,presidenta,closeup,,,0.6710079908370972,0.008349897339940071,0.17139801383018494,0.13725385069847107,0.0010677205864340067,0.009186678566038609,0.0017357851611450315,0.0,0.04924044758081436,0.04765142872929573,0.41088852286338806
1210.0,1211.0,True,presidenta,closeup,,,0.942622721195221,0.006060007028281689,0.010838010348379612,0.03938642144203186,2.6745794457383454e-05,0.001031276537105441,3.4836881241062656e-05,0.0,0.1365383267402649,0.027689602226018906,0.46702200174331665
1211.0,1212.0,True,presidenta,closeup,,,0.18023920059204102,0.03119475208222866,0.019695213064551353,0.7611740827560425,0.0008363238302990794,0.0033189484383910894,0.0035414830781519413,0.0,0.07874464243650436,0.025864562019705772,0.3406924307346344
1212.0,1213.0,True,presidenta,closeup,,,0.25172004103660583,0.11064862459897995,0.010813754983246326,0.6164475083351135,0.0025931301061064005,0.006309210788458586,0.0014677379513159394,0.0,0.18553367257118225,0.03803516924381256,0.2891871929168701
1213.0,1214.0,True,presidenta,closeup,,,0.32739967107772827,0.045385658740997314,0.04563875123858452,0.5453242063522339,0.0021351759787648916,0.010485412552952766,0.023631051182746887,0.0,0.10104160010814667,0.033724553883075714,0.24071501195430756
1214.0,1215.0,True,presidenta,closeup,,,0.27399441599845886,0.06247503682971001,0.22653208673000336,0.23121920228004456,0.008347972296178341,0.009854917414486408,0.18757638335227966,0.0,0.06708982586860657,0.04441870003938675,0.3536745607852936
1215.0,1216.0,True,presidenta,closeup,,,0.5314923524856567,0.2621334195137024,0.03979974240064621,0.044599853456020355,0.00105970015283674,0.010068226605653763,0.11084672808647156,0.0,0.20744910836219788,0.1285012811422348,0.36740535497665405
1216.0,1217.0,True,presidenta,closeup,,,0.08235727250576019,0.8636868596076965,0.014441503211855888,0.020796682685613632,0.0013090968132019043,0.00576582457870245,0.01164273265749216,0.0,0.05017276108264923,0.3431718051433563,0.4592400789260864
1217.0,1218.0,True,presidenta,closeup,,,0.11260171979665756,0.5985742211341858,0.02332678809762001,0.18239106237888336,0.0011499563697725534,0.01029091328382492,0.07166536897420883,0.0,0.07497583329677582,0.4488880932331085,0.4995923936367035
1218.0,1219.0,True,presidenta,closeup,,,0.557867705821991,0.009230798110365868,0.004710845649242401,0.426924467086792,0.00038312331889756024,0.000796836509834975,8.623209578217939e-05,0.0,0.10468055307865143,0.08374569565057755,0.3667154908180237
1219.0,1220.0,True,presidenta,closeup,,,0.5355367064476013,0.2117517590522766,0.03437197208404541,0.20881517231464386,0.0027159082237631083,0.0030943728052079678,0.003714132821187377,0.0,0.2228390872478485,0.1463976353406906,0.21146328747272491
1220.0,1221.0,True,presidenta,closeup,,,0.9282523393630981,0.005067541729658842,0.05267744138836861,0.012952947057783604,0.00016361555026378483,0.0005345774115994573,0.0003515803546179086,0.0,0.10775359719991684,0.16929413378238678,0.6195258498191833
1221.0,1222.0,True,presidenta,closeup,,,0.7056950330734253,0.24067199230194092,0.009291192516684532,0.04307648167014122,0.00013633548223879188,0.0007304208120331168,0.00039862358244135976,0.0,0.18517445027828217,0.6056846380233765,0.3219088315963745
1222.0,1223.0,True,presidenta,closeup,,,0.7651484608650208,0.19184252619743347,0.010070695541799068,0.0207294300198555,0.00025866623036563396,0.009753888472914696,0.002196353394538164,0.0,0.3089487552642822,0.316536009311676,0.3318394124507904
1223.0,1224.0,True,presidenta,closeup,,,0.12914489209651947,0.4508727192878723,0.021099017933011055,0.35492873191833496,0.0016185445711016655,0.006549975369125605,0.03578605130314827,0.0,0.12601138651371002,0.13052968680858612,0.21162669360637665
1224.0,1225.0,True,presidenta,closeup,,,0.2609015107154846,0.6184849739074707,0.022213760763406754,0.08618134260177612,0.0006798706599511206,0.004711765795946121,0.0068267774768173695,0.0,0.10010763257741928,0.12923356890678406,0.2969526946544647
1225.0,1226.0,True,presidenta,closeup,,,0.9941512942314148,0.0009202294750139117,0.0014855562476441264,0.002485523698851466,3.890190055244602e-05,0.0008183359750546515,0.00010015671432483941,0.0,0.685576319694519,0.0986175388097763,0.5664116740226746
1226.0,1227.0,True,presidenta,closeup,,,0.49625328183174133,0.0066360472701489925,0.004353595431894064,0.4871428906917572,0.0005330705898813903,0.004964456893503666,0.00011665461352095008,0.0,0.18047039210796356,0.106625035405159,0.3243216872215271
1227.0,1228.0,True,presidenta,closeup,,,0.7547796368598938,0.21569089591503143,0.009902914986014366,0.01616778038442135,0.0004978892393410206,0.002605301095172763,0.00035555692738853395,0.0,0.22650118172168732,0.6675546765327454,0.4841828942298889
1228.0,1229.0,True,presidenta,closeup,,,0.8869345784187317,0.07953089475631714,0.002270891098305583,0.02854626253247261,0.0004043828812427819,0.0021172109991312027,0.00019578497449401766,0.0,0.17091216146945953,0.5044827461242676,0.3793780505657196
1229.0,1230.0,True,presidenta,closeup,,,0.9866966605186462,0.0010302000446245074,0.010643870569765568,0.0011723130010068417,2.1848303731530905e-05,0.00042840835521928966,6.6264806264371146e-06,0.0,0.23921345174312592,0.07396525144577026,0.5167105793952942
1230.0,1231.0,True,presidenta,closeup,,,0.7701503038406372,0.0235381331294775,0.012363196350634098,0.1914137303829193,0.00017418777861166745,0.002063086722046137,0.00029738651937805116,0.0,0.060817405581474304,0.08961113542318344,0.32954129576683044
1231.0,1232.0,True,presidenta,closeup,,,0.44190263748168945,0.34613192081451416,0.01869632862508297,0.18799561262130737,0.0023381549399346113,0.001491597038693726,0.0014437035424634814,0.0,0.12276705354452133,0.15424823760986328,0.4493641257286072
1232.0,1233.0,True,presidenta,closeup,,,0.19183921813964844,0.6160244941711426,0.03309657424688339,0.09765676409006119,0.0008912034099921584,0.0178651325404644,0.04262661933898926,0.0,0.060783788561820984,0.23738887906074524,0.3382287621498108
1233.0,1234.0,True,presidenta,closeup,,,0.09437824785709381,0.06977251917123795,0.0070812636986374855,0.8083136081695557,0.0031719347462058067,0.005623039789497852,0.011659395880997181,0.0,0.2682650685310364,0.06440954655408859,0.24853326380252838
1234.0,1235.0,True,presidenta,closeup,,,0.14992517232894897,0.06637406349182129,0.12092933058738708,0.5788354873657227,0.02820868045091629,0.004675970412790775,0.051051247864961624,0.0,0.04817652702331543,0.049822818487882614,0.29112115502357483
1235.0,1236.0,True,presidenta,closeup,,,0.033882252871990204,0.04409381002187729,0.01086498610675335,0.8623430728912354,0.026319384574890137,0.007182673551142216,0.015313774347305298,0.0,0.06490319222211838,0.07795397192239761,0.3061663508415222
1236.0,1237.0,True,presidenta,closeup,,,0.3405319154262543,0.04524840787053108,0.058841273188591,0.4937247037887573,0.011235589161515236,0.02209661900997162,0.028321538120508194,0.0,0.061113905161619186,0.07001321762800217,0.24174991250038147
1237.0,1238.0,True,presidenta,closeup,,,0.6299088001251221,0.34258902072906494,0.01707277074456215,0.005205697845667601,0.0003071360697504133,0.002534636529162526,0.0023819892667233944,0.0,0.1623108685016632,0.3223481774330139,0.42504051327705383
1238.0,1239.0,True,presidenta,closeup,,,0.7881513237953186,0.08481557667255402,0.05810101330280304,0.060876812785863876,0.0007479068590328097,0.004513454623520374,0.0027938764542341232,0.0,0.3787989020347595,0.10210718214511871,0.24982941150665283
1239.0,1240.0,True,presidenta,closeup,,,0.4915187954902649,0.2223341464996338,0.038257695734500885,0.23703832924365997,0.0013259223196655512,0.0052553266286849976,0.004269702825695276,0.0,0.31589221954345703,0.11758122593164444,0.6273631453514099
1240.0,1241.0,True,presidenta,closeup,,,0.6753650307655334,0.23094771802425385,0.03072994016110897,0.0474778451025486,0.0020602154545485973,0.006063480861485004,0.0073556965216994286,0.0,0.14199891686439514,0.1309216022491455,0.6398686766624451
1241.0,1242.0,True,presidenta,closeup,,,0.6776646971702576,0.015851840376853943,0.18302275240421295,0.10259018838405609,0.00766265532001853,0.007724481634795666,0.005483417306095362,0.0,0.203736811876297,0.11815515905618668,0.3855130970478058
1242.0,1243.0,True,presidenta,closeup,,,0.44865018129348755,0.015163720585405827,0.3959291875362396,0.021510854363441467,0.001756199635565281,0.008599400520324707,0.1083904355764389,0.0,0.2929302155971527,0.2092551738023758,0.2781088054180145
1243.0,1244.0,True,presidenta,closeup,,,0.6549675464630127,0.007459518499672413,0.09069587290287018,0.23577673733234406,0.004674161318689585,0.005581728648394346,0.0008444518898613751,0.0,0.11889342218637466,0.03617760166525841,0.39659973978996277
1244.0,1245.0,True,presidenta,closeup,,,0.6737440824508667,0.1118646040558815,0.06673123687505722,0.1385899931192398,0.003999069798737764,0.004298726562410593,0.0007723441231064498,0.0,0.11753270030021667,0.1544184386730194,0.3517077565193176
1245.0,1246.0,True,presidenta,closeup,,,0.9703390002250671,0.005910931620746851,0.016162101179361343,0.004706739913672209,0.00011673764674924314,0.0025868115480989218,0.0001776451535988599,0.0,0.06712978333234787,0.0538557805120945,0.4709365963935852
1246.0,1247.0,True,presidenta,closeup,,,0.6787508130073547,0.02092665433883667,0.11867653578519821,0.06090570241212845,0.0006208021659404039,0.11381369084119797,0.006305807735770941,0.0,0.06880810856819153,0.15486633777618408,0.27115941047668457
1247.0,1248.0,True,presidenta,closeup,,,0.7175305485725403,0.014804795384407043,0.24251607060432434,0.02217949368059635,0.0008924826397560537,0.0015370019245892763,0.0005396357155404985,0.0,0.1900375932455063,0.15858744084835052,0.5328434109687805
1248.0,1249.0,True,presidenta,closeup,,,0.7576326131820679,0.09603391587734222,0.1406933069229126,0.0007899878546595573,0.00010773265239549801,0.0037780608981847763,0.0009644111269153655,0.0,0.48189476132392883,0.35851386189460754,0.7623689770698547
1249.0,1250.0,True,presidenta,closeup,,,0.8436869978904724,0.03547937050461769,0.11257351189851761,0.0018176990561187267,0.00016535168106202036,0.0019961919169873,0.004280807450413704,0.0,0.7440810799598694,0.6740671396255493,0.6403663158416748
1250.0,1251.0,True,presidenta,closeup,,,0.603564977645874,0.09899834543466568,0.0393572673201561,0.24213814735412598,0.0012262504315003753,0.005297323223203421,0.009417666122317314,0.0,0.41389063000679016,0.0941806361079216,0.5582302808761597
1251.0,1252.0,True,presidenta,closeup,,,0.7440306544303894,0.041044872254133224,0.046196743845939636,0.1474936455488205,0.0013447193196043372,0.018480710685253143,0.001408631564117968,0.0,0.38859596848487854,0.049528997391462326,0.38692334294319153
1252.0,1253.0,True,presidenta,closeup,,,0.8224831223487854,0.12702617049217224,0.014468043111264706,0.019885193556547165,0.0017112225759774446,0.006602836772799492,0.007823427207767963,0.0,0.4107115566730499,0.380083829164505,0.24441789090633392
1253.0,1254.0,True,presidenta,closeup,,,0.7531428337097168,0.06388972699642181,0.01947963610291481,0.15773703157901764,0.0006502001197077334,0.004245761316269636,0.0008548407349735498,0.0,0.08382175117731094,0.03537389636039734,0.45842352509498596
1254.0,1255.0,True,presidenta,closeup,,,0.3690353035926819,0.40976253151893616,0.032985154539346695,0.17397403717041016,0.0004701147845480591,0.008920361287891865,0.00485249562188983,0.0,0.08103698492050171,0.07866618782281876,0.5244309902191162
1255.0,1256.0,True,presidenta,closeup,,,0.7695419192314148,0.05432221293449402,0.009385257959365845,0.1568511426448822,0.001165861263871193,0.006632378790527582,0.0021012339275330305,0.0,0.2164263278245926,0.09164290875196457,0.4578287601470947
1256.0,1257.0,True,presidenta,closeup,,,0.03502292186021805,0.8190127015113831,0.0028834454715251923,0.1388411670923233,0.000426010083174333,0.0009542906191200018,0.0028594310861080885,0.0,0.12096729874610901,0.5536661744117737,0.07944776862859726
1257.0,1258.0,True,presidenta,closeup,,,0.5040077567100525,0.028051117435097694,0.0026304232887923717,0.4629865288734436,0.00018705078400671482,0.0020252352114766836,0.00011189046199433506,0.0,0.09474070370197296,0.11394176632165909,0.47353097796440125
1258.0,1259.0,True,presidenta,closeup,,,0.10164796561002731,0.3836993873119354,0.00945668388158083,0.4729880094528198,0.005486228037625551,0.01664680801331997,0.010074866004288197,0.0,0.050670865923166275,0.1602267175912857,0.5481680631637573
1259.0,1260.0,True,presidenta,closeup,,,0.1500866413116455,0.7767839431762695,0.010804738849401474,0.018402045592665672,0.0013851942494511604,0.027675367891788483,0.014862138777971268,0.0,0.19445450603961945,0.12397384643554688,0.6066780686378479
1260.0,1261.0,True,presidenta,closeup,,,0.60047447681427,0.03614360839128494,0.01224778313189745,0.33953234553337097,0.0018436943646520376,0.007544792722910643,0.002213269006460905,0.0,0.23192037642002106,0.03919272497296333,0.43485623598098755
1261.0,1262.0,True,presidenta,closeup,,,0.6275384426116943,0.1838112324476242,0.006475117057561874,0.095291867852211,0.0005669983220286667,0.0781000554561615,0.008216316811740398,0.0,0.8440719246864319,0.34768539667129517,0.6085070967674255
1262.0,1263.0,True,presidenta,closeup,,,0.1852373629808426,0.7284181714057922,0.050018418580293655,0.003686305368319154,0.0001117243809858337,0.025192011147737503,0.007336013950407505,0.0,0.22456975281238556,0.8637063503265381,0.4239419996738434
1263.0,1264.0,True,presidenta,closeup,,,0.3858024775981903,0.04059157893061638,0.004889866802841425,0.5148851871490479,0.0022898726165294647,0.04954363405704498,0.001997410086914897,0.0,0.05954691395163536,0.10491512715816498,0.3502538502216339
1264.0,1265.0,True,presidenta,closeup,,,0.5921275615692139,0.27265799045562744,0.007001990452408791,0.0017799352062866092,1.944795803865418e-05,0.1230979859828949,0.003315075533464551,0.0,0.46717774868011475,0.6661900877952576,0.6159818172454834
1265.0,1266.0,True,presidenta,closeup,,,0.0028426533099263906,0.9143797755241394,0.0005828111316077411,0.0006143648643046618,0.00030394765781238675,4.7656540118623525e-05,0.08122875541448593,0.0,0.06761398166418076,0.9573990702629089,0.19166575372219086
1266.0,1267.0,True,otro,closeup,,,0.9301668405532837,0.01523545477539301,0.006372587755322456,0.0009533503907732666,2.3151802452048287e-05,0.006991413421928883,0.04025727137923241,0.0,0.5670193433761597,0.7014899849891663,0.6715221405029297
1267.0,1268.0,True,otro,closeup,,,0.9346827864646912,0.03317176550626755,0.0031912976410239935,0.0013820540625602007,1.5094698028406128e-05,0.017260542139410973,0.010296483524143696,0.0,0.7293704748153687,0.5391492247581482,0.3735494911670685
1268.0,1269.0,True,otro,closeup,,,0.3694181740283966,0.18122193217277527,0.0019144514808431268,0.002601606072857976,9.27322034840472e-05,0.034798864275217056,0.4099522531032562,0.0,0.7270103096961975,0.7110195159912109,0.4351418912410736
1269.0,1270.0,True,otro,closeup,,,0.7091395258903503,0.01859249547123909,0.00624677212908864,0.007255302742123604,0.00010746561019914225,0.01425370667129755,0.24440470337867737,0.0,0.5713278651237488,0.7132043242454529,0.5383292436599731
1270.0,1271.0,True,otro,closeup,,,0.8993067145347595,0.02110368385910988,0.004231446422636509,0.004713544622063637,8.407614950556308e-05,0.012020816095173359,0.0585397407412529,0.0,0.6762940287590027,0.34072238206863403,0.5848588943481445
1271.0,1272.0,True,otro,closeup,,,0.5600066184997559,0.09542322158813477,0.005245252512395382,0.004813029430806637,0.00016281407442875206,0.13068003952503204,0.20366905629634857,0.0,0.7461631894111633,0.6563728451728821,0.5152187943458557
1272.0,1273.0,True,otro,closeup,,,0.6642794013023376,0.19225166738033295,0.004210076294839382,0.00990321859717369,5.128430711920373e-05,0.12009907513856888,0.009205207228660583,0.0,0.6498191952705383,0.7991950511932373,0.7201080322265625
1273.0,1274.0,True,otro,closeup,,,0.43629491329193115,0.10521703958511353,0.03953021019697189,0.07301497459411621,0.05648035556077957,0.2744929790496826,0.01496958825737238,0.0,0.2088974118232727,0.07290822267532349,0.6066169738769531
1274.0,1275.0,True,otro,closeup,,,0.11502080410718918,0.02574993297457695,0.02531394176185131,0.10214001685380936,0.09378122538328171,0.6253988742828369,0.012595214881002903,0.0,0.15382243692874908,0.05041031539440155,0.5171045064926147
1275.0,1276.0,True,otro,closeup,,,0.1103956550359726,0.027258923277258873,0.0959397405385971,0.07981722056865692,0.40112122893333435,0.22917434573173523,0.056292857974767685,0.0,0.09722007811069489,0.11498159170150757,0.567623496055603
1276.0,1277.0,True,otro,closeup,,,0.09793845564126968,0.0021244490053504705,0.01719139702618122,0.0009909003274515271,0.0008580038556829095,0.8798956871032715,0.0010010277619585395,0.0,0.10794547945261002,0.045550137758255005,0.6437959671020508
1277.0,1278.0,True,otro,closeup,,,0.22468069195747375,0.01038878969848156,0.06893126666545868,0.06032467633485794,0.13903318345546722,0.49427902698516846,0.002362452447414398,0.0,0.13329043984413147,0.056378744542598724,0.5296739935874939
1278.0,1279.0,True,otro,closeup,,,0.15243083238601685,0.008043288253247738,0.0601186566054821,0.02415773831307888,0.02826656401157379,0.723078727722168,0.0039041591808199883,0.0,0.1844468116760254,0.047456979751586914,0.708585262298584
1279.0,1280.0,True,otro,closeup,,,0.018157046288251877,0.006067741196602583,0.004674731288105249,0.07674752920866013,0.02142835222184658,0.8615121841430664,0.0114124845713377,0.0,0.3863857686519623,0.44809824228286743,0.5068219304084778
1280.0,1281.0,True,otro,closeup,,,0.6489178538322449,0.022054852917790413,0.036576539278030396,0.21218326687812805,0.07534026354551315,0.004623823333531618,0.00030335792689584196,0.0,0.07374937832355499,0.05941009894013405,0.5423732399940491
1281.0,1282.0,True,otro,closeup,,,0.10515028983354568,0.005598908755928278,0.01204962283372879,0.27270054817199707,0.009881757199764252,0.5925309658050537,0.0020879546646028757,0.0,0.09188655763864517,0.0534714050590992,0.6575716137886047
1282.0,1283.0,True,otro,closeup,,,0.31902146339416504,0.011563759297132492,0.03667278215289116,0.5127334594726562,0.08957622945308685,0.029952412471175194,0.0004798306617885828,0.0,0.09273620694875717,0.04754829406738281,0.45421937108039856
1283.0,1284.0,True,otro,closeup,,,0.06874412298202515,0.005882153753191233,0.07974478602409363,0.09440380334854126,0.44205671548843384,0.2857293486595154,0.023439081385731697,0.0,0.08897503465414047,0.04871487617492676,0.6145361661911011
1284.0,1285.0,True,otro,closeup,,,0.07479264587163925,0.0016364691546186805,0.02720232494175434,0.012739756144583225,0.02355756051838398,0.8356665372848511,0.02440476417541504,0.0,0.12246520817279816,0.048299144953489304,0.5785582065582275
1285.0,1286.0,True,otro,closeup,,,0.20136743783950806,0.008742607198655605,0.026282625272870064,0.05488590896129608,0.03012525476515293,0.6751905083656311,0.0034056862350553274,0.0,0.14734295010566711,0.039822209626436234,0.54311203956604
1286.0,1287.0,True,otro,closeup,,,0.17282597720623016,0.026685012504458427,0.010608039796352386,0.10697954893112183,0.1353749781847,0.5397260785102844,0.007800338324159384,0.0,0.22339566051959991,0.06159729138016701,0.48078522086143494
1287.0,1288.0,True,otro,closeup,,,0.3017785847187042,0.01296356599777937,0.01861710660159588,0.517797589302063,0.04202095791697502,0.10612335801124573,0.0006987954257056117,0.0,0.08437726646661758,0.052011121064424515,0.5322672724723816
1288.0,1289.0,True,otro,closeup,,,0.0919644832611084,0.020383626222610474,0.004164205398410559,0.742364764213562,0.03623224422335625,0.10412304848432541,0.0007676029927097261,0.0,0.13862431049346924,0.07494465261697769,0.560569167137146
1289.0,1290.0,True,otro,closeup,,,0.08668328821659088,0.0015441192081198096,0.01652575097978115,0.7106973528862,0.024655627086758614,0.1555473804473877,0.004346477333456278,0.0,0.12682047486305237,0.044448383152484894,0.4619084596633911
1290.0,1291.0,True,otro,closeup,,,0.17453594505786896,0.0036362214013934135,0.028138417750597,0.5022242069244385,0.040315210819244385,0.2465275675058365,0.00462243240326643,0.0,0.10286614298820496,0.06534554064273834,0.5960908532142639
1291.0,1292.0,True,otro,closeup,,,0.19422583281993866,0.010355716571211815,0.015118330717086792,0.26271575689315796,0.09348137676715851,0.40140148997306824,0.022701505571603775,0.0,0.20567137002944946,0.1555863320827484,0.6810427904129028
1292.0,1293.0,True,otro,closeup,,,0.02144145593047142,0.002961487742140889,0.006310650147497654,0.011377010494470596,0.022731566801667213,0.928960919380188,0.006216890644282103,0.0,0.13228943943977356,0.2201097309589386,0.6285233497619629
1293.0,1294.0,True,otro,closeup,,,0.3280712962150574,0.00842469185590744,0.014902635477483273,0.0787944495677948,0.028429467231035233,0.5121196508407593,0.02925771288573742,0.0,0.22744695842266083,0.06294522434473038,0.5215086936950684
1294.0,1295.0,True,otro,closeup,,,0.2861560583114624,0.005572033580392599,0.022473372519016266,0.02570621855556965,0.03314359486103058,0.6142705082893372,0.01267827395349741,0.0,0.25812363624572754,0.04426317289471626,0.6170317530632019
1295.0,1296.0,True,otro,closeup,,,0.22691352665424347,0.030849521979689598,0.007401387207210064,0.16542690992355347,0.033719502389431,0.5334686636924744,0.002220519818365574,0.0,0.14307786524295807,0.04007406532764435,0.5943154096603394
1296.0,1297.0,True,otro,closeup,,,0.4312482476234436,0.01633508875966072,0.028823640197515488,0.027861373499035835,0.12543949484825134,0.36625906825065613,0.004033197648823261,0.0,0.3080139756202698,0.044058285653591156,0.5329877734184265
1297.0,1298.0,True,otro,closeup,,,0.6334809064865112,0.031920578330755234,0.02255694940686226,0.13611935079097748,0.04388885572552681,0.13166503608226776,0.00036834171623922884,0.0,0.18690598011016846,0.05394134670495987,0.5088399052619934
1298.0,1299.0,True,otro,closeup,,,0.23386642336845398,0.050044652074575424,0.019796932116150856,0.5910931825637817,0.06803096830844879,0.0363265797495842,0.0008412916213274002,0.0,0.10895465314388275,0.03726745769381523,0.5684832334518433
1299.0,1300.0,True,otro,closeup,,,0.1947423666715622,0.00875668041408062,0.03541892394423485,0.10315198451280594,0.10250502079725266,0.5536298155784607,0.001795183401554823,0.0,0.13773711025714874,0.052807487547397614,0.6131570339202881
1300.0,1301.0,True,otro,closeup,,,0.0039708237163722515,0.0003691129677463323,0.0014477414079010487,0.002170795341953635,0.0018214767333120108,0.9823933839797974,0.007826766930520535,0.0,0.23581822216510773,0.15850681066513062,0.5557332038879395
1301.0,1302.0,True,otro,closeup,,,0.0695892944931984,0.002031991956755519,0.005817375611513853,0.007622681558132172,0.0011371553409844637,0.907778263092041,0.006023249588906765,0.0,0.2628602385520935,0.2916339635848999,0.5123831629753113
1302.0,1303.0,True,otro,closeup,,,0.1516987532377243,0.01687164045870304,0.005993234924972057,0.0013018841855227947,0.0008260263130068779,0.8190176486968994,0.004290958400815725,0.0,0.38954639434814453,0.3014158010482788,0.5365251898765564
1303.0,1304.0,True,otro,closeup,,,0.35116541385650635,0.01272154413163662,0.06461551040410995,0.04833686351776123,0.1168791800737381,0.39971446990966797,0.006566945463418961,0.0,0.10456010699272156,0.05542847141623497,0.5357955694198608
1304.0,1305.0,True,otro,closeup,,,0.15780045092105865,0.018179452046751976,0.012040868401527405,0.02519233152270317,0.005726304836571217,0.7761290669441223,0.0049316189251840115,0.0,0.17190323770046234,0.042436253279447556,0.5303927063941956
1305.0,1306.0,True,otro,closeup,,,0.1932959109544754,0.017606159672141075,0.007163951639086008,0.06308217346668243,0.03121364675462246,0.6839973330497742,0.0036408533342182636,0.0,0.158478245139122,0.03313572332262993,0.4471614360809326
1306.0,1307.0,True,otro,closeup,,,0.20534946024417877,0.017891135066747665,0.028436608612537384,0.19101543724536896,0.26527532935142517,0.2873969078063965,0.00463510025292635,0.0,0.28783905506134033,0.028562497347593307,0.5842357277870178
1307.0,1308.0,True,otro,closeup,,,0.3283308148384094,0.010481348261237144,0.1218230277299881,0.010125569067895412,0.018033048138022423,0.5080060958862305,0.0032000711653381586,0.0,0.11999795585870743,0.04097910225391388,0.589672863483429
1308.0,1309.0,True,otro,closeup,,,0.21451503038406372,0.012612884864211082,0.005498549900949001,0.024610847234725952,0.011847862042486668,0.7276979684829712,0.0032169679179787636,0.0,0.14647310972213745,0.04240298643708229,0.6198891401290894
1309.0,1310.0,True,otro,closeup,,,0.34229838848114014,0.016846980899572372,0.023897845298051834,0.0141165005043149,0.010160034522414207,0.5907871723175049,0.001893049106001854,0.0,0.0837806761264801,0.04020843654870987,0.6253747344017029
1310.0,1311.0,True,otro,closeup,,,0.28097498416900635,0.016783738508820534,0.042747460305690765,0.07272303849458694,0.035015735775232315,0.5475091338157654,0.004245980177074671,0.0,0.13693328201770782,0.03959030285477638,0.6181381344795227
1311.0,1312.0,True,otro,closeup,,,0.18367600440979004,0.016589734703302383,0.00410580774769187,0.0923827514052391,0.006132946349680424,0.6954879760742188,0.0016247582389041781,0.0,0.3026432394981384,0.059862323105335236,0.5074994564056396
1312.0,1313.0,True,otro,closeup,,,0.5554006099700928,0.01932346075773239,0.05009422451257706,0.04757697880268097,0.30208632349967957,0.02439809776842594,0.0011202591704204679,0.0,0.2731812298297882,0.02739977091550827,0.5301581025123596
1313.0,1314.0,True,otro,closeup,,,0.48658958077430725,0.03736027702689171,0.02549261786043644,0.08509330451488495,0.07310751080513,0.2905072867870331,0.0018494316609576344,0.0,0.18387776613235474,0.03683612495660782,0.5832073092460632
1314.0,1315.0,True,presidenta,closeup,,,0.9195196628570557,0.010472310706973076,0.06854653358459473,0.0003269329317845404,0.0001273928937735036,0.0008222205797210336,0.00018487765919417143,0.0,0.4006895124912262,0.07431766390800476,0.6642040014266968
1315.0,1316.0,True,presidenta,closeup,,,0.8445553183555603,0.01897425390779972,0.009796679951250553,0.024729622527956963,0.0011970044579356909,0.010714882984757423,0.09003230184316635,0.0,0.31989753246307373,0.07113199681043625,0.603319525718689
1316.0,1317.0,True,presidenta,closeup,,,0.9465368390083313,0.002090776339173317,0.024004995822906494,0.0010877612512558699,0.00015649270790163428,0.02267400734126568,0.003449078882113099,0.0,0.2905803918838501,0.027154065668582916,0.5001543164253235
1317.0,1318.0,True,presidenta,closeup,,,0.9867116212844849,0.00582500547170639,0.001995587721467018,0.003966233227401972,0.00034420404699631035,0.0009237880585715175,0.00023355449957307428,0.0,0.31474748253822327,0.03489799425005913,0.24783657491207123
1318.0,1319.0,True,presidenta,closeup,,,0.9422540664672852,0.010545330122113228,0.013584913685917854,0.010044940747320652,0.003013295354321599,0.004714614246040583,0.015842806547880173,0.0,0.2786948084831238,0.030402572825551033,0.5457408428192139
1319.0,1320.0,True,presidenta,closeup,,,0.8525278568267822,0.060427017509937286,0.01525461208075285,0.01166586671024561,0.0013817299623042345,0.018499504774808884,0.04024342820048332,0.0,0.10979732871055603,0.37799862027168274,0.5105869174003601
1320.0,1321.0,True,presidenta,closeup,,,0.006279313936829567,0.02696128375828266,0.00017630615911912173,0.0013007739325985312,0.00011048035230487585,0.0007709296769462526,0.9644009470939636,0.0,0.436219722032547,0.12792052328586578,0.4262183606624603
1321.0,1322.0,True,presidenta,closeup,,,0.22351296246051788,0.608550488948822,0.009934877045452595,0.0020555860828608274,0.00019522497314028442,0.0015605774242430925,0.154190331697464,0.0,0.33389604091644287,0.1069352999329567,0.7522446513175964
1322.0,1323.0,True,presidenta,closeup,,,0.49121999740600586,0.14138910174369812,0.02205420471727848,0.013412539847195148,0.0026828781701624393,0.008152942173182964,0.32108837366104126,0.0,0.28882738947868347,0.06419738382101059,0.3918071687221527
1323.0,1324.0,True,presidenta,closeup,,,0.49949899315834045,0.10377219319343567,0.20595236122608185,0.008172991685569286,0.01153981126844883,0.00664052227512002,0.1644231081008911,0.0,0.12546385824680328,0.09102500975131989,0.28447651863098145
1324.0,1325.0,True,presidenta,closeup,,,0.5913453102111816,0.08529765903949738,0.2330636978149414,0.011681461706757545,0.003973045386373997,0.010396397672593594,0.06424244493246078,0.0,0.8118036985397339,0.6952964067459106,0.5270893573760986
1325.0,1326.0,True,presidenta,closeup,,,0.7262259721755981,0.11002601683139801,0.05378995090723038,0.0009778982494026423,0.0005092858336865902,0.01881522312760353,0.08965562283992767,0.0,0.7190167903900146,0.5101810097694397,0.7291853427886963
1326.0,1327.0,True,presidenta,closeup,,,0.6486784815788269,0.2645896375179291,0.034264009445905685,0.0008711038390174508,0.0002907545131165534,0.024198327213525772,0.027107691392302513,0.0,0.6689332723617554,0.6252083778381348,0.5986409783363342
1327.0,1328.0,True,presidenta,closeup,,,0.8821561336517334,0.06250795722007751,0.03611130639910698,0.0010332302190363407,0.00021113886032253504,0.011241323314607143,0.006738952826708555,0.0,0.6425284743309021,0.6715746521949768,0.666909396648407
1328.0,1329.0,True,presidenta,closeup,,,0.964939296245575,0.007595240604132414,0.02429794892668724,0.002414815593510866,0.00010606095020193607,0.0003831217472907156,0.0002635513956192881,0.0,0.6260517835617065,0.46168288588523865,0.5738309621810913
1329.0,1330.0,True,presidenta,closeup,,,0.952103316783905,0.015970295295119286,0.030386285856366158,0.00013386928185354918,4.2710464185802266e-05,0.0007439164910465479,0.0006196118192747235,0.0,0.6757537722587585,0.6069909930229187,0.6776859164237976
1330.0,1331.0,True,presidenta,closeup,,,0.7352539300918579,0.009025037288665771,0.005828063935041428,0.2461976855993271,0.0014184348983690143,0.0018758048536255956,0.00040105098742060363,0.0,0.1955147683620453,0.02301984652876854,0.2716694176197052
1331.0,1332.0,True,presidenta,closeup,,,0.8542378544807434,0.02887873724102974,0.011632449924945831,0.07316025346517563,0.001144007663242519,0.002037489553913474,0.028909187763929367,0.0,0.29208067059516907,0.03711577504873276,0.2716577351093292
1332.0,1333.0,True,presidenta,closeup,,,0.9197281002998352,0.011277047917246819,0.003737564431503415,0.06356141716241837,0.0002931806375272572,0.0012193896109238267,0.00018335964705329388,0.0,0.348706990480423,0.03980874642729759,0.46844062209129333
1333.0,1334.0,True,presidenta,closeup,,,0.9513373970985413,0.008499883115291595,0.00960428174585104,0.028136279433965683,0.00047669702325947583,0.001277700997889042,0.0006676805787719786,0.0,0.22782070934772491,0.05113201588392258,0.4963008463382721
1334.0,1335.0,True,presidenta,closeup,,,0.9726374745368958,0.018752140924334526,0.0010974165052175522,0.0021538124419748783,0.0005242930492386222,0.0013585536507889628,0.003476331941783428,0.0,0.21493084728717804,0.041400179266929626,0.4097886383533478
1335.0,1336.0,True,presidenta,closeup,,,0.7144400477409363,0.02215658500790596,0.003489498049020767,0.25264960527420044,0.002106232801452279,0.0027076886035501957,0.0024503639433532953,0.0,0.12877465784549713,0.23557259142398834,0.33975571393966675
1336.0,1337.0,True,presidenta,closeup,,,0.7971497774124146,0.14214475452899933,0.024620169773697853,0.00404562009498477,0.0002196440182160586,0.000907653127796948,0.030912403017282486,0.0,0.23862005770206451,0.1472165733575821,0.3367811441421509
1337.0,1338.0,True,presidenta,closeup,,,0.9925097227096558,0.0020952189806848764,0.005113398656249046,3.326545629533939e-05,9.653750566940289e-06,0.00016939330089371651,6.932124961167574e-05,0.0,0.5701155066490173,0.16500140726566315,0.7372838258743286
1338.0,1339.0,True,presidenta,closeup,,,0.7815181016921997,0.117539182305336,0.03621870279312134,0.0018557884031906724,0.00014647189527750015,0.0055637904442846775,0.05715798959136009,0.0,0.6287873983383179,0.578829824924469,0.6646608710289001
1339.0,1340.0,True,presidenta,closeup,,,0.7430157661437988,0.015595294535160065,0.026499636471271515,0.1894383430480957,0.025157950818538666,9.108933591051027e-05,0.00020192541705910116,0.0,0.14801093935966492,0.28591635823249817,0.279134064912796
1340.0,1341.0,True,presidenta,closeup,,,0.8624272346496582,0.015167792327702045,0.022409962490200996,0.08974103629589081,0.003348400117829442,0.001955052837729454,0.0049505289644002914,0.0,0.14050531387329102,0.04296169802546501,0.35035794973373413
1341.0,1342.0,True,presidenta,closeup,,,0.8181348443031311,0.014545796439051628,0.045655857771635056,0.04840746894478798,0.010551868937909603,0.0018178978934884071,0.06088631972670555,0.0,0.4649945795536041,0.04213758558034897,0.35949718952178955
1342.0,1343.0,True,presidenta,closeup,,,0.8325266242027283,0.005093813873827457,0.0304737351834774,0.08557148277759552,0.04596306011080742,7.049589476082474e-05,0.0003007587802130729,0.0,0.2811042070388794,0.03775325417518616,0.3157302439212799
1343.0,1344.0,True,presidenta,closeup,,,0.8033305406570435,0.010950829833745956,0.1258603185415268,0.006194543093442917,0.0006941158790141344,0.007198086474090815,0.045771583914756775,0.0,0.17477457225322723,0.03599078953266144,0.49310049414634705
1344.0,1345.0,True,presidenta,closeup,,,0.9178951382637024,0.07317806780338287,0.007444737944751978,0.0006148085813038051,8.566262840759009e-05,0.0006252251332625747,0.0001563021942274645,0.0,0.3547312319278717,0.2837942838668823,0.5035898089408875
1345.0,1346.0,True,presidenta,closeup,,,0.9876910448074341,0.0017444808036088943,0.004094620700925589,0.0060182176530361176,0.000230661709792912,0.00011969755723839626,0.00010130968439625576,0.0,0.2536185085773468,0.07868029177188873,0.5192306041717529
1346.0,1347.0,True,presidenta,closeup,,,0.9899330139160156,0.006302990950644016,0.00272203516215086,0.00019387267821002752,1.8080703739542514e-05,0.0007754393736831844,5.455657810671255e-05,0.0,0.254810631275177,0.1965935081243515,0.6906995177268982
1347.0,1348.0,True,presidenta,closeup,,,0.5757383704185486,0.036216720938682556,0.046142578125,0.09240620583295822,0.002804372925311327,0.006142160389572382,0.24054962396621704,0.0,0.3720835745334625,0.21119661629199982,0.3147032558917999
1348.0,1349.0,True,presidenta,closeup,,,0.807498037815094,0.015677563846111298,0.02731497399508953,0.00538500165566802,0.0021692481823265553,0.0027496330440044403,0.13920556008815765,0.0,0.43067666888237,0.08575873076915741,0.49021029472351074
1349.0,1350.0,True,presidenta,closeup,,,0.6535910367965698,0.2521747648715973,0.013002499006688595,0.06083600968122482,0.0008934590732678771,0.008350233547389507,0.011151927523314953,0.0,0.5997971892356873,0.6515549421310425,0.39193031191825867
1350.0,1351.0,True,presidenta,closeup,,,0.7291268110275269,0.09502778947353363,0.005500523839145899,0.019078601151704788,0.0013598744990304112,0.1390594094991684,0.01084698922932148,0.0,0.6853959560394287,0.5206416249275208,0.5724079608917236
1351.0,1352.0,True,presidenta,closeup,,,0.3090111315250397,0.09298444539308548,0.014995104633271694,0.13103032112121582,0.0008062976412475109,0.4265373647212982,0.024635357782244682,0.0,0.23718786239624023,0.3765435814857483,0.5050357580184937
1352.0,1353.0,True,presidenta,closeup,,,0.9781809449195862,0.008861183188855648,0.007884773425757885,0.002584363566711545,0.00017948448657989502,0.002191241830587387,0.00011795096361311153,0.0,0.7771400213241577,0.4270535111427307,0.5482088327407837
1353.0,1354.0,True,otro,closeup,,,0.6549972295761108,0.012759735807776451,0.09852160513401031,0.1258702278137207,0.01947273127734661,0.08790167421102524,0.00047675080713815987,0.0,0.1613897681236267,0.09182024747133255,0.5847198963165283
1354.0,1355.0,True,otro,closeup,,,0.46265101432800293,0.008772642351686954,0.07258179038763046,0.1696753203868866,0.08205515891313553,0.20089612901210785,0.0033678964246064425,0.0,0.22566711902618408,0.09189816564321518,0.46086031198501587
1355.0,1356.0,True,otro,closeup,,,0.8000162243843079,0.004244803451001644,0.03594694286584854,0.04759913682937622,0.002370303962379694,0.10970500111579895,0.0001175618963316083,0.0,0.13873594999313354,0.03902077302336693,0.4991235136985779
1356.0,1357.0,True,otro,closeup,,,0.650720477104187,0.006373372860252857,0.03390020877122879,0.059752434492111206,0.008911563083529472,0.23962104320526123,0.000720920623280108,0.0,0.17224392294883728,0.03899954631924629,0.5428763031959534
1357.0,1358.0,True,otro,closeup,,,0.7738654017448425,0.012106439098715782,0.0887424647808075,0.02693300135433674,0.015895970165729523,0.08199810236692429,0.0004586240102071315,0.0,0.14409689605236053,0.049196019768714905,0.5513046979904175
1358.0,1359.0,True,otro,closeup,,,0.6702274680137634,0.004740031436085701,0.14069999754428864,0.004386832006275654,0.0014779537450522184,0.17822134494781494,0.0002463411365170032,0.0,0.19640184938907623,0.0639752522110939,0.5369567275047302
1359.0,1360.0,True,otro,closeup,,,0.5183159708976746,0.001770003349520266,0.011946292594075203,0.4091702401638031,0.018478600308299065,0.040161602199077606,0.00015727481513749808,0.0,0.3510025441646576,0.060780446976423264,0.5786494612693787
1360.0,1361.0,True,otro,closeup,,,0.2449316382408142,0.007922750897705555,0.01982223615050316,0.1494053155183792,0.042688000947237015,0.5320935845375061,0.003136470215395093,0.0,0.31333500146865845,0.030458729714155197,0.4764915406703949
1361.0,1362.0,True,otro,closeup,,,0.21246518194675446,0.001244844519533217,0.05479566007852554,0.06734038889408112,0.2303221970796585,0.4232122600078583,0.010619482956826687,0.0,0.4223445653915405,0.03749806061387062,0.4411659836769104
1362.0,1363.0,True,otro,closeup,,,0.3626888692378998,0.006431473419070244,0.024951273575425148,0.1203843206167221,0.005301360040903091,0.4800650179386139,0.00017764547374099493,0.0,0.12074273079633713,0.04943313077092171,0.6315829753875732
1363.0,1364.0,True,otro,closeup,,,0.17910923063755035,0.0025031566619873047,0.015613804571330547,0.03982846438884735,0.004326151683926582,0.7583927512168884,0.00022649973107036203,0.0,0.11181081086397171,0.0426439493894577,0.5464363694190979
1364.0,1365.0,True,otro,closeup,,,0.39525091648101807,0.0013969802530482411,0.047910671681165695,0.21169453859329224,0.03004532679915428,0.31150585412979126,0.0021956446580588818,0.0,0.13474784791469574,0.03385579213500023,0.4692717492580414
1365.0,1366.0,True,otro,closeup,,,0.16658318042755127,0.004128192085772753,0.02050694264471531,0.1514127105474472,0.08780274540185928,0.5636250972747803,0.005941065959632397,0.0,0.15925541520118713,0.05333578959107399,0.6186303496360779
1366.0,1367.0,True,otro,closeup,,,0.4662267863750458,0.08869301527738571,0.005269492976367474,0.009616537019610405,0.003522739512845874,0.4130580723285675,0.013613261282444,0.0,0.25645312666893005,0.39735448360443115,0.45467349886894226
1367.0,1368.0,True,presidenta,closeup,,,0.8427205681800842,0.005655939690768719,0.013745893724262714,0.1239747703075409,0.00015807127056177706,0.012754678726196289,0.0009900653967633843,0.0,0.4425661563873291,0.07196318358182907,0.5705938935279846
1368.0,1369.0,True,presidenta,closeup,,,0.9845142960548401,0.005582929588854313,0.009202728047966957,0.00026168470503762364,1.5512625395786017e-05,0.000276422593742609,0.00014643024769611657,0.0,0.2262682169675827,0.3276365101337433,0.6212080121040344
1369.0,1370.0,True,presidenta,closeup,,,0.9688338041305542,0.009968922473490238,0.016069313511252403,0.0044820853509008884,0.000269290670985356,0.00018729924340732396,0.00018922732851933688,0.0,0.6095938682556152,0.5456727147102356,0.7585405111312866
1370.0,1371.0,True,presidenta,closeup,,,0.8061315417289734,0.05904809385538101,0.010073819197714329,0.0020576866809278727,0.0006217753980308771,0.0052285040728747845,0.11683854460716248,0.0,0.3886580765247345,0.02897225134074688,0.378212034702301
1371.0,1372.0,True,presidenta,closeup,,,0.9142979979515076,0.03026162087917328,0.006427186541259289,0.01641271635890007,0.00018534468836151063,0.030324608087539673,0.0020905646961182356,0.0,0.5608405470848083,0.5671526789665222,0.5371038317680359
1372.0,1373.0,True,presidenta,closeup,,,0.8900132179260254,0.07899939268827438,0.005079234950244427,0.001434967271052301,0.00021251456928439438,0.022802937775850296,0.0014576988760381937,0.0,0.696399450302124,0.2030976563692093,0.4431675970554352
1373.0,1374.0,True,presidenta,closeup,,,0.6587001085281372,0.3005102574825287,0.005020791199058294,0.006808699574321508,0.0001787624933058396,0.02617448754608631,0.00260685826651752,0.0,0.7559647560119629,0.26962676644325256,0.6222496628761292
1374.0,1375.0,True,presidenta,closeup,,,0.5971981287002563,0.38358452916145325,0.004319057799875736,0.004703001584857702,0.00017098942771553993,0.009277505800127983,0.0007468454423360527,0.0,0.665422260761261,0.20035956799983978,0.5106087327003479
1375.0,1376.0,True,presidenta,closeup,,,0.8502647280693054,0.0006508473888970912,0.01789162866771221,0.0007615706999786198,8.94020777195692e-05,0.12873707711696625,0.0016047990648075938,0.0,0.7422342896461487,0.36585456132888794,0.543663501739502
1376.0,1377.0,True,presidenta,closeup,,,0.959611713886261,0.004539890680462122,0.023555906489491463,0.00392520846799016,0.007464929483830929,9.4385257398244e-05,0.0008080143015831709,0.0,0.4661828577518463,0.05287884548306465,0.34218814969062805
1377.0,1378.0,True,presidenta,closeup,,,0.9831027984619141,0.008789348416030407,0.0011594678508117795,0.005120221991091967,7.119755900930613e-05,0.0015622139908373356,0.00019472507119644433,0.0,0.24451519548892975,0.05267491191625595,0.2156810164451599
1378.0,1379.0,True,presidenta,closeup,,,0.590888500213623,0.32493436336517334,0.002897031605243683,0.004979558754712343,0.0002902463893406093,0.00420805299654603,0.07180226594209671,0.0,0.33828672766685486,0.20078954100608826,0.49018555879592896
1379.0,1380.0,True,presidenta,closeup,,,0.9427017569541931,0.03124670684337616,0.005511091090738773,0.002526748226955533,0.00020177534315735102,0.0009866937762126327,0.016825269907712936,0.0,0.2394837737083435,0.06844993680715561,0.38016051054000854
1380.0,1381.0,True,presidenta,closeup,,,0.9909138679504395,0.0018042224692180753,0.0012534311972558498,0.004259595647454262,5.1374405302340165e-05,0.0016699399566277862,4.758846989716403e-05,0.0,0.21134871244430542,0.047015924006700516,0.4285891652107239
1381.0,1382.0,True,presidenta,closeup,,,0.9576602578163147,0.01159309409558773,0.00863642618060112,0.017565326765179634,9.876742115011439e-05,0.0014419949147850275,0.003004149068146944,0.0,0.22518981993198395,0.04248528555035591,0.5148040056228638
1382.0,1383.0,True,presidenta,closeup,,,0.825927197933197,0.015277198515832424,0.07545576244592667,0.024611547589302063,0.0007577084470540285,0.0218098945915699,0.0361606627702713,0.0,0.2767297029495239,0.6113642454147339,0.5866128206253052
1383.0,1384.0,True,presidenta,closeup,,,0.9814772009849548,0.0011946221347898245,0.0033792327158153057,0.013693459331989288,6.598380423383787e-05,0.00016871695697773248,2.0789651898667216e-05,0.0,0.5077285766601562,0.25188446044921875,0.5703739523887634
1384.0,1385.0,True,presidenta,closeup,,,0.9529595971107483,0.0006871736259199679,0.030615953728556633,0.011336863972246647,0.00031625907286070287,0.002364980522543192,0.0017191281076520681,0.0,0.22178810834884644,0.04244057089090347,0.4077599048614502
1385.0,1386.0,True,presidenta,closeup,,,0.08222438395023346,0.0023327083326876163,0.0007907621329650283,0.9123808145523071,0.0003517334698699415,0.0019003861816599965,1.9177246940671466e-05,0.0,0.10937939584255219,0.07015994936227798,0.49832040071487427
1386.0,1387.0,True,presidenta,closeup,,,0.30326661467552185,0.015345281921327114,0.003613912733271718,0.6684522032737732,0.004673968069255352,0.0037450704257935286,0.0009029777138493955,0.0,0.11640923470258713,0.031722404062747955,0.35272642970085144
1387.0,1388.0,True,presidenta,closeup,,,0.18151485919952393,0.049777042120695114,0.012210546061396599,0.7462143301963806,0.0009690324659459293,0.0045653353445231915,0.004748886451125145,0.0,0.06926320493221283,0.05531750246882439,0.30875542759895325
1388.0,1389.0,True,presidenta,closeup,,,0.8769322633743286,0.010203391313552856,0.031580399721860886,0.06655728816986084,0.009038273245096207,0.0013318192213773727,0.0043565803207457066,0.0,0.16308541595935822,0.04020014405250549,0.2757737338542938
1389.0,1390.0,True,presidenta,closeup,,,0.33999744057655334,0.15350669622421265,0.012386195361614227,0.48116397857666016,0.009371843189001083,0.000938164652325213,0.0026356899179518223,0.0,0.13492846488952637,0.09564206004142761,0.37213432788848877
1390.0,1391.0,True,presidenta,closeup,,,0.8780617117881775,0.026690443977713585,0.06631526350975037,0.0005955958622507751,0.0002487709280103445,0.006078015081584454,0.022010205313563347,0.0,0.41302934288978577,0.3488829433917999,0.5890864133834839
1391.0,1392.0,True,presidenta,closeup,,,0.8914449214935303,0.017672421410679817,0.03928494453430176,0.03694973140954971,0.0018508998909965158,0.0061490279622375965,0.006648085080087185,0.0,0.18109090626239777,0.04593179002404213,0.4474427402019501
1392.0,1393.0,True,presidenta,closeup,,,0.8929391503334045,0.009607432410120964,0.086160808801651,0.005911599844694138,0.0002572185767348856,0.004193587228655815,0.0009301781537942588,0.0,0.15155614912509918,0.04765301197767258,0.585237979888916
1393.0,1394.0,True,presidenta,closeup,,,0.5814357399940491,0.12393316626548767,0.13393978774547577,0.12934362888336182,0.016260141506791115,0.004342012573033571,0.010745457373559475,0.0,0.1338769793510437,0.15097512304782867,0.46310439705848694
1394.0,1395.0,True,presidenta,closeup,,,0.3841274082660675,0.049705155193805695,0.005600131116807461,0.5592782497406006,0.0006491345120593905,0.00034589486313052475,0.00029402028303593397,0.0,0.17788946628570557,0.059335123747587204,0.2682083249092102
1395.0,1396.0,True,presidenta,closeup,,,0.13053864240646362,0.3286031484603882,0.0030611520633101463,0.12109360843896866,0.0024818445090204477,0.008168628439307213,0.4060530364513397,0.0,0.20304705202579498,0.11895827203989029,0.48061972856521606
1396.0,1397.0,True,presidenta,closeup,,,0.29478541016578674,0.21354757249355316,0.015952637419104576,0.14497482776641846,0.004607762210071087,0.007250703871250153,0.3188810348510742,0.0,0.10754022002220154,0.0925464853644371,0.43563705682754517
1397.0,1398.0,True,presidenta,closeup,,,0.5381361246109009,0.31470566987991333,0.013630175963044167,0.012046247720718384,0.00071291922358796,0.0023211147636175156,0.11844775825738907,0.0,0.20486992597579956,0.03815169632434845,0.3689620792865753
1398.0,1399.0,True,presidenta,closeup,,,0.9590066075325012,0.00423497473821044,0.0297281164675951,0.00023834878811612725,4.6996763558126986e-05,0.0066833533346652985,6.165789818624035e-05,0.0,0.37636813521385193,0.04033248871564865,0.5367958545684814
1399.0,1400.0,True,presidenta,closeup,,,0.9782817959785461,0.0041094133630394936,0.00861449260264635,0.0034984168596565723,0.00011195343540748581,0.005321938078850508,6.198525807121769e-05,0.0,0.7256627678871155,0.4997331202030182,0.5021555423736572
1400.0,1401.0,True,presidenta,closeup,,,0.9717569351196289,0.0010249961633235216,0.02401428483426571,0.0025218355003744364,2.2768568669562228e-05,0.0006177030154503882,4.143821934121661e-05,0.0,0.7804996967315674,0.6122657060623169,0.5233988761901855
1401.0,1402.0,True,presidenta,closeup,,,0.9936378598213196,0.0008848387515172362,0.00394447473809123,0.0010182290570810437,4.9175407184520736e-05,0.00039170344825834036,7.364102930296212e-05,0.0,0.5906467437744141,0.3089205324649811,0.6146414279937744
1402.0,1403.0,True,presidenta,closeup,,,0.9565216898918152,0.012960776686668396,0.0060960398986935616,0.019457919523119926,0.000610878225415945,0.0011679530143737793,0.0031847981736063957,0.0,0.3302272856235504,0.16425369679927826,0.39747822284698486
1403.0,1404.0,True,presidenta,closeup,,,0.9824702143669128,0.010085287503898144,0.005028776358813047,0.002042684704065323,4.109182918909937e-05,0.00013830771786160767,0.00019365153275430202,0.0,0.33726921677589417,0.131279855966568,0.49302375316619873
1404.0,1405.0,True,presidenta,closeup,,,0.9426758289337158,0.0007249957998283207,0.03726261481642723,0.013336080126464367,0.0007169796153903008,0.0026179717388004065,0.0026655923575162888,0.0,0.11295285075902939,0.17773756384849548,0.5990968346595764
1405.0,1406.0,True,presidenta,closeup,,,0.8663389086723328,0.018682677298784256,0.07059505581855774,0.03139561414718628,0.0005056736990809441,0.004742730874568224,0.007739364635199308,0.0,0.03777473792433739,0.04874926060438156,0.4558972716331482
1406.0,1407.0,True,presidenta,closeup,,,0.9425292015075684,0.007239952217787504,0.03613293915987015,0.013109054416418076,0.0002721117634791881,0.0005602327291853726,0.0001565444836160168,0.0,0.09987396001815796,0.041039127856492996,0.5750593543052673
1407.0,1408.0,True,presidenta,closeup,,,0.8749468326568604,0.0461309552192688,0.022582558915019035,0.007065433543175459,0.0006389152840711176,0.0019862684421241283,0.04664905369281769,0.0,0.28033122420310974,0.04482507333159447,0.27645614743232727
1408.0,1409.0,True,presidenta,closeup,,,0.9858641028404236,0.0069201295264065266,0.003069569356739521,0.0037724908906966448,7.84413205110468e-05,0.00022060719493310899,7.472970173694193e-05,0.0,0.3973264992237091,0.04900023341178894,0.33895933628082275
1409.0,1410.0,True,presidenta,closeup,,,0.8184211254119873,0.01263524405658245,0.010440323501825333,0.15573355555534363,0.0003582087520044297,0.0017615249380469322,0.0006499982555396855,0.0,0.45982712507247925,0.03728187456727028,0.41259583830833435
1410.0,1411.0,True,presidenta,closeup,,,0.03394622355699539,0.00046743470011278987,0.01963691972196102,0.003104618052020669,0.001226884196512401,0.002469833940267563,0.9391480088233948,0.0,0.3269747197628021,0.026582080870866776,0.42822468280792236
1411.0,1412.0,True,presidenta,closeup,,,0.6869062781333923,0.15219159424304962,0.010762861929833889,0.09021930396556854,0.0041301860474050045,0.0077454508282244205,0.048044271767139435,0.0,0.07346474379301071,0.058885909616947174,0.3922198712825775
1412.0,1413.0,True,presidenta,closeup,,,0.9529687166213989,0.015201428905129433,0.0061059677973389626,0.01826661266386509,0.0007245687302201986,0.005921305622905493,0.0008114095544442534,0.0,0.17353376746177673,0.060057494789361954,0.3851282000541687
1413.0,1414.0,True,presidenta,closeup,,,0.9558558464050293,0.01448055636137724,0.010760507546365261,0.009763951413333416,0.0006228597485460341,0.0030502863228321075,0.005465949885547161,0.0,0.36215826869010925,0.07270257920026779,0.5785791873931885
1414.0,1415.0,True,presidenta,closeup,,,0.696538507938385,0.010300382040441036,0.005634688772261143,0.2837405800819397,0.0002596914127934724,0.0024547199718654156,0.0010714723030105233,0.0,0.196440190076828,0.3506402373313904,0.4398607015609741
1415.0,1416.0,True,presidenta,closeup,,,0.7803349494934082,0.0013803751207888126,0.01821201853454113,0.19055862724781036,0.001058329944498837,0.006715526804327965,0.001740124891512096,0.0,0.14630374312400818,0.05619705468416214,0.3752995729446411
1416.0,1417.0,True,presidenta,closeup,,,0.6249211430549622,0.03372415155172348,0.040979743003845215,0.2887292802333832,0.003468137001618743,0.003179315011948347,0.0049982075579464436,0.0,0.1210545226931572,0.0747225359082222,0.3687582314014435
1417.0,1418.0,True,presidenta,closeup,,,0.027375299483537674,0.020837994292378426,0.0036373042967170477,0.896105170249939,0.03992730379104614,0.010195032693445683,0.0019218827364966273,0.0,0.11446619033813477,0.15629787743091583,0.163235142827034
1418.0,1419.0,True,presidenta,closeup,,,0.942607581615448,0.008007480762898922,0.002447425853461027,0.045344576239585876,0.0004150673921685666,0.0011215159902349114,5.6351513194385916e-05,0.0,0.1451440453529358,0.05086275935173035,0.48592764139175415
1419.0,1420.0,True,presidenta,closeup,,,0.9044308662414551,0.009752899408340454,0.008855640888214111,0.05907030031085014,0.0011494868667796254,0.013274071738123894,0.003466720227152109,0.0,0.11044584959745407,0.06487829983234406,0.3502921760082245
1420.0,1421.0,True,presidenta,closeup,,,0.972798764705658,0.0009860193822532892,0.017516765743494034,0.006911266129463911,0.00045063139987178147,0.000837232859339565,0.0004993553156964481,0.0,0.12424466013908386,0.03462808206677437,0.39890915155410767
1421.0,1422.0,True,presidenta,closeup,,,0.3956161141395569,0.012752125971019268,0.002605382353067398,0.5853708982467651,0.002990052569657564,0.0006550851976498961,1.036636149365222e-05,0.0,0.2481180727481842,0.04141325503587723,0.47125789523124695
1422.0,1423.0,True,presidenta,closeup,,,0.9868255257606506,0.00496237026527524,0.002815809566527605,0.0036708011757582426,7.498842751374468e-05,0.001608808059245348,4.1760755266295746e-05,0.0,0.40589940547943115,0.06868679076433182,0.42316731810569763
1423.0,1424.0,True,presidenta,closeup,,,0.5567769408226013,0.019830476492643356,0.009983254596590996,0.39851415157318115,0.0009951824322342873,0.008666152134537697,0.005233825650066137,0.0,0.28809911012649536,0.09272144734859467,0.318794846534729
1424.0,1425.0,True,presidenta,closeup,,,0.8505067229270935,0.021609583869576454,0.005409738980233669,0.12022805958986282,0.0003423198650125414,0.0016755680553615093,0.00022799712314736098,0.0,0.2539355158805847,0.09237143397331238,0.4145142734050751
1425.0,1426.0,True,presidenta,closeup,,,0.8975894451141357,0.0032008502166718245,0.01918632909655571,0.07788892835378647,0.00030498948763124645,0.001799676800146699,2.980983663292136e-05,0.0,0.3037852346897125,0.05497956648468971,0.6326356530189514
1426.0,1427.0,True,presidenta,closeup,,,0.7267428636550903,0.007891668938100338,0.05675914138555527,0.14231933653354645,0.061122555285692215,0.0013656694209203124,0.003798853838816285,0.0,0.1732170581817627,0.06327272206544876,0.44456616044044495
1427.0,1428.0,True,presidenta,closeup,,,0.9213097095489502,0.014013765379786491,0.01842140592634678,0.027448493987321854,0.003841949161142111,0.0071110776625573635,0.007853557355701923,0.0,0.14153224229812622,0.03009028732776642,0.43057507276535034
1428.0,1429.0,True,presidenta,closeup,,,0.7128170728683472,0.12865854799747467,0.010565787553787231,0.06941382586956024,0.006806344725191593,0.009699873626232147,0.06203852966427803,0.0,0.20812061429023743,0.04667532816529274,0.3389705419540405
1429.0,1430.0,True,presidenta,closeup,,,0.9249567985534668,0.003450330113992095,0.049445971846580505,0.004222218878567219,0.00047198779066093266,0.010886374861001968,0.006566323339939117,0.0,0.3782201409339905,0.0331866480410099,0.4051143229007721
1430.0,1431.0,True,presidenta,closeup,,,0.4181757867336273,0.16383326053619385,0.0033771763555705547,0.13547362387180328,0.0019669721368700266,0.0052722180262207985,0.27190101146698,0.0,0.45281195640563965,0.07719972729682922,0.470439612865448
1431.0,1432.0,True,presidenta,closeup,,,0.7691247463226318,0.1373709887266159,0.0030396170914173126,0.06608937680721283,0.0018317265203222632,0.0028949070256203413,0.019648674875497818,0.0,0.16536754369735718,0.04333600774407387,0.39513707160949707
1432.0,1433.0,True,presidenta,closeup,,,0.8105601668357849,0.047296859323978424,0.048141591250896454,0.04279012605547905,0.0027773615438491106,0.007788920309394598,0.040644995868206024,0.0,0.11879248172044754,0.05756085738539696,0.39228010177612305
1433.0,1434.0,True,presidenta,closeup,,,0.2430730164051056,0.30746158957481384,0.013413981534540653,0.19846417009830475,0.00843435525894165,0.0040682582184672356,0.22508467733860016,0.0,0.06919253617525101,0.10077542811632156,0.29695650935173035
1434.0,1435.0,True,presidenta,closeup,,,0.707202136516571,0.09202902764081955,0.044029492884874344,0.14879727363586426,0.0027146965730935335,0.0018005615565925837,0.00342689361423254,0.0,0.10733940452337265,0.08441220968961716,0.38847774267196655
1435.0,1436.0,True,presidenta,closeup,,,0.5948536992073059,0.016894007101655006,0.010116350837051868,0.34478458762168884,0.013645675964653492,0.003060024231672287,0.016645647585392,0.0,0.21079149842262268,0.036064449697732925,0.2629631757736206
1436.0,1437.0,True,presidenta,closeup,,,0.980709433555603,0.0024558031000196934,0.007773417513817549,0.007520532235503197,0.0007284882594831288,0.0007247925968840718,8.756564784562215e-05,0.0,0.15808014571666718,0.06255558133125305,0.4677167236804962
1437.0,1438.0,True,presidenta,closeup,,,0.9778084754943848,0.0017722267657518387,0.010112256743013859,0.009441327303647995,0.00018847911269403994,0.00030321074882522225,0.00037408340722322464,0.0,0.09736184030771255,0.038888052105903625,0.31357768177986145
1438.0,1439.0,True,presidenta,closeup,,,0.22431950271129608,0.4586508870124817,0.030518043786287308,0.05549797788262367,0.0004592152254190296,0.010521483607590199,0.22003288567066193,0.0,0.21296426653862,0.21906960010528564,0.3906542956829071
1439.0,1440.0,True,presidenta,closeup,,,0.9749956130981445,0.007397548761218786,0.0044968281872570515,0.01271150168031454,8.889532909961417e-05,0.0001489401183789596,0.00016068275726865977,0.0,0.21936671435832977,0.04930569976568222,0.3156253397464752
1440.0,1441.0,True,presidenta,closeup,,,0.900746762752533,0.004503641277551651,0.005640385206788778,0.08618369698524475,0.00015113568224478513,0.002661846810951829,0.00011252667172811925,0.0,0.09648413211107254,0.05876941978931427,0.540428876876831
1441.0,1442.0,True,presidenta,closeup,,,0.629452645778656,0.056645821779966354,0.02171424776315689,0.2887280583381653,0.0003715382481459528,0.002554750768467784,0.0005328949191607535,0.0,0.325542151927948,0.20995596051216125,0.3914524018764496
1442.0,1443.0,True,presidenta,closeup,,,0.8221592307090759,0.017018355429172516,0.0118449367582798,0.14630483090877533,0.0010442069033160806,0.001341906376183033,0.0002865337592083961,0.0,0.08098752051591873,0.04590349271893501,0.508988618850708
1443.0,1444.0,True,presidenta,closeup,,,0.0758623406291008,0.0048215375281870365,0.008240839466452599,0.3980547785758972,0.019999442622065544,0.01360479835420847,0.47941625118255615,0.0,0.19290290772914886,0.028394624590873718,0.3768252432346344
1444.0,1445.0,True,presidenta,closeup,,,0.4997307360172272,0.01626528427004814,0.01012377068400383,0.42894572019577026,0.004255042877048254,0.001060481066815555,0.03961900621652603,0.0,0.14051668345928192,0.041518669575452805,0.3659377694129944
1445.0,1446.0,True,presidenta,closeup,,,0.272178590297699,0.023639649152755737,0.04160371050238609,0.49836066365242004,0.09907606244087219,0.0034597900230437517,0.06168151646852493,0.0,0.16843238472938538,0.14546237885951996,0.37942731380462646
1446.0,1447.0,True,presidenta,closeup,,,0.11452047526836395,0.08210006356239319,0.022115694358944893,0.6501284837722778,0.02159942500293255,0.008365231566131115,0.10117056220769882,0.0,0.08812869340181351,0.17994287610054016,0.5442617535591125
1447.0,1448.0,True,presidenta,closeup,,,0.8661786913871765,0.005849563982337713,0.056612879037857056,0.06455308198928833,0.0033943182788789272,0.0015037235571071506,0.0019077924080193043,0.0,0.1364966332912445,0.03430141881108284,0.3440597653388977
1448.0,1449.0,True,presidenta,closeup,,,0.14175114035606384,0.007905595004558563,0.0581352598965168,0.038147736340761185,0.0012148373061791062,0.010359534993767738,0.7424860000610352,0.0,0.1514665186405182,0.04203919693827629,0.3877006769180298
1449.0,1450.0,True,presidenta,closeup,,,0.8026408553123474,0.029227808117866516,0.035676922649145126,0.1085638478398323,0.004367150366306305,0.005261849146336317,0.014261598698794842,0.0,0.17824558913707733,0.05994553118944168,0.366315633058548
1450.0,1451.0,True,presidenta,closeup,,,0.78755122423172,0.06787166744470596,0.02929343469440937,0.10808864235877991,0.0020505429711192846,0.0018923934549093246,0.0032520880922675133,0.0,0.05841773375868797,0.06095878779888153,0.3369055390357971
1451.0,1452.0,True,presidenta,closeup,,,0.2846298813819885,0.003618236631155014,0.014324411749839783,0.6512835621833801,0.045235808938741684,0.0007559694931842387,0.0001520673104096204,0.0,0.19141948223114014,0.030443357303738594,0.3985404372215271
1452.0,1453.0,True,presidenta,closeup,,,0.45303577184677124,0.3669096529483795,0.05273742601275444,0.06227010115981102,0.0011834846809506416,0.001202245126478374,0.06266139447689056,0.0,0.22346195578575134,0.5258703231811523,0.4560796916484833
1453.0,1454.0,True,presidenta,closeup,,,0.6783450841903687,0.057753849774599075,0.033064115792512894,0.1843419373035431,0.009507240727543831,0.01273213792592287,0.024255674332380295,0.0,0.14513958990573883,0.07716263830661774,0.5307955145835876
1454.0,1455.0,True,presidenta,closeup,,,0.9102120399475098,0.0026336561422795057,0.0035835797898471355,0.08227978646755219,0.0009033039677888155,0.00023955882352311164,0.00014801952056586742,0.0,0.201888307929039,0.027642417699098587,0.2672122120857239
1455.0,1456.0,True,presidenta,closeup,,,0.8240799307823181,0.06862412393093109,0.021893588826060295,0.0032037016935646534,0.0006465744809247553,0.03967928886413574,0.0418727844953537,0.0,0.7102330923080444,0.23239144682884216,0.7337481379508972
1456.0,1457.0,True,presidenta,closeup,,,0.6759684681892395,0.02581348828971386,0.060686543583869934,0.006118702702224255,0.0025491896085441113,0.04515997692942619,0.18370366096496582,0.0,0.6913619637489319,0.31202882528305054,0.7077339291572571
1457.0,1458.0,True,presidenta,closeup,,,0.9779608845710754,0.004132630303502083,0.005626214202493429,0.009458259679377079,0.0004125093691982329,0.0023606433533132076,4.882331995759159e-05,0.0,0.5476464033126831,0.2691810727119446,0.5168049931526184
1458.0,1459.0,True,presidenta,closeup,,,0.9800829291343689,0.0017695841379463673,0.01163655798882246,0.005431856028735638,0.00016223113925661892,0.0006250021397136152,0.0002918590325862169,0.0,0.3668109178543091,0.07658159732818604,0.38420283794403076
1459.0,1460.0,True,presidenta,closeup,,,0.9180270433425903,0.004017945844680071,0.04505961388349533,0.031016819179058075,0.0003155019658152014,0.0007632727501913905,0.0007998583605512977,0.0,0.37399008870124817,0.043842051178216934,0.32006940245628357
1460.0,1461.0,True,presidenta,closeup,,,0.8391835689544678,0.13245739042758942,0.01635967381298542,0.003925810568034649,0.00035158247919753194,0.004803095478564501,0.0029188671614974737,0.0,0.5730627179145813,0.5525842308998108,0.6143633127212524
1461.0,1462.0,True,presidenta,closeup,,,0.6832606792449951,0.039396848529577255,0.008111688308417797,0.2206965833902359,0.001922001363709569,0.0016849134117364883,0.04492725804448128,0.0,0.35991033911705017,0.044018007814884186,0.40977391600608826
1462.0,1463.0,True,presidenta,closeup,,,0.06874186545610428,0.003953276202082634,0.0033800960518419743,0.9095263481140137,0.011355041526257992,0.0027031665667891502,0.00034013830008916557,0.0,0.24630631506443024,0.06241633743047714,0.3765341639518738
1463.0,1464.0,True,presidenta,closeup,,,0.9922021627426147,0.0049184709787368774,0.0013042292557656765,0.0009337526862509549,6.857789412606508e-05,0.0005501782870851457,2.2616895876126364e-05,0.0,0.30580276250839233,0.048756469041109085,0.4845886826515198
1464.0,1465.0,True,presidenta,closeup,,,0.9771890640258789,0.009102372452616692,0.005133554805070162,0.0041717058047652245,0.0005727303214371204,0.002745049074292183,0.001085496274754405,0.0,0.7862334847450256,0.5698590874671936,0.6018900871276855
1465.0,1466.0,True,presidenta,closeup,,,0.6877208948135376,0.004254499915987253,0.008650880306959152,0.2924446165561676,0.0007936863112263381,0.004685199819505215,0.0014502150006592274,0.0,0.24805423617362976,0.33206719160079956,0.35973694920539856
1466.0,1467.0,True,presidenta,closeup,,,0.8517387509346008,0.048368487507104874,0.024730771780014038,0.045108310878276825,0.0013252197531983256,0.0037774054799228907,0.02495107613503933,0.0,0.3343057632446289,0.31197309494018555,0.5117794871330261
1467.0,1468.0,True,presidenta,closeup,,,0.8844339847564697,0.003384000388905406,0.004027754068374634,0.10713956505060196,0.00016308065096382052,0.0008014401537366211,5.015198257751763e-05,0.0,0.30091241002082825,0.11769416183233261,0.666432797908783
1468.0,1469.0,True,presidenta,closeup,,,0.575083315372467,0.02294914796948433,0.01847771182656288,0.37029996514320374,7.545849803136662e-05,0.010655706748366356,0.002458701143041253,0.0,0.23210681974887848,0.37333598732948303,0.6320830583572388
1469.0,1470.0,True,presidenta,closeup,,,0.08886799961328506,0.0009145130752585828,0.010720032267272472,0.8366069793701172,0.05892299860715866,0.0011153875384479761,0.002852130215615034,0.0,0.0944288820028305,0.04621778056025505,0.19737260043621063
1470.0,1471.0,True,presidenta,closeup,,,0.9202103614807129,0.0022821046877652407,0.029565870761871338,0.04508306458592415,0.0004587261064443737,0.0020895390771329403,0.0003104036732111126,0.0,0.1783958077430725,0.03938934952020645,0.340885192155838
1471.0,1472.0,True,presidenta,closeup,,,0.9267081022262573,0.012448202818632126,0.017179662361741066,0.03964363783597946,0.0003920313611160964,0.002655193442478776,0.0009731392492540181,0.0,0.4402804672718048,0.03409374877810478,0.49710899591445923
1472.0,1473.0,True,presidenta,closeup,,,0.5549120903015137,0.01731071062386036,0.04883069917559624,0.18978652358055115,0.001620423630811274,0.09396462887525558,0.09357491135597229,0.0,0.24622081220149994,0.15366432070732117,0.4642775058746338
1473.0,1474.0,True,presidenta,closeup,,,0.03370527923107147,0.3577030897140503,0.004400682169944048,0.5751796960830688,0.0010419543832540512,0.0039220103062689304,0.024047277867794037,0.0,0.177422434091568,0.5894507765769958,0.2982582151889801
1474.0,1475.0,True,presidenta,closeup,,,0.8788217306137085,0.031555693596601486,0.01345116551965475,0.07359015941619873,0.0004593126068357378,0.0017622740706428885,0.00035969060263596475,0.0,0.08199521899223328,0.044885266572237015,0.44787925481796265
1475.0,1476.0,True,presidenta,closeup,,,0.613120973110199,0.052177563309669495,0.03452115133404732,0.2791229784488678,0.0014268811792135239,0.01320310216397047,0.006427311804145575,0.0,0.15747615694999695,0.04412894323468208,0.4227887690067291
1476.0,1477.0,True,presidenta,closeup,,,0.5275963544845581,0.040543995797634125,0.04764144495129585,0.2842680811882019,0.002032302552834153,0.02981588989496231,0.06810198724269867,0.0,0.14793382585048676,0.05123293027281761,0.4890161156654358
1477.0,1478.0,True,presidenta,closeup,,,0.9160745143890381,0.026317618787288666,0.04518548771739006,0.001716983737424016,6.700372614432126e-05,0.00693859439343214,0.0036997508723288774,0.0,0.16361628472805023,0.11557167023420334,0.4977363646030426
1478.0,1479.0,True,presidenta,closeup,,,0.24300898611545563,0.7142107486724854,0.03158305212855339,0.005120498593896627,0.00017175852553918958,0.0041839247569441795,0.001720945700071752,0.0,0.790325939655304,0.25019145011901855,0.5166314840316772
1479.0,1480.0,True,presidenta,closeup,,,0.7537661194801331,0.09359842538833618,0.1278836578130722,0.01085053663700819,0.0007945264223963022,0.009590479545295238,0.003516276367008686,0.0,0.6631713509559631,0.5716575384140015,0.543423593044281
1480.0,1481.0,True,presidenta,closeup,,,0.707697331905365,0.011902340687811375,0.11572380363941193,0.046650439500808716,0.005463041365146637,0.0944586843252182,0.018104398623108864,0.0,0.510624349117279,0.20269745588302612,0.6975599527359009
1481.0,1482.0,True,presidenta,closeup,,,0.48898693919181824,0.09953232109546661,0.15913696587085724,0.019170956686139107,0.002934566466137767,0.14699363708496094,0.08324453979730606,0.0,0.19280803203582764,0.5743550062179565,0.6472612619400024
1482.0,1483.0,True,presidenta,closeup,,,0.641941249370575,0.015148920938372612,0.28426557779312134,0.0038245904725044966,0.0033763109240680933,0.0319986566901207,0.019444793462753296,0.0,0.5531558990478516,0.45154547691345215,0.7162394523620605
1483.0,1484.0,True,presidenta,closeup,,,0.9701182842254639,0.004488187842071056,0.019972752779722214,0.003096635453402996,5.121767389937304e-05,0.0019550640136003494,0.0003178705519530922,0.0,0.4327446520328522,0.16310900449752808,0.7518816590309143
1484.0,1485.0,True,presidenta,closeup,,,0.9433637857437134,0.0028770379722118378,0.010668196715414524,0.02864772081375122,0.0016417595325037837,0.011861790902912617,0.0009396433015353978,0.0,0.6202448010444641,0.12283007055521011,0.612119734287262
1485.0,1486.0,True,presidenta,closeup,,,0.7323781251907349,0.03698727488517761,0.019232528284192085,0.20102179050445557,0.0012583602219820023,0.004767466336488724,0.004354439210146666,0.0,0.25181788206100464,0.4293248653411865,0.5704679489135742
1486.0,1487.0,True,presidenta,closeup,,,0.8344694972038269,0.00970885157585144,0.14079886674880981,0.004065760411322117,0.0005462108529172838,0.0025642309337854385,0.007846531458199024,0.0,0.5354214310646057,0.4054752290248871,0.5738931894302368
1487.0,1488.0,True,presidenta,closeup,,,0.9378745555877686,0.00618424266576767,0.0475727804005146,0.0014798585325479507,0.0001527879503555596,0.0017653931863605976,0.004970384296029806,0.0,0.4310150444507599,0.16922013461589813,0.5050938725471497
1488.0,1489.0,True,presidenta,closeup,,,0.9410426020622253,0.014791763387620449,0.04308951646089554,0.00014522274432238191,6.226973346201703e-05,0.0008149416535161436,5.367004268919118e-05,0.0,0.44406577944755554,0.11749682575464249,0.5800450444221497
1489.0,1490.0,True,presidenta,closeup,,,0.9673118591308594,0.0065849595703184605,0.020111598074436188,0.0007188906311057508,0.00021053569798823446,0.004689184483140707,0.0003729000745806843,0.0,0.37344199419021606,0.043122731149196625,0.43547314405441284
1490.0,1491.0,True,presidenta,closeup,,,0.9751725792884827,0.007480284199118614,0.014329644851386547,0.0011762074427679181,0.00017280061729252338,0.001318142400123179,0.00035031174775213003,0.0,0.20617970824241638,0.09757877141237259,0.5179125666618347
1491.0,1492.0,True,presidenta,closeup,,,0.968880832195282,0.0017413038294762373,0.008517906069755554,0.012022962793707848,7.9317920608446e-05,0.007408382836729288,0.0013492683647200465,0.0,0.5898604393005371,0.43561869859695435,0.3539970815181732
1492.0,1493.0,True,presidenta,closeup,,,0.9771783351898193,0.002348478650674224,0.01658792607486248,0.000731955689843744,0.00013390342064667493,0.0028788831550627947,0.00014053568884264678,0.0,0.4441273808479309,0.04721485450863838,0.47669076919555664
1493.0,1494.0,True,presidenta,closeup,,,0.9552698135375977,0.013183112256228924,0.004530262667685747,0.025217071175575256,0.0012326701544225216,0.00045815788325853646,0.00010894488514168188,0.0,0.24436156451702118,0.03674810007214546,0.37906911969184875
1494.0,1495.0,True,presidenta,closeup,,,0.9294815063476562,0.028709402307868004,0.014049628749489784,0.006692097056657076,0.0002790855651255697,0.0018352249171584845,0.01895301416516304,0.0,0.179933562874794,0.08975306898355484,0.28980767726898193
1495.0,1496.0,True,presidenta,closeup,,,0.47768884897232056,0.46723905205726624,0.018726341426372528,0.013030343689024448,0.0008578851702623069,0.0029183104634284973,0.019539155066013336,0.0,0.14834406971931458,0.08191555738449097,0.4571758508682251
1496.0,1497.0,True,presidenta,closeup,,,0.8619828224182129,0.10138215869665146,0.01818646863102913,0.009250852279365063,0.001359462970867753,0.0013401899486780167,0.0064980266615748405,0.0,0.21526552736759186,0.06176009401679039,0.3937225341796875
1497.0,1498.0,True,presidenta,closeup,,,0.8855782151222229,0.031195921823382378,0.03708875924348831,0.02956581488251686,0.00030119516304694116,0.0009691465529613197,0.015300951898097992,0.0,0.11772982776165009,0.038203541189432144,0.40286344289779663
1498.0,1499.0,True,presidenta,closeup,,,0.3863033056259155,0.1943947672843933,0.017076583579182625,0.4007202982902527,0.0005411534802988172,0.0006018464337103069,0.00036215578438714147,0.0,0.16190014779567719,0.23974144458770752,0.5200031995773315
1499.0,1500.0,True,presidenta,closeup,,,0.8438289165496826,0.0014229336520656943,0.015190607868134975,0.1331893354654312,0.0004745240730699152,0.004932159557938576,0.0009614607552066445,0.0,0.42500048875808716,0.03314650058746338,0.4899488389492035
1500.0,1501.0,True,presidenta,closeup,,,0.9754223823547363,0.004190267063677311,0.017319833859801292,0.000968513370025903,5.19833411090076e-05,0.0016481614438816905,0.00039892527274787426,0.0,0.5519658923149109,0.3352464735507965,0.5969817042350769
1501.0,1502.0,True,presidenta,closeup,,,0.9036346673965454,0.0169758889824152,0.016304895281791687,0.052308760583400726,0.003658706322312355,0.0013879071921110153,0.005729178432375193,0.0,0.21518933773040771,0.0765824243426323,0.3988310992717743
1502.0,1503.0,True,presidenta,closeup,,,0.0970315933227539,0.27568674087524414,0.00233101611956954,0.6228293776512146,0.0006884542526677251,0.0009569422691129148,0.0004758926806971431,0.0,0.15279623866081238,0.3285250663757324,0.6953115463256836
1503.0,1504.0,True,presidenta,closeup,,,0.30182236433029175,0.15012173354625702,0.013224088586866856,0.27042531967163086,0.003006003564223647,0.02089100331068039,0.2405095100402832,0.0,0.2803678810596466,0.17321865260601044,0.2928663492202759
1504.0,1505.0,True,presidenta,closeup,,,0.2009134590625763,0.0874081552028656,0.03144792839884758,0.605087161064148,0.07304025441408157,0.0004554572806227952,0.0016475202282890677,0.0,0.2671850025653839,0.44602128863334656,0.2508533000946045
1505.0,1506.0,True,presidenta,closeup,,,0.8986985087394714,0.010975223034620285,0.02083846554160118,0.05011877790093422,0.0016915781889110804,0.0019374905386939645,0.015740005299448967,0.0,0.17481841146945953,0.046386800706386566,0.28980308771133423
1506.0,1507.0,True,presidenta,closeup,,,0.28292641043663025,0.08156240731477737,0.02696404419839382,0.5977084040641785,0.0030975802801549435,0.0004069559508934617,0.007334224879741669,0.0,0.16218586266040802,0.10364008694887161,0.3310226500034332
1507.0,1508.0,True,presidenta,closeup,,,0.6650189161300659,0.26375851035118103,0.021552469581365585,0.020593684166669846,0.0020602885633707047,0.002833835780620575,0.024182280525565147,0.0,0.1104244515299797,0.039407387375831604,0.40904778242111206
1508.0,1509.0,True,presidenta,closeup,,,0.8653329610824585,0.058606747537851334,0.02142535150051117,0.052384134382009506,0.0005670239333994687,0.0010249005863443017,0.0006588352844119072,0.0,0.1786022037267685,0.06170063465833664,0.4971810579299927
1509.0,1510.0,True,presidenta,closeup,,,0.014501753263175488,0.8950521945953369,0.003069875994697213,0.02468537539243698,0.00036682820064015687,0.00015584772336296737,0.06216825544834137,0.0,0.20793284475803375,0.2395549863576889,0.43465542793273926
1510.0,1511.0,True,presidenta,closeup,,,0.031577106565237045,0.07991237193346024,0.00213179481215775,0.7924938201904297,0.0262136347591877,0.0011301854392513633,0.06654109805822372,0.0,0.10274780541658401,0.1722126007080078,0.6341111063957214
1511.0,1512.0,True,presidenta,closeup,,,0.03262636438012123,0.12143207341432571,0.0015373898204416037,0.8239338994026184,0.0032072009053081274,0.001353152096271515,0.01590992510318756,0.0,0.1504722386598587,0.12682178616523743,0.3824775516986847
1512.0,1513.0,True,presidenta,closeup,,,0.7900198698043823,0.01850106008350849,0.010106212459504604,0.17892076075077057,0.0005361618823371828,0.0012419087579473853,0.0006740704411640763,0.0,0.2714668810367584,0.051531173288822174,0.419776976108551
1513.0,1514.0,True,presidenta,closeup,,,0.009337496012449265,0.7825313806533813,0.001403112430125475,0.06589461863040924,0.0003359501715749502,0.0023793510627001524,0.13811807334423065,0.0,0.1685979813337326,0.7264590859413147,0.11523693054914474
1514.0,1515.0,True,presidenta,closeup,,,0.6740451455116272,0.03936868906021118,0.0140449907630682,0.2690086364746094,0.0010435394942760468,0.0011243366170674562,0.001364647876471281,0.0,0.2199985533952713,0.08228375017642975,0.35732030868530273
1515.0,1516.0,True,presidenta,closeup,,,0.6707408428192139,0.044905636459589005,0.060402899980545044,0.19627279043197632,0.01415121741592884,0.0032784331124275923,0.0102482158690691,0.0,0.136308491230011,0.03679824620485306,0.5469416975975037
1516.0,1517.0,True,presidenta,closeup,,,0.9388741850852966,0.008983653970062733,0.003268093103542924,0.04806039109826088,0.0003125434450339526,0.0004216595261823386,7.950700091896579e-05,0.0,0.12679387629032135,0.0299571231007576,0.4452483057975769
1517.0,1518.0,True,presidenta,closeup,,,0.8774036765098572,0.0009773062774911523,0.08899228274822235,0.030245810747146606,0.001160113955847919,0.0011419793590903282,7.884761726018041e-05,0.0,0.29584062099456787,0.023476826027035713,0.6358773112297058
1518.0,1519.0,True,presidenta,closeup,,,0.6659614443778992,0.027165360748767853,0.03691026195883751,0.08255324512720108,0.0061691501177847385,0.015293722040951252,0.1659468710422516,0.0,0.0921081006526947,0.06389077007770538,0.49010032415390015
1519.0,1520.0,True,presidenta,closeup,,,0.26419898867607117,0.0704287439584732,0.012645616196095943,0.6016973257064819,0.029327865689992905,0.0022199791856110096,0.019481411203742027,0.0,0.12522512674331665,0.0473945178091526,0.2829643487930298
1520.0,1521.0,True,presidenta,closeup,,,0.02299952693283558,0.03384719043970108,0.002004100475460291,0.931281328201294,0.004851015750318766,0.0006233780295588076,0.00439353147521615,0.0,0.11152102798223495,0.2059607058763504,0.4496246874332428
1521.0,1522.0,True,presidenta,closeup,,,0.16633638739585876,0.0009052547393366694,0.002387766260653734,0.828040599822998,0.0021962944883853197,0.00012193178554298356,1.1787310540967155e-05,0.0,0.19918598234653473,0.04178571328520775,0.26229143142700195
1522.0,1523.0,True,presidenta,closeup,,,0.047679781913757324,0.001121291657909751,0.0005092890351079404,0.9495659470558167,0.0006679326179437339,0.00044693995732814074,8.861885362421162e-06,0.0,0.22870133817195892,0.01858433708548546,0.28807955980300903
1523.0,1524.0,True,presidenta,closeup,,,0.2515825033187866,0.06466183066368103,0.008822526782751083,0.6681572198867798,0.0005183372995816171,0.003046969184651971,0.0032106474973261356,0.0,0.19269932806491852,0.1150287389755249,0.32230454683303833
1524.0,1525.0,True,presidenta,closeup,,,0.2199198454618454,0.13681328296661377,0.017547698691487312,0.08322511613368988,0.008633448742330074,0.002709902124479413,0.531150758266449,0.0,0.2238178700208664,0.141354501247406,0.48974254727363586
1525.0,1526.0,True,presidenta,closeup,,,0.8015629649162292,0.023244163021445274,0.008396714925765991,0.1577368825674057,0.002318102167919278,0.0009704713593237102,0.005770746152848005,0.0,0.39537373185157776,0.05588335171341896,0.2780231237411499
1526.0,1527.0,True,presidenta,closeup,,,0.8894132971763611,0.06875062733888626,0.008347690105438232,0.025730615481734276,0.0014127370668575168,0.0032592867501080036,0.003085789503529668,0.0,0.17324313521385193,0.03956402838230133,0.502470076084137
1527.0,1528.0,True,presidenta,closeup,,,0.9151584506034851,0.011390889063477516,0.05857200548052788,0.00746683357283473,0.0009618682670406997,0.0015067905187606812,0.004943172447383404,0.0,0.10963490605354309,0.08008479326963425,0.5122067928314209
1528.0,1529.0,True,presidenta,closeup,,,0.9738782048225403,0.005276987794786692,0.003867339575663209,0.012155831791460514,0.0006520577007904649,0.00398904038593173,0.00018058651767205447,0.0,0.24586762487888336,0.03385724499821663,0.3799430727958679
1529.0,1530.0,True,presidenta,closeup,,,0.27585524320602417,0.1219695582985878,0.0069353715516626835,0.16680806875228882,0.001950594480149448,0.05187536031007767,0.37460580468177795,0.0,0.25623801350593567,0.06674660742282867,0.26484888792037964
1530.0,1531.0,True,presidenta,closeup,,,0.03322805091738701,0.07610571384429932,0.0024213518481701612,0.8819682598114014,0.0020892976317554712,0.0030351707246154547,0.001152184559032321,0.0,0.21064692735671997,0.3602307140827179,0.3816450834274292
1531.0,1532.0,True,presidenta,closeup,,,0.5223051309585571,0.05694133788347244,0.002985242987051606,0.41488003730773926,0.0001504075771663338,0.0023531620390713215,0.00038467379636131227,0.0,0.32594820857048035,0.122957743704319,0.43458303809165955
1532.0,1533.0,True,presidenta,closeup,,,0.13301317393779755,0.018756059929728508,0.0029523943085223436,0.841123104095459,0.003411553567275405,0.0005485700094141066,0.00019516692555043846,0.0,0.2566646337509155,0.031508997082710266,0.48789095878601074
1533.0,1534.0,True,presidenta,closeup,,,0.210999995470047,0.008956864476203918,0.0034684103447943926,0.7738022804260254,0.0010680746054276824,0.0009881735313683748,0.0007162481779232621,0.0,0.23780353367328644,0.03254914656281471,0.373550683259964
1534.0,1535.0,True,presidenta,closeup,,,0.8993719816207886,0.01973375305533409,0.0154264559969306,0.05540871247649193,0.0037489808164536953,0.0007259384146891534,0.005584202241152525,0.0,0.17931734025478363,0.07218412309885025,0.37730690836906433
1535.0,1536.0,True,presidenta,closeup,,,0.8707433342933655,0.02574727311730385,0.008377494290471077,0.08663665503263474,0.0016797739081084728,0.0034668603911995888,0.003348597092553973,0.0,0.19758586585521698,0.11572200059890747,0.5728472471237183
1536.0,1537.0,True,presidenta,closeup,,,0.9615849852561951,0.0009550439426675439,0.005209800321608782,0.03128916397690773,1.1687752703437582e-05,0.0009319426608271897,1.7317714082309976e-05,0.0,0.22913195192813873,0.04479387775063515,0.500551700592041
1537.0,1538.0,True,presidenta,closeup,,,0.7112765312194824,0.16012868285179138,0.006931815762072802,0.07892435044050217,0.0012537522707134485,0.027191488072276115,0.014293394982814789,0.0,0.8283342719078064,0.2632613778114319,0.41029784083366394
1538.0,1539.0,True,presidenta,closeup,,,0.8548280596733093,0.03830903396010399,0.002367365872487426,0.09552948921918869,0.0006608953699469566,0.005801753140985966,0.0025034439750015736,0.0,0.8475258350372314,0.676216721534729,0.617575466632843
1539.0,1540.0,True,presidenta,closeup,,,0.9822733998298645,0.0012666448019444942,0.0015890360809862614,0.0143414456397295,7.659837137907743e-05,0.0004464176017791033,6.47585420665564e-06,0.0,0.47070813179016113,0.1393822878599167,0.6709925532341003
1540.0,1541.0,True,presidenta,closeup,,,0.9340861439704895,0.001965732080861926,0.0017444152617827058,0.060805682092905045,7.244013977469876e-05,0.0010215482907369733,0.00030411710031330585,0.0,0.31103628873825073,0.367029070854187,0.4451158940792084
1541.0,1542.0,True,presidenta,closeup,,,0.23447377979755402,0.028624726459383965,0.004521298687905073,0.502618134021759,0.00047805215581320226,0.22344884276390076,0.005835158284753561,0.0,0.3379074037075043,0.30194318294525146,0.47909513115882874
1542.0,1543.0,True,presidenta,closeup,,,0.9850489497184753,0.0015608926769345999,0.010504176840186119,0.00020140733977314085,1.7664016922935843e-05,0.0026303676422685385,3.6480854760156944e-05,0.0,0.2745908200740814,0.05039988085627556,0.6073026061058044
1543.0,1544.0,True,presidenta,closeup,,,0.6984988451004028,0.10751024633646011,0.010157720185816288,0.051339175552129745,0.00268292217515409,0.03515324369072914,0.09465783089399338,0.0,0.23112311959266663,0.07511764764785767,0.48850682377815247
1544.0,1545.0,True,presidenta,closeup,,,0.8276243209838867,0.13440591096878052,0.014778325334191322,0.007956050336360931,0.0011524241417646408,0.001284293713979423,0.012798719108104706,0.0,0.3815578818321228,0.05430975928902626,0.3330545425415039
1545.0,1546.0,True,presidenta,closeup,,,0.5158495306968689,0.022488607093691826,0.16835656762123108,0.01297854445874691,0.0070696729235351086,0.0038921302184462547,0.2693648934364319,0.0,0.30533933639526367,0.06029869616031647,0.2559555470943451
1546.0,1547.0,True,presidenta,closeup,,,0.9298971891403198,0.04465041309595108,0.01920609176158905,0.0022728736512362957,0.00035392475547268987,0.0018643296789377928,0.0017552280332893133,0.0,0.23489587008953094,0.05087088793516159,0.3572784960269928
1547.0,1548.0,True,presidenta,closeup,,,0.9559690356254578,0.013135344721376896,0.0034462669864296913,0.0014776509488001466,0.00013476797903422266,0.02555357664823532,0.0002833833859767765,0.0,0.46380022168159485,0.5635913610458374,0.673054039478302
1548.0,1549.0,True,presidenta,closeup,,,0.9089635014533997,0.005331555847078562,0.019622374325990677,0.06162136048078537,0.0005029704188928008,0.0019536279141902924,0.002004634588956833,0.0,0.25728240609169006,0.1605064421892166,0.4575514495372772
1549.0,1550.0,True,presidenta,closeup,,,0.8704509735107422,0.028905626386404037,0.009730596095323563,0.08654437959194183,0.000293233897536993,0.0033335541374981403,0.0007416430162265897,0.0,0.5773351788520813,0.45555806159973145,0.41784459352493286
1550.0,1551.0,True,presidenta,closeup,,,0.1308699995279312,0.08350624144077301,0.005598126444965601,0.7737790942192078,0.0010995661141350865,0.002847556956112385,0.0022993995808064938,0.0,0.024462664499878883,0.06453115493059158,0.3465193212032318
1551.0,1552.0,True,presidenta,closeup,,,0.9274332523345947,0.001306998892687261,0.009650086052715778,0.059513553977012634,0.0010590064339339733,0.000957714393734932,7.934768655104563e-05,0.0,0.46064403653144836,0.019305841997265816,0.5729935765266418
1552.0,1553.0,True,presidenta,closeup,,,0.9412364363670349,0.014303415082395077,0.018171407282352448,0.019673163071274757,0.0003376840613782406,0.0009433890809305012,0.005334481131285429,0.0,0.2442801594734192,0.0916794016957283,0.46007564663887024
1553.0,1554.0,True,presidenta,closeup,,,0.781533420085907,0.16627109050750732,0.03693811967968941,0.008816487155854702,0.0002299480402143672,0.0053253802470862865,0.0008855451596900821,0.0,0.7600560784339905,0.19402539730072021,0.7407452464103699
1554.0,1555.0,True,presidenta,closeup,,,0.9473687410354614,0.012502918019890785,0.022340042516589165,0.01465858705341816,0.0002655805728863925,0.0015119509771466255,0.0013521997025236487,0.0,0.49505898356437683,0.2143208235502243,0.4238889515399933
1555.0,1556.0,True,presidenta,closeup,,,0.5275996923446655,0.02143162488937378,0.0031941630877554417,0.43697917461395264,0.0008337988401763141,0.007830526679754257,0.002131053013727069,0.0,0.2591288387775421,0.040485918521881104,0.4953218996524811
1556.0,1557.0,True,presidenta,closeup,,,0.8814494609832764,0.056054119020700455,0.029508812353014946,0.02554197981953621,0.0004827240773010999,0.003053037915378809,0.003909929655492306,0.0,0.17755912244319916,0.07022899389266968,0.5574942827224731
1557.0,1558.0,True,presidenta,closeup,,,0.6540054678916931,0.015502959489822388,0.009233357384800911,0.2367742359638214,0.001757382764481008,0.07125158607959747,0.011475011706352234,0.0,0.10490358620882034,0.10342033952474594,0.403605192899704
1558.0,1559.0,True,presidenta,closeup,,,0.9516213536262512,0.038863833993673325,0.004068863578140736,0.005273652262985706,1.5266810805769637e-05,0.00014312895655166358,1.3838040104019456e-05,0.0,0.3726406395435333,0.24942375719547272,0.680233895778656
1559.0,1560.0,True,presidenta,closeup,,,0.9673454761505127,0.003250138834118843,0.005054254084825516,0.022391483187675476,0.0018101066816598177,9.538159793009982e-05,5.318870171322487e-05,0.0,0.05570304021239281,0.03640050068497658,0.4245521128177643
1560.0,1561.0,True,presidenta,closeup,,,0.8646610975265503,0.01616019569337368,0.010478700511157513,0.10525649040937424,0.0011684162309393287,0.001735726254992187,0.0005393661558628082,0.0,0.13720406591892242,0.03156831115484238,0.5446012020111084
1561.0,1562.0,True,presidenta,closeup,,,0.29207172989845276,0.017051268368959427,0.003098172601312399,0.6800054311752319,0.0026535026263445616,0.00427097687497735,0.000848934578243643,0.0,0.05285605788230896,0.08530530333518982,0.24345488846302032
1562.0,1563.0,True,presidenta,closeup,,,0.9069459438323975,0.014195471070706844,0.010082324035465717,0.06235185265541077,0.0021893568336963654,0.0012054729741066694,0.003029581857845187,0.0,0.25002366304397583,0.04444416984915733,0.3311387002468109
1563.0,1564.0,True,presidenta,closeup,,,0.48138415813446045,0.2587618827819824,0.05651525780558586,0.03728950023651123,0.0008988264598883688,0.0032058197539299726,0.16194462776184082,0.0,0.07463981211185455,0.08854090422391891,0.26839780807495117
1564.0,1565.0,True,presidenta,closeup,,,0.9016944766044617,0.000951324705965817,0.08439400047063828,0.008485131897032261,0.0014743583742529154,0.0015332202892750502,0.0014675225829705596,0.0,0.12245519459247589,0.04673290625214577,0.33152472972869873
1565.0,1566.0,True,presidenta,closeup,,,0.8799422383308411,0.004782730247825384,0.0048569124191999435,0.10815931111574173,0.00038701287121511996,0.0016857774462550879,0.00018604620709083974,0.0,0.4733538329601288,0.2547806203365326,0.40396982431411743
1566.0,1567.0,True,presidenta,closeup,,,0.1193450391292572,0.24465352296829224,0.004562797024846077,0.5461385846138,0.0005976688698865473,0.001755177858285606,0.08294723182916641,0.0,0.15649433434009552,0.13317827880382538,0.4015667140483856
1567.0,1568.0,True,presidenta,closeup,,,0.0008134948438964784,0.661555290222168,0.0001357566798105836,0.33683282136917114,0.00016217032680287957,0.0002096001844620332,0.0002909114118665457,0.0,0.2919823229312897,0.6825188398361206,0.30099859833717346
1568.0,1569.0,True,presidenta,closeup,,,0.9865590333938599,0.0032864511013031006,0.002107604406774044,0.007724277209490538,8.703819912625477e-05,0.00021380349062383175,2.1826554075232707e-05,0.0,0.26424840092658997,0.08801791816949844,0.32063910365104675
1569.0,1570.0,True,presidenta,closeup,,,0.8171532154083252,0.027983861044049263,0.057619523257017136,0.03298434242606163,0.001678677392192185,0.014772720634937286,0.047807637602090836,0.0,0.24437688291072845,0.03875089809298515,0.35906723141670227
1570.0,1571.0,True,presidenta,closeup,,,0.5299729108810425,0.24647186696529388,0.02315116859972477,0.10900820046663284,0.0196685753762722,0.0035352641716599464,0.0681920126080513,0.0,0.15637028217315674,0.036429453641176224,0.5171551704406738
1571.0,1572.0,True,presidenta,closeup,,,0.43126413226127625,0.005688098259270191,0.019821252673864365,0.5342714786529541,0.003317882539704442,0.005115271545946598,0.000521945534273982,0.0,0.15602782368659973,0.06907874345779419,0.21238426864147186
1572.0,1573.0,True,presidenta,closeup,,,0.723823606967926,0.05769816413521767,0.005499112419784069,0.1499744951725006,0.0006404528394341469,0.03405666723847389,0.028307531028985977,0.0,0.536159098148346,0.532089352607727,0.2909635305404663
1573.0,1574.0,True,presidenta,closeup,,,0.9603418111801147,0.017374806106090546,0.002143854508176446,0.018923597410321236,0.00011215567792532966,0.0010076366597786546,9.611204586690292e-05,0.0,0.3212513327598572,0.48734062910079956,0.36081835627555847
1574.0,1575.0,True,presidenta,closeup,,,0.9364426136016846,0.02376672811806202,0.0016942776273936033,0.037242382764816284,0.00017847221170086414,0.0006428349297493696,3.2742005714681e-05,0.0,0.2680555284023285,0.12524227797985077,0.4645625650882721
1575.0,1576.0,True,presidenta,closeup,,,0.9046175479888916,0.092424176633358,0.0017756689339876175,0.00031706097070127726,1.8693881429499015e-05,0.0005319818155840039,0.0003148706164211035,0.0,0.0889536589384079,0.18076768517494202,0.4664526581764221
1576.0,1577.0,True,presidenta,closeup,,,0.747308611869812,0.17942874133586884,0.0683683380484581,0.002632257528603077,8.877470827428624e-05,0.0012745377607643604,0.0008987090550363064,0.0,0.3780178725719452,0.3056800663471222,0.5039611458778381
1577.0,1578.0,True,otro,closeup,,,0.2562590539455414,0.06327972561120987,0.0036237917374819517,0.0009979003807529807,8.854808402247727e-05,0.059114158153533936,0.6166368126869202,0.0,0.31439611315727234,0.4895496070384979,0.7259904146194458
1578.0,1579.0,True,otro,closeup,,,0.680877149105072,0.3004002571105957,0.0034137943293899298,0.0018648810219019651,2.4877614123397507e-05,0.008905274793505669,0.0045138089917600155,0.0,0.5464633703231812,0.8593969345092773,0.7506384253501892
1579.0,1580.0,True,otro,closeup,,,0.04692550376057625,0.9137803912162781,0.0005718937609344721,0.0002977407712023705,2.3190405045170337e-05,0.004298385698348284,0.03410305082798004,0.0,0.34319016337394714,0.9118052124977112,0.5401166677474976
1580.0,1581.0,True,otro,closeup,,,0.17292049527168274,0.7889900207519531,0.0012907383497804403,0.0002862385881599039,2.5958099286071956e-05,0.01956072635948658,0.016925936564803123,0.0,0.3464060127735138,0.8897755146026611,0.6254597902297974
1581.0,1582.0,True,otro,closeup,,,0.4495084583759308,0.1856851726770401,0.006680747494101524,0.005375157576054335,0.0008657575817778707,0.34556159377098083,0.006323123816400766,0.0,0.3779603838920593,0.16090495884418488,0.4611191749572754
1582.0,1583.0,True,otro,closeup,,,0.08851847052574158,0.8246105313301086,0.016688676550984383,0.002799753099679947,0.0007024171063676476,0.0640941709280014,0.0025859426241368055,0.0,0.2824803292751312,0.491999089717865,0.5373871922492981
1583.0,1584.0,True,otro,closeup,,,0.19549906253814697,0.5286783576011658,0.07803691178560257,0.023246312513947487,0.009628728032112122,0.1618211269378662,0.0030894787050783634,0.0,0.14648817479610443,0.6056649088859558,0.4280517101287842
1584.0,1585.0,True,otro,closeup,,,0.06005018204450607,0.008038719184696674,0.00396260991692543,0.01569311134517193,0.0029226006008684635,0.8941563367843628,0.01517646573483944,0.0,0.47196999192237854,0.1841219812631607,0.39063215255737305
1585.0,1586.0,True,otro,closeup,,,0.28937816619873047,0.017514018341898918,0.01253062766045332,0.004692612681537867,0.0018692207522690296,0.6555562615394592,0.018459124490618706,0.0,0.3227672278881073,0.08969316631555557,0.5152602791786194
1586.0,1587.0,True,otro,closeup,,,0.20288479328155518,0.014820704236626625,0.005755301099270582,0.004988082218915224,0.0006767804734408855,0.768275260925293,0.0025989559944719076,0.0,0.42506352066993713,0.08510994166135788,0.38092929124832153
1587.0,1588.0,True,otro,closeup,,,0.1169843003153801,0.0032296658027917147,0.007662490010261536,0.001890140469186008,0.00024915175163187087,0.868630051612854,0.001354130799882114,0.0,0.36918264627456665,0.17020776867866516,0.5262815356254578
1588.0,1589.0,True,otro,closeup,,,0.33475416898727417,0.013056796044111252,0.016841160133481026,0.012987039983272552,0.005044428166002035,0.5741572976112366,0.04315904900431633,0.0,0.27336928248405457,0.0758369117975235,0.3019186854362488
1589.0,1590.0,True,otro,closeup,,,0.07328302413225174,0.0023747009690850973,0.008151999674737453,0.0075141433626413345,0.001887624734081328,0.8511149883270264,0.055673547089099884,0.0,0.24490541219711304,0.10345819592475891,0.5002849102020264
1590.0,1591.0,True,otro,closeup,,,0.6363331079483032,0.18524259328842163,0.011678189970552921,0.010535565204918385,0.001173908356577158,0.13573285937309265,0.019303809851408005,0.0,0.42947566509246826,0.2881752848625183,0.6049995422363281
1591.0,1592.0,True,otro,closeup,,,0.37219327688217163,0.024630164727568626,0.011227506212890148,0.006935501471161842,0.0016341214068233967,0.5394522547721863,0.04392719641327858,0.0,0.3363363444805145,0.15733760595321655,0.379293292760849
1592.0,1593.0,True,otro,closeup,,,0.1202951967716217,0.015858817845582962,0.006012851372361183,0.015321172773838043,0.0019933355506509542,0.726797878742218,0.11372076719999313,0.0,0.32009831070899963,0.18853043019771576,0.4855281710624695
1593.0,1594.0,True,otro,closeup,,,0.14248888194561005,0.006383298896253109,0.007626083213835955,0.03872080147266388,0.002788515528663993,0.77882319688797,0.02316916547715664,0.0,0.4036175608634949,0.1014806479215622,0.3224884271621704
1594.0,1595.0,True,otro,closeup,,,0.09382683783769608,0.004000320564955473,0.0037353122606873512,0.012657119892537594,0.002960097510367632,0.8747308254241943,0.008089497685432434,0.0,0.40737250447273254,0.14819154143333435,0.35954520106315613
1595.0,1596.0,True,otro,closeup,,,0.3716173768043518,0.02497214451432228,0.07256779074668884,0.0030575988348573446,0.000959213764872402,0.5180004239082336,0.008825465105473995,0.0,0.4976303279399872,0.13443142175674438,0.46837252378463745
1596.0,1597.0,True,otro,closeup,,,0.2315697818994522,0.010150618851184845,0.037996962666511536,0.18819119036197662,0.01176136638969183,0.457872599363327,0.06245742365717888,0.0,0.3221530020236969,0.13898947834968567,0.49467170238494873
1597.0,1598.0,True,otro,closeup,,,0.6916146874427795,0.013240407221019268,0.029057057574391365,0.030483314767479897,0.00326588936150074,0.22581788897514343,0.006520675495266914,0.0,0.3741154372692108,0.038810811936855316,0.4258731007575989
1598.0,1599.0,True,otro,closeup,,,0.17883361876010895,0.008418919518589973,0.09578856080770493,0.029877429828047752,0.0017337852623313665,0.5910217761993408,0.0943259596824646,0.0,0.5092902779579163,0.13393011689186096,0.48729467391967773
1599.0,1600.0,True,otro,closeup,,,0.3205641508102417,0.014318956062197685,0.022525010630488396,0.11052222549915314,0.007010825909674168,0.4807523190975189,0.044306591153144836,0.0,0.29908618330955505,0.12056968361139297,0.30090808868408203
1600.0,1601.0,True,otro,closeup,,,0.7779219150543213,0.010368923656642437,0.03044905886054039,0.0035681964363902807,0.0014164489693939686,0.17374341189861298,0.0025320539716631174,0.0,0.3953009247779846,0.12446298450231552,0.48943349719047546
1601.0,1602.0,True,otro,closeup,,,0.3086299002170563,0.026170076802372932,0.018806200474500656,0.010604411363601685,0.0018581888871267438,0.5790370106697083,0.05489424243569374,0.0,0.3796543776988983,0.12432975322008133,0.43246328830718994
1602.0,1603.0,True,otro,closeup,,,0.3841512203216553,0.034898679703474045,0.04822535067796707,0.007431949023157358,0.0008833458996377885,0.5117480158805847,0.012661557644605637,0.0,0.5571498274803162,0.1860063374042511,0.5309759974479675
1603.0,1604.0,True,otro,closeup,,,0.34354081749916077,0.028767075389623642,0.05332560837268829,0.007671719416975975,0.0017664956394582987,0.5368129014968872,0.028115317225456238,0.0,0.4658534526824951,0.16018038988113403,0.42136475443840027
1604.0,1605.0,True,otro,closeup,,,0.236505925655365,0.12915824353694916,0.02154714986681938,0.05528853088617325,0.002421680139377713,0.4962117671966553,0.05886664241552353,0.0,0.39910295605659485,0.14334625005722046,0.5111037492752075
1605.0,1606.0,True,otro,closeup,,,0.15097995102405548,0.037395723164081573,0.029354998841881752,0.052535783499479294,0.004869960714131594,0.7128322720527649,0.012031154707074165,0.0,0.5675828456878662,0.18520550429821014,0.6205527782440186
1606.0,1607.0,True,otro,closeup,,,0.08811110258102417,0.03134477883577347,0.051973626017570496,0.02825096808373928,0.012944688089191914,0.3552590012550354,0.432115763425827,0.0,0.3116261661052704,0.1877952665090561,0.6037282943725586
1607.0,1608.0,True,otro,closeup,,,0.42668256163597107,0.041550762951374054,0.0835961103439331,0.027644697576761246,0.008654659613966942,0.31277287006378174,0.09909827262163162,0.0,0.50911545753479,0.033604227006435394,0.5303344130516052
1608.0,1609.0,True,otro,closeup,,,0.42286473512649536,0.10173781961202621,0.194598987698555,0.018341654911637306,0.013976245187222958,0.22961823642253876,0.018862375989556313,0.0,0.3832034468650818,0.08358420431613922,0.6549841165542603
1609.0,1610.0,True,otro,closeup,,,0.47915276885032654,0.17353945970535278,0.12551234662532806,0.020873626694083214,0.0055605568923056126,0.19093014299869537,0.004431070759892464,0.0,0.4898843467235565,0.07016585767269135,0.5474183559417725
1610.0,1611.0,True,otro,closeup,,,0.13186798989772797,0.008434505201876163,0.01824278198182583,0.00965572614222765,0.0017246080096811056,0.819889485836029,0.01018492504954338,0.0,0.4601481258869171,0.10043688118457794,0.6721206903457642
1611.0,1612.0,True,otro,closeup,,,0.11681349575519562,0.008053652942180634,0.005207404959946871,0.003194314893335104,0.0011395150795578957,0.8550293445587158,0.010562251321971416,0.0,0.41767972707748413,0.04568612575531006,0.35962072014808655
1612.0,1613.0,True,otro,closeup,,,0.7037941217422485,0.016086461022496223,0.01525647472590208,0.002778656780719757,0.0007270339410752058,0.2594168782234192,0.0019403627375140786,0.0,0.338119775056839,0.10295432806015015,0.38653677701950073
1613.0,1614.0,True,otro,closeup,,,0.5642272233963013,0.1788233518600464,0.12542760372161865,0.033380161970853806,0.004978342913091183,0.09036716818809509,0.002796085551381111,0.0,0.5295410752296448,0.23696060478687286,0.5675689578056335
1614.0,1615.0,True,otro,closeup,,,0.38688331842422485,0.018650192767381668,0.09879928082227707,0.0204892847687006,0.008160876110196114,0.4566972553730011,0.010319782420992851,0.0,0.4073653817176819,0.09503328800201416,0.3902680575847626
1615.0,1616.0,True,otro,closeup,,,0.4196009337902069,0.03201381489634514,0.11022969335317612,0.013555718585848808,0.003689432516694069,0.41970857977867126,0.001201785751618445,0.0,0.3808033764362335,0.23398932814598083,0.5945598483085632
1616.0,1617.0,True,otro,closeup,,,0.30827704071998596,0.033914919942617416,0.14867331087589264,0.009423590265214443,0.004354042466729879,0.4859069287776947,0.00945014413446188,0.0,0.6004822850227356,0.36936354637145996,0.5205529928207397
1617.0,1618.0,True,otro,closeup,,,0.35908257961273193,0.06871822476387024,0.08783742040395737,0.004713873378932476,0.0030566153582185507,0.468491792678833,0.00809949915856123,0.0,0.6845223903656006,0.17108994722366333,0.5906563401222229
1618.0,1619.0,True,otro,closeup,,,0.2942214608192444,0.4557238817214966,0.010504416190087795,0.007338513620197773,0.0010849535465240479,0.22891084849834442,0.0022159419022500515,0.0,0.42839285731315613,0.17243757843971252,0.510442852973938
1619.0,1620.0,True,otro,closeup,,,0.21477001905441284,0.4913632869720459,0.017328739166259766,0.021044697612524033,0.003842383623123169,0.24187500774860382,0.009775860235095024,0.0,0.3540313243865967,0.556418240070343,0.5360696911811829
1620.0,1621.0,True,otro,closeup,,,0.20687606930732727,0.33691635727882385,0.00657627871260047,0.06642969697713852,0.0020868380088359118,0.36314857006073,0.017966140061616898,0.0,0.35469314455986023,0.3759174346923828,0.5388399362564087
1621.0,1622.0,True,otro,closeup,,,0.48952025175094604,0.14683367311954498,0.011335348710417747,0.20164476335048676,0.0069514429196715355,0.14069540798664093,0.0030191459227353334,0.0,0.3102131485939026,0.2051323801279068,0.5282869338989258
1622.0,1623.0,True,otro,closeup,,,0.6724337339401245,0.015420363284647465,0.016156353056430817,0.0415116585791111,0.0027478928677737713,0.24912220239639282,0.0026077597867697477,0.0,0.3612135350704193,0.1359540969133377,0.4680847227573395
1623.0,1624.0,True,otro,closeup,,,0.6611335277557373,0.02226259931921959,0.024921132251620293,0.039017707109451294,0.002320150611922145,0.237423837184906,0.012920998968183994,0.0,0.30432644486427307,0.1389276534318924,0.5312390923500061
1624.0,1625.0,True,otro,closeup,,,0.18865112960338593,0.003916777670383453,0.019137443974614143,0.044016651809215546,0.011045880615711212,0.6027854681015015,0.1304466426372528,0.0,0.33884570002555847,0.12166697531938553,0.3604489266872406
1625.0,1626.0,True,otro,closeup,,,0.4105701744556427,0.02013613097369671,0.020943552255630493,0.07247906178236008,0.003706876654177904,0.46052125096321106,0.011642951518297195,0.0,0.39977219700813293,0.13634110987186432,0.4699663519859314
1626.0,1627.0,True,otro,closeup,,,0.0394238606095314,0.0066733756102621555,0.00700857350602746,0.016356198117136955,0.004075848963111639,0.8586847186088562,0.06777738034725189,0.0,0.17264118790626526,0.1996823251247406,0.5198167562484741
1627.0,1628.0,True,otro,closeup,,,0.04463542252779007,0.8572101593017578,0.002553660189732909,0.010596145875751972,0.0005027970764786005,0.08392408490180969,0.0005776715115644038,0.0,0.42514365911483765,0.7886523604393005,0.3610965609550476
1628.0,1629.0,True,presidenta,closeup,,,0.9293679594993591,0.023345891386270523,0.004680616781115532,0.007824047468602657,0.0001383813942084089,0.03301135450601578,0.001631782972253859,0.0,0.6274831891059875,0.5931313633918762,0.26012352108955383
1629.0,1630.0,True,presidenta,closeup,,,0.8928048014640808,0.07528257369995117,0.0030131356325000525,0.010429805144667625,0.0010864903451874852,0.012478260323405266,0.0049049644730985165,0.0,0.6208494305610657,0.27517634630203247,0.5472234487533569
1630.0,1631.0,True,presidenta,closeup,,,0.4764886796474457,0.39408963918685913,0.010127189569175243,0.019171560183167458,0.0012816606322303414,0.06992291659116745,0.02891828864812851,0.0,0.6946014165878296,0.1794055849313736,0.36223915219306946
1631.0,1632.0,True,presidenta,closeup,,,0.5525532364845276,0.2805599868297577,0.015137679874897003,0.055835746228694916,0.0007900453056208789,0.0471133254468441,0.048009973019361496,0.0,0.8540650606155396,0.387772798538208,0.5561091303825378
1632.0,1633.0,False,,wide,,,,,,,,,,,,,
1633.0,1634.0,True,presidenta,closeup,,,0.382841557264328,0.13221481442451477,0.0024267041590064764,0.06758294254541397,0.0010520749492570758,0.3883835971355438,0.025498317554593086,0.0,0.86825031042099,0.20540927350521088,0.537108838558197
1634.0,1635.0,True,presidenta,closeup,,,0.9023776054382324,0.008886069990694523,0.010686921887099743,0.07571813464164734,0.0005162008455954492,0.0016703254077583551,0.00014468467270489782,0.0,0.17330403625965118,0.03374818339943886,0.7166821956634521
1635.0,1636.0,True,presidenta,closeup,,,0.902570366859436,0.06720536202192307,0.010213124565780163,0.01828164793550968,0.00036370253656059504,0.001314392895437777,5.146556213730946e-05,0.0,0.24030865728855133,0.04218337684869766,0.8101616501808167
1636.0,1637.0,True,presidenta,closeup,,,0.8772063851356506,0.00935113150626421,0.0889398381114006,0.016878856346011162,0.002361154416576028,0.0005894321948289871,0.004673191346228123,0.0,0.15872541069984436,0.05436195060610771,0.4127896726131439
1637.0,1638.0,True,presidenta,closeup,,,0.846039891242981,0.11831963807344437,0.021587742492556572,0.00952854286879301,0.0003038325230590999,0.0026036670897156,0.001616672263480723,0.0,0.914273738861084,0.209165558218956,0.4754742681980133
1638.0,1639.0,True,presidenta,closeup,,,0.8075582981109619,0.00670049199834466,0.08165610581636429,0.0777897983789444,0.0027595479041337967,0.015408349223434925,0.008127421140670776,0.0,0.2213611602783203,0.10943090170621872,0.6325666308403015
1639.0,1640.0,True,presidenta,closeup,,,0.371279239654541,0.014798631891608238,0.03503828123211861,0.5636853575706482,0.004356152843683958,0.004892406519502401,0.005949942860752344,0.0,0.13993683457374573,0.039435457438230515,0.7184665203094482
1640.0,1641.0,True,presidenta,closeup,,,0.8822597861289978,0.013876790180802345,0.04828919470310211,0.04873263090848923,0.002814059378579259,0.0026281296741217375,0.0013994125183671713,0.0,0.35054391622543335,0.04245946183800697,0.598892331123352
1641.0,1642.0,True,presidenta,closeup,,,0.8525930047035217,0.015422835946083069,0.02639116160571575,0.10215747356414795,0.0017483220435678959,0.00029485963750630617,0.0013923475053161383,0.0,0.11812197417020798,0.046472564339637756,0.43896862864494324
1642.0,1643.0,True,presidenta,closeup,,,0.006657598074525595,0.4676758050918579,0.0010583765106275678,0.0018659617053344846,0.0001359559828415513,0.0005057079833932221,0.5221006274223328,0.0,0.35035112500190735,0.2745274305343628,0.39765918254852295
1643.0,1644.0,True,presidenta,closeup,,,0.984481692314148,0.004480918403714895,0.004060680978000164,0.006241909693926573,0.0004327389760874212,0.0002338552731089294,6.826305616414174e-05,0.0,0.20146560668945312,0.041430599987506866,0.459566205739975
1644.0,1645.0,True,presidenta,closeup,,,0.4377325475215912,0.0498022697865963,0.006811314262449741,0.01296320278197527,0.0005263245548121631,0.006762792356312275,0.4854015111923218,0.0,0.18039605021476746,0.048065658658742905,0.43567216396331787
1645.0,1646.0,True,presidenta,closeup,,,0.9831835031509399,0.006279640831053257,0.006643875502049923,0.0008390143048018217,0.0001266386389033869,0.0025027315132319927,0.0004246380121912807,0.0,0.3711913526058197,0.022058678790926933,0.4260560870170593
1646.0,1647.0,True,presidenta,closeup,,,0.9700438976287842,0.018116381019353867,0.009803797118365765,0.0004406941880006343,2.758877417363692e-05,0.0009510991512797773,0.0006165870581753552,0.0,0.49575260281562805,0.4608461856842041,0.6784102320671082
1647.0,1648.0,True,presidenta,closeup,,,0.9944831728935242,0.0009939398150891066,0.003447324736043811,0.0007934943423606455,1.4558262591890525e-05,0.0002558820997364819,1.1646354323602282e-05,0.0,0.6973199844360352,0.537892758846283,0.5767573118209839
1648.0,1649.0,True,presidenta,closeup,,,0.7996700406074524,0.15039069950580597,0.04041149094700813,0.008530105464160442,0.00017770577687770128,0.00028983387164771557,0.000530169578269124,0.0,0.6054821610450745,0.6577174663543701,0.5312372446060181
1649.0,1650.0,True,presidenta,closeup,,,0.9949325919151306,0.0010756882838904858,0.0030697558540850878,0.00028765149181708694,6.285752897383645e-05,0.0005377343622967601,3.3735239412635565e-05,0.0,0.4284574091434479,0.033339668065309525,0.5251445770263672
1650.0,1651.0,True,presidenta,closeup,,,0.9721242785453796,0.0016810838133096695,0.009021913632750511,0.0156838521361351,0.0003490870294626802,0.0006354862125590444,0.0005043720011599362,0.0,0.3125047981739044,0.046707089990377426,0.3152262270450592
1651.0,1652.0,True,presidenta,closeup,,,0.5327301025390625,0.0022156713530421257,0.0030205962248146534,0.4608194828033447,0.000759818940423429,0.0004451053973753005,9.27477958612144e-06,0.0,0.15588496625423431,0.035720136016607285,0.630592405796051
1652.0,1653.0,True,presidenta,closeup,,,0.9754162430763245,0.005369639024138451,0.017298521474003792,0.0016735175158828497,2.085119740513619e-05,0.00015888350026216358,6.235332693904638e-05,0.0,0.34042948484420776,0.15118293464183807,0.6107848882675171
1653.0,1654.0,True,presidenta,closeup,,,0.9851030111312866,0.006900370121002197,0.007416661828756332,0.00044045899994671345,2.037307422142476e-05,9.270154987461865e-05,2.6435742256580852e-05,0.0,0.17838159203529358,0.10257574915885925,0.5295200347900391
1654.0,1655.0,True,presidenta,closeup,,,0.9627610445022583,0.002706540282815695,0.02973947487771511,0.0010634055361151695,0.0001327397912973538,0.00220739864744246,0.001389447832480073,0.0,0.46491941809654236,0.09483738243579865,0.4710082411766052
1655.0,1656.0,True,presidenta,closeup,,,0.9543367028236389,0.0039140284061431885,0.03683028370141983,0.002971248934045434,0.00010608913726173341,0.001318738330155611,0.0005229041562415659,0.0,0.3252739906311035,0.07490264624357224,0.5692460536956787
1656.0,1657.0,True,presidenta,closeup,,,0.9895746111869812,0.007684026844799519,0.001816789386793971,0.00029993540374562144,7.39027973395423e-06,0.0005752461147494614,4.2063249566126615e-05,0.0,0.19267430901527405,0.5757930278778076,0.7897193431854248
1657.0,1658.0,True,presidenta,closeup,,,0.19831536710262299,0.48895129561424255,0.005457116756588221,0.015921831130981445,0.0008810028666630387,0.00106254022102803,0.289410799741745,0.0,0.3825872838497162,0.05374613404273987,0.4485923945903778
1658.0,1659.0,True,presidenta,closeup,,,0.3545983135700226,0.6247268915176392,0.007017859723418951,0.011954857036471367,0.00016497861361131072,0.0008148867054842412,0.0007221841369755566,0.0,0.27109724283218384,0.1303369551897049,0.5501081943511963
1659.0,1660.0,True,presidenta,closeup,,,0.046756647527217865,0.0014944158028811216,0.003932791296392679,0.9410451054573059,0.006628682371228933,0.00011320197518216446,2.9127259040251374e-05,0.0,0.2280738204717636,0.08993387222290039,0.4205946922302246
1660.0,1661.0,True,presidenta,closeup,,,0.9781167507171631,0.01661664806306362,0.004438122268766165,0.00045630091335624456,4.480822826735675e-05,0.00019523817172739655,0.00013217772357165813,0.0,0.3926968574523926,0.11673982441425323,0.5571379065513611
1661.0,1662.0,True,presidenta,closeup,,,0.9138619899749756,0.019753070548176765,0.03847285732626915,0.005364811513572931,0.000504089635796845,0.020670641213655472,0.0013724776217713952,0.0,0.5821764469146729,0.5098743438720703,0.6165887117385864
1662.0,1663.0,True,presidenta,closeup,,,0.9577756524085999,0.011995069682598114,0.024841243401169777,0.0034914782736450434,8.748993423068896e-05,0.0010194971691817045,0.0007896270253695548,0.0,0.12942731380462646,0.2707957923412323,0.7223055362701416
1663.0,1664.0,True,presidenta,closeup,,,0.6115855574607849,0.003132450859993696,0.09959390014410019,0.27088573575019836,0.0013998117065057158,0.013039473444223404,0.00036301338695921004,0.0,0.35886529088020325,0.023305052891373634,0.543523371219635
1664.0,1665.0,True,presidenta,closeup,,,0.5476568341255188,0.11426817625761032,0.01206228043884039,0.3224720060825348,0.0030316184274852276,0.000387286621844396,0.00012178486213088036,0.0,0.3169494867324829,0.11248529702425003,0.29101982712745667
1665.0,1666.0,True,presidenta,closeup,,,0.990790843963623,0.0012141801416873932,0.0026138711255043745,0.003779648570343852,6.350815965561196e-05,0.0014408065471798182,9.718735964270309e-05,0.0,0.44484299421310425,0.04438452050089836,0.30809876322746277
1666.0,1667.0,True,presidenta,closeup,,,0.9539171457290649,0.004644615575671196,0.01558205857872963,0.003112632082775235,0.00017461022071074694,0.010292352177202702,0.012276574969291687,0.0,0.41982191801071167,0.06330782920122147,0.35689494013786316
1667.0,1668.0,True,presidenta,closeup,,,0.9687972664833069,0.010255858302116394,0.00394117645919323,0.009069404564797878,0.000305440800730139,0.0014056856743991375,0.006225219462066889,0.0,0.38250553607940674,0.051419779658317566,0.38183242082595825
1668.0,1669.0,True,presidenta,closeup,,,0.9461021423339844,0.0340074859559536,0.0013176886131986976,0.008313843980431557,0.00014441530220210552,0.007991028018295765,0.002123433630913496,0.0,0.14333367347717285,0.04776548966765404,0.4856601655483246
1669.0,1670.0,True,presidenta,closeup,,,0.9788715243339539,0.006493475288152695,0.003120109671726823,0.010648745112121105,0.00025076844030991197,0.0005490266485139728,6.633615703321993e-05,0.0,0.2726113796234131,0.04074815288186073,0.24319300055503845
1670.0,1671.0,True,presidenta,closeup,,,0.9738958477973938,0.01168514508754015,0.0044826022349298,0.006850860081613064,0.0005690530524589121,0.0013073611771687865,0.0012091891840100288,0.0,0.18599528074264526,0.04295680671930313,0.42265355587005615
1671.0,1672.0,True,presidenta,closeup,,,0.9798517823219299,0.0015882864827290177,0.011820265091955662,0.0060620554722845554,0.00033062207512557507,0.00025982866645790637,8.713701390661299e-05,0.0,0.1144028976559639,0.05557454749941826,0.4737176299095154
1672.0,1673.0,True,presidenta,closeup,,,0.39072439074516296,0.5539647936820984,0.003945713397115469,0.039614588022232056,0.0002711108245421201,0.0005949565093033016,0.010884465649724007,0.0,0.10711222887039185,0.2244212031364441,0.3196363151073456
1673.0,1674.0,True,presidenta,closeup,,,0.6284538507461548,0.2957831919193268,0.0124149639159441,0.01507592760026455,0.0015369640896096826,0.0009660297655500472,0.04576907679438591,0.0,0.3328615128993988,0.049868352711200714,0.5097682476043701
1674.0,1675.0,True,presidenta,closeup,,,0.5445419549942017,0.15854232013225555,0.01918574795126915,0.085859015583992,0.006448646541684866,0.0012461913283914328,0.18417614698410034,0.0,0.3546760678291321,0.0583084411919117,0.41595229506492615
1675.0,1676.0,True,presidenta,closeup,,,0.7549422979354858,0.03216834366321564,0.028101330623030663,0.03418765962123871,0.008698265999555588,0.002469973172992468,0.13943204283714294,0.0,0.15934154391288757,0.04926043376326561,0.2609933316707611
1676.0,1677.0,True,presidenta,closeup,,,0.2048155516386032,0.1660451889038086,0.003822087775915861,0.6133768558502197,0.004108771216124296,0.0014059488894417882,0.006425593513995409,0.0,0.1876649558544159,0.19272930920124054,0.3083053529262543
1677.0,1678.0,True,presidenta,closeup,,,0.8420276641845703,0.10876378417015076,0.0068031176924705505,0.013167891651391983,0.0012909857323393226,0.000905933789908886,0.02704061195254326,0.0,0.4443667531013489,0.061441320925951004,0.44036170840263367
1678.0,1679.0,True,presidenta,closeup,,,0.42097553610801697,0.1243104562163353,0.01380820944905281,0.3942042589187622,0.014736149460077286,0.003033295040950179,0.028932107612490654,0.0,0.19247673451900482,0.048227306455373764,0.49198755621910095
1679.0,1680.0,True,presidenta,closeup,,,0.8391504883766174,0.0024647354148328304,0.007541920989751816,0.14920663833618164,0.000923959887586534,0.0006093809497542679,0.00010284643212798983,0.0,0.1390409767627716,0.0374491885304451,0.3001629710197449
1680.0,1681.0,True,presidenta,closeup,,,0.6072665452957153,0.11278583109378815,0.01147360261529684,0.25734302401542664,0.001988307572901249,0.0009185252129100263,0.008224202319979668,0.0,0.2790093421936035,0.14839963614940643,0.5447932481765747
1681.0,1682.0,True,presidenta,closeup,,,0.9627697467803955,0.008727316744625568,0.018755055963993073,0.008119659498333931,8.695103315403685e-05,0.001188261085189879,0.00035305123310536146,0.0,0.604771614074707,0.5143899917602539,0.6317217350006104
1682.0,1683.0,True,presidenta,closeup,,,0.8247175812721252,0.006253824103623629,0.009791124612092972,0.15510743856430054,0.0004951824666932225,0.003025021404027939,0.0006098380545154214,0.0,0.2701456844806671,0.04619883745908737,0.3429540991783142
1683.0,1684.0,True,presidenta,closeup,,,0.9875752329826355,0.000726069207303226,0.00888820644468069,0.0017665312625467777,0.00010935339378193021,0.0009245749679394066,1.0032223144662566e-05,0.0,0.21348530054092407,0.024695582687854767,0.6494049429893494
1684.0,1685.0,True,presidenta,closeup,,,0.8364635109901428,0.014723357744514942,0.012192532420158386,0.11591718345880508,0.0010589404264464974,0.0009609954431653023,0.018683522939682007,0.0,0.10673782229423523,0.038853079080581665,0.6562676429748535
1685.0,1686.0,True,presidenta,closeup,,,0.6801122426986694,0.24105851352214813,0.0071744308806955814,0.01704428158700466,0.0008703322382643819,0.00026780026382766664,0.05347234755754471,0.0,0.1602858155965805,0.35210493206977844,0.2861846387386322
1686.0,1687.0,True,presidenta,closeup,,,0.9366185069084167,0.042754657566547394,0.0014669890515506268,0.012891271151602268,0.001868484658189118,0.0001356794819002971,0.004264488350600004,0.0,0.1591765135526657,0.057651810348033905,0.3100852370262146
1687.0,1688.0,True,presidenta,closeup,,,0.9483559131622314,0.032114673405885696,0.00128080858848989,0.012975572608411312,0.0005879023228771985,0.0005230846581980586,0.004162020981311798,0.0,0.25046828389167786,0.02914641983807087,0.40527433156967163
1688.0,1689.0,True,presidenta,closeup,,,0.9781221151351929,0.012716486118733883,0.007208073511719704,0.000719767645932734,3.144637594232336e-05,0.001160818850621581,4.133606853429228e-05,0.0,0.5658955574035645,0.605109691619873,0.5294356942176819
1689.0,1690.0,True,presidenta,closeup,,,0.9361767768859863,0.03564193472266197,0.021126795560121536,0.003803321858868003,0.00023072713520377874,0.002795869717374444,0.00022459594765678048,0.0,0.624718427658081,0.44241294264793396,0.6211941242218018
1690.0,1691.0,True,presidenta,closeup,,,0.9270885586738586,0.05304872989654541,0.006407812237739563,0.008934155106544495,0.00044948604772798717,0.002132037188857794,0.0019391529494896531,0.0,0.2597236633300781,0.11214308440685272,0.5414237976074219
1691.0,1692.0,True,presidenta,closeup,,,0.9196058511734009,0.026352940127253532,0.008540197275578976,0.015480471774935722,0.00044882719521410763,0.003781330306082964,0.02579033188521862,0.0,0.23013372719287872,0.06475908309221268,0.30886852741241455
1692.0,1693.0,True,presidenta,closeup,,,0.9881829619407654,0.0009755833889357746,0.006156217306852341,0.004008299671113491,0.0002943890285678208,0.0003134367580059916,6.909096555318683e-05,0.0,0.29992493987083435,0.04035479202866554,0.5308271050453186
1693.0,1694.0,True,presidenta,closeup,,,0.6260664463043213,0.012150152586400509,0.008221843279898167,0.32767587900161743,0.017587745562195778,0.005770410876721144,0.0025275596417486668,0.0,0.17169396579265594,0.06957051903009415,0.45160266757011414
1694.0,1695.0,True,presidenta,closeup,,,0.19168739020824432,0.008540035225450993,0.001198762678541243,0.7953924536705017,0.0023567744065076113,0.0006646813708357513,0.00015995569992810488,0.0,0.2852136790752411,0.09997440129518509,0.441207617521286
1695.0,1696.0,True,presidenta,closeup,,,0.9666919708251953,0.008401600643992424,0.0038185380399227142,0.02041955105960369,0.00016214644710998982,0.00029832313884980977,0.00020786070672329515,0.0,0.31635618209838867,0.05245041474699974,0.3941843509674072
1696.0,1697.0,True,presidenta,closeup,,,0.18009813129901886,0.004217804875224829,0.05365864560008049,0.1821775585412979,0.5796759128570557,5.4485532018588856e-05,0.00011739371257135645,0.0,0.13722731173038483,0.09056638926267624,0.24329954385757446
1697.0,1698.0,True,presidenta,closeup,,,0.7106451988220215,0.017505614086985588,0.0035125461872667074,0.2575598359107971,0.00996607169508934,0.0004315642290748656,0.0003791345516219735,0.0,0.045845434069633484,0.09161113947629929,0.35094326734542847
1698.0,1699.0,True,presidenta,closeup,,,0.9191560745239258,0.03377171605825424,0.022646719589829445,0.010378987528383732,0.0022237838711589575,0.001429333700798452,0.010393403470516205,0.0,0.06194860115647316,0.10520465672016144,0.27078163623809814
1699.0,1700.0,True,presidenta,closeup,,,0.9357407689094543,0.019215049222111702,0.03821897506713867,0.003705888520926237,0.0005084359436295927,0.0013091344153508544,0.0013017504243180156,0.0,0.12281588464975357,0.12237853556871414,0.41062870621681213
1700.0,1701.0,True,presidenta,closeup,,,0.9845916032791138,0.006186109501868486,0.003768431954085827,0.0010236339876428246,0.0012652210425585508,0.00046683516120538116,0.002698164200410247,0.0,0.12285628914833069,0.04220287874341011,0.36849015951156616
1701.0,1702.0,True,presidenta,closeup,,,0.850106954574585,0.011380141600966454,0.012384191155433655,0.10857733339071274,0.014837796799838543,0.0020080297254025936,0.0007055417518131435,0.0,0.19665640592575073,0.06948621571063995,0.11451777815818787
1702.0,1703.0,True,presidenta,closeup,,,0.9088497757911682,0.031917162239551544,0.020269101485610008,0.00502584595233202,0.0026224355679005384,0.0015603844076395035,0.02975526452064514,0.0,0.3484746813774109,0.031086165457963943,0.2420235574245453
1703.0,1704.0,True,presidenta,closeup,,,0.9817010760307312,0.003771195188164711,0.008862719871103764,0.0006280001834966242,0.00015663049998693168,0.004586502909660339,0.00029388698749244213,0.0,0.16907712817192078,0.1292809695005417,0.548445999622345
1704.0,1705.0,True,presidenta,closeup,,,0.9200011491775513,0.005143256857991219,0.008022567257285118,0.06214563548564911,0.001052636536769569,0.0030937008559703827,0.0005411030724644661,0.0,0.25100380182266235,0.06578656286001205,0.4565686881542206
1705.0,1706.0,True,presidenta,closeup,,,0.9736778736114502,0.014814545400440693,0.0019632813055068254,0.008513539098203182,0.00016503327060490847,0.0005189734511077404,0.0003467514761723578,0.0,0.282390296459198,0.03489125892519951,0.49729713797569275
1706.0,1707.0,True,presidenta,closeup,,,0.9752622246742249,0.0025949934497475624,0.0013275009114295244,0.02013440802693367,0.00024468053015880287,0.000427130056777969,9.025185136124492e-06,0.0,0.08393207937479019,0.056727249175310135,0.473478227853775
1707.0,1708.0,True,presidenta,closeup,,,0.17087210714817047,0.0011883393162861466,0.0017960662953555584,0.81904137134552,0.005815174896270037,0.00120660534594208,8.038279338506982e-05,0.0,0.03785640746355057,0.051314279437065125,0.4235522747039795
1708.0,1709.0,True,presidenta,closeup,,,0.9369387030601501,0.003132415935397148,0.03261996805667877,0.015574336051940918,0.0007399050518870354,0.0008744570659473538,0.01012022141367197,0.0,0.07189962267875671,0.09656263887882233,0.4768611788749695
1709.0,1710.0,True,presidenta,closeup,,,0.7879709601402283,0.036536652594804764,0.009585686959326267,0.16209456324577332,0.0028451522812247276,0.0007147897849790752,0.00025222953991033137,0.0,0.12691287696361542,0.1338174194097519,0.26496410369873047
1710.0,1711.0,True,presidenta,closeup,,,0.834140419960022,0.058318786323070526,0.00792401097714901,0.08776375651359558,0.0008212195243686438,0.0004410864203236997,0.010590719990432262,0.0,0.07942342758178711,0.05104339122772217,0.3214946985244751
1711.0,1712.0,True,presidenta,closeup,,,0.9527839422225952,0.010308099910616875,0.027770761400461197,0.0019232496852055192,0.00014826068945694715,0.004832582548260689,0.002233149018138647,0.0,0.14271019399166107,0.03682629391551018,0.45532771944999695
1712.0,1713.0,True,presidenta,closeup,,,0.9835734963417053,0.004687927197664976,0.003763605374842882,0.0076352618634700775,0.00024072386440820992,7.1948095865082e-05,2.710350054258015e-05,0.0,0.2606087923049927,0.03205546736717224,0.4718342423439026
1713.0,1714.0,True,presidenta,closeup,,,0.5630767941474915,0.0031846470665186644,0.053242284804582596,0.2781749367713928,0.020884567871689796,0.029452187940478325,0.051984626799821854,0.0,0.13762879371643066,0.03244641795754433,0.4729312062263489
1714.0,1715.0,True,presidenta,closeup,,,0.9673445820808411,0.005645075812935829,0.0019825396593660116,0.023522356525063515,0.0005870027816854417,0.0007821939652785659,0.00013628466695081443,0.0,0.08734285831451416,0.030316155403852463,0.32056766748428345
1715.0,1716.0,True,presidenta,closeup,,,0.5660446286201477,0.026386123150587082,0.00750326132401824,0.39836716651916504,0.00024062077864073217,0.0014019414084032178,5.629576480714604e-05,0.0,0.3312263488769531,0.3406904339790344,0.3188377320766449
1716.0,1717.0,True,presidenta,closeup,,,0.8528119325637817,0.007915390655398369,0.016237933188676834,0.10409414023160934,0.01817457377910614,0.0007066846592351794,5.929436520091258e-05,0.0,0.19227197766304016,0.05285224691033363,0.4139307141304016
1717.0,1718.0,True,presidenta,closeup,,,0.2687232196331024,0.061982400715351105,0.01846696063876152,0.584171712398529,0.018060287460684776,0.00035569173633120954,0.04823971539735794,0.0,0.2432248741388321,0.06313739717006683,0.3409012258052826
1718.0,1719.0,True,presidenta,closeup,,,0.8831619620323181,0.024321628734469414,0.010523214004933834,0.07963024824857712,0.0014750041300430894,0.0005426086718216538,0.0003453126410022378,0.0,0.3639635443687439,0.10256677120923996,0.415302038192749
1719.0,1720.0,True,presidenta,closeup,,,0.8587242364883423,0.06444170325994492,0.014911647886037827,0.051842499524354935,0.0009855043608695269,0.00564311258494854,0.003451331052929163,0.0,0.2326219528913498,0.24313458800315857,0.4282599985599518
1720.0,1721.0,True,presidenta,closeup,,,0.8997043967247009,0.0694487988948822,0.02171502262353897,0.007254881784319878,0.00012204639642732218,0.0006962577463127673,0.00105855253059417,0.0,0.7803080677986145,0.35008323192596436,0.7077962160110474
1721.0,1722.0,True,presidenta,closeup,,,0.9154303073883057,0.0556001141667366,0.00411619059741497,0.006742235738784075,0.0013278332771733403,0.015314804390072823,0.001468520611524582,0.0,0.7415626049041748,0.19304342567920685,0.650774359703064
1722.0,1723.0,True,presidenta,closeup,,,0.8334252238273621,0.02270066738128662,0.010582285933196545,0.002707730745896697,0.0017399018397554755,0.11696358025074005,0.01188065204769373,0.0,0.7185081839561462,0.18251554667949677,0.4583483934402466
1723.0,1724.0,True,presidenta,closeup,,,0.6498731374740601,0.24495981633663177,0.01428963616490364,0.009843890555202961,0.0005764044472016394,0.06033843383193016,0.020118681713938713,0.0,0.8403252959251404,0.2425176501274109,0.6085075736045837
1724.0,1725.0,True,presidenta,closeup,,,0.44550278782844543,0.5012724995613098,0.01661132089793682,0.020284177735447884,0.0008831848972477019,0.011499595828354359,0.0039464752189815044,0.0,0.7098342180252075,0.3800163269042969,0.4248618483543396
1725.0,1726.0,True,presidenta,closeup,,,0.9514132738113403,0.04464732110500336,0.0025119369383901358,0.0005640439921990037,1.6746531400713138e-05,0.00012065289774909616,0.0007260278798639774,0.0,0.34618180990219116,0.06141365319490433,0.4809934198856354
1726.0,1727.0,True,presidenta,closeup,,,0.9806745648384094,0.0012612787541002035,0.01699814945459366,0.0007645232835784554,3.2837517210282385e-05,0.0001858657196862623,8.271671686088666e-05,0.0,0.38179850578308105,0.5363720059394836,0.6167734861373901
1727.0,1728.0,True,presidenta,closeup,,,0.9952882528305054,0.0016519873170182109,0.0025066633243113756,0.00027760551893152297,3.183371518389322e-05,0.0001910507562570274,5.2587336540455e-05,0.0,0.7638469934463501,0.46469467878341675,0.6181175112724304
1728.0,1729.0,True,presidenta,closeup,,,0.987148106098175,0.0065572368912398815,0.0040290504693984985,0.0016482690116390586,9.698956273496151e-05,0.0004095065814908594,0.00011082176206400618,0.0,0.5563191771507263,0.3897910714149475,0.6601030230522156
1729.0,1730.0,True,presidenta,closeup,,,0.9889125823974609,0.002831097925081849,0.004523531999439001,0.0024026220198720694,0.0001300442818319425,0.001162811415269971,3.7342648283811286e-05,0.0,0.41205576062202454,0.15838761627674103,0.7503001689910889
1730.0,1731.0,True,presidenta,closeup,,,0.9702968001365662,0.01306427363306284,0.013278311118483543,0.0005102833383716643,0.00012117228470742702,0.0014206751948222518,0.00130844849627465,0.0,0.7636155486106873,0.1395360827445984,0.7891891002655029
1731.0,1732.0,True,presidenta,closeup,,,0.9478397369384766,0.03198086842894554,0.016070924699306488,0.001008643419481814,0.0001762212486937642,0.0019632866606116295,0.0009603106300346553,0.0,0.6118109822273254,0.19999533891677856,0.7300557494163513
1732.0,1733.0,True,presidenta,closeup,,,0.9007277488708496,0.04146289452910423,0.051101069897413254,0.0018505771877244115,0.00026273095863871276,0.0016577063361182809,0.002937308279797435,0.0,0.7808802723884583,0.1628626137971878,0.5862452983856201
1733.0,1734.0,True,presidenta,closeup,,,0.928013265132904,0.0112405801191926,0.05471651628613472,0.004254065454006195,0.00016748294001445174,0.0002874078927561641,0.0013206587173044682,0.0,0.6829142570495605,0.5429113507270813,0.6689493656158447
1734.0,1735.0,True,presidenta,closeup,,,0.8985370397567749,0.0026279501616954803,0.09406954050064087,0.0010150171583518386,0.0002623690525069833,0.0005786548717878759,0.0029094612691551447,0.0,0.6178393363952637,0.43938902020454407,0.67507004737854
1735.0,1736.0,True,presidenta,closeup,,,0.9038892388343811,0.07342428714036942,0.016001738607883453,0.0008562508155591786,9.482727909926325e-05,0.0014271193649619818,0.0043065366335213184,0.0,0.5908580422401428,0.5767130851745605,0.45427748560905457
1736.0,1737.0,True,presidenta,closeup,,,0.9874225854873657,0.0008766079554334283,0.01139850914478302,0.00012473383685573936,4.7752684622537345e-05,7.453761645592749e-05,5.5244781833607703e-05,0.0,0.38980886340141296,0.4490402936935425,0.6502329111099243
1737.0,1738.0,True,presidenta,closeup,,,0.9874074459075928,0.0036532683297991753,0.002161812037229538,0.003764428896829486,0.002356558572500944,0.0003715444472618401,0.0002848744916263968,0.0,0.2648707628250122,0.03822563961148262,0.32993069291114807
1738.0,1739.0,True,presidenta,closeup,,,0.12024704366922379,0.1913510262966156,0.006845635827630758,0.0017397942719981074,0.000940327940043062,0.000941378646530211,0.6779348850250244,0.0,0.4829639196395874,0.4080771505832672,0.29055631160736084
1739.0,1740.0,True,presidenta,closeup,,,0.9421194195747375,0.027570290490984917,0.005846157670021057,0.014536120928823948,0.003492160467430949,0.0016592199681326747,0.004776573274284601,0.0,0.40347543358802795,0.03962406516075134,0.5181816816329956
1740.0,1741.0,True,presidenta,closeup,,,0.28437569737434387,0.3165009915828705,0.017012320458889008,0.32377538084983826,0.0031989021226763725,0.0015892797382548451,0.053547460585832596,0.0,0.1472732424736023,0.16828075051307678,0.45152148604393005
1741.0,1742.0,True,presidenta,closeup,,,0.7339788675308228,0.008522300980985165,0.002272520214319229,0.2499617636203766,0.0036690400447696447,0.0015516245039179921,4.3820600694743916e-05,0.0,0.06664060056209564,0.03056054376065731,0.4106258451938629
1742.0,1743.0,True,presidenta,closeup,,,0.03704221919178963,0.024976739659905434,0.003490705508738756,0.9299622178077698,0.003053902182728052,0.0005470603355206549,0.0009271544986404479,0.0,0.16839061677455902,0.05195321887731552,0.37686866521835327
1743.0,1744.0,True,presidenta,closeup,,,0.9000352025032043,0.005632974207401276,0.0801648274064064,0.01051851361989975,0.0001036623798427172,0.0011948251631110907,0.002349983202293515,0.0,0.285958468914032,0.1541263610124588,0.5670194625854492
1744.0,1745.0,True,presidenta,closeup,,,0.980518102645874,0.0013283619191497564,0.01349364873021841,0.0034663283731788397,0.0002464288554619998,0.0004229264159221202,0.0005241397302597761,0.0,0.39168623089790344,0.049831654876470566,0.713438093662262
1745.0,1746.0,True,presidenta,closeup,,,0.9831458330154419,0.0016657703090459108,0.01100435946136713,0.002766793593764305,0.00014671952521894127,0.0007488635601475835,0.0005216592107899487,0.0,0.48396769165992737,0.14365172386169434,0.6778860092163086
1746.0,1747.0,True,presidenta,closeup,,,0.9778254628181458,0.0009623576770536602,0.018497131764888763,0.00018708338029682636,0.000264819769654423,0.0018588153179734945,0.00040432950481772423,0.0,0.39559412002563477,0.04214702919125557,0.5956385135650635
1747.0,1748.0,True,presidenta,closeup,,,0.981908917427063,0.004924263339489698,0.0021857654210180044,0.010432801209390163,0.00016978487838059664,0.0002528429322410375,0.00012559475726448,0.0,0.2663436532020569,0.18615420162677765,0.3837719261646271
1748.0,1749.0,True,presidenta,closeup,,,0.9865044951438904,0.0060397302731871605,0.005026237573474646,0.000787306868005544,0.00013911396672483534,0.001352229155600071,0.0001508332061348483,0.0,0.6069610118865967,0.2010318636894226,0.702565610408783
1749.0,1750.0,True,presidenta,closeup,,,0.958301842212677,0.03045857883989811,0.009247002191841602,0.0004758902359753847,0.00015540033928118646,0.0007922050426714122,0.0005691018304787576,0.0,0.8851545453071594,0.3271348476409912,0.7608068585395813
1750.0,1751.0,True,presidenta,closeup,,,0.940507173538208,0.013257870450615883,0.022102488204836845,0.0052896058186888695,0.0011105559533461928,0.0038405891973525286,0.013891716487705708,0.0,0.37613940238952637,0.04243970289826393,0.49764615297317505
1751.0,1752.0,True,presidenta,closeup,,,0.9405580759048462,0.02639162912964821,0.010405797511339188,0.00034857430728152394,0.00019953983428422362,0.0010910278651863337,0.021005313843488693,0.0,0.16050826013088226,0.09486053138971329,0.5542421340942383
1752.0,1753.0,True,presidenta,closeup,,,0.9889265298843384,0.0031973666045814753,0.00203942833468318,0.0050398968160152435,0.0005864891572855413,0.00014697739970870316,6.329648022074252e-05,0.0,0.2169010043144226,0.03749389573931694,0.4767477810382843
1753.0,1754.0,True,presidenta,closeup,,,0.9353459477424622,0.0006465893238782883,0.018506228923797607,0.04389733076095581,0.0006103951600380242,0.0009020629804581404,9.144979412667453e-05,0.0,0.25539711117744446,0.03932935744524002,0.3721223771572113
1754.0,1755.0,True,presidenta,closeup,,,0.6038195490837097,0.007065888494253159,0.035606499761343,0.3489743769168854,0.0026264991611242294,0.0006025881739333272,0.0013046363601461053,0.0,0.33958151936531067,0.05663181468844414,0.38616839051246643
1755.0,1756.0,True,presidenta,closeup,,,0.9370037913322449,0.0009286458953283727,0.05862593650817871,0.0025944611988961697,0.00023797762696631253,0.0002170527441194281,0.0003921806928701699,0.0,0.17833036184310913,0.029951872304081917,0.5037150979042053
1756.0,1757.0,True,presidenta,closeup,,,0.6066551804542542,0.021448781713843346,0.013893011957406998,0.35396212339401245,0.003233754076063633,0.0002056900120805949,0.0006014305981807411,0.0,0.1368241012096405,0.03520277142524719,0.3033859133720398
1757.0,1758.0,True,presidenta,closeup,,,0.9700174331665039,0.010758464224636555,0.012158733792603016,0.006516669411212206,0.00014565490710083395,0.00022753891244065017,0.00017543818103149533,0.0,0.47819724678993225,0.03838746249675751,0.3251572251319885
1758.0,1759.0,True,presidenta,closeup,,,0.9076017141342163,0.0050908541306853294,0.0069261230528354645,0.07914447784423828,0.0008429838344454765,0.0003690335142891854,2.4779743398539722e-05,0.0,0.10999761521816254,0.028446851298213005,0.5672953724861145
1759.0,1760.0,True,presidenta,closeup,,,0.72853684425354,0.09517103433609009,0.003446075366809964,0.16608333587646484,0.0007166866562329233,0.001463462831452489,0.004582583904266357,0.0,0.23208904266357422,0.075167216360569,0.59958815574646
1760.0,1761.0,True,presidenta,closeup,,,0.9734532833099365,0.011265826411545277,0.011530607007443905,0.002835779683664441,7.604809798067436e-05,0.0005133060622029006,0.000325111614074558,0.0,0.37423133850097656,0.30977851152420044,0.7609364986419678
1761.0,1762.0,True,presidenta,closeup,,,0.562721312046051,0.03196102753281593,0.007629660423845053,0.3900328576564789,0.004060081206262112,0.002870948752388358,0.0007241519051603973,0.0,0.23555755615234375,0.043232232332229614,0.37606561183929443
1762.0,1763.0,True,presidenta,closeup,,,0.9923813939094543,0.0012543881312012672,0.0023202234879136086,0.003091753926128149,3.3689193514874205e-05,0.0008939224644564092,2.45686878770357e-05,0.0,0.2839692234992981,0.029295222833752632,0.5982129573822021
1763.0,1764.0,True,presidenta,closeup,,,0.8529781699180603,0.015032256953418255,0.017777102068066597,0.095994733273983,0.0005341680953279138,0.009089162573218346,0.008594369515776634,0.0,0.17330153286457062,0.08320089429616928,0.4514926075935364
1764.0,1765.0,True,presidenta,closeup,,,0.6014722585678101,0.03361068665981293,0.0031423878390341997,0.35910409688949585,0.0015726301353424788,0.0007234761142171919,0.0003744484856724739,0.0,0.22966058552265167,0.04940817505121231,0.3662511110305786
1765.0,1766.0,True,presidenta,closeup,,,0.5256232619285583,0.007622659206390381,0.010753174312412739,0.45272162556648254,0.00277824723161757,0.0002920770784839988,0.00020898367802146822,0.0,0.1515437811613083,0.046190012246370316,0.41127529740333557
1766.0,1767.0,True,presidenta,closeup,,,0.6200164556503296,0.027946848422288895,0.019122418016195297,0.3136497735977173,0.018013272434473038,0.0005472421180456877,0.0007039679912850261,0.0,0.311461478471756,0.0756482481956482,0.37521034479141235
1767.0,1768.0,True,presidenta,closeup,,,0.8499656915664673,0.009925947524607182,0.01010836847126484,0.1267944872379303,0.0010912312427535653,0.002012149663642049,0.00010210301843471825,0.0,0.08825261890888214,0.030298519879579544,0.45973798632621765
1768.0,1769.0,True,presidenta,closeup,,,0.24672889709472656,0.0765162855386734,0.0019126614788547158,0.6548842787742615,0.005619646981358528,0.0033807377330958843,0.010957472026348114,0.0,0.08267784863710403,0.1648748517036438,0.43758144974708557
1769.0,1770.0,True,presidenta,closeup,,,0.16362114250659943,0.7302326560020447,0.0007926365360617638,0.05649275332689285,0.0006453655660152435,0.0009262075182050467,0.04728936776518822,0.0,0.1132875308394432,0.1749725043773651,0.2244943380355835
1770.0,1771.0,True,presidenta,closeup,,,0.9073594808578491,0.005520102567970753,0.0050739869475364685,0.0813162550330162,0.00021185267542023212,0.0004968821885995567,2.1478832422872074e-05,0.0,0.15513978898525238,0.12435763329267502,0.5957754850387573
1771.0,1772.0,True,presidenta,closeup,,,0.17168384790420532,0.029843641445040703,0.0071577038615942,0.7873910665512085,0.0016809781081974506,0.0005134825478307903,0.0017292742850258946,0.0,0.1510094553232193,0.3746618926525116,0.3572176694869995
1772.0,1773.0,True,presidenta,closeup,,,0.7703753709793091,0.01338944025337696,0.00205887365154922,0.20918379724025726,0.002373887225985527,0.0012569035170599818,0.0013618008233606815,0.0,0.1030120700597763,0.043221425265073776,0.44528648257255554
1773.0,1774.0,True,presidenta,closeup,,,0.20247004926204681,0.023905443027615547,0.006442333571612835,0.7559030055999756,0.007847429253160954,0.0018635260639712214,0.0015682484954595566,0.0,0.1621216982603073,0.05728333815932274,0.3886362612247467
1774.0,1775.0,True,presidenta,closeup,,,0.04468431696295738,0.006866211071610451,0.01076671201735735,0.8800815343856812,0.03908378258347511,0.005791813135147095,0.01272569876164198,0.0,0.4360429346561432,0.036887578666210175,0.4728878140449524
1775.0,1776.0,True,presidenta,closeup,,,0.8876938819885254,0.014147046953439713,0.0036576222628355026,0.08702364563941956,0.005101154092699289,0.002214190550148487,0.00016240145487245172,0.0,0.136657252907753,0.088506780564785,0.5122294425964355
1776.0,1777.0,True,presidenta,closeup,,,0.9672321677207947,0.01387875061482191,0.010375545360147953,0.007677068468183279,0.0001775706623448059,0.0006425231113098562,1.6405125279561616e-05,0.0,0.16053955256938934,0.029831068590283394,0.39652663469314575
1777.0,1778.0,True,presidenta,closeup,,,0.33380305767059326,0.2960650324821472,0.004113954957574606,0.038388364017009735,0.0025566122494637966,0.002113462658599019,0.3229595720767975,0.0,0.3186769187450409,0.28417959809303284,0.32698720693588257
1778.0,1779.0,True,presidenta,closeup,,,0.39102810621261597,0.5144308805465698,0.006703686900436878,0.07959622889757156,0.0014122867723926902,0.0028688928578048944,0.003959915600717068,0.0,0.19524675607681274,0.47616422176361084,0.6693351864814758
1779.0,1780.0,True,presidenta,closeup,,,0.6724827885627747,0.005048613529652357,0.016559308394789696,0.29815343022346497,0.0010740127181634307,0.0034034682903438807,0.0032784256618469954,0.0,0.254926472902298,0.27397051453590393,0.7567165493965149
1780.0,1781.0,True,presidenta,closeup,,,0.9547197818756104,0.003643697127699852,0.03479650989174843,0.004916208330541849,0.00023830407008063048,0.000831118319183588,0.0008544209413230419,0.0,0.23522834479808807,0.09235166013240814,0.5213149785995483
1781.0,1782.0,True,presidenta,closeup,,,0.6944083571434021,0.02556287869811058,0.24886634945869446,0.011099767871201038,0.0008923239656724036,0.003304134588688612,0.015866130590438843,0.0,0.6950662136077881,0.5515812635421753,0.5126692056655884
1782.0,1783.0,True,presidenta,closeup,,,0.74103182554245,0.06266091763973236,0.03386739641427994,0.16018667817115784,0.0009576178854331374,0.0004012854478787631,0.0008942577987909317,0.0,0.21984811127185822,0.2145836055278778,0.5511778593063354
1783.0,1784.0,True,presidenta,closeup,,,0.9429364800453186,0.021436838433146477,0.012041923590004444,0.01245705597102642,0.0008925682632252574,0.0007448560209013522,0.009490272961556911,0.0,0.3320421278476715,0.08676639199256897,0.5515310764312744
1784.0,1785.0,True,presidenta,closeup,,,0.9545798301696777,0.005797125864773989,0.022961009293794632,0.006081503350287676,0.003777492558583617,0.001021709875203669,0.005781291518360376,0.0,0.1182589903473854,0.12007830291986465,0.322809100151062
1785.0,1786.0,True,presidenta,closeup,,,0.9196410775184631,0.0028685263823717833,0.0765429362654686,6.925619527464733e-05,5.7630284572951496e-05,0.0003585298836696893,0.0004620681283995509,0.0,0.2079239934682846,0.13824835419654846,0.6032857894897461
1786.0,1787.0,True,presidenta,closeup,,,0.839251697063446,0.0006420213612727821,0.1586540937423706,0.0009781233966350555,0.00024318037321791053,0.00010027547250501812,0.00013062132347840816,0.0,0.28901582956314087,0.08484534174203873,0.5918281078338623
1787.0,1788.0,True,presidenta,closeup,,,0.8861057162284851,0.08477792888879776,0.027296872809529305,0.0006385932210832834,0.00011160605936311185,0.00043227881542406976,0.0006370159680955112,0.0,0.2540993094444275,0.2133735716342926,0.723314106464386
1788.0,1789.0,True,presidenta,closeup,,,0.12222252041101456,0.8382892608642578,0.0015675962204113603,0.026467567309737206,0.0002296431630384177,0.0002245916984975338,0.010998903773725033,0.0,0.2999148964881897,0.7193949222564697,0.40886491537094116
1789.0,1790.0,True,presidenta,closeup,,,0.7805866003036499,0.03684897720813751,0.06351259350776672,0.044866256415843964,0.0012218487681820989,0.0005935012013651431,0.07237028330564499,0.0,0.35917460918426514,0.0867905542254448,0.3866822123527527
1790.0,1791.0,True,presidenta,closeup,,,0.844215989112854,0.0185925904661417,0.12674522399902344,0.0003488541697151959,6.43849853076972e-05,0.00472101429477334,0.005311987362802029,0.0,0.7124750018119812,0.5670142769813538,0.72357177734375
1791.0,1792.0,True,presidenta,closeup,,,0.8647496104240417,0.11004418134689331,0.014158700592815876,0.0014654116239398718,0.0006551751284860075,0.0031063572969287634,0.005820561200380325,0.0,0.05211612954735756,0.16632162034511566,0.6904687285423279
1792.0,1793.0,True,presidenta,closeup,,,0.21969909965991974,0.7381210327148438,0.024062559008598328,0.007372116670012474,0.00016668112948536873,0.0010847352677956223,0.00949372723698616,0.0,0.3389246165752411,0.7088815569877625,0.39489391446113586
1793.0,1794.0,True,presidenta,closeup,,,0.6283727884292603,0.019868897274136543,0.021536709740757942,0.07007268071174622,0.03236915543675423,0.013402887620031834,0.21437691152095795,0.0,0.08406472951173782,0.05862042307853699,0.6102156043052673
1794.0,1795.0,True,presidenta,closeup,,,0.8731862902641296,0.038679879158735275,0.00786304660141468,0.0735848993062973,0.005296367220580578,0.0010580653324723244,0.0003314590430818498,0.0,0.03840657323598862,0.06894097477197647,0.7108482122421265
1795.0,1796.0,True,presidenta,closeup,,,0.9648558497428894,0.018430065363645554,0.005327057559043169,0.008048083633184433,0.000268248695647344,0.000977654242888093,0.0020930555183440447,0.0,0.19746749103069305,0.0489264614880085,0.5267503261566162
1796.0,1797.0,True,presidenta,closeup,,,0.9003968834877014,0.023696299642324448,0.033311955630779266,0.03467252850532532,0.0044565945863723755,9.376798698212951e-05,0.003371950937435031,0.0,0.13751503825187683,0.08151188492774963,0.41098394989967346
1797.0,1798.0,True,presidenta,closeup,,,0.7707651853561401,0.12075278908014297,0.018183546140789986,0.08926386386156082,0.0007346318452619016,5.73431134398561e-05,0.00024264478997793049,0.0,0.12270373106002808,0.38096883893013,0.22025807201862335
1798.0,1799.0,True,presidenta,closeup,,,0.009598336182534695,0.10782080143690109,0.00034203799441456795,0.0021044013556092978,0.00029279341106303036,0.0010120909428223968,0.8788294196128845,0.0,0.45097288489341736,0.2307552546262741,0.37691909074783325
1799.0,1800.0,True,presidenta,closeup,,,0.9546535015106201,0.03557722270488739,0.002674032235518098,0.005076934117823839,0.00022634377819485962,0.0006040981970727444,0.001187837217003107,0.0,0.23015274107456207,0.04782233387231827,0.45778679847717285
1800.0,1801.0,True,presidenta,closeup,,,0.9210816025733948,0.0057487827725708485,0.006299127358943224,0.05922731012105942,0.0005179888103157282,0.006201486568897963,0.0009236680925823748,0.0,0.4011556804180145,0.2969492971897125,0.5578071475028992
1801.0,1802.0,True,presidenta,closeup,,,0.9868048429489136,0.005144781898707151,0.006810177117586136,0.0009226311813108623,4.369658199721016e-05,0.00014774540613871068,0.0001260698918486014,0.0,0.09055215120315552,0.22205699980258942,0.49108144640922546
1802.0,1803.0,True,presidenta,closeup,,,0.9114406704902649,0.0060458057560026646,0.03438747301697731,0.03416159749031067,0.0015859078848734498,0.003460157662630081,0.008918398059904575,0.0,0.3296474516391754,0.04714291915297508,0.5379093289375305
1803.0,1804.0,True,presidenta,closeup,,,0.6656122803688049,0.187803253531456,0.10955507308244705,0.004547601565718651,0.00020531100744847208,0.00040742906276136637,0.03186899051070213,0.0,0.17712144553661346,0.3919152021408081,0.3624393939971924
1804.0,1805.0,True,presidenta,closeup,,,0.9409438967704773,0.019025851041078568,0.013548034243285656,0.024234004318714142,0.0009194615413434803,0.0002584664325695485,0.0010702628642320633,0.0,0.1693226546049118,0.14648453891277313,0.30811363458633423
1805.0,1806.0,True,presidenta,closeup,,,0.26890119910240173,0.46585291624069214,0.007334998808801174,0.21562246978282928,0.005010633729398251,0.0014619522262364626,0.03581583872437477,0.0,0.2454819679260254,0.2938379943370819,0.4855916202068329
1806.0,1807.0,True,presidenta,closeup,,,0.24584272503852844,0.41874387860298157,0.010253720916807652,0.026669766753911972,0.0012319531524553895,0.0025131208822131157,0.2947447896003723,0.0,0.16568511724472046,0.21369658410549164,0.4799542725086212
1807.0,1808.0,True,presidenta,closeup,,,0.9441336989402771,0.008036049082875252,0.025759071111679077,0.01722787879407406,0.00029842182993888855,0.001294945366680622,0.0032498962245881557,0.0,0.213409885764122,0.1547790914773941,0.5680883526802063
1808.0,1809.0,True,presidenta,closeup,,,0.902694582939148,0.003441436681896448,0.08960386365652084,0.0021952020470052958,0.0002465334546286613,0.0009984967764467,0.0008199417497962713,0.0,0.32292094826698303,0.05164359509944916,0.7174999713897705
1809.0,1810.0,True,presidenta,closeup,,,0.9573531746864319,0.004345892462879419,0.014631683938205242,0.002428209176287055,0.006771644577383995,0.00015639608318451792,0.01431302446871996,0.0,0.08097140491008759,0.06587755680084229,0.4050672948360443
1810.0,1811.0,True,presidenta,closeup,,,0.5979748964309692,0.1679263859987259,0.10504772514104843,0.060162462294101715,0.06581622362136841,0.0002259794855490327,0.0028463867492973804,0.0,0.0618077777326107,0.2893041968345642,0.26246461272239685
1811.0,1812.0,True,presidenta,closeup,,,0.9153014421463013,0.00945672020316124,0.008976602926850319,0.060895178467035294,0.004152217879891396,0.00024395329819526523,0.0009738311637192965,0.0,0.5159046649932861,0.1384166181087494,0.576780378818512
1812.0,1813.0,True,presidenta,closeup,,,0.797590970993042,0.05084453895688057,0.031241489574313164,0.11048039048910141,0.0010650967014953494,0.0009105074568651617,0.007866998203098774,0.0,0.33252599835395813,0.31576311588287354,0.4974854588508606
1813.0,1814.0,True,presidenta,closeup,,,0.8628153800964355,0.012681928463280201,0.028349000960588455,0.04327399656176567,0.001998706953600049,0.002438076538965106,0.048442915081977844,0.0,0.2739640474319458,0.09380949288606644,0.32821670174598694
1814.0,1815.0,True,presidenta,closeup,,,0.9543290734291077,0.007743911352008581,0.004709720611572266,0.031126469373703003,0.0005755395395681262,0.001002481090836227,0.0005128115881234407,0.0,0.1630714386701584,0.051049716770648956,0.46588820219039917
1815.0,1816.0,True,presidenta,closeup,,,0.982119083404541,0.004023754969239235,0.011599315330386162,0.0010691100033000112,0.0001608640159247443,0.0006627144757658243,0.0003651601145975292,0.0,0.5702468156814575,0.5122838020324707,0.4765339493751526
1816.0,1817.0,True,presidenta,closeup,,,0.9844409227371216,0.004336402285844088,0.010239153169095516,0.0004292805097065866,6.658798520220444e-05,0.00040921859908849,7.841463957447559e-05,0.0,0.456999808549881,0.3209916055202484,0.4119773209095001
1817.0,1818.0,True,presidenta,closeup,,,0.9113877415657043,0.02819043956696987,0.033137764781713486,0.015221886336803436,0.001083804527297616,0.0020053377375006676,0.008973054587841034,0.0,0.42402195930480957,0.3065391778945923,0.5209343433380127
1818.0,1819.0,True,presidenta,closeup,,,0.20895250141620636,0.34650853276252747,0.004262192640453577,0.43703413009643555,0.0003427174233365804,0.0008130317437462509,0.0020869525615125895,0.0,0.4655179977416992,0.5790547728538513,0.688277006149292
1819.0,1820.0,True,presidenta,closeup,,,0.5493795871734619,0.36735785007476807,0.07408639788627625,0.0029291175305843353,0.00036885953159071505,0.0020972825586795807,0.0037808138877153397,0.0,0.8266516327857971,0.7609090209007263,0.6798317432403564
1820.0,1821.0,True,presidenta,closeup,,,0.981619119644165,0.011436477303504944,0.005937643349170685,0.0007579734083265066,5.144402166479267e-05,1.5651326975785196e-05,0.00018163122877012938,0.0,0.20468758046627045,0.09150148183107376,0.4703730344772339
1821.0,1822.0,True,presidenta,closeup,,,0.9431742429733276,0.0009521229658275843,0.03572271764278412,0.01743321493268013,0.0005346866091713309,0.00040117884054780006,0.0017818007618188858,0.0,0.21854867041110992,0.06935814023017883,0.6683651208877563
1822.0,1823.0,True,presidenta,closeup,,,0.15329578518867493,0.6954954862594604,0.0091952383518219,0.1375991851091385,0.001590493367984891,0.00038672308437526226,0.00243709166534245,0.0,0.4483347237110138,0.1681942492723465,0.23261715471744537
1823.0,1824.0,True,presidenta,closeup,,,0.8999962210655212,0.006178637966513634,0.05069410428404808,0.022432811558246613,0.002096473705023527,0.000877669604960829,0.017724119126796722,0.0,0.28543299436569214,0.08212580531835556,0.5424070954322815
1824.0,1825.0,True,presidenta,closeup,,,0.828589916229248,0.10149580985307693,0.022327912971377373,0.002059195889160037,0.0002332160947844386,0.00040070299291983247,0.04489319771528244,0.0,0.3155301809310913,0.1455879509449005,0.5076130628585815
1825.0,1826.0,True,presidenta,closeup,,,0.981263279914856,0.0026862891390919685,0.010093793272972107,0.003932659048587084,0.00017337386088911444,0.0010074813617393374,0.000843085756059736,0.0,0.2786661684513092,0.045813046395778656,0.4672425389289856
1826.0,1827.0,True,presidenta,closeup,,,0.8339596390724182,0.11193451285362244,0.039178818464279175,0.006448920350521803,0.0006564997602254152,0.0003827129548881203,0.007438914384692907,0.0,0.2732011079788208,0.3819086253643036,0.5170114636421204
1827.0,1828.0,True,presidenta,closeup,,,0.9569060802459717,0.005520361475646496,0.0069359601475298405,0.02571738511323929,0.00041908849379979074,0.003723263507708907,0.0007779193692840636,0.0,0.40266621112823486,0.07632512599229813,0.72156822681427
1828.0,1829.0,True,presidenta,closeup,,,0.9811540246009827,0.00351898605003953,0.008069136179983616,0.005651735235005617,0.00019068748224526644,0.0013104303507134318,0.00010502579971216619,0.0,0.12283539772033691,0.051190152764320374,0.7971448302268982
1829.0,1830.0,True,presidenta,closeup,,,0.9315978288650513,0.06227149814367294,0.004251013044267893,0.0009520515450276434,0.00010556636698311195,0.0005684300558641553,0.00025360865402035415,0.0,0.12269718199968338,0.09202706813812256,0.49109283089637756
1830.0,1831.0,True,presidenta,closeup,,,0.9037162661552429,0.020482026040554047,0.011855381540954113,0.01845245063304901,0.002397401724010706,0.00828498974442482,0.03481145575642586,0.0,0.09645475447177887,0.11192190647125244,0.45616093277931213
1831.0,1832.0,True,presidenta,closeup,,,0.6375308632850647,0.004745142534375191,0.028844742104411125,0.25338587164878845,0.059833478182554245,0.014075024984776974,0.0015849409392103553,0.0,0.14963451027870178,0.017058832570910454,0.19211670756340027
1832.0,1833.0,True,presidenta,closeup,,,0.9563538432121277,0.008391725830733776,0.010613974183797836,0.02195167727768421,0.00036414674832485616,0.0011085056466981769,0.0012161723570898175,0.0,0.04890243709087372,0.027660585939884186,0.4372416138648987
1833.0,1834.0,True,presidenta,closeup,,,0.9490562677383423,0.02833682671189308,0.015398820862174034,0.0027535357512533665,0.0001717915729386732,0.00047579192323610187,0.0038068853318691254,0.0,0.06392118334770203,0.05553632974624634,0.5574545860290527
1834.0,1835.0,True,presidenta,closeup,,,0.09237255156040192,0.012232275679707527,0.0023220740258693695,0.8902311325073242,0.000643715902697295,0.0015731301391497254,0.0006251446320675313,0.0,0.10053768008947372,0.05223846808075905,0.3682037591934204
1835.0,1836.0,True,presidenta,closeup,,,0.9623298645019531,0.002305968664586544,0.00932228472083807,0.015391836874186993,0.007979391142725945,0.0006640239735133946,0.00200662505812943,0.0,0.11602543294429779,0.03732225298881531,0.31945785880088806
1836.0,1837.0,True,presidenta,closeup,,,0.2750661075115204,0.008995712734758854,0.030471310019493103,0.10046859085559845,0.007417508866637945,0.006995286792516708,0.5705854296684265,0.0,0.1961500495672226,0.037269990891218185,0.4778696596622467
1837.0,1838.0,True,presidenta,closeup,,,0.7323459982872009,0.05531499534845352,0.005149511620402336,0.1994260847568512,0.0020864643156528473,0.0008995616808533669,0.00477738119661808,0.0,0.32905957102775574,0.07479866594076157,0.43944859504699707
1838.0,1839.0,True,presidenta,closeup,,,0.496062308549881,0.34593042731285095,0.011981118470430374,0.010899785906076431,0.0017593040829524398,0.0003914767294190824,0.13297554850578308,0.0,0.17945347726345062,0.8207173943519592,0.46237820386886597
1839.0,1840.0,True,presidenta,closeup,,,0.06856676936149597,0.6434288024902344,0.003437614068388939,0.009386109188199043,0.0007856520242057741,0.0002338872873224318,0.2741612195968628,0.0,0.32204553484916687,0.6474877595901489,0.33694547414779663
1840.0,1841.0,False,,wide,,,,,,,,,,,,,
1841.0,1842.0,False,,wide,,,,,,,,,,,,,
1842.0,1843.0,False,,wide,,,,,,,,,,,,,
1843.0,1844.0,False,,wide,,,,,,,,,,,,,
1844.0,1845.0,False,,wide,,,,,,,,,,,,,
1845.0,1846.0,False,,wide,,,,,,,,,,,,,
1846.0,1847.0,False,,wide,,,,,,,,,,,,,
1847.0,1848.0,False,,wide,,,,,,,,,,,,,
1848.0,1849.0,True,otro,closeup,,,0.9083895683288574,0.0018047031480818987,0.04226579889655113,0.0017856621416285634,0.0018202856881543994,0.04082589969038963,0.0031080758199095726,0.0,0.480599969625473,0.1573072075843811,0.5127044320106506
1849.0,1850.0,True,otro,closeup,,,0.43760278820991516,0.003976256586611271,0.008333045057952404,0.005437239073216915,0.001412486075423658,0.5326774716377258,0.010560722090303898,0.0,0.4117494523525238,0.060716498643159866,0.6137987971305847
1850.0,1851.0,True,otro,closeup,,,0.44628363847732544,0.0009067633654922247,0.019941862672567368,0.023185282945632935,0.0008636724669486284,0.5080385804176331,0.0007801521569490433,0.0,0.23129931092262268,0.06735461205244064,0.5710157752037048
1851.0,1852.0,True,otro,closeup,,,0.505453884601593,0.0008196227136068046,0.018347473815083504,0.30560311675071716,0.012550534680485725,0.1564369797706604,0.0007884204969741404,0.0,0.20895276963710785,0.10466060787439346,0.5318987965583801
1852.0,1853.0,True,otro,closeup,,,0.34414899349212646,0.02985709346830845,0.005381818860769272,0.0016894194995984435,0.0013243950670585036,0.5208696722984314,0.09672855585813522,0.0,0.10071789473295212,0.03648051619529724,0.46626919507980347
1853.0,1854.0,True,otro,closeup,,,0.12649409472942352,0.006111341994255781,0.002425850834697485,0.0006807370809838176,0.000628605776000768,0.8157082796096802,0.047951094806194305,0.0,0.2362593710422516,0.03876147046685219,0.5106902718544006
1854.0,1855.0,True,otro,closeup,,,0.2107933610677719,0.008390974253416061,0.004151811823248863,0.001712133176624775,0.0009326621075160801,0.7350767850875854,0.038942236453294754,0.0,0.12123508006334305,0.04127884656190872,0.6252685785293579
1855.0,1856.0,True,otro,closeup,,,0.12016831338405609,0.004788266494870186,0.0033167810179293156,0.0011408869177103043,0.0007667767349630594,0.7472860217094421,0.12253303825855255,0.0,0.1199125200510025,0.02969837561249733,0.45870259404182434
1856.0,1857.0,True,otro,closeup,,,0.2474776655435562,0.007664293982088566,0.004831242840737104,0.00433063181117177,0.004204168915748596,0.6662856340408325,0.06520631909370422,0.0,0.17024178802967072,0.03461921215057373,0.43438613414764404
1857.0,1858.0,True,otro,closeup,,,0.10122266411781311,0.004549159202724695,0.0031861956231296062,0.004155471455305815,0.0032985631842166185,0.768557071685791,0.11503084748983383,0.0,0.24693961441516876,0.037933431565761566,0.4199468195438385
1858.0,1859.0,True,otro,closeup,,,0.26857373118400574,0.006008140277117491,0.006489952094852924,0.007312795612961054,0.005748405121266842,0.47387322783470154,0.23199370503425598,0.0,0.16997957229614258,0.03960227966308594,0.436870813369751
1859.0,1860.0,True,otro,closeup,,,0.1639135628938675,0.0044152638874948025,0.0037132306024432182,0.0034669041633605957,0.004305330105125904,0.7097674012184143,0.11041830480098724,0.0,0.1912996768951416,0.06934639811515808,0.5411493182182312
1860.0,1861.0,True,otro,closeup,,,0.0516316220164299,0.0021193777211010456,0.002988844644278288,0.002040226710960269,0.0018972331890836358,0.6423101425170898,0.297012597322464,0.0,0.33171698451042175,0.04415566101670265,0.4313531219959259
1861.0,1862.0,True,otro,closeup,,,0.04874446615576744,0.0019517471082508564,0.0018335300264880061,0.0009989615064114332,0.0012664013775065541,0.7909146547317505,0.15429019927978516,0.0,0.26167771220207214,0.04006334766745567,0.49192655086517334
1862.0,1863.0,True,otro,closeup,,,0.49558156728744507,0.006410867907106876,0.004030286800116301,0.0016809084918349981,0.0021225647069513798,0.3475615382194519,0.1426123082637787,0.0,0.3017754852771759,0.03294461593031883,0.4307081401348114
1863.0,1864.0,True,otro,closeup,,,0.10177958011627197,0.006105321925133467,0.0009003962622955441,0.0005628252984024584,0.001141770277172327,0.6492400765419006,0.24027006328105927,0.0,0.17488062381744385,0.053205665200948715,0.4194415509700775
1864.0,1865.0,True,otro,closeup,,,0.4479787051677704,0.005009029060602188,0.01895943284034729,0.0038221131544560194,0.009605719707906246,0.4762831926345825,0.03834189474582672,0.0,0.17977547645568848,0.34069061279296875,0.4978611469268799
1865.0,1866.0,True,otro,closeup,,,0.42957568168640137,0.010301479138433933,0.020775889977812767,0.009854378178715706,0.02447674609720707,0.4536454379558563,0.05137045681476593,0.0,0.14699076116085052,0.2300373613834381,0.46275603771209717
1866.0,1867.0,True,otro,closeup,,,0.45170557498931885,0.009849722497165203,0.023290975019335747,0.005051524844020605,0.013758296146988869,0.4365672767162323,0.05977655574679375,0.0,0.14860667288303375,0.16434267163276672,0.6640653610229492
1867.0,1868.0,True,otro,closeup,,,0.24883712828159332,0.017279742285609245,0.018208693712949753,0.008407318033277988,0.009152737446129322,0.6256395578384399,0.07247491180896759,0.0,0.2097407430410385,0.05128766968846321,0.6778896450996399
1868.0,1869.0,True,otro,closeup,,,0.28875088691711426,0.007455425336956978,0.012315215542912483,0.004532714374363422,0.013134311884641647,0.5628563165664673,0.11095508933067322,0.0,0.26671814918518066,0.06591594964265823,0.7192710638046265
1869.0,1870.0,True,otro,closeup,,,0.7783013582229614,0.0008256866130977869,0.041791558265686035,0.02775145322084427,0.0034367882180958986,0.14772315323352814,0.0001700721913948655,0.0,0.3895637094974518,0.10666809976100922,0.598209798336029
1870.0,1871.0,True,otro,closeup,,,0.3864824175834656,0.033933524042367935,0.008480852469801903,0.013875826261937618,0.022939760237932205,0.5031795501708984,0.03110802173614502,0.0,0.22358974814414978,0.04956489056348801,0.7461154460906982
1871.0,1872.0,True,otro,closeup,,,0.4127434492111206,0.04889943078160286,0.011111138388514519,0.024136658757925034,0.02409149333834648,0.44902756810188293,0.029990296810865402,0.0,0.2874520719051361,0.08280487358570099,0.7721062898635864
1872.0,1873.0,True,otro,closeup,,,0.4659241735935211,0.05702928826212883,0.023801174014806747,0.008704952895641327,0.014016522094607353,0.4080662429332733,0.02245759777724743,0.0,0.26524120569229126,0.06035059317946434,0.6480792760848999
1873.0,1874.0,True,otro,closeup,,,0.301002562046051,0.051641058176755905,0.011553993448615074,0.012873365543782711,0.006687527522444725,0.5989363789558411,0.017305156216025352,0.0,0.36891913414001465,0.08161795884370804,0.7380593419075012
1874.0,1875.0,True,otro,closeup,,,0.12566517293453217,0.034268125891685486,0.007421191781759262,0.012091672979295254,0.006985107436776161,0.7956209778785706,0.01794791966676712,0.0,0.16672515869140625,0.07928945124149323,0.792296290397644
1875.0,1876.0,True,otro,closeup,,,0.12609678506851196,0.036487679928541183,0.01649545319378376,0.005054942332208157,0.008961454033851624,0.7606191039085388,0.04628460481762886,0.0,0.20667128264904022,0.0818835198879242,0.7909949421882629
1876.0,1877.0,True,otro,closeup,,,0.12164098024368286,0.029273727908730507,0.01452696230262518,0.0029642165172845125,0.004555216990411282,0.803510844707489,0.023528074845671654,0.0,0.2595804035663605,0.100265271961689,0.802889883518219
1877.0,1878.0,True,otro,closeup,,,0.010586399585008621,0.13346676528453827,0.0004229673941154033,0.0011521962005645037,0.0023331104312092066,0.33329707384109497,0.5187415480613708,0.0,0.27064049243927,0.828010082244873,0.4469316303730011
1878.0,1879.0,True,otro,closeup,,,0.7678097486495972,0.026976624503731728,0.00715804984793067,0.01425578910857439,0.00463218754157424,0.15209044516086578,0.027077170088887215,0.0,0.4905712902545929,0.21388541162014008,0.5311927795410156
1879.0,1880.0,True,presidenta,closeup,,,0.035307835787534714,0.8924862146377563,0.0010398303857073188,0.018080098554491997,0.0009413573425263166,0.0023778099566698074,0.04976677522063255,0.0,0.17172963917255402,0.895270824432373,0.17766417562961578
1880.0,1881.0,True,presidenta,closeup,,,0.000732159533072263,0.9957488179206848,3.972458216594532e-05,7.713563536526635e-05,1.2999197679164354e-05,0.00028674950590357184,0.003102329559624195,0.0,0.6479100584983826,0.9238430857658386,0.3020935356616974
1881.0,1882.0,True,presidenta,closeup,,,0.866517186164856,0.0679047629237175,0.0033623245544731617,0.04081089422106743,0.00036828784504905343,0.020579291507601738,0.0004572684701997787,0.0,0.6297503113746643,0.5142934918403625,0.5835873484611511
1882.0,1883.0,True,presidenta,closeup,,,0.22854390740394592,0.5504147410392761,0.003973392769694328,0.03298592194914818,0.00037324894219636917,0.141489177942276,0.0422196127474308,0.0,0.8566190004348755,0.44838541746139526,0.4159528613090515
1883.0,1884.0,True,presidenta,closeup,,,0.21760928630828857,0.03196881338953972,0.0012482545571401715,0.008389128372073174,0.0003392698126845062,0.714026927947998,0.02641833759844303,0.0,0.661669135093689,0.11536777764558792,0.5061558485031128
1884.0,1885.0,True,presidenta,closeup,,,0.1460372507572174,0.04232816398143768,0.001340733258984983,0.015735911205410957,0.0004460984200704843,0.7624970078468323,0.03161483258008957,0.0,0.7359911203384399,0.5370538234710693,0.5041122436523438
1885.0,1886.0,True,presidenta,closeup,,,0.11618704348802567,0.05661585181951523,0.0018070507794618607,0.014414775185286999,0.0009752194746397436,0.8018774390220642,0.008122718892991543,0.0,0.7757167816162109,0.5673046708106995,0.5382513999938965
1886.0,1887.0,True,presidenta,closeup,,,0.8877854347229004,0.06569521874189377,0.01021803542971611,0.009307180531322956,0.001035111490637064,0.013996431604027748,0.011962653137743473,0.0,0.42452359199523926,0.361007422208786,0.6146647930145264
1887.0,1888.0,True,presidenta,closeup,,,0.354636549949646,0.5459943413734436,0.004224802367389202,0.010678584687411785,0.0029541165567934513,0.001358445268124342,0.08015314489603043,0.0,0.18618068099021912,0.3654670715332031,0.1908225566148758
1888.0,1889.0,True,presidenta,closeup,,,0.3098680377006531,0.0532529391348362,0.004431770648807287,0.0010616801446303725,0.0005324209341779351,0.001464576693251729,0.629388689994812,0.0,0.3596648871898651,0.2385120987892151,0.5535688996315002
1889.0,1890.0,True,presidenta,closeup,,,0.4098474383354187,0.48490503430366516,0.005089707672595978,0.000791616621427238,0.0002556133549660444,0.0031230496242642403,0.09598755091428757,0.0,0.44555309414863586,0.2784259617328644,0.2988036274909973
1890.0,1891.0,True,presidenta,closeup,,,0.9666523337364197,0.014522715471684933,0.005301952362060547,0.0007777590653859079,0.00014057170483283699,0.0010782782919704914,0.011526357382535934,0.0,0.5683275461196899,0.42219433188438416,0.7090430855751038
1891.0,1892.0,True,presidenta,closeup,,,0.15895408391952515,0.6382629871368408,0.0020100956317037344,0.015478427521884441,0.0009016023250296712,0.0022834816481918097,0.18210935592651367,0.0,0.5865843296051025,0.7468474507331848,0.4104593098163605
1892.0,1893.0,True,presidenta,closeup,,,0.06868397444486618,0.9224568009376526,0.005456017330288887,0.0015588131500408053,4.2881612898781896e-05,0.0002484114666003734,0.0015531914541497827,0.0,0.8841890096664429,0.8695291876792908,0.5455769896507263
1893.0,1894.0,True,presidenta,closeup,,,0.9661959409713745,0.02424657717347145,0.00808020494878292,0.00046225765254348516,1.8261593140778132e-05,0.00043793063377961516,0.000558826606720686,0.0,0.37569648027420044,0.47337406873703003,0.5151945352554321
1894.0,1895.0,True,presidenta,closeup,,,0.1870771050453186,0.23694735765457153,0.009218249469995499,0.5422929525375366,0.003664846997708082,0.0014826975530013442,0.019316762685775757,0.0,0.2903599143028259,0.24311208724975586,0.3266212046146393
1895.0,1896.0,True,presidenta,closeup,,,0.41335925459861755,0.5674018859863281,0.0040929582901299,0.004478640854358673,0.0001448919647373259,0.0022494294680655003,0.008272971957921982,0.0,0.5774194598197937,0.6578372716903687,0.6304858326911926
1896.0,1897.0,True,presidenta,closeup,,,0.19502027332782745,0.7970162630081177,0.0022379641886800528,0.0021965259220451117,5.188706927583553e-05,0.0029947126749902964,0.0004824137722607702,0.0,0.6702867150306702,0.14982877671718597,0.7098267674446106
1897.0,1898.0,True,presidenta,closeup,,,0.13171927630901337,0.2798391282558441,0.02145897038280964,0.008494675159454346,0.0007269516354426742,0.0008874519262462854,0.5568735003471375,0.0,0.20597583055496216,0.6153727769851685,0.5125033259391785
1898.0,1899.0,True,presidenta,closeup,,,0.9484882950782776,0.0025169241707772017,0.002893383614718914,0.04377182573080063,0.0009423679439350963,0.0007602330879308283,0.0006269990699365735,0.0,0.12768149375915527,0.273973673582077,0.6687988042831421
1899.0,1900.0,True,presidenta,closeup,,,0.5053005218505859,0.43322718143463135,0.006058530882000923,0.002473232802003622,0.0008139802375808358,0.0013703769072890282,0.05075626075267792,0.0,0.32057055830955505,0.1162227913737297,0.3815919756889343
1900.0,1901.0,True,presidenta,closeup,,,0.666048526763916,0.05815071240067482,0.017467636615037918,0.1354091465473175,0.08703233301639557,0.004719659220427275,0.031172040849924088,0.0,0.17543694376945496,0.2065546214580536,0.47516024112701416
1901.0,1902.0,True,presidenta,closeup,,,0.9466922879219055,0.050817761570215225,0.0016802033642306924,0.00021177342568989843,3.573063077055849e-05,0.00021302686946000904,0.00034924110514111817,0.0,0.3818640410900116,0.07584527879953384,0.5509251356124878
1902.0,1903.0,True,presidenta,closeup,,,0.6372378468513489,0.33564963936805725,0.0069925603456795216,0.004375531803816557,0.00034453513217158616,0.00642999354749918,0.008969946764409542,0.0,0.8592499494552612,0.2975475788116455,0.5783352851867676
1903.0,1904.0,True,presidenta,closeup,,,0.9809674620628357,0.016210215166211128,0.0011942231794819236,0.000442173273768276,1.151541800936684e-05,0.0011024270206689835,7.199532410595566e-05,0.0,0.6804717183113098,0.23878122866153717,0.8125966787338257
1904.0,1905.0,True,presidenta,closeup,,,0.7292051315307617,0.25376617908477783,0.012744656763970852,0.0018667238764464855,0.00018070748774334788,0.001913726795464754,0.0003228844434488565,0.0,0.539593517780304,0.3544345498085022,0.6905999183654785
1905.0,1906.0,True,presidenta,closeup,,,0.9438036680221558,0.02859215810894966,0.02183505892753601,0.0013914533192291856,0.0003136847517453134,0.0007397074368782341,0.003324329387396574,0.0,0.7833144068717957,0.6874910593032837,0.7666588425636292
1906.0,1907.0,True,presidenta,closeup,,,0.23486143350601196,0.7087910771369934,0.003944632597267628,0.019231049343943596,0.0004406390362419188,0.0012545028002932668,0.0314766988158226,0.0,0.33335521817207336,0.7464004158973694,0.4963093101978302
1907.0,1908.0,True,presidenta,closeup,,,0.9462558031082153,0.030349895358085632,0.008235250599682331,0.0038820018526166677,0.00017430848674848676,0.0020224740728735924,0.00908022653311491,0.0,0.7828080654144287,0.4404432475566864,0.64019775390625
1908.0,1909.0,True,presidenta,closeup,,,0.968141496181488,0.006473287008702755,0.005142267793416977,0.01803562231361866,0.0008302623173221946,0.0009679128415882587,0.0004092206945642829,0.0,0.2955341041088104,0.11434601992368698,0.684316873550415
1909.0,1910.0,True,presidenta,closeup,,,0.6447544097900391,0.14272989332675934,0.026772813871502876,0.13111795485019684,0.01970791444182396,0.0035311535466462374,0.031385861337184906,0.0,0.13067744672298431,0.0641278475522995,0.3247755169868469
1910.0,1911.0,True,presidenta,closeup,,,0.9145416617393494,0.032487206161022186,0.0013779973378404975,0.05078553408384323,0.00012947680079378188,0.00028062338242307305,0.00039748934796079993,0.0,0.3552613854408264,0.637830913066864,0.7483013868331909
1911.0,1912.0,True,presidenta,closeup,,,0.9199413061141968,0.0682070255279541,0.007318808697164059,0.0040944102220237255,4.976274067303166e-05,0.00032415485475212336,6.459571159211919e-05,0.0,0.5844506621360779,0.6199104189872742,0.5118421912193298
1912.0,1913.0,True,presidenta,closeup,,,0.9451919794082642,0.046353280544281006,0.004270130768418312,0.0030039153061807156,9.80914119281806e-05,0.0009505876805633307,0.00013205170398578048,0.0,0.7742672562599182,0.8107674717903137,0.6390113830566406
1913.0,1914.0,True,presidenta,closeup,,,0.8567798137664795,0.10733934491872787,0.022137824445962906,0.008519615046679974,0.0030624126084148884,0.0013572523603215814,0.0008037310326471925,0.0,0.8753511309623718,0.4061366617679596,0.6275579333305359
1914.0,1915.0,True,presidenta,closeup,,,0.9106965661048889,0.03687514737248421,0.048910029232501984,0.002108681946992874,0.00017603185551706702,0.0007374334381893277,0.000496131309773773,0.0,0.515041708946228,0.668739914894104,0.7014029622077942
1915.0,1916.0,True,presidenta,closeup,,,0.5997313857078552,0.008051079697906971,0.03773278370499611,0.3391624093055725,0.013760529458522797,0.0010890534613281488,0.00047274099779315293,0.0,0.5590204000473022,0.0643434152007103,0.3456946015357971
1916.0,1917.0,True,presidenta,closeup,,,0.9605668187141418,0.0046865385957062244,0.0058905682526528835,0.024108905345201492,0.0006816451787017286,0.004037560895085335,2.7928505005547777e-05,0.0,0.08837135136127472,0.08045820146799088,0.44970807433128357
1917.0,1918.0,True,presidenta,closeup,,,0.08888506144285202,0.5139824748039246,0.0008740554912947118,0.0017000740626826882,0.0003631382714956999,0.0028262902051210403,0.3913688659667969,0.0,0.33587610721588135,0.1854984015226364,0.3935661017894745
1918.0,1919.0,True,presidenta,closeup,,,0.9042543172836304,0.017177585512399673,0.0037986692041158676,0.06950214505195618,0.002139979973435402,0.002318841405212879,0.0008084432920441031,0.0,0.19008879363536835,0.04375743493437767,0.27700838446617126
1919.0,1920.0,True,presidenta,closeup,,,0.09816320240497589,0.7297165989875793,0.003128683427348733,0.004992914851754904,0.00046035987907089293,0.0012488788925111294,0.16228947043418884,0.0,0.19146126508712769,0.6656955480575562,0.5551095604896545
1920.0,1921.0,True,presidenta,closeup,,,0.9853953123092651,0.0025708561297506094,0.011321966536343098,0.00011329678090987727,4.603687557391822e-05,0.0001160201572929509,0.00043654293403960764,0.0,0.1862773448228836,0.22811584174633026,0.4679320156574249
1921.0,1922.0,True,presidenta,closeup,,,0.8636738061904907,0.0011148594785481691,0.13339172303676605,0.0004364859778434038,6.327696610242128e-05,0.00027429749025031924,0.0010455327574163675,0.0,0.3732258081436157,0.703457236289978,0.5108628273010254
1922.0,1923.0,True,presidenta,closeup,,,0.6014713644981384,0.01677045039832592,0.005930757615715265,0.3732118606567383,0.0015959502197802067,0.0009128327365033329,0.00010682802530936897,0.0,0.15781794488430023,0.02939762733876705,0.3978576064109802
1923.0,1924.0,True,presidenta,closeup,,,0.9003268480300903,0.010378463193774223,0.004191558808088303,0.07734484225511551,0.003394270548596978,0.0029330316465348005,0.0014309970429167151,0.0,0.2540343105792999,0.043949875980615616,0.3652084171772003
1924.0,1925.0,True,presidenta,closeup,,,0.25011196732521057,0.02352614887058735,0.0027750981971621513,0.7109822630882263,0.004880079999566078,0.002396702766418457,0.005327797029167414,0.0,0.1593751162290573,0.06593641638755798,0.4593728184700012
1925.0,1926.0,True,presidenta,closeup,,,0.9905548691749573,0.0027195950970053673,0.0010689684422686696,0.004406355321407318,0.0007555352640338242,0.0003274645423516631,0.00016721726569812745,0.0,0.11647582799196243,0.01636883243918419,0.44965264201164246
1926.0,1927.0,True,presidenta,closeup,,,0.9960798621177673,0.0015694403555244207,0.0004834689316339791,0.0016204810235649347,0.00010327565541956574,7.312656089197844e-05,7.04064586898312e-05,0.0,0.24430634081363678,0.03697337582707405,0.32668617367744446
1927.0,1928.0,True,presidenta,closeup,,,0.7766402363777161,0.17694519460201263,0.001660704961977899,0.024576447904109955,0.0002900168183259666,0.0009281032835133374,0.018959198147058487,0.0,0.2559971809387207,0.0763472393155098,0.20322370529174805
1928.0,1929.0,True,presidenta,closeup,,,0.39406564831733704,0.24176350235939026,0.004071073140949011,0.00251525710336864,0.00030548369977623224,0.0003315693757031113,0.3569474518299103,0.0,0.11423497647047043,0.1418006867170334,0.3127884268760681
1929.0,1930.0,True,presidenta,closeup,,,0.23016873002052307,0.1122916042804718,0.0033012377098202705,0.6340268850326538,0.0018299055518582463,0.009274965152144432,0.009106733836233616,0.0,0.18782396614551544,0.046378184109926224,0.21544772386550903
1930.0,1931.0,True,presidenta,closeup,,,0.11122415959835052,0.7420966029167175,0.0012952463002875447,0.12396250665187836,0.0005253336858004332,0.0011861027451232076,0.01971016824245453,0.0,0.18784457445144653,0.14142057299613953,0.29851052165031433
1931.0,1932.0,True,presidenta,closeup,,,0.4335736930370331,0.31501513719558716,0.0036636756267398596,0.21883772313594818,0.002253521466627717,0.0009132263949140906,0.025743016973137856,0.0,0.11815369874238968,0.33160972595214844,0.2476051151752472
1932.0,1933.0,True,presidenta,closeup,,,0.5721430778503418,0.1664012223482132,0.004227485973387957,0.1742122322320938,0.0023596782702952623,0.0008346954127773643,0.07982157170772552,0.0,0.2949463427066803,0.1646696925163269,0.21456575393676758
1933.0,1934.0,True,presidenta,closeup,,,0.04510476067662239,0.15049634873867035,0.006433151662349701,0.7408807873725891,0.05643708258867264,0.0002618174476083368,0.00038606254383921623,0.0,0.13444288074970245,0.7879722714424133,0.036687981337308884
1934.0,1935.0,True,presidenta,closeup,,,0.3648741841316223,0.044066235423088074,0.0023105803411453962,0.5814931392669678,0.0012272049207240343,0.0044549982994794846,0.0015737228095531464,0.0,0.08664850145578384,0.06038467586040497,0.35051020979881287
1935.0,1936.0,True,presidenta,closeup,,,0.08385207504034042,0.5279028415679932,0.0008738973410800099,0.37803688645362854,0.002364634070545435,0.0011415729532018304,0.0058281742967665195,0.0,0.17592108249664307,0.307963490486145,0.3977445960044861
1936.0,1937.0,True,presidenta,closeup,,,0.03206951171159744,0.814351499080658,0.0023612899240106344,0.14195825159549713,0.0020571902859956026,0.0003731426259037107,0.006829117424786091,0.0,0.13028500974178314,0.8712112903594971,0.1520082801580429
1937.0,1938.0,True,presidenta,closeup,,,0.009839961305260658,0.9601832032203674,0.0007645401055924594,0.0010917026083916426,0.0001371521648252383,3.930288949050009e-05,0.027944214642047882,0.0,0.30774691700935364,0.9475109577178955,0.2241523563861847
1938.0,1939.0,True,presidenta,closeup,,,0.04561614245176315,0.8969917893409729,0.005955873057246208,0.00033633579732850194,0.00010294687672285363,0.00018080459267366678,0.050816163420677185,0.0,0.1795995533466339,0.6456149220466614,0.5709073543548584
1939.0,1940.0,True,presidenta,closeup,,,0.26392677426338196,0.7216282486915588,0.012636225670576096,0.0002775026950985193,3.715360435307957e-05,6.909914372954518e-05,0.0014249348314478993,0.0,0.3895895481109619,0.4920760989189148,0.6159787178039551
1940.0,1941.0,True,presidenta,closeup,,,0.8738257884979248,0.049807269126176834,0.005274904426187277,0.028236111626029015,0.005936902482062578,0.0012735294876620173,0.03564544767141342,0.0,0.12327314168214798,0.19194474816322327,0.3852183222770691
1941.0,1942.0,True,presidenta,closeup,,,0.7981524467468262,0.0073671769350767136,0.0022667571902275085,0.19032366573810577,0.0005102111026644707,0.001352827064692974,2.6862642698688433e-05,0.0,0.28822171688079834,0.037431832402944565,0.41647931933403015
1942.0,1943.0,True,presidenta,closeup,,,0.13765089213848114,0.7022768259048462,0.0040536909364163876,0.12236324697732925,0.001159404986537993,0.0013988735154271126,0.031097205355763435,0.0,0.22258251905441284,0.6816645860671997,0.22736282646656036
1943.0,1944.0,True,presidenta,closeup,,,0.7944324612617493,0.03414111211895943,0.0012105396017432213,0.1687944382429123,0.0003433949896134436,0.0006668570567853749,0.00041115874773822725,0.0,0.18425679206848145,0.0645965188741684,0.22316499054431915
1944.0,1945.0,True,presidenta,closeup,,,0.026614386588335037,0.9641570448875427,0.0004255240492057055,0.005124565679579973,9.617994510335848e-05,0.00019221144611947238,0.003390139900147915,0.0,0.19973349571228027,0.9128057360649109,0.4975011646747589
1945.0,1946.0,True,presidenta,closeup,,,0.8223494291305542,0.033966537564992905,0.001542536774650216,0.1274467557668686,0.0003385512391105294,0.013891234993934631,0.00046493191621266305,0.0,0.06861229985952377,0.055872686207294464,0.2905016839504242
1946.0,1947.0,True,presidenta,closeup,,,0.9330756068229675,0.002705650171265006,0.004991024732589722,0.05550159886479378,0.0021474033128470182,0.00028590636793524027,0.001292822533287108,0.0,0.3630768358707428,0.03711657598614693,0.2644267976284027
1947.0,1948.0,True,presidenta,closeup,,,0.702226459980011,0.2559812366962433,0.005441994871944189,0.016644326969981194,0.003107439260929823,0.013380256481468678,0.0032182049471884966,0.0,0.0362662747502327,0.13653473556041718,0.46463024616241455
1948.0,1949.0,True,presidenta,closeup,,,0.09040934592485428,0.5526924729347229,0.0009729520534165204,0.0006540846079587936,0.00016066827811300755,0.0006360040279105306,0.3544745445251465,0.0,0.14630360901355743,0.33934345841407776,0.3659115433692932
1949.0,1950.0,True,presidenta,closeup,,,0.6681013107299805,0.2576209604740143,0.0016880875919014215,0.0004087030829396099,0.00033728795824572444,0.000690946530085057,0.0711527094244957,0.0,0.38179707527160645,0.10861916095018387,0.5134989619255066
1950.0,1951.0,True,presidenta,closeup,,,0.9065940976142883,0.008442765101790428,0.03361804038286209,0.014611974358558655,0.0011595971882343292,0.0011868715519085526,0.03438664600253105,0.0,0.14132896065711975,0.11808333545923233,0.494998574256897
1951.0,1952.0,True,presidenta,closeup,,,0.7375630736351013,0.19900795817375183,0.0062223514541983604,0.04541973024606705,0.0026671080850064754,0.0013393167173489928,0.007780455052852631,0.0,0.166765496134758,0.20278459787368774,0.5983461141586304
1952.0,1953.0,True,presidenta,closeup,,,0.9702502489089966,0.0031540202908217907,0.005806954111903906,0.017425889149308205,0.00307631422765553,0.0002687447122298181,1.779358535713982e-05,0.0,0.09932933002710342,0.019074389711022377,0.4456470012664795
1953.0,1954.0,True,presidenta,closeup,,,0.9950098991394043,0.001445466186851263,0.0018288835417479277,0.0010582066606730223,3.1983028748072684e-05,0.0005829913425259292,4.25595098931808e-05,0.0,0.31106823682785034,0.1721402108669281,0.5725127458572388
1954.0,1955.0,True,presidenta,closeup,,,0.9226978421211243,0.011664515361189842,0.006872069556266069,0.0553157664835453,0.0002649404632393271,0.0022164848633110523,0.0009683004464022815,0.0,0.5304160714149475,0.5156604051589966,0.6014013290405273
1955.0,1956.0,True,presidenta,closeup,,,0.03497527539730072,0.03360821679234505,0.0007131349993869662,0.9194519519805908,0.005718387197703123,0.004750831518322229,0.0007822088664397597,0.0,0.06302817165851593,0.18492494523525238,0.38971278071403503
1956.0,1957.0,True,presidenta,closeup,,,0.6097730994224548,0.03775494545698166,0.004080943763256073,0.31420376896858215,0.01994353160262108,0.013066338375210762,0.0011774477316066623,0.0,0.37975606322288513,0.049833767116069794,0.4688383638858795
1957.0,1958.0,True,presidenta,closeup,,,0.660024106502533,0.003285887883976102,0.00794908870011568,0.3258849084377289,0.0013627875596284866,0.000824029091745615,0.0006692115566693246,0.0,0.23031969368457794,0.03409765288233757,0.30288273096084595
1958.0,1959.0,True,presidenta,closeup,,,0.47828182578086853,0.3080727159976959,0.011060607619583607,0.1925409734249115,0.0014679215382784605,0.002389915520325303,0.006186036393046379,0.0,0.20440220832824707,0.09283701330423355,0.3827149569988251
1959.0,1960.0,True,presidenta,closeup,,,0.8787544965744019,0.040450312197208405,0.004902612417936325,0.07054417580366135,0.00047588400775566697,0.0017341283382847905,0.0031384481117129326,0.0,0.225685715675354,0.028209244832396507,0.25324776768684387
1960.0,1961.0,True,presidenta,closeup,,,0.9875855445861816,0.005813317373394966,0.0037905490025877953,0.0025520639028400183,0.00012532896653283387,0.00010230173938907683,3.0843155400361866e-05,0.0,0.24301332235336304,0.048578668385744095,0.5524592995643616
1961.0,1962.0,True,presidenta,closeup,,,0.2779371440410614,0.11227239668369293,0.00827955361455679,0.5932405591011047,0.004653701093047857,0.001303825993090868,0.0023128571920096874,0.0,0.21504426002502441,0.043925460427999496,0.45397597551345825
1962.0,1963.0,True,presidenta,closeup,,,0.5623798370361328,0.20287244021892548,0.01395262498408556,0.18141163885593414,0.0009569691610522568,0.0023979428224265575,0.03602854534983635,0.0,0.21788768470287323,0.07960734516382217,0.4367835521697998
1963.0,1964.0,True,presidenta,closeup,,,0.965977668762207,0.027574116364121437,0.0035066409036517143,0.0012871227227151394,0.00012031556980218738,0.0005408150027506053,0.0009933843975886703,0.0,0.2510412037372589,0.07892592251300812,0.31930777430534363
1964.0,1965.0,True,presidenta,closeup,,,0.975779116153717,0.0036144305486232042,0.00862831436097622,0.010732474736869335,0.0003776764788199216,0.0007396655273623765,0.00012838230759371072,0.0,0.22920791804790497,0.04478578642010689,0.4290142357349396
1965.0,1966.0,True,presidenta,closeup,,,0.8151794075965881,0.010436046868562698,0.006252224091440439,0.16646112501621246,0.0006379554979503155,0.0008432195754721761,0.0001899525086628273,0.0,0.39722761511802673,0.05320755019783974,0.40250808000564575
1966.0,1967.0,True,presidenta,closeup,,,0.8959013223648071,0.0038260584697127342,0.005302188452333212,0.09223862737417221,0.001206042943522334,0.0011547473259270191,0.0003710504388436675,0.0,0.3184967041015625,0.03646496310830116,0.3906908631324768
1967.0,1968.0,True,presidenta,closeup,,,0.8758335709571838,0.011969986371695995,0.02329595945775509,0.07889650762081146,0.00232204282656312,0.003290302585810423,0.004391667898744345,0.0,0.33027884364128113,0.0719241201877594,0.3167310059070587
1968.0,1969.0,True,presidenta,closeup,,,0.1679587960243225,0.7804832458496094,0.004630059003829956,0.04371818155050278,0.0003779574763029814,0.0007455630111508071,0.002086130203679204,0.0,0.23350252211093903,0.5888895392417908,0.38695260882377625
1969.0,1970.0,True,presidenta,closeup,,,0.2043745219707489,0.030149197205901146,0.0016275853849947453,0.7586489915847778,0.0013113729655742645,0.0030356766656041145,0.000852694152854383,0.0,0.08924958854913712,0.058644797652959824,0.4649873375892639
1970.0,1971.0,True,presidenta,closeup,,,0.14718206226825714,0.38542601466178894,0.003640312934294343,0.4495677649974823,0.004295604303479195,0.0017958724638447165,0.008092384785413742,0.0,0.11934772878885269,0.14278250932693481,0.531208336353302
1971.0,1972.0,True,presidenta,closeup,,,0.9814991354942322,0.0035220773424953222,0.010265173390507698,0.003428018419072032,0.0005856923526152968,0.0005215936689637601,0.00017828195996116847,0.0,0.12104985862970352,0.04831710085272789,0.3737693130970001
1972.0,1973.0,True,presidenta,closeup,,,0.9283040165901184,0.023389151319861412,0.005292382091283798,0.01621856726706028,0.000769870646763593,0.0010839200112968683,0.024942098185420036,0.0,0.3256494700908661,0.07452385127544403,0.640801727771759
1973.0,1974.0,True,presidenta,closeup,,,0.9771131277084351,0.011717554181814194,0.001469810726121068,0.0033515612594783306,0.0006408360204659402,0.0009364517754875124,0.0047706300392746925,0.0,0.3847287893295288,0.043099310249090195,0.543067455291748
1974.0,1975.0,True,presidenta,closeup,,,0.08380113542079926,0.5153317451477051,0.003076978027820587,0.000566092086955905,0.0003035853151232004,0.0027120369486510754,0.39420846104621887,0.0,0.09697111696004868,0.9140222072601318,0.7462545037269592
1975.0,1976.0,True,presidenta,closeup,,,0.9869706630706787,0.005797822494059801,0.0018785258289426565,0.0018275219481438398,0.0010013870196416974,0.0006891633966006339,0.0018349179299548268,0.0,0.308137446641922,0.04067108780145645,0.6279647946357727
1976.0,1977.0,True,presidenta,closeup,,,0.9413276314735413,0.03846610337495804,0.00801853183656931,0.001144744222983718,0.00037950664409436285,0.0005115227540954947,0.010152008384466171,0.0,0.2241983711719513,0.42181068658828735,0.6505645513534546
1977.0,1978.0,True,presidenta,closeup,,,0.5373235940933228,0.23573581874370575,0.009344913996756077,0.0016956304898485541,0.0006864982424303889,0.002351744333282113,0.2128617912530899,0.0,0.38401880860328674,0.5103213787078857,0.5004757642745972
1978.0,1979.0,True,presidenta,closeup,,,0.5340763330459595,0.26299113035202026,0.016549410298466682,0.033370256423950195,0.0020563325379043818,0.028260113671422005,0.1226964220404625,0.0,0.823540985584259,0.33221349120140076,0.44397976994514465
1979.0,1980.0,True,presidenta,closeup,,,0.43208175897598267,0.12483171373605728,0.003944346681237221,0.24971552193164825,0.0010535605251789093,0.08001834154129028,0.10835472494363785,0.0,0.7542397975921631,0.46554723381996155,0.4560397267341614
1980.0,1981.0,True,presidenta,closeup,,,0.8293983340263367,0.046757470816373825,0.003423719434067607,0.006915697827935219,0.00018763680418487638,0.0700397789478302,0.04327736049890518,0.0,0.7630107998847961,0.33151841163635254,0.6187935471534729
1981.0,1982.0,True,presidenta,closeup,,,0.8015320301055908,0.09867364913225174,0.00869513489305973,0.006939205341041088,0.0002571522491052747,0.018230358138680458,0.06567250192165375,0.0,0.8011038303375244,0.3248940110206604,0.3646053373813629
1982.0,1983.0,True,presidenta,closeup,,,0.5070292353630066,0.295393705368042,0.013294272124767303,0.10604242235422134,0.0010110142175108194,0.04890085756778717,0.028328513726592064,0.0,0.7944782376289368,0.6346624493598938,0.6697731018066406
1983.0,1984.0,True,presidenta,closeup,,,0.9477934241294861,0.04799333214759827,0.0010777766583487391,0.0005633608670905232,9.831412171479315e-05,0.00020706803479697555,0.0022666992153972387,0.0,0.18865163624286652,0.05320822447538376,0.46397435665130615
1984.0,1985.0,True,presidenta,closeup,,,0.9858672022819519,0.009931390173733234,0.0018738495418801904,0.0015035810647532344,5.043217242928222e-05,0.0006486134952865541,0.00012497149873524904,0.0,0.5231776237487793,0.0625760480761528,0.29550790786743164
1985.0,1986.0,True,presidenta,closeup,,,0.9831452369689941,0.0007613904308527708,0.0010039103217422962,0.014498522505164146,3.645322431111708e-05,0.00048580020666122437,6.868815398775041e-05,0.0,0.2374497652053833,0.08649782091379166,0.5368556380271912
1986.0,1987.0,True,presidenta,closeup,,,0.7110442519187927,0.021803289651870728,0.004608730785548687,0.2610081434249878,0.00018391269259154797,0.0009080764721147716,0.0004435676382854581,0.0,0.3028416335582733,0.40694761276245117,0.5017902255058289
1987.0,1988.0,True,presidenta,closeup,,,0.7451295852661133,0.1931009739637375,0.05141526088118553,0.005212325602769852,8.97798890946433e-05,0.0005634905537590384,0.004488504491746426,0.0,0.39468860626220703,0.8028412461280823,0.670730471611023
1988.0,1989.0,True,presidenta,closeup,,,0.4020163416862488,0.5849810838699341,0.011037839576601982,0.0003374652296770364,2.087155189656187e-05,0.00022088209516368806,0.0013855178840458393,0.0,0.2940364181995392,0.7873393297195435,0.6753215193748474
1989.0,1990.0,True,presidenta,closeup,,,0.8359307050704956,0.14973893761634827,0.010945230722427368,0.0004935408942401409,0.00010580867092357948,0.0004668789333663881,0.0023189159110188484,0.0,0.4234974980354309,0.5073517560958862,0.7584740519523621
1990.0,1991.0,True,presidenta,closeup,,,0.9760177135467529,0.006298885680735111,0.014775684103369713,0.002291278215125203,9.298580698668957e-05,0.00032548815943300724,0.0001978864020202309,0.0,0.4085049331188202,0.19031722843647003,0.49053990840911865
1991.0,1992.0,True,presidenta,closeup,,,0.9086697101593018,0.041084591299295425,0.010379253886640072,0.036396440118551254,0.0004199378308840096,0.0018270969158038497,0.0012229328276589513,0.0,0.17453673481941223,0.03855752944946289,0.49782663583755493
1992.0,1993.0,True,presidenta,closeup,,,0.4831562936306,0.3779539465904236,0.050067562609910965,0.07754077017307281,0.000976604875177145,0.0016393224941566586,0.008665444329380989,0.0,0.4663090109825134,0.058008838444948196,0.31610965728759766
1993.0,1994.0,True,presidenta,closeup,,,0.8196948766708374,0.04455884173512459,0.13231191039085388,0.0018105930648744106,5.946771852904931e-05,0.0012961059110239148,0.00026827026158571243,0.0,0.5156412720680237,0.5277671217918396,0.42808547616004944
1994.0,1995.0,True,presidenta,closeup,,,0.8727688193321228,0.010612066835165024,0.11520792543888092,0.0008279892499558628,7.869753608247265e-05,0.00028755629318766296,0.00021696824114769697,0.0,0.5951159596443176,0.5741040706634521,0.5139638185501099
1995.0,1996.0,True,presidenta,closeup,,,0.9795260429382324,0.0017283231718465686,0.017819425091147423,0.0005061679985374212,6.459568248828873e-05,0.00025796439149416983,9.755545033840463e-05,0.0,0.556907057762146,0.39076998829841614,0.7385168075561523
1996.0,1997.0,True,presidenta,closeup,,,0.9640266299247742,0.002782998373731971,0.02938500978052616,0.00023163405421655625,0.00020589682389982045,0.001227624830789864,0.0021401860285550356,0.0,0.25044265389442444,0.024885933846235275,0.42592519521713257
1997.0,1998.0,True,presidenta,closeup,,,0.9892205595970154,0.003007151186466217,0.004794983193278313,0.0016834806883707643,8.485606667818502e-05,0.0010562457609921694,0.00015274848556146026,0.0,0.5456513166427612,0.4001246392726898,0.3983035385608673
1998.0,1999.0,True,presidenta,closeup,,,0.971362829208374,0.009452682919800282,0.009608452208340168,0.0009415699751116335,0.0002571716904640198,0.005864056292921305,0.0025132489390671253,0.0,0.35218575596809387,0.3724047541618347,0.5956783890724182
1999.0,2000.0,True,presidenta,closeup,,,0.983542799949646,0.0029277177527546883,0.010328364558517933,0.0011463997652754188,4.728238855022937e-05,0.0012979422463104129,0.0007095338660292327,0.0,0.5429328680038452,0.3837657570838928,0.47395044565200806
2000.0,2001.0,True,presidenta,closeup,,,0.9301745295524597,0.005086158402264118,0.0034463047049939632,0.060208432376384735,0.0005451101460494101,0.0004368346417322755,0.00010260706039844081,0.0,0.08719370514154434,0.1560366302728653,0.43426835536956787
2001.0,2002.0,True,presidenta,closeup,,,0.16934694349765778,0.3772434592247009,0.0037039080634713173,0.4473080635070801,0.0018305657431483269,0.0002733964938670397,0.0002936480159405619,0.0,0.15872777998447418,0.33284419775009155,0.42487484216690063
2002.0,2003.0,True,presidenta,closeup,,,0.8475490212440491,0.0026113702915608883,0.013535123318433762,0.13192632794380188,0.0029812150169163942,0.0012672689044848084,0.00012967255315743387,0.0,0.0883430615067482,0.06617149710655212,0.5885922312736511
2003.0,2004.0,True,presidenta,closeup,,,0.5836653709411621,0.07212159037590027,0.027749529108405113,0.31455591320991516,0.0007910985150374472,0.00041575959767214954,0.0007006936357356608,0.0,0.14830085635185242,0.3594039976596832,0.418253093957901
2004.0,2005.0,True,presidenta,closeup,,,0.7556824684143066,0.034780025482177734,0.02268286980688572,0.17088118195533752,0.001862260396592319,0.006541317328810692,0.00756987277418375,0.0,0.13325747847557068,0.03883255273103714,0.410891592502594
2005.0,2006.0,True,presidenta,closeup,,,0.2716481685638428,0.1024266928434372,0.004790023434907198,0.6156653761863708,0.0006634003366343677,0.00166360626462847,0.003142795991152525,0.0,0.12702761590480804,0.05827402323484421,0.3836776316165924
2006.0,2007.0,True,presidenta,closeup,,,0.9246896505355835,0.0191316120326519,0.008532185107469559,0.043303780257701874,0.0016923816874623299,0.000615569413639605,0.002034813864156604,0.0,0.1306348741054535,0.1094556674361229,0.5877604484558105
2007.0,2008.0,True,presidenta,closeup,,,0.0006596521125175059,0.9877778887748718,4.617473314283416e-05,0.011072798632085323,9.488274372415617e-05,4.287865885999054e-05,0.00030564068583771586,0.0,0.2531389594078064,0.9255746603012085,0.2782075107097626
2008.0,2009.0,True,presidenta,closeup,,,0.92680424451828,0.005590399727225304,0.03182068467140198,0.031915612518787384,0.0014267093501985073,0.0008792366716079414,0.001563135883770883,0.0,0.7112280130386353,0.5214275121688843,0.7274114489555359
2009.0,2010.0,True,presidenta,closeup,,,0.3857352137565613,0.5415579676628113,0.015390162356197834,0.03892679139971733,0.000864573463331908,0.0004213801585137844,0.017103971913456917,0.0,0.2620867192745209,0.10987961292266846,0.4552633464336395
2010.0,2011.0,True,presidenta,closeup,,,0.9579640626907349,0.011781180277466774,0.009320911951363087,0.009754613041877747,0.004803373944014311,0.000741812342312187,0.0056340377777814865,0.0,0.3179542124271393,0.3738052248954773,0.6451737284660339
2011.0,2012.0,True,presidenta,closeup,,,0.9854830503463745,0.011563981883227825,0.0012930878438055515,0.0013810533564537764,3.4879325539804995e-05,0.00018525763880461454,5.8705183619167656e-05,0.0,0.43629711866378784,0.6562206149101257,0.556794285774231
2012.0,2013.0,True,presidenta,closeup,,,0.3515816628932953,0.479003369808197,0.011855466291308403,0.1547207534313202,0.0006804384174756706,0.0013314387761056423,0.0008268037345260382,0.0,0.36107420921325684,0.5892636179924011,0.446504145860672
2013.0,2014.0,True,presidenta,closeup,,,0.6851086020469666,0.04706533998250961,0.009745229035615921,0.19449150562286377,0.020581094548106194,0.0028927463572472334,0.04011555016040802,0.0,0.0792640745639801,0.07004307210445404,0.5013426542282104
2014.0,2015.0,True,presidenta,closeup,,,0.9881232380867004,0.002300242893397808,0.004878992214798927,0.0015675510512664914,0.00010571221355348825,0.0008652596152387559,0.0021590490359812975,0.0,0.2714972198009491,0.31382614374160767,0.5183233022689819
2015.0,2016.0,True,presidenta,closeup,,,0.9341990947723389,0.016409359872341156,0.010856138542294502,0.009110026992857456,0.006985529791563749,0.000623122847173363,0.021816743537783623,0.0,0.3657355308532715,0.060817304998636246,0.2708604633808136
2016.0,2017.0,True,presidenta,closeup,,,0.8461002707481384,0.13611678779125214,0.0118679478764534,0.0015405602753162384,0.00018168437236454338,0.00030393258202821016,0.0038888275157660246,0.0,0.12586519122123718,0.24908532202243805,0.3749791085720062
2017.0,2018.0,True,presidenta,closeup,,,0.8656030893325806,0.031020548194646835,0.022751880809664726,0.006325239315629005,0.0036954237148165703,0.002519182860851288,0.06808462738990784,0.0,0.2078099548816681,0.12149080634117126,0.5503661036491394
2018.0,2019.0,True,presidenta,closeup,,,0.982435405254364,0.017054924741387367,0.0002243583439849317,5.243423584033735e-05,9.50422963796882e-06,0.00013930420391261578,8.414994954364374e-05,0.0,0.31195563077926636,0.07116309553384781,0.4041190445423126
2019.0,2020.0,True,presidenta,closeup,,,0.9722593426704407,0.023416252806782722,0.0007543050451204181,0.0015503156464546919,0.00046662590466439724,0.0003674748295452446,0.001185679342597723,0.0,0.3950395882129669,0.056639622896909714,0.31886354088783264
2020.0,2021.0,True,presidenta,closeup,,,0.9938848614692688,0.003942254465073347,0.0011350964196026325,0.0007727195043116808,0.00011486277071526274,8.370402065338567e-05,6.654388562310487e-05,0.0,0.19633306562900543,0.055604223161935806,0.5369704961776733
2021.0,2022.0,True,presidenta,closeup,,,0.966032087802887,0.011996887624263763,0.002886918606236577,0.01842971332371235,0.00024355901405215263,0.00028947522514499724,0.00012139412865508348,0.0,0.22818538546562195,0.19250307977199554,0.6733028888702393
2022.0,2023.0,True,presidenta,closeup,,,0.032662615180015564,0.010262088850140572,0.008042098954319954,0.07110965996980667,0.8758047223091125,0.0007498054765164852,0.0013690079795196652,0.0,0.16197368502616882,0.3148486614227295,0.24167834222316742
2023.0,2024.0,True,presidenta,closeup,,,0.18046997487545013,0.30114731192588806,0.004341451451182365,0.5065796375274658,0.003065376775339246,0.0020152642391622066,0.002381001366302371,0.0,0.08931797742843628,0.1657838374376297,0.5967385768890381
2024.0,2025.0,True,presidenta,closeup,,,0.36053481698036194,0.014641288667917252,0.0038824365474283695,0.6192814111709595,0.000801471876911819,0.0007816096185706556,7.691022619837895e-05,0.0,0.14408373832702637,0.04967375099658966,0.6337494850158691
2025.0,2026.0,True,presidenta,closeup,,,0.9197006225585938,0.049017228186130524,0.013224339112639427,0.013493181206285954,0.0006189157138578594,0.00040838035056367517,0.003537255572155118,0.0,0.25917911529541016,0.0566854327917099,0.42759838700294495
2026.0,2027.0,True,presidenta,closeup,,,0.8325841426849365,0.09888932853937149,0.013623693957924843,0.005914043169468641,0.0011706299846991897,0.003786433022469282,0.04403173550963402,0.0,0.5406198501586914,0.0917535051703453,0.5131822824478149
2027.0,2028.0,True,presidenta,closeup,,,0.6591812968254089,0.27399951219558716,0.006753592286258936,0.004290977958589792,0.0009016466792672873,0.007418689783662558,0.04745428264141083,0.0,0.18813130259513855,0.6951285004615784,0.5111393332481384
2028.0,2029.0,True,presidenta,closeup,,,0.02610202506184578,0.9584041833877563,0.0015381838893517852,0.003299364121630788,0.0002359582285862416,0.0015538530424237251,0.008866452611982822,0.0,0.8502686023712158,0.8374961614608765,0.4969082176685333
2029.0,2030.0,False,,wide,,,,,,,,,,,,,
2030.0,2031.0,False,,wide,,,,,,,,,,,,,
2031.0,2032.0,False,,wide,,,,,,,,,,,,,
2032.0,2033.0,False,,wide,,,,,,,,,,,,,
2033.0,2034.0,False,,wide,,,,,,,,,,,,,
2034.0,2035.0,True,otro,closeup,,,0.8147233724594116,0.02094803936779499,0.011213242076337337,0.00845742505043745,0.0021943713072687387,0.13748639822006226,0.004977105651050806,0.0,0.2842816710472107,0.0759180411696434,0.6232532858848572
2035.0,2036.0,True,otro,closeup,,,0.6689962148666382,0.02760348841547966,0.04661198705434799,0.07061327993869781,0.0021460645366460085,0.10468796640634537,0.07934100180864334,0.0,0.22772760689258575,0.1789817363023758,0.5310588479042053
2036.0,2037.0,True,otro,closeup,,,0.9055319428443909,0.01499520055949688,0.031957127153873444,0.012965777888894081,0.0013126854319125414,0.014265832491219044,0.01897142454981804,0.0,0.1295466274023056,0.10630537569522858,0.57660311460495
2037.0,2038.0,True,otro,closeup,,,0.8693310022354126,0.05345013737678528,0.023792797699570656,0.0034452832769602537,0.0006726390565745533,0.0370875783264637,0.01222050841897726,0.0,0.1459069550037384,0.310051292181015,0.5114748477935791
2038.0,2039.0,True,otro,closeup,,,0.8458041548728943,0.03722866624593735,0.010732891969382763,0.011598069220781326,0.008384419605135918,0.07883218675851822,0.007419533096253872,0.0,0.10296685248613358,0.09311430156230927,0.3587830364704132
2039.0,2040.0,True,otro,closeup,,,0.798490583896637,0.08853203058242798,0.021604973822832108,0.012697448022663593,0.00747135654091835,0.05384720861911774,0.01735640875995159,0.0,0.20048876106739044,0.14984934031963348,0.4042995572090149
2040.0,2041.0,True,otro,closeup,,,0.8699012994766235,0.08209554105997086,0.013427359983325005,0.002259598346427083,0.00441625714302063,0.02417548932135105,0.003724421141669154,0.0,0.13862326741218567,0.0735185295343399,0.4668472409248352
2041.0,2042.0,True,otro,closeup,,,0.5989781618118286,0.024732356891036034,0.027009638026356697,0.004951832816004753,0.0010492067085579038,0.29066959023475647,0.05260919779539108,0.0,0.147054061293602,0.14715710282325745,0.46732568740844727
2042.0,2043.0,True,otro,closeup,,,0.8154868483543396,0.050303395837545395,0.03911857679486275,0.011189902201294899,0.0034467210061848164,0.0574493370950222,0.023005222901701927,0.0,0.2488728016614914,0.3298881947994232,0.5704848766326904
2043.0,2044.0,True,otro,closeup,,,0.9465492367744446,0.02406224049627781,0.005877854768186808,0.0034812584053725004,0.0008441614918410778,0.01717078685760498,0.002014412544667721,0.0,0.17291799187660217,0.12690146267414093,0.6396292448043823
2044.0,2045.0,True,otro,closeup,,,0.7711320519447327,0.03345077484846115,0.014985835179686546,0.007627679035067558,0.0024320113006979227,0.15366309881210327,0.01670853979885578,0.0,0.11400517076253891,0.1403161585330963,0.5245848894119263
2045.0,2046.0,True,otro,closeup,,,0.6717992424964905,0.12684139609336853,0.02507372945547104,0.013645123690366745,0.0036859437823295593,0.13682012259960175,0.022134505212306976,0.0,0.17385447025299072,0.22305448353290558,0.47428739070892334
2046.0,2047.0,True,otro,closeup,,,0.6811246275901794,0.07865328341722488,0.01798270456492901,0.0048351227305829525,0.005474492907524109,0.2020641565322876,0.009865649044513702,0.0,0.23310090601444244,0.22857406735420227,0.5911483764648438
2047.0,2048.0,True,otro,closeup,,,0.7716352343559265,0.054714325815439224,0.022165050730109215,0.006344029679894447,0.010415620170533657,0.12256629765033722,0.012159442529082298,0.0,0.1363845020532608,0.104256272315979,0.32080748677253723
2048.0,2049.0,True,otro,closeup,,,0.5216453671455383,0.09121277928352356,0.010224372148513794,0.20893409848213196,0.005302153993397951,0.1504947543144226,0.012186519801616669,0.0,0.3087564706802368,0.032359253615140915,0.8107309341430664
2049.0,2050.0,True,otro,closeup,,,0.2710823118686676,0.02658039703965187,0.02831743098795414,0.014790167100727558,0.0033029960468411446,0.5745552182197571,0.08137144893407822,0.0,0.0874098613858223,0.09282183647155762,0.7171472311019897
2050.0,2051.0,True,otro,closeup,,,0.23106525838375092,0.06002534180879593,0.023117929697036743,0.010296686552464962,0.005273537244647741,0.6085732579231262,0.06164789944887161,0.0,0.19742043316364288,0.2650351822376251,0.5008082389831543
2051.0,2052.0,True,otro,closeup,,,0.2528952956199646,0.03536773845553398,0.012576187960803509,0.01397728081792593,0.0037772359792143106,0.6068073511123657,0.07459896057844162,0.0,0.29260197281837463,0.1978868693113327,0.6653188467025757
2052.0,2053.0,True,otro,closeup,,,0.4666200280189514,0.036260176450014114,0.01360586192458868,0.00940620619803667,0.001197769190184772,0.4687234163284302,0.004186502192169428,0.0,0.1732686311006546,0.11799736320972443,0.6929453611373901
2053.0,2054.0,True,otro,closeup,,,0.38578397035598755,0.03309903293848038,0.011118955910205841,0.011889011599123478,0.0014603553572669625,0.5454527735710144,0.011195916682481766,0.0,0.519499659538269,0.09034892916679382,0.6641191840171814
2054.0,2055.0,True,otro,closeup,,,0.6441770792007446,0.052876848727464676,0.012367957271635532,0.01492516789585352,0.008074221201241016,0.25184378027915955,0.015734920278191566,0.0,0.32904425263404846,0.07551448792219162,0.5896992683410645
2055.0,2056.0,True,otro,closeup,,,0.39707911014556885,0.04780173674225807,0.049900226294994354,0.018463876098394394,0.004217122681438923,0.43613311648368835,0.04640483483672142,0.0,0.33106741309165955,0.21399475634098053,0.4454931318759918
2056.0,2057.0,True,otro,closeup,,,0.6695168018341064,0.09815759211778641,0.03494686260819435,0.018531976267695427,0.008643760345876217,0.1288404017686844,0.041362568736076355,0.0,0.3380240499973297,0.20853538811206818,0.5111293792724609
2057.0,2058.0,True,otro,closeup,,,0.7511481046676636,0.03092294931411743,0.019099393859505653,0.002926816465333104,0.0004042588407173753,0.1883738785982132,0.007124590687453747,0.0,0.12982304394245148,0.09903164952993393,0.5818065404891968
2058.0,2059.0,True,otro,closeup,,,0.38779884576797485,0.05107217654585838,0.009762301109731197,0.01550903171300888,0.0009891173103824258,0.5302011370658875,0.004667454399168491,0.0,0.28711262345314026,0.09219954907894135,0.5952037572860718
2059.0,2060.0,True,otro,closeup,,,0.7129479050636292,0.06745029240846634,0.027864443138241768,0.012317078188061714,0.010644863359630108,0.1628248244524002,0.005950605496764183,0.0,0.14563004672527313,0.05569241940975189,0.7488131523132324
2060.0,2061.0,True,otro,closeup,,,0.6456482410430908,0.05962054803967476,0.008649727329611778,0.018577806651592255,0.0038997363299131393,0.24892449378967285,0.014679414220154285,0.0,0.2452538013458252,0.12797150015830994,0.5664846301078796
2061.0,2062.0,True,otro,closeup,,,0.8013251423835754,0.08390814810991287,0.01260568667203188,0.009214737452566624,0.006582672707736492,0.07775373011827469,0.008609943091869354,0.0,0.5653855204582214,0.0658816248178482,0.4640589952468872
2062.0,2063.0,True,otro,closeup,,,0.37825825810432434,0.026729870587587357,0.007952708750963211,0.006146030500531197,0.0011890416499227285,0.5615237951278687,0.018200183287262917,0.0,0.07818396389484406,0.09881682693958282,0.619890570640564
2063.0,2064.0,True,otro,closeup,,,0.6488723158836365,0.07338617742061615,0.015135729685425758,0.011412628926336765,0.005117327440530062,0.2040194720029831,0.04205639660358429,0.0,0.22615794837474823,0.3192383050918579,0.5474973917007446
2064.0,2065.0,True,otro,closeup,,,0.3566080629825592,0.08858082443475723,0.01362397987395525,0.007789417635649443,0.0027921965811401606,0.48245638608932495,0.04814910888671875,0.0,0.18657998740673065,0.07657410204410553,0.5201016664505005
2065.0,2066.0,True,otro,closeup,,,0.20461095869541168,0.10315342247486115,0.007613173220306635,0.02151075005531311,0.0019942699000239372,0.5341832041740417,0.12693428993225098,0.0,0.34144163131713867,0.0902235135436058,0.38539353013038635
2066.0,2067.0,True,otro,closeup,,,0.4726862609386444,0.02780052088201046,0.010370945557951927,0.054759129881858826,0.0011060768738389015,0.40274515748023987,0.030532002449035645,0.0,0.07225620001554489,0.10998869687318802,0.7081592082977295
2067.0,2068.0,True,otro,closeup,,,0.21456056833267212,0.03191633149981499,0.02359447441995144,0.014999276027083397,0.002645412227138877,0.4073503017425537,0.3049336075782776,0.0,0.23291917145252228,0.26297298073768616,0.6228086948394775
2068.0,2069.0,True,otro,closeup,,,0.18505071103572845,0.04819517582654953,0.005117952823638916,0.016365816816687584,0.00134572247043252,0.7194284796714783,0.024496084079146385,0.0,0.13776685297489166,0.12586218118667603,0.4838639497756958
2069.0,2070.0,True,otro,closeup,,,0.34505218267440796,0.04788605123758316,0.013521065004169941,0.015855573117733,0.003134788479655981,0.48725390434265137,0.08729635179042816,0.0,0.11569679528474808,0.31273436546325684,0.5457159280776978
2070.0,2071.0,True,otro,closeup,,,0.5360201597213745,0.061015285551548004,0.018133671954274178,0.021380743011832237,0.0042793345637619495,0.293181836605072,0.0659889280796051,0.0,0.19531011581420898,0.2656174898147583,0.6964427828788757
2071.0,2072.0,True,otro,closeup,,,0.20386368036270142,0.05028485506772995,0.01334404107183218,0.005282440688461065,0.0035876547917723656,0.6701018214225769,0.05353549122810364,0.0,0.19015662372112274,0.1971861869096756,0.5017849206924438
2072.0,2073.0,True,otro,closeup,,,0.11919183284044266,0.011446252465248108,0.004323279485106468,0.00225667841732502,0.0006550198304466903,0.8568384647369385,0.005288465414196253,0.0,0.28217291831970215,0.13458123803138733,0.6411390900611877
2073.0,2074.0,True,otro,closeup,,,0.4098171293735504,0.028131773695349693,0.003126775845885277,0.002928005298599601,0.0004409540561027825,0.5533061623573303,0.002249184064567089,0.0,0.317823201417923,0.13601797819137573,0.6167336702346802
2074.0,2075.0,True,otro,closeup,,,0.5533257722854614,0.027123624458909035,0.004225633107125759,0.0031770686618983746,0.0005984404124319553,0.408648818731308,0.0029006493277847767,0.0,0.18818335235118866,0.17226363718509674,0.7359881401062012
2075.0,2076.0,True,otro,closeup,,,0.8183928728103638,0.04710538312792778,0.003220857121050358,0.0044949897564947605,0.0013751579681411386,0.12298707664012909,0.00242360751144588,0.0,0.08143710345029831,0.07608285546302795,0.5119450092315674
2076.0,2077.0,True,otro,closeup,,,0.9158201813697815,0.023875011131167412,0.006521506700664759,0.0010568398283794522,0.00040749856270849705,0.05167285352945328,0.0006461052689701319,0.0,0.10355828702449799,0.0859980434179306,0.5138230323791504
2077.0,2078.0,True,otro,closeup,,,0.7258577346801758,0.049911800771951675,0.008735793642699718,0.0016172496834769845,0.0009887043852359056,0.2089994251728058,0.003889295272529125,0.0,0.07615786790847778,0.13814294338226318,0.459784597158432
2078.0,2079.0,True,otro,closeup,,,0.8236334919929504,0.056772392243146896,0.005047609098255634,0.0012563030468299985,0.003636504290625453,0.10651571303606033,0.0031379838474094868,0.0,0.0859505757689476,0.3272585868835449,0.37592342495918274
2079.0,2080.0,True,otro,closeup,,,0.6554247140884399,0.058628082275390625,0.011483226902782917,0.0003683309187181294,5.609288564301096e-05,0.27262386679649353,0.0014157078694552183,0.0,0.04540961608290672,0.36621662974357605,0.5618971586227417
2080.0,2081.0,True,presidenta,closeup,,,0.7623898386955261,0.13228067755699158,0.0022780396975576878,0.08868765085935593,0.0007243606960400939,0.011910614557564259,0.0017288274830207229,0.0,0.7296912670135498,0.6131560206413269,0.29448649287223816
2081.0,2082.0,True,presidenta,closeup,,,0.18110431730747223,0.1245083138346672,0.004678240045905113,0.6395481824874878,0.0015944697661325336,0.033677633851766586,0.014888823963701725,0.0,0.03937031328678131,0.04164730757474899,0.43862107396125793
2082.0,2083.0,True,presidenta,closeup,,,0.23406511545181274,0.1469629555940628,0.001619128161109984,0.014625836163759232,0.0020507478620857,0.5321254730224609,0.06855081766843796,0.0,0.7364184260368347,0.27039381861686707,0.6985308527946472
2083.0,2084.0,True,presidenta,closeup,,,0.010507541708648205,0.8234618902206421,0.0009111592662520707,0.14555533230304718,0.0004591768665704876,0.007247777655720711,0.011857188306748867,0.0,0.08270560950040817,0.6085374355316162,0.08560928702354431
2084.0,2085.0,True,presidenta,closeup,,,0.4400331377983093,0.009446586482226849,0.008046358823776245,0.48680177330970764,0.0014387292321771383,0.05359279364347458,0.0006406111060641706,0.0,0.04872430860996246,0.020985394716262817,0.40745866298675537
2085.0,2086.0,True,presidenta,closeup,,,0.6601011157035828,0.27591705322265625,0.021679310128092766,0.014699021354317665,0.0008793238666839898,0.01338522881269455,0.013338916935026646,0.0,0.01223653182387352,0.06301212310791016,0.3545546233654022
2086.0,2087.0,True,presidenta,closeup,,,0.281085342168808,0.17612800002098083,0.009404165670275688,0.4446496367454529,0.019374508410692215,0.061015497893095016,0.008342823944985867,0.0,0.09053163975477219,0.03611834719777107,0.3265501856803894
2087.0,2088.0,True,presidenta,closeup,,,0.32841166853904724,0.04103989526629448,0.16755346953868866,0.3467840850353241,0.018418217077851295,0.043009042739868164,0.054783597588539124,0.0,0.09482972323894501,0.05764857307076454,0.15963450074195862
2088.0,2089.0,True,presidenta,closeup,,,0.704830527305603,0.04155115783214569,0.07169449329376221,0.022261494770646095,0.0007837168523110449,0.11675187200307846,0.04212673380970955,0.0,0.19989390671253204,0.07257071137428284,0.5531739592552185
2089.0,2090.0,True,presidenta,closeup,,,0.5965782999992371,0.3008204996585846,0.020558061078190804,0.015046854503452778,0.0022021557670086622,0.04252762719988823,0.022266503423452377,0.0,0.11559935659170151,0.05108296871185303,0.46338188648223877
2090.0,2091.0,True,presidenta,closeup,,,0.5830903053283691,0.08173759281635284,0.021652260795235634,0.08320005238056183,0.0022190618328750134,0.14588794112205505,0.08221275359392166,0.0,0.19525931775569916,0.24262982606887817,0.3838233947753906
2091.0,2092.0,True,presidenta,closeup,,,0.362271785736084,0.04712606966495514,0.010911993682384491,0.21668460965156555,0.0012952168472111225,0.34986311197280884,0.011847298592329025,0.0,0.5547215938568115,0.04434112459421158,0.49852028489112854
2092.0,2093.0,True,presidenta,closeup,,,0.7545883059501648,0.024577546864748,0.012135661207139492,0.10817256569862366,0.00034402773599140346,0.09606926143169403,0.004112637601792812,0.0,0.14468249678611755,0.06716816872358322,0.5340507626533508
2093.0,2094.0,True,presidenta,closeup,,,0.7795861959457397,0.007986864075064659,0.08750556409358978,0.03191395848989487,0.002470979932695627,0.07281433790922165,0.017722083255648613,0.0,0.11643144488334656,0.055608805269002914,0.42571747303009033
2094.0,2095.0,True,presidenta,closeup,,,0.9690122008323669,0.005707074888050556,0.00698980363085866,0.01717083528637886,0.00010858973837457597,0.0009569262620061636,5.457730730995536e-05,0.0,0.19217924773693085,0.06903538852930069,0.38188832998275757
2095.0,2096.0,True,presidenta,closeup,,,0.8836122155189514,0.008478381671011448,0.023775340989232063,0.06750890612602234,0.00030451419297605753,0.01518847607076168,0.0011321631027385592,0.0,0.0759633481502533,0.07966294139623642,0.4735622704029083
2096.0,2097.0,True,presidenta,closeup,,,0.7002627849578857,0.010282261297106743,0.029922930523753166,0.21708452701568604,0.0008217007271014154,0.039278991520404816,0.0023468101862818003,0.0,0.12875337898731232,0.05260997638106346,0.4702678620815277
2097.0,2098.0,True,presidenta,closeup,,,0.3212127685546875,0.004403209779411554,0.011951550841331482,0.5695906281471252,0.0019990336149930954,0.08852336555719376,0.002319472376257181,0.0,0.0611853264272213,0.018734168261289597,0.413089394569397
2098.0,2099.0,True,presidenta,closeup,,,0.04818233847618103,0.011277633719146252,0.0034734541550278664,0.9192588925361633,0.0008753749425522983,0.01588977687060833,0.0010425018845126033,0.0,0.2486187070608139,0.0381961390376091,0.5133350491523743
2099.0,2100.0,True,presidenta,closeup,,,0.19570879638195038,0.009021315723657608,0.0442153625190258,0.672913134098053,0.006864606402814388,0.060039959847927094,0.011236797086894512,0.0,0.1530037820339203,0.025049908086657524,0.37994760274887085
2100.0,2101.0,True,presidenta,closeup,,,0.5046471357345581,0.03328941762447357,0.013753566890954971,0.36429262161254883,0.0030485312454402447,0.07503683120012283,0.005931854713708162,0.0,0.15489976108074188,0.0241882111877203,0.4454444348812103
2101.0,2102.0,True,presidenta,closeup,,,0.17075301706790924,0.02464853785932064,0.03817271068692207,0.5892454385757446,0.029535744339227676,0.12166500836610794,0.025979461148381233,0.0,0.056223541498184204,0.04282601550221443,0.25429412722587585
2102.0,2103.0,True,presidenta,closeup,,,0.8693609237670898,0.007941252551972866,0.022640826180577278,0.08835892379283905,0.0009256111807189882,0.01004074327647686,0.0007316501578316092,0.0,0.09458555281162262,0.03408195823431015,0.4902317225933075
2103.0,2104.0,True,presidenta,closeup,,,0.5454676151275635,0.008327093906700611,0.05691567435860634,0.30207788944244385,0.0055432855151593685,0.07456266134977341,0.0071057965978980064,0.0,0.08752386271953583,0.025012709200382233,0.37707439064979553
2104.0,2105.0,True,presidenta,closeup,,,0.7593231201171875,0.045717597007751465,0.021265629678964615,0.12950889766216278,0.0011177777778357267,0.04190884530544281,0.0011581324506551027,0.0,0.18745580315589905,0.02732437290251255,0.32347002625465393
2105.0,2106.0,True,presidenta,closeup,,,0.8521758913993835,0.025815851986408234,0.006807690020650625,0.034996915608644485,0.00018874242960009724,0.07834945619106293,0.0016655127983540297,0.0,0.25877153873443604,0.12398827075958252,0.511297881603241
2106.0,2107.0,True,presidenta,closeup,,,0.827774167060852,0.08516369760036469,0.010070839896798134,0.0581485852599144,0.0006813634536229074,0.012022227048873901,0.006139152217656374,0.0,0.8725626468658447,0.35223057866096497,0.42805835604667664
2107.0,2108.0,True,presidenta,closeup,,,0.26042765378952026,0.643513560295105,0.0044205812737345695,0.05300407111644745,0.0015157482121139765,0.016812186688184738,0.02030615322291851,0.0,0.908643901348114,0.18940937519073486,0.49883779883384705
2108.0,2109.0,True,presidenta,closeup,,,0.5899940133094788,0.2576481103897095,0.01035997737199068,0.08162187784910202,0.0013916530879214406,0.03572215512394905,0.02326221391558647,0.0,0.8231449723243713,0.4334867298603058,0.5920000672340393
2109.0,2110.0,True,presidenta,closeup,,,0.5171689987182617,0.29421931505203247,0.01045363862067461,0.030866714194417,0.002722384873777628,0.0745621994137764,0.07000677287578583,0.0,0.7484027147293091,0.1787225753068924,0.6090725660324097
2110.0,2111.0,True,presidenta,closeup,,,0.33515819907188416,0.3543711006641388,0.013534091413021088,0.04394778236746788,0.005610551685094833,0.05814821273088455,0.1892300397157669,0.0,0.8141616582870483,0.18438006937503815,0.38324326276779175
2111.0,2112.0,True,presidenta,closeup,,,0.967634379863739,0.001423671725206077,0.009271526709198952,0.017455605790019035,0.0005563422455452383,0.003599212970584631,5.9343532484490424e-05,0.0,0.09045618772506714,0.020475415512919426,0.5105372071266174
2112.0,2113.0,True,presidenta,closeup,,,0.8050305247306824,0.005613574292510748,0.08880648016929626,0.08476907759904861,0.00299561838619411,0.011367488652467728,0.0014172442024573684,0.0,0.06752680987119675,0.05032351240515709,0.27361831068992615
2113.0,2114.0,True,presidenta,closeup,,,0.789550244808197,0.019753970205783844,0.0675661489367485,0.03197123482823372,0.0030548868235200644,0.06317195296287537,0.024931620806455612,0.0,0.1008467748761177,0.08283486217260361,0.39650702476501465
2114.0,2115.0,True,presidenta,closeup,,,0.4657539129257202,0.026736414059996605,0.02259165048599243,0.29583191871643066,0.001176898367702961,0.16749873757362366,0.020410481840372086,0.0,0.07597029209136963,0.049350664019584656,0.3788914978504181
2115.0,2116.0,True,presidenta,closeup,,,0.8139002919197083,0.02505621500313282,0.007921668700873852,0.05774659663438797,0.0007994480547495186,0.09319739788770676,0.001378414104692638,0.0,0.12457891553640366,0.040810685604810715,0.48894497752189636
2116.0,2117.0,True,presidenta,closeup,,,0.8623146414756775,0.019827065989375114,0.015684496611356735,0.0697115957736969,0.00030655760201625526,0.03144592419266701,0.0007097377674654126,0.0,0.17749127745628357,0.039931364357471466,0.435757040977478
2117.0,2118.0,True,presidenta,closeup,,,0.2435375601053238,0.09638242423534393,0.01883273385465145,0.5960761904716492,0.014299594797194004,0.027326563373208046,0.003544912440702319,0.0,0.1649055927991867,0.05013759806752205,0.37325319647789
2118.0,2119.0,True,presidenta,closeup,,,0.44947144389152527,0.25484806299209595,0.027616819366812706,0.1388024091720581,0.01618429645895958,0.10081903636455536,0.012257855385541916,0.0,0.03918811306357384,0.034837741404771805,0.34134888648986816
2119.0,2120.0,True,presidenta,closeup,,,0.08847842365503311,0.03033258579671383,0.005081241950392723,0.8312119841575623,0.0010668514296412468,0.04146755859255791,0.002361343475058675,0.0,0.15615101158618927,0.029857909306883812,0.33499693870544434
2120.0,2121.0,True,presidenta,closeup,,,0.053120024502277374,0.0010356989223510027,0.0022362733725458384,0.9345313906669617,0.0004269982746336609,0.008512194268405437,0.00013733589730691165,0.0,0.08853404223918915,0.039371147751808167,0.5015270709991455
2121.0,2122.0,True,presidenta,closeup,,,0.13538624346256256,0.006593880243599415,0.008086209185421467,0.8303986191749573,0.0015186084201559424,0.017609741538763046,0.00040668563451617956,0.0,0.05465905740857124,0.031527139246463776,0.5693753957748413
2122.0,2123.0,True,presidenta,closeup,,,0.06592696905136108,0.6125198602676392,0.016308868303894997,0.21060165762901306,0.016569001600146294,0.0187938641756773,0.05927971005439758,0.0,0.08889474719762802,0.3128308653831482,0.4571705758571625
2123.0,2124.0,True,presidenta,closeup,,,0.09596402943134308,0.15275898575782776,0.01034852210432291,0.6930800676345825,0.010994109325110912,0.031286776065826416,0.005567511543631554,0.0,0.14435330033302307,0.05878230929374695,0.3964287340641022
2124.0,2125.0,True,presidenta,closeup,,,0.8133313059806824,0.10481110215187073,0.008389950729906559,0.025494668632745743,0.00024863737053237855,0.042128123342990875,0.0055961767211556435,0.0,0.33802565932273865,0.29678401350975037,0.4845839738845825
2125.0,2126.0,True,presidenta,closeup,,,0.3467332422733307,0.03447362035512924,0.012279456481337547,0.1544267237186432,0.001354752923361957,0.4415137767791748,0.009218428283929825,0.0,0.08111928403377533,0.21433667838573456,0.3178237974643707
2126.0,2127.0,True,presidenta,closeup,,,0.5564663410186768,0.06036898121237755,0.026001375168561935,0.06776797771453857,0.001009662402793765,0.2587355673313141,0.0296500101685524,0.0,0.09088688343763351,0.03234098106622696,0.6775755286216736
2127.0,2128.0,True,presidenta,closeup,,,0.6339537501335144,0.028593555092811584,0.032531920820474625,0.02516753040254116,0.0008985405438579619,0.23806892335414886,0.040785808116197586,0.0,0.15326890349388123,0.05339448153972626,0.4641224145889282
2128.0,2129.0,True,presidenta,closeup,,,0.8796577453613281,0.031075632199645042,0.049692556262016296,0.009118481539189816,0.00020588134066201746,0.02837895229458809,0.001870722509920597,0.0,0.11407020688056946,0.06934963166713715,0.535342812538147
2129.0,2130.0,True,presidenta,closeup,,,0.7953183054924011,0.04114025831222534,0.08416497707366943,0.0014349175617098808,0.00011041078687412664,0.07332631200551987,0.004504798445850611,0.0,0.15766961872577667,0.0453338585793972,0.3757667541503906
2130.0,2131.0,True,presidenta,closeup,,,0.793955385684967,0.04449474439024925,0.008999546058475971,0.04588582366704941,0.00037444449844770133,0.09747659415006638,0.00881341751664877,0.0,0.5352833271026611,0.5306498408317566,0.5196396112442017
2131.0,2132.0,True,presidenta,closeup,,,0.8402842283248901,0.019184768199920654,0.0030393891502171755,0.013421980664134026,0.00023776204034220427,0.12122195959091187,0.0026098338421434164,0.0,0.4966515600681305,0.5887597799301147,0.3980928659439087
2132.0,2133.0,True,presidenta,closeup,,,0.2905040383338928,0.03162144497036934,0.0007852215203456581,0.008404561318457127,0.00018035447283182293,0.6622765064239502,0.006227943114936352,0.0,0.48724496364593506,0.24420955777168274,0.503196120262146
2133.0,2134.0,False,,wide,,,,,,,,,,,,,
2134.0,2135.0,False,,wide,,,,,,,,,,,,,
2135.0,2136.0,False,,wide,,,,,,,,,,,,,
2136.0,2137.0,False,,wide,,,,,,,,,,,,,
2137.0,2138.0,False,,wide,,,,,,,,,,,,,
2138.0,2139.0,True,presidenta,closeup,,,0.338561087846756,0.1882684975862503,0.0077980998903512955,0.4475988745689392,0.0012175150914117694,0.015082774683833122,0.0014731921255588531,0.0,0.08893798291683197,0.03546089679002762,0.5094391703605652
2139.0,2140.0,True,presidenta,closeup,,,0.41636520624160767,0.01139029674232006,0.041627150028944016,0.5095008611679077,0.012942775152623653,0.007833294570446014,0.000340369064360857,0.0,0.05834035202860832,0.14907827973365784,0.3485881984233856
2140.0,2141.0,True,presidenta,closeup,,,0.300018310546875,0.4416043162345886,0.015304789878427982,0.0727117508649826,0.0005276510491967201,0.011826734989881516,0.1580064445734024,0.0,0.04975416883826256,0.6840586066246033,0.2922263741493225
2141.0,2142.0,True,presidenta,closeup,,,0.49344775080680847,0.10357149690389633,0.07627283781766891,0.27009081840515137,0.00736563466489315,0.009640037082135677,0.0396113321185112,0.0,0.043747469782829285,0.03624602407217026,0.4624652862548828
2142.0,2143.0,True,presidenta,closeup,,,0.07774215936660767,0.8059317469596863,0.011638040654361248,0.07228200137615204,0.00029089688905514777,0.005763929802924395,0.026351256296038628,0.0,0.11585458368062973,0.40278273820877075,0.1074514240026474
2143.0,2144.0,True,presidenta,closeup,,,0.035463012754917145,0.2681208848953247,0.013211356475949287,0.5295227766036987,0.010359758511185646,0.09172159433364868,0.05160057917237282,0.0,0.06457048654556274,0.16299869120121002,0.5768952369689941
2144.0,2145.0,True,presidenta,closeup,,,0.6369290947914124,0.031127776950597763,0.013103699311614037,0.27132174372673035,0.0031135280150920153,0.03731577843427658,0.007088373880833387,0.0,0.24303875863552094,0.13581779599189758,0.6401983499526978
2145.0,2146.0,True,presidenta,closeup,,,0.037260185927152634,0.003646568162366748,0.0008329058764502406,0.9355459213256836,0.0005607686471194029,0.020685989409685135,0.001467681024223566,0.0,0.2576710283756256,0.11009713262319565,0.13495180010795593
2146.0,2147.0,True,presidenta,closeup,,,0.05217618867754936,0.004849784541875124,0.004197470843791962,0.8505843877792358,0.005527567584067583,0.08053550869226456,0.002129096770659089,0.0,0.36985525488853455,0.06314842402935028,0.07029465585947037
2147.0,2148.0,True,presidenta,closeup,,,0.38482508063316345,0.14034494757652283,0.04125862196087837,0.2652397155761719,0.007018214091658592,0.043114591389894485,0.11819880455732346,0.0,0.32284015417099,0.03745173290371895,0.7384865283966064
2148.0,2149.0,True,presidenta,closeup,,,0.9464715719223022,0.016785098239779472,0.032572414726018906,0.00031434293487109244,5.1515620725695044e-05,0.001466885907575488,0.0023380990605801344,0.0,0.6295936703681946,0.5485449433326721,0.6436343193054199
2149.0,2150.0,True,presidenta,closeup,,,0.02195926569402218,0.9667455554008484,0.0019672689959406853,0.007481809239834547,0.00011548776819836348,0.00028047701925970614,0.001450125826522708,0.0,0.8424610495567322,0.7217556834220886,0.6335307955741882
2150.0,2151.0,True,presidenta,closeup,,,0.8656158447265625,0.016586504876613617,0.10052695125341415,0.007711478974670172,0.00025591495796106756,0.0044491286389529705,0.004854131955653429,0.0,0.4415538012981415,0.2246006578207016,0.49411749839782715
2151.0,2152.0,True,presidenta,closeup,,,0.5685485005378723,0.05656042322516441,0.03245765343308449,0.332756370306015,0.00025563922827132046,0.0038839117623865604,0.00553747545927763,0.0,0.12836942076683044,0.14455358684062958,0.5632869005203247
2152.0,2153.0,True,presidenta,closeup,,,0.2226327508687973,0.18383651971817017,0.03520806506276131,0.5404344797134399,0.0006677548517473042,0.007949472405016422,0.009270991198718548,0.0,0.18066155910491943,0.24951186776161194,0.3965611457824707
2153.0,2154.0,True,presidenta,closeup,,,0.23613129556179047,0.6080509424209595,0.009562795981764793,0.10212317109107971,0.0008516989764757454,0.03228488191962242,0.01099524274468422,0.0,0.6246370077133179,0.43158289790153503,0.4209630489349365
2154.0,2155.0,True,presidenta,closeup,,,0.5574297904968262,0.269817054271698,0.011502830311655998,0.01596173085272312,0.0008790001156739891,0.10594990104436874,0.038459666073322296,0.0,0.5863426327705383,0.22736379504203796,0.5659507513046265
2155.0,2156.0,True,presidenta,closeup,,,0.8755982518196106,0.09361608326435089,0.007115393411368132,0.015794510021805763,0.001007267739623785,0.0019697360694408417,0.004898670129477978,0.0,0.8635642528533936,0.6057309508323669,0.5842346549034119
2156.0,2157.0,True,presidenta,closeup,,,0.20503343641757965,0.7641587853431702,0.014011548832058907,0.009995979256927967,0.00038869219133630395,0.0015649580163881183,0.004846553783863783,0.0,0.8371403217315674,0.30786553025245667,0.6379180550575256
2157.0,2158.0,True,presidenta,closeup,,,0.8160119652748108,0.036561012268066406,0.011036972515285015,0.07355581969022751,0.00043203801033087075,0.061279214918613434,0.001123004942201078,0.0,0.10587267577648163,0.033915285021066666,0.5355449318885803
2158.0,2159.0,True,presidenta,closeup,,,0.6818746328353882,0.28673893213272095,0.008488024584949017,0.01423738431185484,0.0005185442278161645,0.0032828685361891985,0.00485961651429534,0.0,0.053872086107730865,0.12742802500724792,0.4679243862628937
2159.0,2160.0,True,presidenta,closeup,,,0.5708266496658325,0.2242041379213333,0.017235679551959038,0.15038807690143585,0.0017401908989995718,0.009787481278181076,0.025817736983299255,0.0,0.21732653677463531,0.061285413801670074,0.5519035458564758
2160.0,2161.0,True,presidenta,closeup,,,0.9176942110061646,0.013059131801128387,0.039463698863983154,0.013954570516943932,0.0014520182739943266,0.008078920654952526,0.006297386717051268,0.0,0.09510211646556854,0.04523717239499092,0.5706623792648315
2161.0,2162.0,True,presidenta,closeup,,,0.3568623661994934,0.037935685366392136,0.04756962135434151,0.028464892879128456,0.0028479881584644318,0.04795759916305542,0.4783617854118347,0.0,0.15266971290111542,0.029893627390265465,0.5337475538253784
2162.0,2163.0,True,presidenta,closeup,,,0.18623065948486328,0.0062860650941729546,0.002654219977557659,0.7965383529663086,0.0003307739389128983,0.007375150453299284,0.0005848733708262444,0.0,0.03093666583299637,0.03254219889640808,0.26209837198257446
2163.0,2164.0,True,presidenta,closeup,,,0.8002235889434814,0.010947181843221188,0.006194877903908491,0.1418464332818985,0.0005142104928381741,0.0373544804751873,0.0029192164074629545,0.0,0.1356588900089264,0.0375746488571167,0.4871388077735901
2164.0,2165.0,True,presidenta,closeup,,,0.08720455318689346,0.8132914304733276,0.0016190418973565102,0.020491255447268486,0.0004218143003527075,0.0011195065453648567,0.07585243135690689,0.0,0.08751076459884644,0.17496125400066376,0.2319260686635971
2165.0,2166.0,True,presidenta,closeup,,,0.07866732776165009,0.8498923778533936,0.001604861463420093,0.01413821056485176,0.0005959028494544327,0.0004289759963285178,0.05467233434319496,0.0,0.09409135580062866,0.14951826632022858,0.32574519515037537
2166.0,2167.0,True,presidenta,closeup,,,0.947676956653595,0.01600445993244648,0.01920493133366108,0.01607999950647354,0.00010126060078619048,0.0008244048804044724,0.0001079573921742849,0.0,0.023234721273183823,0.05097566172480583,0.5554987788200378
2167.0,2168.0,True,presidenta,closeup,,,0.9942951798439026,0.0024742798414081335,0.0021618802566081285,0.0007835488067939878,8.692893970874138e-06,0.00022421812172979116,5.220837192609906e-05,0.0,0.19554679095745087,0.12263324111700058,0.4943951368331909
2168.0,2169.0,True,presidenta,closeup,,,0.943138837814331,0.035313189029693604,0.020080972462892532,0.0003317436494398862,2.549921555328183e-05,0.0006447135237976909,0.0004649857000913471,0.0,0.2749413549900055,0.15669219195842743,0.6094126105308533
2169.0,2170.0,True,presidenta,closeup,,,0.3442583382129669,0.5341830849647522,0.007847707718610764,0.023280946537852287,0.0004418934986460954,0.015162020921707153,0.07482603937387466,0.0,0.03354833275079727,0.06208204850554466,0.46855250000953674
2170.0,2171.0,True,presidenta,closeup,,,0.7410950660705566,0.20402997732162476,0.0053002177737653255,0.017791250720620155,0.0007103918469510972,0.013505741953849792,0.017567362636327744,0.0,0.08085130155086517,0.054705262184143066,0.5692692399024963
2171.0,2172.0,True,presidenta,closeup,,,0.8239108324050903,0.1421080380678177,0.02762521803379059,0.0006985811050981283,8.07461838121526e-05,0.005277201533317566,0.0002993236994370818,0.0,0.0811382457613945,0.03521360829472542,0.5467497110366821
2172.0,2173.0,True,presidenta,closeup,,,0.6040039658546448,0.38145211338996887,0.0046165818348526955,0.0038875776808708906,0.00021689680579584092,0.002179896691814065,0.0036429138854146004,0.0,0.053548891097307205,0.1209583431482315,0.5338215827941895
2173.0,2174.0,True,presidenta,closeup,,,0.8697618842124939,0.028226861730217934,0.0330105721950531,0.050496116280555725,0.004619719460606575,0.011347733438014984,0.002537137595936656,0.0,0.025023942813277245,0.08259622752666473,0.4466567039489746
2174.0,2175.0,True,presidenta,closeup,,,0.5184255838394165,0.38470083475112915,0.009316072799265385,0.00681252172216773,0.0011482095578685403,0.006254992447793484,0.07334183156490326,0.0,0.06220567226409912,0.36590132117271423,0.5462772250175476
2175.0,2176.0,False,,wide,,,,,,,,,,,,,
2176.0,2177.0,False,,wide,,,,,,,,,,,,,
2177.0,2178.0,False,,wide,,,,,,,,,,,,,
2178.0,2179.0,False,,wide,,,,,,,,,,,,,
2179.0,2180.0,False,,wide,,,,,,,,,,,,,
2180.0,2181.0,False,,wide,,,,,,,,,,,,,
2181.0,2182.0,True,otro,closeup,,,0.1678619235754013,0.7121182680130005,0.0778217688202858,0.0045720310881733894,0.0006382865831255913,0.02632005512714386,0.010667577385902405,0.0,0.2970689535140991,0.21695610880851746,0.7099282145500183
2182.0,2183.0,True,otro,closeup,,,0.5765595436096191,0.371909499168396,0.02248762547969818,0.016464047133922577,0.0013266389723867178,0.00924796424806118,0.0020046920981258154,0.0,0.22201082110404968,0.08923854678869247,0.5162303447723389
2183.0,2184.0,True,otro,closeup,,,0.6347026824951172,0.09234444051980972,0.021362027153372765,0.00333971856161952,0.0010850909166038036,0.24039365351200104,0.006772295571863651,0.0,0.48460498452186584,0.14769186079502106,0.6765297651290894
2184.0,2185.0,True,otro,closeup,,,0.49547022581100464,0.27727043628692627,0.01574503444135189,0.007091001141816378,0.0014320554910227656,0.196786031126976,0.006205189973115921,0.0,0.3839704990386963,0.20238295197486877,0.6732216477394104
2185.0,2186.0,True,otro,closeup,,,0.37485435605049133,0.07271862030029297,0.012651893310248852,0.006479325704276562,0.0006065505440346897,0.5248724818229675,0.007816691882908344,0.0,0.6823320388793945,0.0853513702750206,0.6945106983184814
2186.0,2187.0,True,otro,closeup,,,0.4047626554965973,0.05341725796461105,0.009534797631204128,0.004374189767986536,0.0008651947136968374,0.5239472985267639,0.003098641289398074,0.0,0.45246806740760803,0.11417737603187561,0.680877149105072
2187.0,2188.0,True,otro,closeup,,,0.7462255358695984,0.1129404827952385,0.019549161195755005,0.029097145423293114,0.005413935519754887,0.082931287586689,0.0038423899095505476,0.0,0.3766510486602783,0.09678955376148224,0.7355461716651917
2188.0,2189.0,True,otro,closeup,,,0.5459806323051453,0.3553124666213989,0.04368085414171219,0.0023668967187404633,0.0006237199995666742,0.027408979833126068,0.02462645061314106,0.0,0.18170063197612762,0.0992770865559578,0.7161074876785278
2189.0,2190.0,True,otro,closeup,,,0.8356566429138184,0.05114293843507767,0.049283891916275024,0.0056698136031627655,0.001817925600335002,0.010593515820801258,0.04583526775240898,0.0,0.3344566524028778,0.1803089827299118,0.5825302600860596
2190.0,2191.0,True,otro,closeup,,,0.6721165180206299,0.20786641538143158,0.008291940204799175,0.025440264493227005,0.0036897389218211174,0.08122467994689941,0.0013705011224374175,0.0,0.393648236989975,0.06877203285694122,0.3713679611682892
2191.0,2192.0,True,otro,closeup,,,0.6982060670852661,0.18402618169784546,0.03000717982649803,0.018194934353232384,0.002423845697194338,0.06644277274608612,0.0006990271504037082,0.0,0.27151474356651306,0.061946671456098557,0.3612465262413025
2192.0,2193.0,True,otro,closeup,,,0.5498124957084656,0.35711589455604553,0.07950839400291443,0.002646271139383316,0.0007787211798131466,0.0058778999373316765,0.0042603653855621815,0.0,0.3386240601539612,0.07607750594615936,0.40731939673423767
2193.0,2194.0,True,otro,closeup,,,0.32487159967422485,0.3194861114025116,0.01734284497797489,0.012012287974357605,0.0009143589995801449,0.318144291639328,0.007228579372167587,0.0,0.39955776929855347,0.1086934432387352,0.7532871961593628
2194.0,2195.0,True,otro,closeup,,,0.3449764549732208,0.5516216158866882,0.04952026903629303,0.005927372723817825,0.0013525979593396187,0.031695909798145294,0.0149057162925601,0.0,0.19864259660243988,0.20463258028030396,0.6942340135574341
2195.0,2196.0,True,otro,closeup,,,0.2938306927680969,0.6214455962181091,0.0494220145046711,0.003815904026851058,0.0009963284246623516,0.026214662939310074,0.004274857230484486,0.0,0.31022465229034424,0.0827985554933548,0.47671961784362793
2196.0,2197.0,True,otro,closeup,,,0.5944561958312988,0.2894807457923889,0.059656500816345215,0.011436095461249352,0.0027064846362918615,0.023141037672758102,0.01912291906774044,0.0,0.36227571964263916,0.6517297029495239,0.21516761183738708
2197.0,2198.0,True,otro,closeup,,,0.46047472953796387,0.3401309549808502,0.08659263700246811,0.05003414675593376,0.0019688510801643133,0.050165049731731415,0.01063365675508976,0.0,0.2907876670360565,0.07327696681022644,0.2977140247821808
2198.0,2199.0,True,otro,closeup,,,0.8283488154411316,0.08938704431056976,0.06145280972123146,0.005218914709985256,0.001051174127496779,0.008862649090588093,0.005678611807525158,0.0,0.14687667787075043,0.062484029680490494,0.40318959951400757
2199.0,2200.0,True,otro,closeup,,,0.5107494592666626,0.28487899899482727,0.022450482472777367,0.06536009162664413,0.0044921329244971275,0.07202216982841492,0.04004671797156334,0.0,0.4256436824798584,0.09648396819829941,0.3602244257926941
2200.0,2201.0,True,otro,closeup,,,0.772149384021759,0.08755026012659073,0.04166262596845627,0.0038403698708862066,0.0017341983038932085,0.08463571965694427,0.008427368476986885,0.0,0.5027679204940796,0.04745465889573097,0.3997633755207062
2201.0,2202.0,True,otro,closeup,,,0.36265575885772705,0.05572778731584549,0.007969625294208527,0.023173924535512924,0.001774564734660089,0.5346623659133911,0.014035995118319988,0.0,0.2513918876647949,0.06845463067293167,0.5307657122612
2202.0,2203.0,True,otro,closeup,,,0.7474342584609985,0.14660651981830597,0.06554558873176575,0.0035793487913906574,0.0009553672280162573,0.02250986546278,0.013369075022637844,0.0,0.2994954288005829,0.23396003246307373,0.6080259680747986
2203.0,2204.0,True,otro,closeup,,,0.603882372379303,0.10027501732110977,0.01640506274998188,0.025326693430542946,0.0011968747712671757,0.25035175681114197,0.0025621908716857433,0.0,0.461551696062088,0.04796777293086052,0.51848965883255
2204.0,2205.0,True,otro,closeup,,,0.6141632795333862,0.3352767825126648,0.005355059634894133,0.019633904099464417,0.0011154470266774297,0.02348647266626358,0.0009690806618891656,0.0,0.3911878764629364,0.11294057965278625,0.6294000148773193
2205.0,2206.0,True,otro,closeup,,,0.5656812787055969,0.30300575494766235,0.07568924129009247,0.015108069404959679,0.0006857709377072752,0.03351259604096413,0.006317256949841976,0.0,0.3196582794189453,0.1234247237443924,0.5116346478462219
2206.0,2207.0,True,otro,closeup,,,0.6114850044250488,0.3540796935558319,0.008657000958919525,0.013618276454508305,0.000499317015055567,0.011197186075150967,0.00046355172526091337,0.0,0.36589959263801575,0.11023661494255066,0.5763511657714844
2207.0,2208.0,True,otro,closeup,,,0.7048541903495789,0.20624853670597076,0.05406263470649719,0.00824635848402977,0.0014117215760052204,0.01959904283285141,0.005577456206083298,0.0,0.27894988656044006,0.23195889592170715,0.6217263340950012
2208.0,2209.0,True,otro,closeup,,,0.19836008548736572,0.7223273515701294,0.013686555437743664,0.006392859388142824,0.0017262587789446115,0.051975637674331665,0.005531244911253452,0.0,0.41448166966438293,0.13665936887264252,0.3668283224105835
2209.0,2210.0,True,otro,closeup,,,0.4802950322628021,0.2966339588165283,0.0580536313354969,0.006405903026461601,0.002465570345520973,0.019442398101091385,0.13670355081558228,0.0,0.08783528208732605,0.08163332939147949,0.5948302745819092
2210.0,2211.0,True,otro,closeup,,,0.7132299542427063,0.2383267730474472,0.0271887369453907,0.0020185892935842276,0.000579727697186172,0.016221795231103897,0.002434423891827464,0.0,0.4085303544998169,0.2100941240787506,0.7486293911933899
2211.0,2212.0,True,otro,closeup,,,0.7769643068313599,0.1407618224620819,0.02714417316019535,0.010213714092969894,0.0012930621160194278,0.04283969849348068,0.0007832141127437353,0.0,0.3948843777179718,0.24583329260349274,0.6456625461578369
2212.0,2213.0,True,otro,closeup,,,0.2612112760543823,0.658147931098938,0.04244871065020561,0.01249464601278305,0.0015725791454315186,0.013778352178633213,0.010346499271690845,0.0,0.15433648228645325,0.1315755397081375,0.7586683630943298
2213.0,2214.0,True,otro,closeup,,,0.6623824834823608,0.21162466704845428,0.05501728877425194,0.003175687277689576,0.0009580100886523724,0.05095159262418747,0.01589026302099228,0.0,0.14005787670612335,0.12263166159391403,0.7840784788131714
2214.0,2215.0,True,otro,closeup,,,0.7409422397613525,0.026052750647068024,0.1817522943019867,0.001544109545648098,0.0007081688963808119,0.034504543989896774,0.014495866373181343,0.0,0.14058902859687805,0.09759987145662308,0.7401295900344849
2215.0,2216.0,True,otro,closeup,,,0.6180233359336853,0.08796709775924683,0.08926846832036972,0.011281035840511322,0.0015538770239800215,0.170048326253891,0.021857885643839836,0.0,0.21478602290153503,0.10380587726831436,0.7583632469177246
2216.0,2217.0,True,otro,closeup,,,0.6867440938949585,0.11356313526630402,0.15119509398937225,0.004833712242543697,0.0008908320451155305,0.025506945326924324,0.01726613938808441,0.0,0.36443525552749634,0.146318256855011,0.6555602550506592
2217.0,2218.0,True,otro,closeup,,,0.6985371708869934,0.06716135889291763,0.006777223665267229,0.013063584454357624,0.0012575796572491527,0.20139215886592865,0.011810899712145329,0.0,0.19069884717464447,0.06191009655594826,0.33720827102661133
2218.0,2219.0,True,otro,closeup,,,0.391110897064209,0.32742807269096375,0.009656630456447601,0.022260356694459915,0.0008215520647354424,0.23903489112854004,0.00968759972602129,0.0,0.380145788192749,0.18024221062660217,0.5752411484718323
2219.0,2220.0,True,otro,closeup,,,0.37875333428382874,0.4756423830986023,0.11562199145555496,0.0040388708002865314,0.0007343720062635839,0.0037789884954690933,0.021429993212223053,0.0,0.1957058310508728,0.16232852637767792,0.703524649143219
2220.0,2221.0,True,otro,closeup,,,0.6665054559707642,0.2756873071193695,0.01588631421327591,0.013851671479642391,0.0024014797527343035,0.018817123025655746,0.0068506719544529915,0.0,0.27778419852256775,0.15172700583934784,0.6657121777534485
2221.0,2222.0,True,otro,closeup,,,0.07912909239530563,0.6929664015769958,0.10310683399438858,0.0948532372713089,0.0017044921405613422,0.007435138337314129,0.020804762840270996,0.0,0.11111831665039062,0.42362698912620544,0.0809762179851532
2222.0,2223.0,True,otro,closeup,,,0.38225600123405457,0.5654294490814209,0.019575854763388634,0.005185260903090239,0.0014352748403325677,0.02025272138416767,0.005865428131073713,0.0,0.34334370493888855,0.13355061411857605,0.7381030917167664
2223.0,2224.0,True,otro,closeup,,,0.5187766551971436,0.14186187088489532,0.009343605488538742,0.010483804158866405,0.0026228188071399927,0.300193190574646,0.016718046739697456,0.0,0.3946095407009125,0.0679774358868599,0.3220382332801819
2224.0,2225.0,True,otro,closeup,,,0.5350818634033203,0.4210052192211151,0.005129831377416849,0.0019984671380370855,0.00034265927388332784,0.03505720570683479,0.0013847921509295702,0.0,0.38303837180137634,0.21410062909126282,0.7684757709503174
2225.0,2226.0,True,otro,closeup,,,0.6874354481697083,0.1307346373796463,0.003197371494024992,0.006462521851062775,0.001705123228020966,0.16036437451839447,0.01010051742196083,0.0,0.6988112330436707,0.19400040805339813,0.7096570134162903
2226.0,2227.0,True,otro,closeup,,,0.4237992763519287,0.29730087518692017,0.03263761103153229,0.01771126128733158,0.008107190020382404,0.19475330412387848,0.02569044940173626,0.0,0.3334662914276123,0.0709882602095604,0.3068392276763916
2227.0,2228.0,True,otro,closeup,,,0.4749048948287964,0.2876357138156891,0.028710471466183662,0.012265472672879696,0.0040344493463635445,0.187056303024292,0.005392622668296099,0.0,0.27128830552101135,0.06911537051200867,0.3807083070278168
2228.0,2229.0,True,otro,closeup,,,0.749045193195343,0.21039295196533203,0.00617303466424346,0.017470525577664375,0.002197225345298648,0.013696102425456047,0.0010249261977151036,0.0,0.443937212228775,0.08757296204566956,0.6855236887931824
2229.0,2230.0,True,otro,closeup,,,0.6489159464836121,0.17240461707115173,0.010641910135746002,0.012477925047278404,0.0013948084088042378,0.15078821778297424,0.003376543754711747,0.0,0.39180704951286316,0.12705524265766144,0.8054531216621399
2230.0,2231.0,True,presidenta,closeup,,,0.9469401836395264,0.035456832498311996,0.002532056998461485,0.011869363486766815,0.0001341465103905648,0.0029564222786575556,0.00011093626380898058,0.0,0.46477651596069336,0.5571258068084717,0.6260437369346619
2231.0,2232.0,True,presidenta,closeup,,,0.10710132122039795,0.1464378386735916,0.002276343060657382,0.09821972995996475,0.00022703960712533444,0.6431366205215454,0.0026010777801275253,0.0,0.17604292929172516,0.08662708848714828,0.7103514075279236
2232.0,2233.0,True,presidenta,closeup,,,0.3269806206226349,0.07053013145923615,0.0041925604455173016,0.08647431433200836,0.0005408241995610297,0.46164196729660034,0.04963957518339157,0.0,0.2777670621871948,0.19687004387378693,0.5181159377098083
2233.0,2234.0,True,presidenta,closeup,,,0.9836689829826355,0.004819957539439201,0.007050761952996254,0.00329836318269372,0.00011518353130668402,0.0008144386229105294,0.00023227652127388865,0.0,0.5316523909568787,0.5269842743873596,0.36693325638771057
2234.0,2235.0,True,presidenta,closeup,,,0.9213739633560181,0.0032156193628907204,0.005326741840690374,0.06686142832040787,0.0011850723531097174,0.0016295274253934622,0.00040758316754363477,0.0,0.057916928082704544,0.02727673575282097,0.45889610052108765
2235.0,2236.0,True,presidenta,closeup,,,0.5160039663314819,0.27145203948020935,0.00874664168804884,0.19885104894638062,7.292125519597903e-05,0.0017056962242349982,0.003167718183249235,0.0,0.16937361657619476,0.10029931366443634,0.5787584185600281
2236.0,2237.0,True,presidenta,closeup,,,0.14899659156799316,0.8181034922599792,0.0043364157900214195,0.026560388505458832,0.0003350496117491275,0.00033937589614652097,0.0013287280453369021,0.0,0.4751316010951996,0.6746742129325867,0.4603826701641083
2237.0,2238.0,True,presidenta,closeup,,,0.9020484685897827,0.08455247431993484,0.006498825270682573,0.0008207939099520445,0.00014593177183996886,0.003672596300020814,0.0022608640138059855,0.0,0.5346035957336426,0.5691455602645874,0.5972814559936523
2238.0,2239.0,True,presidenta,closeup,,,0.9779701232910156,0.015787672251462936,0.0040432452224195,0.0012356139486655593,1.5889067071839236e-05,0.0007052879082038999,0.00024222677166108042,0.0,0.5955562591552734,0.3719315230846405,0.46253761649131775
2239.0,2240.0,True,presidenta,closeup,,,0.8401681780815125,0.0995098352432251,0.05160018801689148,0.004532717168331146,0.00026647065533325076,0.0009457842097617686,0.0029768242966383696,0.0,0.19477014243602753,0.6317077875137329,0.3388868272304535
2240.0,2241.0,True,presidenta,closeup,,,0.9616198539733887,0.021223029121756554,0.010466080158948898,0.0007215257501229644,0.00010072883742395788,0.005311095155775547,0.0005576630355790257,0.0,0.1574191153049469,0.22793754935264587,0.46047326922416687
2241.0,2242.0,True,presidenta,closeup,,,0.9885741472244263,0.006260284688323736,0.003885692683979869,0.0004328654322307557,3.104788265773095e-05,0.0007288384367711842,8.709745452506468e-05,0.0,0.13989409804344177,0.11696157604455948,0.2826503813266754
2242.0,2243.0,True,presidenta,closeup,,,0.9629657864570618,0.004545507952570915,0.010821862146258354,0.019406916573643684,0.0006452003144659102,0.0014283916680142283,0.00018627688405103981,0.0,0.07606887817382812,0.05540195107460022,0.290401428937912
2243.0,2244.0,True,presidenta,closeup,,,0.9123768210411072,0.019323380663990974,0.017928192391991615,0.01146182231605053,0.0020392017904669046,0.03081623651087284,0.0060543762519955635,0.0,0.09591728448867798,0.03219109773635864,0.4101751148700714
2244.0,2245.0,True,presidenta,closeup,,,0.7511135935783386,0.18215490877628326,0.009746159426867962,0.014269127510488033,0.0019090542336925864,0.010634789243340492,0.030172361060976982,0.0,0.06966351717710495,0.01771969348192215,0.3179253339767456
2245.0,2246.0,True,presidenta,closeup,,,0.8643290996551514,0.0027202300261706114,0.09603212028741837,0.014875177294015884,0.0027038182597607374,0.007119971793144941,0.012219586409628391,0.0,0.0845557376742363,0.022931266576051712,0.34353387355804443
2246.0,2247.0,True,presidenta,closeup,,,0.9000341296195984,0.0678839460015297,0.024534039199352264,0.0019916275050491095,0.00018221387290395796,0.000808265816885978,0.00456581823527813,0.0,0.3367767333984375,0.4645642638206482,0.5060266256332397
2247.0,2248.0,True,presidenta,closeup,,,0.501456618309021,0.4196620285511017,0.0589262954890728,0.01385935302823782,0.0009432159131392837,0.0014506826410070062,0.0037018293514847755,0.0,0.06763245910406113,0.2070501148700714,0.3272891938686371
2248.0,2249.0,True,presidenta,closeup,,,0.6311632394790649,0.05755288526415825,0.012286671437323093,0.29229849576950073,0.002994628855958581,0.0021778566297143698,0.0015262443339452147,0.0,0.039345014840364456,0.022688139230012894,0.27587926387786865
2249.0,2250.0,True,presidenta,closeup,,,0.8066607713699341,0.010083835572004318,0.017295176163315773,0.16180770099163055,0.0013758246786892414,0.001906416262499988,0.000870299234520644,0.0,0.03122129663825035,0.03077978640794754,0.20320270955562592
2250.0,2251.0,True,presidenta,closeup,,,0.9308943152427673,0.005017274059355259,0.013680141419172287,0.04459318518638611,0.0006109513342380524,0.0036582504399120808,0.0015458904672414064,0.0,0.02834370732307434,0.01767953298985958,0.3341675102710724
2251.0,2252.0,True,presidenta,closeup,,,0.41657865047454834,0.007224377244710922,0.02093227580189705,0.5424055457115173,0.008875945582985878,0.0014508665772154927,0.002532379236072302,0.0,0.07766564935445786,0.02217172086238861,0.2761591374874115
2252.0,2253.0,True,presidenta,closeup,,,0.7658730149269104,0.0065972465090453625,0.0410737544298172,0.04157380387187004,0.0026772015262395144,0.12924814224243164,0.012956840917468071,0.0,0.2272205948829651,0.041150350123643875,0.4015277326107025
2253.0,2254.0,True,presidenta,closeup,,,0.988997220993042,0.0047495183534920216,0.002129592467099428,0.0017841371009126306,0.00011697593436110765,0.002098264405503869,0.00012426789908204228,0.0,0.8716922402381897,0.15492822229862213,0.4555000960826874
2254.0,2255.0,True,presidenta,closeup,,,0.8813368082046509,0.0633503720164299,0.012596256099641323,0.014290119521319866,0.0006242923554964364,0.018691034987568855,0.009111138060688972,0.0,0.7968116402626038,0.2778085172176361,0.6074057817459106
2255.0,2256.0,True,presidenta,closeup,,,0.9352089166641235,0.032762251794338226,0.009371020831167698,0.016242042183876038,0.001033972715958953,0.00450133578851819,0.0008804488461464643,0.0,0.8051395416259766,0.32011327147483826,0.6476902961730957
2256.0,2257.0,True,presidenta,closeup,,,0.7326659560203552,0.2615027129650116,0.0015128798549994826,0.0018743665423244238,7.303943857550621e-05,0.0022689669858664274,0.00010211734479526058,0.0,0.782956600189209,0.27706030011177063,0.698358952999115
2257.0,2258.0,True,presidenta,closeup,,,0.4079859256744385,0.5655231475830078,0.002842808375135064,0.020738083869218826,0.0003389015037100762,0.0013288120971992612,0.0012423339067026973,0.0,0.5351795554161072,0.7129793167114258,0.5855056047439575
2258.0,2259.0,True,presidenta,closeup,,,0.6808170080184937,0.1831090897321701,0.01113088708370924,0.029669439420104027,0.004804369527846575,0.005213430151343346,0.0852556973695755,0.0,0.6259176135063171,0.4303898811340332,0.5410140752792358
2259.0,2260.0,True,presidenta,closeup,,,0.3324512243270874,0.09795979410409927,0.011466586962342262,0.015303741209208965,0.003923553042113781,0.021423215046525,0.5174718499183655,0.0,0.8626838326454163,0.2119562178850174,0.6456674933433533
2260.0,2261.0,True,presidenta,closeup,,,0.6729310750961304,0.14340418577194214,0.007831772789359093,0.015836436301469803,0.002373524708673358,0.017856081947684288,0.13976697623729706,0.0,0.8804905414581299,0.7309536337852478,0.5971454381942749
2261.0,2262.0,True,presidenta,closeup,,,0.7467355728149414,0.22240030765533447,0.02184847556054592,0.0022863761987537146,0.00022733924561180174,0.0035441210493445396,0.002957779448479414,0.0,0.8274308443069458,0.6810099482536316,0.5567265748977661
2262.0,2263.0,True,presidenta,closeup,,,0.8699590563774109,0.12101313471794128,0.003959940280765295,0.0019648843444883823,0.00011911051842616871,0.001442193053662777,0.0015416494570672512,0.0,0.8747484683990479,0.7041807174682617,0.41810205578804016
2263.0,2264.0,True,presidenta,closeup,,,0.9904834032058716,0.0004918382037431002,0.006917801219969988,0.0008820275543257594,3.10363138851244e-05,0.001080638961866498,0.00011319940676912665,0.0,0.4165950417518616,0.03873024880886078,0.6348825693130493
2264.0,2265.0,True,presidenta,closeup,,,0.9084320664405823,0.034219153225421906,0.012408009730279446,0.040956102311611176,6.348775787046179e-05,0.0015283632092177868,0.002392824273556471,0.0,0.44467419385910034,0.1672942340373993,0.35237541794776917
2265.0,2266.0,True,presidenta,closeup,,,0.9069256782531738,0.08649520576000214,0.003640501294285059,0.0009743322734721005,0.00011279026512056589,0.0009973974665626884,0.0008540977723896503,0.0,0.7776377201080322,0.4602595567703247,0.417826771736145
2266.0,2267.0,True,presidenta,closeup,,,0.6188367605209351,0.354971319437027,0.01955104060471058,0.0010973447933793068,0.0001910874416353181,0.00103941245470196,0.00431298092007637,0.0,0.6973111033439636,0.5980599522590637,0.4791702330112457
2267.0,2268.0,True,presidenta,closeup,,,0.41462695598602295,0.13356570899486542,0.06318122893571854,0.012985575012862682,0.00114057760220021,0.01793583109974861,0.35656413435935974,0.0,0.5891231298446655,0.6824426054954529,0.3055526316165924
2268.0,2269.0,True,presidenta,closeup,,,0.22368812561035156,0.7403544187545776,0.0025347115006297827,0.031899236142635345,0.00011824364628409967,0.0002215411514043808,0.0011836967896670103,0.0,0.35321664810180664,0.7967954874038696,0.29852792620658875
2269.0,2270.0,True,presidenta,closeup,,,0.9099555611610413,0.07785383611917496,0.0040942900814116,0.006019074935466051,2.55401373578934e-05,0.0017069429159164429,0.00034479942405596375,0.0,0.5096549987792969,0.26678842306137085,0.5337849259376526
2270.0,2271.0,True,presidenta,closeup,,,0.6306836009025574,0.31875306367874146,0.01809939183294773,0.013112997636198997,0.0001866208331193775,0.0011762662325054407,0.017988117411732674,0.0,0.10891891270875931,0.2156856805086136,0.27791628241539
2271.0,2272.0,True,presidenta,closeup,,,0.8133918046951294,0.14977820217609406,0.020529855042696,0.0129023976624012,0.000650434463750571,0.0007423768402077258,0.0020049011800438166,0.0,0.10834534466266632,0.21687820553779602,0.5834698677062988
2272.0,2273.0,True,presidenta,closeup,,,0.11127075552940369,0.2544642686843872,0.0021065829787403345,0.6200271844863892,0.0008612046949565411,0.005817454773932695,0.005452558398246765,0.0,0.07112063467502594,0.6318472623825073,0.1750612109899521
2273.0,2274.0,True,presidenta,closeup,,,0.1848638355731964,0.32772016525268555,0.009312602691352367,0.46628525853157043,0.0003608898550737649,0.009602204896509647,0.0018550640670582652,0.0,0.1598196029663086,0.69037264585495,0.2668021619319916
2274.0,2275.0,True,presidenta,closeup,,,0.6516671776771545,0.025197001174092293,0.024758867919445038,0.28521502017974854,0.0029066165443509817,0.0027763962280005217,0.007478928659111261,0.0,0.14054590463638306,0.04676564782857895,0.22348155081272125
2275.0,2276.0,True,presidenta,closeup,,,0.025934454053640366,0.2183244228363037,0.004044252447783947,0.7253988981246948,0.0018796358490362763,0.001617089263163507,0.022801250219345093,0.0,0.10489939898252487,0.7525999546051025,0.2940261960029602
2276.0,2277.0,True,presidenta,closeup,,,0.07236588001251221,0.38658151030540466,0.004162720404565334,0.4959155023097992,0.0021239127963781357,0.0010128553258255124,0.03783765435218811,0.0,0.04192420467734337,0.054721735417842865,0.4161219894886017
2277.0,2278.0,True,presidenta,closeup,,,0.6078948974609375,0.23049946129322052,0.03011629916727543,0.11443555355072021,0.0011401327792555094,0.0017986962338909507,0.014114986173808575,0.0,0.13738913834095,0.27708113193511963,0.33124443888664246
2278.0,2279.0,True,presidenta,closeup,,,0.6432048678398132,0.15631984174251556,0.17320913076400757,0.02479906752705574,0.000274514255579561,0.0011684042401611805,0.0010241115232929587,0.0,0.0773487463593483,0.3686089515686035,0.5068682432174683
2279.0,2280.0,True,presidenta,closeup,,,0.7619023323059082,0.08354135602712631,0.13218003511428833,0.018939215689897537,0.00011091068881796673,0.0004862686328124255,0.00283987820148468,0.0,0.3651747405529022,0.17669343948364258,0.5489919781684875
2280.0,2281.0,True,presidenta,closeup,,,0.9454136490821838,0.01680970937013626,0.03478837385773659,0.00155690498650074,7.566835847683251e-05,0.00021937250858172774,0.0011363658122718334,0.0,0.1865023523569107,0.32440856099128723,0.5886535048484802
2281.0,2282.0,True,presidenta,closeup,,,0.8821257948875427,0.019977740943431854,0.09338599443435669,0.003302231663838029,0.0004372877592686564,0.0002914199430961162,0.00047950277803465724,0.0,0.3097146451473236,0.341695636510849,0.481494277715683
2282.0,2283.0,True,presidenta,closeup,,,0.9366884231567383,0.03998611867427826,0.010766754858195782,0.010407325811684132,0.0004585516289807856,0.001025872421450913,0.0006669207941740751,0.0,0.38229337334632874,0.4536547362804413,0.7063566446304321
2283.0,2284.0,True,presidenta,closeup,,,0.6801950335502625,0.2776116132736206,0.006357239559292793,0.03346148878335953,0.0007664021686650813,0.001059251488186419,0.0005490070325322449,0.0,0.28385844826698303,0.16380181908607483,0.6178510189056396
2284.0,2285.0,True,presidenta,closeup,,,0.6581558585166931,0.26221415400505066,0.005559583194553852,0.0719238892197609,0.0008224362973123789,0.0007699337438680232,0.0005541215068660676,0.0,0.16339407861232758,0.23355594277381897,0.49870800971984863
2285.0,2286.0,True,presidenta,closeup,,,0.8063856959342957,0.0013058340409770608,0.18776258826255798,0.0024521660525351763,0.0006323857815004885,0.0006571176345460117,0.0008041405235417187,0.0,0.657202422618866,0.07036101818084717,0.5912480354309082
2286.0,2287.0,True,presidenta,closeup,,,0.9364727139472961,0.0020458921790122986,0.04776991158723831,0.006738241296261549,0.000842598732560873,0.0055753570050001144,0.0005552903166972101,0.0,0.4531368017196655,0.019458085298538208,0.5470698475837708
2287.0,2288.0,True,presidenta,closeup,,,0.9677330255508423,0.02122766152024269,0.007922297343611717,0.0019679840188473463,0.00028734817169606686,0.0007208423921838403,0.00014087307499721646,0.0,0.23316793143749237,0.10031965374946594,0.4168701469898224
2288.0,2289.0,True,presidenta,closeup,,,0.8399667143821716,0.11920347064733505,0.04009561985731125,0.0004770064551848918,7.45800425647758e-05,6.526288052555174e-05,0.00011732696293620393,0.0,0.41409412026405334,0.6633039712905884,0.47935011982917786
2289.0,2290.0,True,presidenta,closeup,,,0.9265025854110718,0.0465150885283947,0.026194430887699127,0.0004659118130803108,5.180101652513258e-05,0.0001512843882665038,0.00011889267625520006,0.0,0.6052204370498657,0.6833374500274658,0.47048887610435486
2290.0,2291.0,True,presidenta,closeup,,,0.8796600699424744,0.10158310830593109,0.008561784401535988,0.007789046037942171,0.00041449349373579025,0.00135428283829242,0.0006372514762915671,0.0,0.44708549976348877,0.15994156897068024,0.531254231929779
2291.0,2292.0,True,presidenta,closeup,,,0.47279489040374756,0.045054156333208084,0.015344437211751938,0.44918370246887207,0.005652305670082569,0.0060609690845012665,0.005909527186304331,0.0,0.10129271447658539,0.07133152335882187,0.48267892003059387
2292.0,2293.0,True,presidenta,closeup,,,0.6273900866508484,0.13301630318164825,0.13093213737010956,0.06885644793510437,0.011724062263965607,0.0022248264867812395,0.025856196880340576,0.0,0.06122929975390434,0.596592903137207,0.44370388984680176
2293.0,2294.0,True,presidenta,closeup,,,0.9550204277038574,0.03324420005083084,0.007026911713182926,0.001957237021997571,0.0005346672260202467,0.00043851949158124626,0.0017780248308554292,0.0,0.11636115610599518,0.03069159761071205,0.5939447283744812
2294.0,2295.0,True,presidenta,closeup,,,0.7832286953926086,0.1139536127448082,0.011597473174333572,0.0785171315073967,0.0016119489446282387,0.0009997689630836248,0.010091355070471764,0.0,0.1926298588514328,0.09169194847345352,0.3786224126815796
2295.0,2296.0,True,presidenta,closeup,,,0.7839556932449341,0.006098783574998379,0.17343510687351227,0.020911600440740585,0.0003923577896784991,0.007268296554684639,0.007938156835734844,0.0,0.11466146260499954,0.09642300009727478,0.37820643186569214
2296.0,2297.0,True,presidenta,closeup,,,0.6465002298355103,0.006038314662873745,0.011534073390066624,0.3238425552845001,0.0008404920226894319,0.010879814624786377,0.00036456595989875495,0.0,0.11597203463315964,0.04501510038971901,0.2046537846326828
2297.0,2298.0,True,presidenta,closeup,,,0.03476410731673241,0.0035415468737483025,0.0007475442253053188,0.9596302509307861,0.00010625825234455988,0.001100406632758677,0.00010994954936904833,0.0,0.0617603063583374,0.04355699568986893,0.44926631450653076
2298.0,2299.0,True,presidenta,closeup,,,0.6662527918815613,0.01615235209465027,0.012533674947917461,0.29869189858436584,0.0001345220662187785,0.005750487092882395,0.0004843018250539899,0.0,0.04474063590168953,0.0187245924025774,0.4324485659599304
2299.0,2300.0,True,presidenta,closeup,,,0.543745756149292,0.33475685119628906,0.02072804979979992,0.020658256486058235,0.003099999390542507,0.010017934255301952,0.06699319928884506,0.0,0.17373152077198029,0.021100809797644615,0.497528076171875
2300.0,2301.0,True,presidenta,closeup,,,0.15884503722190857,0.04813831299543381,0.012521391734480858,0.6754085421562195,0.060345880687236786,0.02268424816429615,0.022056618705391884,0.0,0.022038187831640244,0.04501943662762642,0.310046911239624
2301.0,2302.0,True,presidenta,closeup,,,0.25873488187789917,0.04428443685173988,0.15458908677101135,0.35547763109207153,0.13865934312343597,0.016706587746739388,0.03154808655381203,0.0,0.08541470766067505,0.027463899925351143,0.4767110049724579
2302.0,2303.0,True,presidenta,closeup,,,0.5624998807907104,0.014619904570281506,0.013867166824638844,0.3909001350402832,0.005878241267055273,0.005375119857490063,0.00685952277854085,0.0,0.028837062418460846,0.02716425247490406,0.4038044512271881
2303.0,2304.0,True,presidenta,closeup,,,0.5456175208091736,0.09984652698040009,0.018198154866695404,0.031148666515946388,0.003764413995668292,0.048768144100904465,0.25265657901763916,0.0,0.09050943702459335,0.029656365513801575,0.2655230760574341
2304.0,2305.0,True,presidenta,closeup,,,0.9107813835144043,0.03669528663158417,0.006355747114866972,0.03837347775697708,0.00022672966588288546,0.0023582710418850183,0.005209165625274181,0.0,0.04767337441444397,0.056555360555648804,0.5002526640892029
2305.0,2306.0,True,presidenta,closeup,,,0.5743091702461243,0.2146671861410141,0.015627212822437286,0.0554308146238327,0.0031681417021900415,0.006483566015958786,0.13031382858753204,0.0,0.13726624846458435,0.17646922171115875,0.4088127911090851
2306.0,2307.0,True,presidenta,closeup,,,0.46875834465026855,0.3404203951358795,0.14552651345729828,0.014977176673710346,0.0008881478570401669,0.004742260091006756,0.0246871504932642,0.0,0.3886928856372833,0.48030415177345276,0.4217294156551361
2307.0,2308.0,True,presidenta,closeup,,,0.7803357243537903,0.013994231820106506,0.1940789371728897,0.003284298814833164,0.0006744907004758716,0.002932125236839056,0.004700217861682177,0.0,0.5173848867416382,0.5234162211418152,0.5303671360015869
2308.0,2309.0,True,presidenta,closeup,,,0.8862085938453674,0.053250398486852646,0.03560051694512367,0.012881438247859478,0.0003424411697778851,0.007613803260028362,0.004102732986211777,0.0,0.14615948498249054,0.3371700048446655,0.35537949204444885
2309.0,2310.0,True,presidenta,closeup,,,0.9596462845802307,0.012444590218365192,0.010574865154922009,0.015206879936158657,0.0006532227853313088,0.0013390324311330914,0.00013510987628251314,0.0,0.44775235652923584,0.055180080235004425,0.5024591088294983
2310.0,2311.0,True,presidenta,closeup,,,0.8920709490776062,0.04252643510699272,0.0298992320895195,0.015090573579072952,0.00022817921126261353,0.0017695071874186397,0.018415085971355438,0.0,0.21363723278045654,0.36216744780540466,0.42333653569221497
2311.0,2312.0,True,presidenta,closeup,,,0.8364155292510986,0.09217006713151932,0.026206867769360542,0.03513063117861748,0.0026327967643737793,0.001074949512258172,0.00636914512142539,0.0,0.14842134714126587,0.12517157196998596,0.45155131816864014
2312.0,2313.0,True,presidenta,closeup,,,0.8686913251876831,0.0361919067800045,0.080921471118927,0.005070417653769255,0.000260766624705866,0.0018883270677179098,0.006975758355110884,0.0,0.6868969798088074,0.45482340455055237,0.480220228433609
2313.0,2314.0,True,presidenta,closeup,,,0.9408414363861084,0.003374409629032016,0.041967473924160004,0.0121150529012084,0.00013047497486695647,0.0010697065154090524,0.0005014808848500252,0.0,0.7284204959869385,0.13130925595760345,0.6468853950500488
2314.0,2315.0,True,presidenta,closeup,,,0.1353050321340561,0.3878862261772156,0.020697668194770813,0.3353172242641449,0.0012055736733600497,0.002987760119140148,0.11660061776638031,0.0,0.46555808186531067,0.6133707761764526,0.33262914419174194
2315.0,2316.0,True,presidenta,closeup,,,0.6797971129417419,0.07843493670225143,0.042215265333652496,0.00916700903326273,0.002172841690480709,0.0012783805141225457,0.18693441152572632,0.0,0.04190455377101898,0.1178208738565445,0.4684223532676697
2316.0,2317.0,True,presidenta,closeup,,,0.8213741779327393,0.10455168783664703,0.024291561916470528,0.03159390017390251,0.00019102437363471836,0.000681247387547046,0.017316404730081558,0.0,0.059604328125715256,0.5701290965080261,0.5828645825386047
2317.0,2318.0,True,presidenta,closeup,,,0.8063043355941772,0.07661623507738113,0.03184584900736809,0.05909408628940582,0.002096853218972683,0.004767684731632471,0.019274940714240074,0.0,0.09177876263856888,0.4137119948863983,0.3996157646179199
2318.0,2319.0,True,presidenta,closeup,,,0.7411829829216003,0.07239305973052979,0.16568613052368164,0.013093171641230583,0.0016525130486115813,0.002127325162291527,0.0038648091722279787,0.0,0.1335570216178894,0.09754642099142075,0.3758803606033325
2319.0,2320.0,True,presidenta,closeup,,,0.895421028137207,0.025786377489566803,0.005722018890082836,0.06454262137413025,0.0006890036747790873,0.005768189672380686,0.0020707352086901665,0.0,0.12879464030265808,0.033350203186273575,0.3523237705230713
2320.0,2321.0,True,presidenta,closeup,,,0.7518193125724792,0.04174283891916275,0.03679551184177399,0.012384486384689808,0.0007174733909778297,0.006246168166399002,0.1502942144870758,0.0,0.04105744883418083,0.06480398774147034,0.31781676411628723
2321.0,2322.0,True,presidenta,closeup,,,0.7206804752349854,0.06778489053249359,0.04221819341182709,0.06109405681490898,0.0012789932079613209,0.014914034865796566,0.09202934801578522,0.0,0.4273125231266022,0.6305623054504395,0.5118123292922974
2322.0,2323.0,True,presidenta,closeup,,,0.9566155076026917,0.01738772541284561,0.013245437294244766,0.011078882962465286,0.0001225505693582818,0.0007952311425469816,0.0007546971901319921,0.0,0.7697468996047974,0.3153100609779358,0.5822300910949707
2323.0,2324.0,True,presidenta,closeup,,,0.7196808457374573,0.1329898238182068,0.017325544729828835,0.09166873246431351,0.0012666817056015134,0.009133181534707546,0.027935175225138664,0.0,0.8940379619598389,0.2860330641269684,0.5302780866622925
2324.0,2325.0,True,presidenta,closeup,,,0.8155166506767273,0.06504228711128235,0.006926138419657946,0.11088042706251144,0.0001664551964495331,0.0012439358979463577,0.00022416003048419952,0.0,0.14581501483917236,0.10960205644369125,0.5084972977638245
2325.0,2326.0,True,presidenta,closeup,,,0.020202139392495155,0.055717840790748596,0.004930856171995401,0.9151458144187927,0.0006734043126925826,0.0019096772884950042,0.0014202564489096403,0.0,0.10247406363487244,0.047188594937324524,0.3054337203502655
2326.0,2327.0,True,presidenta,closeup,,,0.8426039218902588,0.04093282297253609,0.08909780532121658,0.00971056055277586,0.0004852911806665361,0.008433430455625057,0.008736170828342438,0.0,0.11800512671470642,0.14498651027679443,0.7105435729026794
2327.0,2328.0,True,presidenta,closeup,,,0.7265351414680481,0.06505107879638672,0.10287825018167496,0.0949857234954834,0.002155634108930826,0.003125163959339261,0.005268984008580446,0.0,0.1478513926267624,0.4807004928588867,0.3774287700653076
2328.0,2329.0,True,presidenta,closeup,,,0.24535781145095825,0.5147861838340759,0.0015065317275002599,0.22514961659908295,0.0008017766522243619,0.00400590430945158,0.008392252959311008,0.0,0.06021270155906677,0.06665467470884323,0.44606682658195496
2329.0,2330.0,True,presidenta,closeup,,,0.19124957919120789,0.7805890440940857,0.008498961105942726,0.01601412333548069,0.00011007607099600136,0.0006953582633286715,0.00284280045889318,0.0,0.194595068693161,0.5779340863227844,0.34051313996315
2330.0,2331.0,True,presidenta,closeup,,,0.21432751417160034,0.5347115397453308,0.01845053769648075,0.20853997766971588,0.0016608729492872953,0.0041495682671666145,0.018160050734877586,0.0,0.12197962403297424,0.5701307654380798,0.21993288397789001
2331.0,2332.0,True,presidenta,closeup,,,0.036800652742385864,0.4975530505180359,0.0055957878939807415,0.4547027349472046,0.0008022417314350605,0.0008871186291798949,0.0036584450863301754,0.0,0.18630722165107727,0.5445668697357178,0.0734577476978302
2332.0,2333.0,True,presidenta,closeup,,,0.967819094657898,0.008768835105001926,0.020617948845028877,0.0014647676143795252,0.0004491555446293205,0.000340937142027542,0.0005392655730247498,0.0,0.30982884764671326,0.060057032853364944,0.34683969616889954
2333.0,2334.0,True,presidenta,closeup,,,0.9603014588356018,0.01787002943456173,0.01243226695805788,0.008106844499707222,0.00025646257563494146,0.00020993160433135927,0.0008229982340708375,0.0,0.1754622757434845,0.24567599594593048,0.530325174331665
2334.0,2335.0,True,presidenta,closeup,,,0.02234782837331295,0.5373564958572388,0.00038170741754584014,0.4354977309703827,0.000741146388463676,0.001830369932577014,0.0018447880866006017,0.0,0.07087095826864243,0.7037478685379028,0.035282909870147705
2335.0,2336.0,True,presidenta,closeup,,,0.8435717821121216,0.08266860246658325,0.0565737709403038,0.012619856745004654,0.003819660749286413,0.0003611236752476543,0.00038517339271493256,0.0,0.094149149954319,0.031021518632769585,0.44909587502479553
2336.0,2337.0,True,presidenta,closeup,,,0.041252657771110535,0.9423341751098633,0.0046448358334600925,0.005368914920836687,0.00012795078509952873,0.0002467636077199131,0.006024666130542755,0.0,0.10132911801338196,0.6076847314834595,0.1807696372270584
2337.0,2338.0,True,presidenta,closeup,,,0.0703880563378334,0.14576515555381775,0.012742639519274235,0.7026588916778564,0.04243959113955498,0.0036391839385032654,0.022366486489772797,0.0,0.04061422497034073,0.35349488258361816,0.053336143493652344
2338.0,2339.0,True,presidenta,closeup,,,0.42148035764694214,0.28797483444213867,0.00877364631742239,0.1268928050994873,0.0021327422000467777,0.008291042409837246,0.14445461332798004,0.0,0.08719337731599808,0.032866429537534714,0.2510848045349121
2339.0,2340.0,True,presidenta,closeup,,,0.7612274885177612,0.17867258191108704,0.01873810961842537,0.009758510626852512,0.0003722062101587653,0.010401798412203789,0.020829280838370323,0.0,0.04064669460058212,0.07480115443468094,0.5488118529319763
2340.0,2341.0,True,presidenta,closeup,,,0.6892640590667725,0.268241822719574,0.013686614111065865,0.001516361953690648,0.00016291826614178717,0.001298364601098001,0.02582990750670433,0.0,0.1776929795742035,0.05756635591387749,0.6725172400474548
2341.0,2342.0,True,presidenta,closeup,,,0.7555074691772461,0.20173507928848267,0.026649195700883865,0.0049122697673738,0.00048086169408634305,0.002385810948908329,0.008329351432621479,0.0,0.08255025744438171,0.04742950201034546,0.428801566362381
2342.0,2343.0,True,presidenta,closeup,,,0.045023538172245026,0.8724196553230286,0.005405963398516178,0.052095673978328705,0.0002920650294981897,0.0011258600279688835,0.02363739348948002,0.0,0.040475063025951385,0.2370828539133072,0.3823818862438202
2343.0,2344.0,True,presidenta,closeup,,,0.07832758873701096,0.7405454516410828,0.03708352893590927,0.08621523529291153,0.0009948448278009892,0.0030400604009628296,0.05379326641559601,0.0,0.14354687929153442,0.6632412672042847,0.28541919589042664
2344.0,2345.0,True,presidenta,closeup,,,0.3749297559261322,0.5141794085502625,0.03179460018873215,0.004273220431059599,0.0007148855365812778,0.004099211655557156,0.07000888139009476,0.0,0.5280882716178894,0.5792551040649414,0.42556536197662354
2345.0,2346.0,True,presidenta,closeup,,,0.35429492592811584,0.3249349594116211,0.22077490389347076,0.003320577321574092,0.0011926805600523949,0.001492846175096929,0.09398907423019409,0.0,0.7191706299781799,0.786756157875061,0.6467936038970947
2346.0,2347.0,True,presidenta,closeup,,,0.2332691103219986,0.7230193614959717,0.03435008227825165,0.001769402646459639,0.00030517479171976447,0.0008724030922167003,0.006414505653083324,0.0,0.6803406476974487,0.7875832915306091,0.6622835993766785
2347.0,2348.0,True,presidenta,closeup,,,0.8063205480575562,0.16618791222572327,0.02089148759841919,0.0006287309224717319,7.721653673797846e-05,0.0047661918215453625,0.0011279472382739186,0.0,0.7490425109863281,0.36315301060676575,0.7008381485939026
2348.0,2349.0,True,presidenta,closeup,,,0.8162335157394409,0.17192673683166504,0.010855778120458126,0.00044156270450912416,0.00011516522499732673,0.0003564307698979974,7.081624062266201e-05,0.0,0.38579830527305603,0.16551202535629272,0.824529230594635
2349.0,2350.0,True,presidenta,closeup,,,0.9664684534072876,0.004267524927854538,0.027976512908935547,0.00019069088739342988,5.09029341628775e-05,0.000999612850137055,4.6334611397469416e-05,0.0,0.3326074481010437,0.19854603707790375,0.45694324374198914
2350.0,2351.0,True,presidenta,closeup,,,0.6883101463317871,0.283526211977005,0.02510673552751541,0.0007690467755310237,7.396216824417934e-05,0.0014880590606480837,0.0007258787518367171,0.0,0.3795326352119446,0.31889888644218445,0.619735836982727
2351.0,2352.0,True,presidenta,closeup,,,0.7649664878845215,0.16244874894618988,0.042566653341054916,0.021893685683608055,0.0004157580842729658,0.005882168188691139,0.001826483872719109,0.0,0.07586849480867386,0.05260134115815163,0.2746025621891022
2352.0,2353.0,True,presidenta,closeup,,,0.9599611759185791,0.009718467481434345,0.02562563680112362,0.004106891341507435,5.765346941188909e-05,0.00046980244223959744,6.044371912139468e-05,0.0,0.05294973403215408,0.018598632887005806,0.2672188878059387
2353.0,2354.0,True,presidenta,closeup,,,0.44799134135246277,0.03224404156208038,0.02451367862522602,0.48780131340026855,0.0008798944181762636,0.0012426618486642838,0.005327071528881788,0.0,0.04030060023069382,0.09487758576869965,0.4640001058578491
2354.0,2355.0,True,presidenta,closeup,,,0.0037337872199714184,0.9282740950584412,0.0004206943267490715,0.06346482038497925,0.0026158387772738934,0.0003290781460236758,0.0011616568081080914,0.0,0.1034206748008728,0.71337890625,0.06352400779724121
2355.0,2356.0,True,presidenta,closeup,,,0.03414925932884216,0.8302675485610962,0.01185101643204689,0.10283364355564117,0.004822058137506247,0.0011730850674211979,0.014903383329510689,0.0,0.18063639104366302,0.5444429516792297,0.10839544236660004
2356.0,2357.0,True,presidenta,closeup,,,0.9122012257575989,0.03343985602259636,0.004482269752770662,0.04765184223651886,0.00031074672006070614,0.0018226815154775977,9.133588173426688e-05,0.0,0.08872846513986588,0.07747044414281845,0.3811013698577881
2357.0,2358.0,True,presidenta,closeup,,,0.2719545066356659,0.6592546701431274,0.01025940291583538,0.05031995847821236,0.0007641833508387208,0.002699693664908409,0.004747579339891672,0.0,0.2164742797613144,0.13376948237419128,0.5530655384063721
2358.0,2359.0,True,presidenta,closeup,,,0.13816635310649872,0.7831152677536011,0.011925233528017998,0.05274360626935959,0.0030504323076456785,0.0008411769522354007,0.010157993994653225,0.0,0.09428192675113678,0.7377146482467651,0.2136257439851761
2359.0,2360.0,True,presidenta,closeup,,,0.3162772059440613,0.07638527452945709,0.01006300188601017,0.5229863524436951,0.0058930302038788795,0.00320267747156322,0.06519249081611633,0.0,0.5232908129692078,0.5729288458824158,0.5964111685752869
2360.0,2361.0,True,presidenta,closeup,,,0.5034069418907166,0.047796718776226044,0.009951329790055752,0.43448516726493835,0.002262979745864868,0.0017433034954592586,0.0003536040603648871,0.0,0.19766181707382202,0.31731554865837097,0.553095281124115
2361.0,2362.0,True,presidenta,closeup,,,0.933745801448822,0.03434685245156288,0.01177308987826109,0.019096726551651955,8.549056656192988e-05,0.0008065416477620602,0.00014544294390361756,0.0,0.11494314670562744,0.05687479302287102,0.20998629927635193
2362.0,2363.0,True,presidenta,closeup,,,0.8410166501998901,0.11799409985542297,0.017649125307798386,0.020095039159059525,0.00031924265203997493,0.0009209769195877016,0.002004818059504032,0.0,0.20530885457992554,0.38159218430519104,0.46904289722442627
2363.0,2364.0,True,presidenta,closeup,,,0.29067450761795044,0.6737974286079407,0.003912236075848341,0.02265830710530281,0.00012849662743974477,0.0015699791256338358,0.00725915702059865,0.0,0.10643685609102249,0.6748080253601074,0.39280954003334045
2364.0,2365.0,True,presidenta,closeup,,,0.6840991973876953,0.10070290416479111,0.0494251474738121,0.07427313178777695,0.002324578585103154,0.006414100062102079,0.08276087045669556,0.0,0.1763804703950882,0.1405821293592453,0.5336450934410095
2365.0,2366.0,True,presidenta,closeup,,,0.512458324432373,0.12402721494436264,0.014002339914441109,0.2112508863210678,0.005147446878254414,0.0786026120185852,0.05451119691133499,0.0,0.1081644594669342,0.1187213584780693,0.4639562964439392
2366.0,2367.0,True,presidenta,closeup,,,0.6750837564468384,0.1556304693222046,0.04215465858578682,0.019440867006778717,0.0005495949881151319,0.031675565987825394,0.075465127825737,0.0,0.06912010908126831,0.2826199233531952,0.5442062020301819
2367.0,2368.0,True,presidenta,closeup,,,0.8418722748756409,0.02557862550020218,0.07349073141813278,0.0020676979329437017,0.0008286751108244061,0.023143969476222992,0.03301805257797241,0.0,0.49013927578926086,0.195945605635643,0.36020326614379883
2368.0,2369.0,True,presidenta,closeup,,,0.9454497694969177,0.009398087859153748,0.009703708812594414,0.03452208638191223,0.0007709257188253105,0.0001345856871921569,2.079838486679364e-05,0.0,0.043268416076898575,0.03972943499684334,0.39497414231300354
2369.0,2370.0,True,presidenta,closeup,,,0.12384084612131119,0.49713385105133057,0.0017394785536453128,0.37259018421173096,0.0006832165527157485,0.001193953212350607,0.002818349050357938,0.0,0.13844770193099976,0.5461137890815735,0.6189045906066895
2370.0,2371.0,True,presidenta,closeup,,,0.9427676796913147,0.0038929872680455446,0.006448176223784685,0.045257505029439926,0.00041520994273014367,0.0010496765607967973,0.00016876902373041958,0.0,0.490934282541275,0.023572197183966637,0.711801290512085
2371.0,2372.0,True,presidenta,closeup,,,0.24608862400054932,0.6253294348716736,0.014657381922006607,0.1080850139260292,0.0016855505527928472,0.00034665263956412673,0.003807332133874297,0.0,0.4243425130844116,0.5409142374992371,0.14917273819446564
2372.0,2373.0,True,presidenta,closeup,,,0.8835313320159912,0.06130095198750496,0.007423200644552708,0.007180489599704742,0.0007986623677425086,0.001550005399622023,0.03821529820561409,0.0,0.27569738030433655,0.11147111654281616,0.3432910442352295
2373.0,2374.0,True,presidenta,closeup,,,0.8538778424263,0.08470569550991058,0.010650904849171638,0.04908783733844757,0.00015037429693620652,0.0005950965569354594,0.0009321996476501226,0.0,0.2665902376174927,0.47755059599876404,0.4060080051422119
2374.0,2375.0,True,presidenta,closeup,,,0.5210291743278503,0.09947522729635239,0.07437526434659958,0.0035603144206106663,0.0007899019401520491,0.007374628446996212,0.2933954894542694,0.0,0.09784331917762756,0.09353282302618027,0.49398428201675415
2375.0,2376.0,True,presidenta,closeup,,,0.7574821710586548,0.2270236611366272,0.006349712144583464,0.005408596247434616,0.0006841313443146646,0.0005815057666040957,0.002470271894708276,0.0,0.02032560668885708,0.06318806856870651,0.58030766248703
2376.0,2377.0,True,presidenta,closeup,,,0.5651857852935791,0.05092868208885193,0.12101666629314423,0.226980522274971,0.025494301691651344,0.0021116810385137796,0.0082824332639575,0.0,0.11107863485813141,0.07889868319034576,0.3097454905509949
2377.0,2378.0,True,presidenta,closeup,,,0.19259940087795258,0.11592405289411545,0.017548799514770508,0.6438131332397461,0.020775631070137024,0.0031630380544811487,0.006176009774208069,0.0,0.04401424527168274,0.04262011498212814,0.417365163564682
2378.0,2379.0,True,presidenta,closeup,,,0.002584872767329216,0.8639121651649475,0.000453113199910149,0.1274406611919403,0.0009457687847316265,0.0005207205540500581,0.004142675083130598,0.0,0.11682816594839096,0.6285569667816162,0.054040227085351944
2379.0,2380.0,True,presidenta,closeup,,,0.15889933705329895,0.2641492486000061,0.0071930112317204475,0.5097499489784241,0.03538372367620468,0.007865356281399727,0.016759425401687622,0.0,0.03479285165667534,0.04114900156855583,0.32524386048316956
2380.0,2381.0,True,presidenta,closeup,,,0.49172428250312805,0.14024338126182556,0.010000555776059628,0.2627146542072296,0.009324885904788971,0.020039865747094154,0.06595229357481003,0.0,0.08072710037231445,0.03690633922815323,0.2783280313014984
2381.0,2382.0,True,presidenta,closeup,,,0.6414210200309753,0.07336489111185074,0.01957450434565544,0.16392062604427338,0.009667947888374329,0.028735455125570297,0.06331554800271988,0.0,0.03025003895163536,0.034959059208631516,0.23852446675300598
2382.0,2383.0,True,presidenta,closeup,,,0.9135240316390991,0.03768531233072281,0.020270179957151413,0.02063886635005474,0.00026585126761347055,0.001219256897456944,0.006396541837602854,0.0,0.052297767251729965,0.03850031644105911,0.21730265021324158
2383.0,2384.0,True,presidenta,closeup,,,0.8436705470085144,0.04208088293671608,0.033368539065122604,0.04794229194521904,0.001951115671545267,0.01692834496498108,0.014058278873562813,0.0,0.05373000726103783,0.03014836646616459,0.2408090978860855
2384.0,2385.0,True,presidenta,closeup,,,0.7343536019325256,0.2313985526561737,0.03185105696320534,0.0014561987482011318,5.727938696509227e-05,0.00014823756646364927,0.0007350422674790025,0.0,0.5373885631561279,0.7435928583145142,0.6490330696105957
2385.0,2386.0,True,presidenta,closeup,,,0.9016300439834595,0.01777130737900734,0.0309232659637928,0.041403234004974365,0.0003489892988000065,0.006558906752616167,0.0013642330886796117,0.0,0.24941779673099518,0.4458785355091095,0.46383100748062134
2386.0,2387.0,True,presidenta,closeup,,,0.38289764523506165,0.014056711457669735,0.005743694491684437,0.5903312563896179,0.0005085261655040085,0.0059683858416974545,0.0004937757621519268,0.0,0.10323760658502579,0.2578188180923462,0.5448909997940063
2387.0,2388.0,True,presidenta,closeup,,,0.34416815638542175,0.5138309597969055,0.04932451248168945,0.05112363025546074,0.000181162977241911,0.0015429363120347261,0.03982865437865257,0.0,0.07982596009969711,0.22345495223999023,0.538628101348877
2388.0,2389.0,True,presidenta,closeup,,,0.8498642444610596,0.011559292674064636,0.044253159314394,0.0414753295481205,0.004905871115624905,0.0033551305532455444,0.04458694905042648,0.0,0.03694741800427437,0.02900674007833004,0.6007810831069946
2389.0,2390.0,True,presidenta,closeup,,,0.02269591949880123,0.01239271555095911,0.0008076426456682384,0.9620708227157593,0.0017002851236611605,0.00027656645397655666,5.602329838438891e-05,0.0,0.03620137646794319,0.11380420625209808,0.21427398920059204
2390.0,2391.0,True,presidenta,closeup,,,0.7896052002906799,0.020915566012263298,0.010127970017492771,0.17244867980480194,0.005908676888793707,0.0009072689572349191,8.658133447170258e-05,0.0,0.316109836101532,0.018313059583306313,0.7272825837135315
2391.0,2392.0,True,presidenta,closeup,,,0.9687411785125732,0.012993915937840939,0.007894470356404781,0.009055638685822487,0.0006566939991898835,0.00027220364427194,0.00038586719892919064,0.0,0.05461444333195686,0.026531225070357323,0.7710860967636108
2392.0,2393.0,True,presidenta,closeup,,,0.9020335674285889,0.025758685544133186,0.004724717698991299,0.06689151376485825,0.00019460468320176005,0.0002818595094140619,0.00011505176371429116,0.0,0.4611356854438782,0.07700817286968231,0.6345570683479309
2393.0,2394.0,True,presidenta,closeup,,,0.8241966962814331,0.07109399884939194,0.0074549345299601555,0.09625130891799927,6.982548802625388e-05,0.0008408761350437999,9.241794759873301e-05,0.0,0.30821382999420166,0.1827848255634308,0.6622008681297302
2394.0,2395.0,True,presidenta,closeup,,,0.041823793202638626,0.9461417198181152,0.0005994907696731389,0.010644987225532532,7.679234840907156e-05,6.458127609221265e-05,0.0006486022612079978,0.0,0.5597540736198425,0.8626561164855957,0.43390288949012756
2395.0,2396.0,True,presidenta,closeup,,,0.14635655283927917,0.028089070692658424,0.00033773473114706576,0.007327954284846783,0.0005175325204618275,0.8071523308753967,0.01021885871887207,0.0,0.8173180818557739,0.15919941663742065,0.6283414959907532
2396.0,2397.0,True,presidenta,closeup,,,0.46261006593704224,0.17915990948677063,0.003395775333046913,0.22493672370910645,0.0008192111272364855,0.12349794059991837,0.0055803656578063965,0.0,0.6079121828079224,0.4306879937648773,0.49331235885620117
2397.0,2398.0,False,,wide,,,,,,,,,,,,,
2398.0,2399.0,False,,wide,,,,,,,,,,,,,
2399.0,2400.0,False,,wide,,,,,,,,,,,,,
2400.0,2401.0,False,,wide,,,,,,,,,,,,,
2401.0,2402.0,False,,wide,,,,,,,,,,,,,
2402.0,2403.0,True,otro,closeup,,,0.8851815462112427,0.02174648642539978,0.010673178359866142,0.003731420962139964,0.0007639668765477836,0.04265638813376427,0.03524700924754143,0.0,0.5872592329978943,0.47217148542404175,0.3892664611339569
2403.0,2404.0,True,otro,closeup,,,0.6714115738868713,0.030072132125496864,0.011604408733546734,0.00240809447132051,0.0005742530920542777,0.2048153579235077,0.07911425828933716,0.0,0.3787377178668976,0.616390585899353,0.5754943490028381
2404.0,2405.0,True,otro,closeup,,,0.907513439655304,0.029493022710084915,0.00707456236705184,0.006519751623272896,0.0009041197481565177,0.03751092776656151,0.010984180495142937,0.0,0.7753925919532776,0.7625084519386292,0.5116605162620544
2405.0,2406.0,True,otro,closeup,,,0.1990988403558731,0.003958913031965494,0.006857746746391058,0.01727551966905594,0.0009128436213359237,0.5227620005607605,0.24913418292999268,0.0,0.716147243976593,0.5750831365585327,0.5246753692626953
2406.0,2407.0,True,otro,closeup,,,0.6232196688652039,0.15822049975395203,0.014257701113820076,0.012722043320536613,0.0006500423769466579,0.11096306145191193,0.07996697723865509,0.0,0.33819398283958435,0.5143820643424988,0.36189839243888855
2407.0,2408.0,False,,wide,,,,,,,,,,,,,
2408.0,2409.0,False,,wide,,,,,,,,,,,,,
2409.0,2410.0,False,,wide,,,,,,,,,,,,,
2410.0,2411.0,False,,wide,,,,,,,,,,,,,
2411.0,2412.0,False,,wide,,,,,,,,,,,,,
2412.0,2413.0,False,,wide,,,,,,,,,,,,,
2413.0,2414.0,False,,wide,,,,,,,,,,,,,
2414.0,2415.0,False,,wide,,,,,,,,,,,,,
2415.0,2416.0,False,,wide,,,,,,,,,,,,,
2416.0,2417.0,False,,wide,,,,,,,,,,,,,
2417.0,2418.0,False,,wide,,,,,,,,,,,,,
2418.0,2419.0,False,,wide,,,,,,,,,,,,,
2419.0,2420.0,False,,wide,,,,,,,,,,,,,
2420.0,2421.0,False,,wide,,,,,,,,,,,,,
2421.0,2422.0,True,otro,closeup,,,0.5474390387535095,0.013277384452521801,0.02428695186972618,0.0005790890427306294,0.0001452962023904547,0.4141109883785248,0.00016119198699016124,0.0,0.379791259765625,0.7201878428459167,0.6088532209396362
2422.0,2423.0,True,otro,closeup,,,0.28950461745262146,0.03167126700282097,0.023405535146594048,0.015507940202951431,0.000255986291449517,0.6393118500709534,0.00034279716783203185,0.0,0.30035656690597534,0.6950784921646118,0.38529178500175476
2423.0,2424.0,True,otro,closeup,,,0.814214825630188,0.020156756043434143,0.025838542729616165,0.017379485070705414,0.0030692133586853743,0.11453859508037567,0.004802573472261429,0.0,0.3271278738975525,0.8207630515098572,0.6126960515975952
2424.0,2425.0,True,otro,closeup,,,0.5211247801780701,0.0968930795788765,0.026310114189982414,0.0017271538963541389,0.0006307777366600931,0.3331257402896881,0.02018842101097107,0.0,0.36579403281211853,0.9497638940811157,0.5664525032043457
2425.0,2426.0,True,otro,closeup,,,0.2244015634059906,0.004237086977809668,0.012564495205879211,0.007882582023739815,0.00013896940799895674,0.750415563583374,0.00035975570790469646,0.0,0.2197289913892746,0.13876059651374817,0.5361000895500183
2426.0,2427.0,True,otro,closeup,,,0.08225028961896896,0.005035125184804201,0.01935783214867115,0.0025632085744291544,0.00020901483367197216,0.8888334035873413,0.0017510522156953812,0.0,0.301830530166626,0.8693131804466248,0.5831734538078308
2427.0,2428.0,True,otro,closeup,,,0.2765987813472748,0.0064684199169278145,0.02952297031879425,0.005664307624101639,0.00042149075306952,0.6802347302436829,0.0010893188882619143,0.0,0.18644629418849945,0.3373660445213318,0.558210551738739
2428.0,2429.0,True,otro,closeup,,,0.2211771011352539,0.03564468398690224,0.03245220333337784,0.0019399805460125208,0.00018659146735444665,0.7064473032951355,0.0021521325688809156,0.0,0.23814143240451813,0.9078748226165771,0.5675289630889893
2429.0,2430.0,True,otro,closeup,,,0.2612215280532837,0.004331657197326422,0.039034292101860046,0.02135143242776394,0.0005450820317491889,0.6729398965835571,0.0005759861087426543,0.0,0.3976236879825592,0.5151275396347046,0.42396658658981323
2430.0,2431.0,True,otro,closeup,,,0.15867024660110474,0.042454950511455536,0.026661958545446396,0.002991752466186881,0.00014807071420364082,0.7670937180519104,0.001979261636734009,0.0,0.27909088134765625,0.940330982208252,0.5076647996902466
2431.0,2432.0,True,otro,closeup,,,0.2930010259151459,0.0043828184716403484,0.037780050188302994,0.070367231965065,0.0007303655729629099,0.5926640033721924,0.0010743580060079694,0.0,0.26659828424453735,0.08352596312761307,0.5989469885826111
2432.0,2433.0,True,otro,closeup,,,0.6298426389694214,0.006815972737967968,0.06016256660223007,0.0012595284497365355,0.0002046558220172301,0.301413357257843,0.0003012263623531908,0.0,0.461139440536499,0.33633047342300415,0.5490604043006897
2433.0,2434.0,True,otro,closeup,,,0.13466177880764008,0.013302958570420742,0.028220852836966515,0.004338196478784084,0.0001679201959632337,0.8177770376205444,0.0015314619522541761,0.0,0.4549824595451355,0.8530937433242798,0.41886648535728455
2434.0,2435.0,True,otro,closeup,,,0.1847660094499588,0.010482046753168106,0.02628597617149353,0.002503747818991542,0.0001213569994433783,0.7744570970535278,0.0013838596642017365,0.0,0.25134578347206116,0.5571380257606506,0.5858808755874634
2435.0,2436.0,True,otro,closeup,,,0.5158374309539795,0.015303411521017551,0.09902825951576233,0.010701031424105167,0.00035300845047459006,0.35848358273506165,0.0002932189963757992,0.0,0.2371181845664978,0.698898196220398,0.6730663180351257
2436.0,2437.0,True,otro,closeup,,,0.3360162079334259,0.024898819625377655,0.08884432166814804,0.003927111625671387,0.000366693246178329,0.5445478558540344,0.0013990026200190187,0.0,0.42529866099357605,0.927944004535675,0.36095941066741943
2437.0,2438.0,True,otro,closeup,,,0.10837564617395401,0.007903702557086945,0.044646359980106354,0.015154206193983555,0.00036971113877370954,0.8227443695068359,0.0008058700477704406,0.0,0.47120600938796997,0.6508750915527344,0.46890032291412354
2438.0,2439.0,True,otro,closeup,,,0.13449348509311676,0.0018361571710556746,0.029385223984718323,0.002359786769375205,9.823054278967902e-05,0.8316382169723511,0.00018891377840191126,0.0,0.3491343557834625,0.5667224526405334,0.5962768793106079
2439.0,2440.0,True,otro,closeup,,,0.07932676374912262,0.0033001829870045185,0.017357662320137024,0.0024985214695334435,0.0003063592885155231,0.89523845911026,0.001971852034330368,0.0,0.47109267115592957,0.4019393026828766,0.5013578534126282
2440.0,2441.0,True,otro,closeup,,,0.11826647073030472,0.0641891360282898,0.01891086809337139,0.0044585405848920345,0.000299121777061373,0.7863280177116394,0.007547722663730383,0.0,0.32170552015304565,0.9554932713508606,0.5022249817848206
2441.0,2442.0,True,otro,closeup,,,0.1562054306268692,0.006033307407051325,0.027851514518260956,0.001532513415440917,3.968064265791327e-05,0.8080736994743347,0.00026384613011032343,0.0,0.22463655471801758,0.8294268250465393,0.6282015442848206
2442.0,2443.0,True,otro,closeup,,,0.2523133456707001,0.009598234668374062,0.04470980912446976,0.008189993910491467,0.0002216889406554401,0.6844301223754883,0.0005368688725866377,0.0,0.3346652686595917,0.8625853657722473,0.5629963278770447
2443.0,2444.0,True,otro,closeup,,,0.37623462080955505,0.018041837960481644,0.06493889540433884,0.020426589995622635,0.00034694437636062503,0.5196447372436523,0.0003663449897430837,0.0,0.2544240653514862,0.45038607716560364,0.483041912317276
2444.0,2445.0,True,otro,closeup,,,0.20349986851215363,0.007531498558819294,0.030585605651140213,0.0036087294574826956,0.00013133764150552452,0.7543252110481262,0.00031765332096256316,0.0,0.44300219416618347,0.7285829186439514,0.5710865259170532
2445.0,2446.0,True,otro,closeup,,,0.403319388628006,0.0046615288592875,0.051130764186382294,0.003931141924113035,0.0001114012484322302,0.5366901755332947,0.00015565109788440168,0.0,0.32089319825172424,0.528708815574646,0.6709729433059692
2446.0,2447.0,True,otro,closeup,,,0.3129367530345917,0.12272284924983978,0.024851061403751373,0.004662964027374983,0.00041412629070691764,0.5304609537124634,0.003951317630708218,0.0,0.1581905335187912,0.9592220783233643,0.5200182199478149
2447.0,2448.0,True,otro,closeup,,,0.2892509996891022,0.1669255793094635,0.028273772448301315,0.004310618620365858,0.000235771294683218,0.5070112347602844,0.003992036916315556,0.0,0.14943887293338776,0.9411548376083374,0.5870572924613953
2448.0,2449.0,True,otro,closeup,,,0.48975613713264465,0.025546278804540634,0.21374951303005219,0.0016366785857826471,0.00022589103900827467,0.268258661031723,0.000826871779281646,0.0,0.47961729764938354,0.7342822551727295,0.6349374651908875
2449.0,2450.0,True,otro,closeup,,,0.8341858386993408,0.011497823521494865,0.03496331721544266,0.004865611903369427,0.0002188848884543404,0.11417321115732193,9.526409121463075e-05,0.0,0.32355502247810364,0.2225738763809204,0.696617841720581
2450.0,2451.0,True,otro,closeup,,,0.11784005165100098,0.007646928075700998,0.02818458527326584,0.001705383532680571,6.917663267813623e-05,0.8442760109901428,0.00027801876422017813,0.0,0.27101942896842957,0.6668862104415894,0.679496705532074
2451.0,2452.0,True,otro,closeup,,,0.10560156404972076,0.004458502400666475,0.05031637102365494,0.0012415422825142741,0.00013533626042772084,0.8368192315101624,0.0014274482382461429,0.0,0.3673931956291199,0.8502970337867737,0.7092360854148865
2452.0,2453.0,True,presidenta,closeup,,,0.5288938283920288,0.29573482275009155,0.016988655552268028,0.13341805338859558,0.002112326445057988,0.014673718251287937,0.008178635500371456,0.0,0.26616206765174866,0.06120443344116211,0.39829006791114807
2453.0,2454.0,True,presidenta,closeup,,,0.9484559297561646,0.023008765652775764,0.003705336945131421,0.015238052234053612,0.00010499280324438587,0.0005902866250835359,0.008896689862012863,0.0,0.4371684193611145,0.07945899665355682,0.3984166085720062
2454.0,2455.0,True,presidenta,closeup,,,0.9220910668373108,0.05945970118045807,0.01334807276725769,0.00431807478889823,9.61196783464402e-05,0.00045888207387179136,0.00022806957713328302,0.0,0.5528401732444763,0.26574835181236267,0.5873198509216309
2455.0,2456.0,True,presidenta,closeup,,,0.9841190576553345,0.0009644246310926974,0.013115962035953999,0.000804381154011935,0.00023041236272547394,0.0002548460615798831,0.0005108910263516009,0.0,0.18056431412696838,0.05194558575749397,0.6400438547134399
2456.0,2457.0,True,presidenta,closeup,,,0.9359440207481384,0.009335010312497616,0.05125270411372185,0.0016063771909102798,0.00020566814055200666,0.0007371393730863929,0.0009190976270474494,0.0,0.39804065227508545,0.20052595436573029,0.6668012142181396
2457.0,2458.0,True,presidenta,closeup,,,0.984480082988739,0.0057592857629060745,0.006686146836727858,0.0029088035225868225,4.9399670388083905e-05,8.850417361827567e-05,2.7769645384978503e-05,0.0,0.6538501381874084,0.32535433769226074,0.7259494662284851
2458.0,2459.0,True,presidenta,closeup,,,0.7197379469871521,0.1627710610628128,0.0021416700910776854,0.1084020808339119,0.0011956889647990465,0.001093017985112965,0.004658491816371679,0.0,0.4232152998447418,0.06792952120304108,0.3339998126029968
2459.0,2460.0,True,presidenta,closeup,,,0.9784466624259949,0.004070905037224293,0.005716300569474697,0.010164032690227032,0.0010848201345652342,0.00013183349801693112,0.00038545270217582583,0.0,0.2870703637599945,0.17438562214374542,0.752717137336731
2460.0,2461.0,True,presidenta,closeup,,,0.8210268020629883,0.05561592057347298,0.0042212121188640594,0.05855369195342064,0.0023713791742920876,0.001855970942415297,0.056355055421590805,0.0,0.3207588195800781,0.031924545764923096,0.45110151171684265
2461.0,2462.0,True,presidenta,closeup,,,0.9684025645256042,0.02132497914135456,0.0013628971064463258,0.005486619658768177,0.0001317165297223255,0.0004219787660986185,0.0028692788910120726,0.0,0.2580450177192688,0.0920603796839714,0.46014368534088135
2462.0,2463.0,True,presidenta,closeup,,,0.7474196553230286,0.24964016675949097,0.000647836597636342,0.0005045202560722828,8.6956650193315e-05,7.167971489252523e-05,0.001629164326004684,0.0,0.14404207468032837,0.13971853256225586,0.6843879222869873
2463.0,2464.0,True,presidenta,closeup,,,0.8488529920578003,0.13190585374832153,0.0014276823494583368,0.002555448329076171,0.0004932524752803147,0.0003606518730521202,0.014404086396098137,0.0,0.19162632524967194,0.06546302139759064,0.5155123472213745
2464.0,2465.0,True,presidenta,closeup,,,0.8875166177749634,0.09780143946409225,0.0031844659242779016,0.00960884802043438,0.001800537109375,2.8429807571228594e-05,5.964132651570253e-05,0.0,0.0883989930152893,0.14291363954544067,0.5878729820251465
2465.0,2466.0,True,presidenta,closeup,,,0.8885954022407532,0.02089766226708889,0.0010690937051549554,0.08890777081251144,0.00034844200126826763,0.00013355090050026774,4.806365177500993e-05,0.0,0.08875308930873871,0.09426894783973694,0.45256298780441284
2466.0,2467.0,True,presidenta,closeup,,,0.8690713047981262,0.09300940483808517,0.0028506333474069834,0.033762603998184204,0.00015301379607990384,0.0002293170109624043,0.0009237061021849513,0.0,0.09176115691661835,0.1909804344177246,0.6310527324676514
2467.0,2468.0,True,presidenta,closeup,,,0.8411510586738586,0.09802069514989853,0.004447887651622295,0.031046884134411812,0.00840463861823082,0.0020919141825288534,0.014836900867521763,0.0,0.14470838010311127,0.04182245582342148,0.43157508969306946
2468.0,2469.0,True,presidenta,closeup,,,0.9657664895057678,0.01964510977268219,0.0012741170357912779,0.01292098592966795,0.0002119348500855267,0.0001265771861653775,5.476782098412514e-05,0.0,0.30024105310440063,0.033524688333272934,0.5545530319213867
2469.0,2470.0,True,presidenta,closeup,,,0.5787363648414612,0.34329715371131897,0.002040645107626915,0.06748456507921219,0.0014544747537001967,0.0010031650308519602,0.005983569659292698,0.0,0.16766023635864258,0.2880426049232483,0.6736858487129211
2470.0,2471.0,True,presidenta,closeup,,,0.9803243279457092,0.011313255876302719,0.004446075763553381,0.0035463334061205387,6.783051503589377e-05,0.00027239046175964177,2.9802065910189413e-05,0.0,0.1512393355369568,0.05747532472014427,0.6685307025909424
2471.0,2472.0,True,presidenta,closeup,,,0.960197389125824,0.035334136337041855,0.0022404780611395836,0.001670584548264742,9.778663661563769e-05,0.00011746141535695642,0.00034218933433294296,0.0,0.3978481590747833,0.14344482123851776,0.6005532145500183
2472.0,2473.0,True,presidenta,closeup,,,0.49188172817230225,0.016779303550720215,0.009016844443976879,0.42740315198898315,0.053693659603595734,0.0011242550099268556,0.00010110472794622183,0.0,0.5195572972297668,0.061059895902872086,0.37454113364219666
2473.0,2474.0,True,presidenta,closeup,,,0.9867070913314819,0.008662980981171131,0.0024487385526299477,0.0018185750814154744,0.0001104623224819079,8.308802352985367e-05,0.00016909238183870912,0.0,0.19281098246574402,0.035951968282461166,0.4581119120121002
2474.0,2475.0,True,presidenta,closeup,,,0.9889063835144043,0.009101894684135914,0.0008848353754729033,0.0008516835514456034,8.171064109774306e-05,3.0587885703425854e-05,0.00014288556121755391,0.0,0.19434647262096405,0.08978942036628723,0.6321040391921997
2475.0,2476.0,True,presidenta,closeup,,,0.9825899004936218,0.00187632255256176,0.014262919314205647,0.0005692301201634109,0.00011255964636802673,0.0005610713269561529,2.7980553568340838e-05,0.0,0.44104689359664917,0.3063848316669464,0.6457942724227905
2476.0,2477.0,True,presidenta,closeup,,,0.9776310324668884,0.004620631691068411,0.015300008468329906,0.0012340317480266094,0.000274167163297534,0.0007603751146234572,0.00017980218399316072,0.0,0.6754971146583557,0.24197058379650116,0.6066437363624573
2477.0,2478.0,True,presidenta,closeup,,,0.7696416974067688,0.13709238171577454,0.005449504591524601,0.08102364838123322,0.004604808520525694,0.0009372122003696859,0.0012507650535553694,0.0,0.2596248388290405,0.13205790519714355,0.678168773651123
2478.0,2479.0,True,presidenta,closeup,,,0.9471163749694824,0.04421573504805565,0.0035226321779191494,0.0031472197733819485,0.00010136635683011264,0.00031958986073732376,0.0015771067701280117,0.0,0.3118782341480255,0.08923549950122833,0.4928148090839386
2479.0,2480.0,True,presidenta,closeup,,,0.9203566312789917,0.01253433059900999,0.008469343185424805,0.05632834509015083,0.000704360194504261,0.0002920750412158668,0.0013149287551641464,0.0,0.12255808711051941,0.06862972676753998,0.3930908143520355
2480.0,2481.0,True,presidenta,closeup,,,0.9630287289619446,0.0013212045887485147,0.03144054487347603,0.0027993570547550917,0.0002302193024661392,0.0005607865168713033,0.0006191743887029588,0.0,0.6272068619728088,0.04221166670322418,0.7176318764686584
2481.0,2482.0,True,presidenta,closeup,,,0.9764688014984131,0.001945170690305531,0.019927071407437325,0.00039681288762949407,0.00010428670793771744,0.0008928839233703911,0.0002649789967108518,0.0,0.6627821326255798,0.10911734402179718,0.6711298227310181
2482.0,2483.0,True,presidenta,closeup,,,0.36532241106033325,0.504500687122345,0.07323438674211502,0.035583093762397766,0.0012754022609442472,0.0014142681611701846,0.01866968721151352,0.0,0.22831539809703827,0.6156097650527954,0.5427831411361694
2483.0,2484.0,True,presidenta,closeup,,,0.9618483185768127,0.011150726117193699,0.024941517040133476,0.00025623783585615456,0.0001429807598469779,0.000720922602340579,0.0009393354412168264,0.0,0.7474642992019653,0.3647942841053009,0.6400982737541199
2484.0,2485.0,True,presidenta,closeup,,,0.9316921830177307,0.04277145862579346,0.018300065770745277,0.0009448531782254577,0.00026995062944479287,0.0032549097668379545,0.0027665807865560055,0.0,0.7272295951843262,0.560966432094574,0.4847172498703003
2485.0,2486.0,True,presidenta,closeup,,,0.9256190657615662,0.05215534195303917,0.01909908838570118,0.00014756969176232815,0.00013248085451778024,0.0018622102215886116,0.0009842916624620557,0.0,0.8639541864395142,0.5576518774032593,0.6559990644454956
2486.0,2487.0,True,presidenta,closeup,,,0.9828796982765198,0.006001364905387163,0.009189095348119736,0.0009064638870768249,0.00019071997667197138,0.00046972534619271755,0.00036296763573773205,0.0,0.3522619903087616,0.4282437562942505,0.6161612868309021
2487.0,2488.0,True,presidenta,closeup,,,0.9450371265411377,0.004121643025428057,0.004832006525248289,0.044039368629455566,0.0017103836871683598,0.00019635514763649553,6.30965078016743e-05,0.0,0.10240773111581802,0.04206413775682449,0.7021981477737427
2488.0,2489.0,True,presidenta,closeup,,,0.8880245685577393,0.005346606485545635,0.006012162193655968,0.09761043637990952,0.0023902165703475475,0.0005674379644915462,4.8511730710742995e-05,0.0,0.2877839505672455,0.02912234142422676,0.5076512098312378
2489.0,2490.0,True,presidenta,closeup,,,0.9321556091308594,0.021825432777404785,0.003693434875458479,0.038881491869688034,0.0006446961779147387,0.0003062334144487977,0.0024930587969720364,0.0,0.20281670987606049,0.0689229965209961,0.2787729501724243
2490.0,2491.0,True,presidenta,closeup,,,0.7551173567771912,0.026002226397395134,0.02139655500650406,0.1533019095659256,0.03597717359662056,0.0014063515700399876,0.00679845130071044,0.0,0.23839811980724335,0.13073672354221344,0.5981631875038147
2491.0,2492.0,True,presidenta,closeup,,,0.7025600671768188,0.007838509045541286,0.005340102594345808,0.2680192291736603,0.015309038572013378,0.000493215280584991,0.0004397957236506045,0.0,0.1830848902463913,0.08793885260820389,0.2748287320137024
2492.0,2493.0,True,presidenta,closeup,,,0.8586376309394836,0.08996355533599854,0.002077806042507291,0.010690351016819477,0.00031515699811279774,0.0009289731387980282,0.03738649562001228,0.0,0.3340873122215271,0.1102444976568222,0.2771385908126831
2493.0,2494.0,True,presidenta,closeup,,,0.9134829640388489,0.011609446257352829,0.06423983722925186,0.0049175540916621685,0.0017087693559005857,0.002181923482567072,0.0018595203291624784,0.0,0.5715503096580505,0.5525449514389038,0.737520158290863
2494.0,2495.0,True,presidenta,closeup,,,0.7971685528755188,0.06233176589012146,0.07622687518596649,0.02173417992889881,0.0022266751620918512,0.0073208194226026535,0.032991085201501846,0.0,0.6535621881484985,0.4418065845966339,0.7873696684837341
2495.0,2496.0,True,presidenta,closeup,,,0.9587959051132202,0.01658463664352894,0.02077990584075451,0.0007152701145969331,9.508019866188988e-05,0.0005460329703055322,0.002483164891600609,0.0,0.6695820093154907,0.5442700386047363,0.7105675935745239
2496.0,2497.0,True,presidenta,closeup,,,0.9873802661895752,0.001737514859996736,0.0036012688651680946,0.002974265720695257,0.0014651372330263257,0.00022753176745027304,0.0026140622794628143,0.0,0.30250123143196106,0.06326533108949661,0.6393231153488159
2497.0,2498.0,True,presidenta,closeup,,,0.9914339780807495,0.0020651130471378565,0.0036788545548915863,0.0019651115871965885,0.00019159878138452768,0.00036583366454578936,0.00029953333432786167,0.0,0.20287711918354034,0.0502440370619297,0.3752351403236389
2498.0,2499.0,True,presidenta,closeup,,,0.8982146382331848,0.011444673873484135,0.08615793287754059,0.0017903028056025505,0.0006461756420321763,0.00037983644870109856,0.0013664348516613245,0.0,0.6135915517807007,0.42050671577453613,0.6661104559898376
2499.0,2500.0,True,presidenta,closeup,,,0.9838182330131531,0.00679622171446681,0.0022644808050245047,0.0035524179693311453,0.002262618625536561,0.0008389268768951297,0.0004670720954891294,0.0,0.14555706083774567,0.06523255258798599,0.4185676574707031
2500.0,2501.0,True,presidenta,closeup,,,0.9804983735084534,0.012330117635428905,0.0019589310977607965,0.002152765169739723,0.00024702766677364707,0.0009350632317364216,0.0018776849610731006,0.0,0.6386852860450745,0.028780214488506317,0.6397165060043335
2501.0,2502.0,True,presidenta,closeup,,,0.8294057250022888,0.15044920146465302,0.003220252925530076,0.012834238819777966,0.00203923461958766,6.053310789866373e-05,0.001990768127143383,0.0,0.19960172474384308,0.11854952573776245,0.6560408473014832
2502.0,2503.0,True,presidenta,closeup,,,0.9879108667373657,0.00718535715714097,0.0016131047159433365,0.0025529656559228897,0.0006646341644227505,4.617857121047564e-05,2.6906838684226386e-05,0.0,0.1729506552219391,0.10480687022209167,0.4241374433040619
2503.0,2504.0,True,presidenta,closeup,,,0.3671330213546753,0.5596768856048584,0.01717589609324932,0.028053363785147667,0.01255087461322546,0.0012985701905563474,0.014111367985606194,0.0,0.10537921637296677,0.35994866490364075,0.5122302174568176
2504.0,2505.0,True,presidenta,closeup,,,0.867668867111206,0.023669669404625893,0.03578343987464905,0.04772969335317612,0.005105458199977875,0.004069902002811432,0.0159729216247797,0.0,0.04354385659098625,0.04519490897655487,0.6296516060829163
2505.0,2506.0,True,presidenta,closeup,,,0.6026838421821594,0.07786902040243149,0.01136339083313942,0.2604098320007324,0.022472746670246124,0.022021306678652763,0.003179892199113965,0.0,0.042554840445518494,0.02460973896086216,0.2751275300979614
2506.0,2507.0,True,presidenta,closeup,,,0.5645089149475098,0.40195077657699585,0.0006426528561860323,0.011561913415789604,0.001283090328797698,0.0015153256244957447,0.018537377938628197,0.0,0.13030216097831726,0.043763600289821625,0.45816195011138916
2507.0,2508.0,True,presidenta,closeup,,,0.5442439913749695,0.1586407572031021,0.011701594106853008,0.021682746708393097,0.010493886657059193,0.006512399297207594,0.24672465026378632,0.0,0.20974603295326233,0.029252709820866585,0.42381802201271057
2508.0,2509.0,True,presidenta,closeup,,,0.8225542306900024,0.057896025478839874,0.012528544291853905,0.06107555702328682,0.003851432353258133,0.002738869283348322,0.03935530036687851,0.0,0.07860118895769119,0.015533048659563065,0.3823229670524597
2509.0,2510.0,True,presidenta,closeup,,,0.7418845891952515,0.2035249024629593,0.03726109117269516,0.006249621044844389,0.0007970448350533843,0.002604655921459198,0.007678036577999592,0.0,0.11334153264760971,0.23855382204055786,0.6056379079818726
2510.0,2511.0,True,presidenta,closeup,,,0.9094877243041992,0.046211715787649155,0.004713230300694704,0.03713526576757431,0.00029337796149775386,0.0006770514883100986,0.0014816856710240245,0.0,0.08693327009677887,0.06883921474218369,0.4410180449485779
2511.0,2512.0,True,presidenta,closeup,,,0.5957753658294678,0.23115742206573486,0.003325940342620015,0.16732724010944366,0.0012821473646908998,0.00034589649294503033,0.0007859514444135129,0.0,0.0673203095793724,0.056527428328990936,0.5942014455795288
2512.0,2513.0,True,presidenta,closeup,,,0.9107545018196106,0.07286888360977173,0.00903937965631485,0.007070499937981367,4.0750339394435287e-05,0.00011363680096110329,0.0001123876718338579,0.0,0.11682628840208054,0.10193737596273422,0.5764181613922119
2513.0,2514.0,True,presidenta,closeup,,,0.9299650192260742,0.011918948963284492,0.02197728306055069,0.0326792448759079,0.0013664346188306808,0.00158560904674232,0.0005074420478194952,0.0,0.27952268719673157,0.07882186770439148,0.6517561674118042
2514.0,2515.0,True,presidenta,closeup,,,0.5046994686126709,0.04526716470718384,0.029243657365441322,0.2417951226234436,0.0035915912594646215,0.04690222069621086,0.1285007745027542,0.0,0.3568478226661682,0.493288516998291,0.3813336193561554
2515.0,2516.0,True,presidenta,closeup,,,0.17851057648658752,0.25226739048957825,0.1411232054233551,0.30914583802223206,0.027027666568756104,0.022016925737261772,0.06990832835435867,0.0,0.5677385926246643,0.5348650217056274,0.5869473814964294
2516.0,2517.0,True,presidenta,closeup,,,0.7190225124359131,0.12222743034362793,0.018232734873890877,0.035742755979299545,0.005105449818074703,0.015992717817425728,0.08367636054754257,0.0,0.5164951682090759,0.2293260097503662,0.4885035753250122
2517.0,2518.0,True,presidenta,closeup,,,0.8890821933746338,0.03923245519399643,0.042248278856277466,0.01408347673714161,0.0017609226051717997,0.0033004595898091793,0.01029219664633274,0.0,0.45326441526412964,0.08212267607450485,0.3317628502845764
2518.0,2519.0,True,presidenta,closeup,,,0.36037659645080566,0.30110597610473633,0.005408835597336292,0.3292861878871918,0.0003762411361094564,0.0010069815907627344,0.002439125208184123,0.0,0.3270019292831421,0.08842124044895172,0.37919706106185913
2519.0,2520.0,True,presidenta,closeup,,,0.9881468415260315,0.006725234445184469,0.0009527024812996387,0.0018702197121456265,0.0001110384619096294,0.001086111762560904,0.0011077843373641372,0.0,0.44834986329078674,0.03570190444588661,0.4281737804412842
2520.0,2521.0,True,presidenta,closeup,,,0.29143863916397095,0.6075313687324524,0.0015518938889726996,0.0004289894422981888,0.00015690919826738536,0.0010388705413788557,0.09785332530736923,0.0,0.39974188804626465,0.5208746790885925,0.4084918797016144
2521.0,2522.0,True,presidenta,closeup,,,0.011301970109343529,0.9857796430587769,0.00014148367336019874,0.001885281759314239,8.971773058874533e-05,2.9813349101459607e-05,0.0007721638539806008,0.0,0.1951514035463333,0.6167200207710266,0.3393840193748474
2522.0,2523.0,True,presidenta,closeup,,,0.9242063760757446,0.016216281801462173,0.03290284425020218,0.019013408571481705,0.0022693362552672625,0.0012676421320065856,0.004124138038605452,0.0,0.4075559973716736,0.07021946460008621,0.4765723943710327
2523.0,2524.0,True,presidenta,closeup,,,0.5144777297973633,0.48000603914260864,0.003749728901311755,0.00042535504326224327,8.059977699304e-05,0.00038946469430811703,0.000871016934979707,0.0,0.30693066120147705,0.878477156162262,0.43261754512786865
2524.0,2525.0,True,presidenta,closeup,,,0.7264842987060547,0.20749825239181519,0.005601487122476101,0.0020693663973361254,0.0006746435537934303,0.00044565749703906476,0.05722630396485329,0.0,0.34584125876426697,0.09809942543506622,0.4231224060058594
2525.0,2526.0,True,presidenta,closeup,,,0.7571166157722473,0.09037651121616364,0.004116196651011705,0.0010747795458883047,0.0012393126962706447,0.0006036811973899603,0.1454729586839676,0.0,0.25587162375450134,0.054121773689985275,0.6574981808662415
2526.0,2527.0,True,presidenta,closeup,,,0.0240182988345623,0.9526418447494507,0.0002915055665653199,0.00343217677436769,7.914831076050177e-05,0.0013511565048247576,0.018185893073678017,0.0,0.38650810718536377,0.8025824427604675,0.24869942665100098
2527.0,2528.0,True,presidenta,closeup,,,0.619240403175354,0.36538684368133545,0.0019962156657129526,0.0012514045229181647,0.0002050967887043953,0.0010043985676020384,0.010915647260844707,0.0,0.49870243668556213,0.5648195743560791,0.5226194262504578
2528.0,2529.0,True,presidenta,closeup,,,0.9830963611602783,0.004505813121795654,0.011758275330066681,0.0004089495341759175,2.5053452191059478e-05,4.578379957820289e-05,0.00015979826275724918,0.0,0.5303909182548523,0.6116031408309937,0.4566211998462677
2529.0,2530.0,True,presidenta,closeup,,,0.9300628304481506,0.008204605430364609,0.0012487737694755197,0.01999991200864315,0.03954621031880379,8.766392420511693e-05,0.0008499455288983881,0.0,0.18729081749916077,0.14632143080234528,0.5989477038383484
2530.0,2531.0,True,presidenta,closeup,,,0.9604542255401611,0.003928156569600105,0.0005115309031680226,0.033708326518535614,0.0010333163663744926,0.0002658916055224836,9.854808013187721e-05,0.0,0.09509620815515518,0.058440934866666794,0.3414599895477295
2531.0,2532.0,True,presidenta,closeup,,,0.9743143916130066,0.013161481358110905,0.009586858563125134,0.00026182818692177534,3.82312573492527e-05,0.0022031415719538927,0.00043406221084296703,0.0,0.4668750762939453,0.46783557534217834,0.46281698346138
2532.0,2533.0,True,presidenta,closeup,,,0.9091988801956177,0.04767974466085434,0.006598319858312607,0.0051266346126794815,0.00038386229425668716,0.0023967153392732143,0.028615815564990044,0.0,0.23668348789215088,0.35546502470970154,0.4237383008003235
2533.0,2534.0,True,presidenta,closeup,,,0.6339004039764404,0.13166086375713348,0.0038308592047542334,0.15962503850460052,0.005985369440168142,0.002843256341293454,0.06215421110391617,0.0,0.11667012423276901,0.05340592935681343,0.3448893427848816
2534.0,2535.0,True,presidenta,closeup,,,0.7140176296234131,0.16601857542991638,0.00919217336922884,0.08172784745693207,0.006669589318335056,0.001090970472432673,0.021283213049173355,0.0,0.1638917773962021,0.17508137226104736,0.26770785450935364
2535.0,2536.0,True,presidenta,closeup,,,0.5452209115028381,0.4126312732696533,0.0028389161452651024,0.011998443864285946,0.0002872817567549646,0.0006416679243557155,0.02638143301010132,0.0,0.4261777400970459,0.21639558672904968,0.29302483797073364
2536.0,2537.0,True,presidenta,closeup,,,0.22977198660373688,0.011922229081392288,0.038410287350416183,0.09970300644636154,0.6184435486793518,0.00020248143118806183,0.001546414103358984,0.0,0.10742821544408798,0.38504356145858765,0.3322921395301819
2537.0,2538.0,True,presidenta,closeup,,,0.9817479252815247,0.004381178412586451,0.008062894456088543,0.004713529255241156,0.0008419916266575456,3.738727900781669e-05,0.00021507448400370777,0.0,0.263101726770401,0.08170508593320847,0.4850917458534241
2538.0,2539.0,True,presidenta,closeup,,,0.9346060752868652,0.05107409134507179,0.004180647898465395,0.006529565900564194,0.000419056712416932,0.000168896047398448,0.003021658631041646,0.0,0.13282260298728943,0.06767567992210388,0.34267592430114746
2539.0,2540.0,True,presidenta,closeup,,,0.9185042977333069,0.050724852830171585,0.01044726837426424,0.015622674487531185,0.0013230446493253112,0.00014385089161805809,0.0032339938916265965,0.0,0.220297172665596,0.1299675852060318,0.283856600522995
2540.0,2541.0,True,presidenta,closeup,,,0.9324384331703186,0.030999982729554176,0.0035998430103063583,0.018870923668146133,0.008924851194024086,0.001680560177192092,0.0034853992983698845,0.0,0.24239392578601837,0.09906300902366638,0.4675092399120331
2541.0,2542.0,True,presidenta,closeup,,,0.6768817901611328,0.030662881210446358,0.006714634131640196,0.07772006094455719,0.02437199465930462,0.005942204967141151,0.17770643532276154,0.0,0.3295899033546448,0.08902650326490402,0.3652251064777374
2542.0,2543.0,True,presidenta,closeup,,,0.314060240983963,0.007101736031472683,0.002519819652661681,0.6586881875991821,0.015688955783843994,0.001161357038654387,0.0007797298603691161,0.0,0.1456242948770523,0.08821780979633331,0.2894800007343292
2543.0,2544.0,True,presidenta,closeup,,,0.17181846499443054,0.012082512490451336,0.0016401981702074409,0.8104887008666992,0.002299926010891795,0.0009517871658317745,0.0007184130954556167,0.0,0.3234943747520447,0.08833259344100952,0.20829735696315765
2544.0,2545.0,True,presidenta,closeup,,,0.8269186019897461,0.1638561338186264,0.00505679938942194,0.001931247184984386,0.00011008574801962823,7.441411435138434e-05,0.0020527534652501345,0.0,0.3023447096347809,0.24277278780937195,0.4120645821094513
2545.0,2546.0,True,presidenta,closeup,,,0.9791706800460815,0.003826950443908572,0.015558240003883839,0.000437355600297451,4.144432386965491e-05,0.0005874272319488227,0.00037789111956954,0.0,0.46600106358528137,0.36261439323425293,0.471848726272583
2546.0,2547.0,True,presidenta,closeup,,,0.7618404626846313,0.18048690259456635,0.007544799707829952,0.024396497756242752,0.0005526485037989914,0.0023858926724642515,0.022792769595980644,0.0,0.2832981050014496,0.5898721218109131,0.30147626996040344
2547.0,2548.0,True,presidenta,closeup,,,0.07940429449081421,0.05147847160696983,0.001746835303492844,0.8596699833869934,0.003247766988351941,0.0022730506025254726,0.002179679460823536,0.0,0.13314935564994812,0.19998657703399658,0.21111221611499786
2548.0,2549.0,True,presidenta,closeup,,,0.98160719871521,0.010326993651688099,0.0007921307696960866,0.0065726181492209435,0.00020130342454649508,0.00016761421284172684,0.0003320993564557284,0.0,0.3277437686920166,0.09030737727880478,0.5884276628494263
2549.0,2550.0,True,presidenta,closeup,,,0.990661084651947,0.003609668230637908,0.0007172779878601432,0.0044285948388278484,0.0002706918166950345,0.000229803059482947,8.288988465210423e-05,0.0,0.30753254890441895,0.06218649446964264,0.5407121777534485
2550.0,2551.0,True,presidenta,closeup,,,0.9472636580467224,0.041082706302404404,0.000663137820083648,0.0038679216522723436,0.0008289499673992395,0.00025669997557997704,0.006036936771124601,0.0,0.13871371746063232,0.09803352504968643,0.41655203700065613
2551.0,2552.0,True,presidenta,closeup,,,0.9899094104766846,0.0014733669813722372,0.003461080603301525,0.002272586105391383,0.0013252528151497245,0.00037548664840869606,0.0011827913112938404,0.0,0.17468425631523132,0.05576232820749283,0.48377320170402527
2552.0,2553.0,True,presidenta,closeup,,,0.7828753590583801,0.2061481922864914,0.009398325346410275,0.0003872594970744103,4.422237179824151e-05,0.0005026360158808529,0.0006440164870582521,0.0,0.529690682888031,0.6565287113189697,0.4189102053642273
2553.0,2554.0,True,presidenta,closeup,,,0.5492283701896667,0.43217435479164124,0.010790652595460415,0.0028846433851867914,0.00014700382598675787,0.0032512692268937826,0.0015237447805702686,0.0,0.5579923391342163,0.37782907485961914,0.6289923191070557
2554.0,2555.0,True,presidenta,closeup,,,0.9490484595298767,0.017346767708659172,0.013137416914105415,0.005476498045027256,0.00018983945483341813,0.013545391149818897,0.0012556598521769047,0.0,0.4800058901309967,0.3663719594478607,0.3195032775402069
2555.0,2556.0,False,,wide,,,,,,,,,,,,,
2556.0,2557.0,False,,wide,,,,,,,,,,,,,
2557.0,2558.0,False,,wide,,,,,,,,,,,,,
2558.0,2559.0,False,,wide,,,,,,,,,,,,,
2559.0,2560.0,False,,wide,,,,,,,,,,,,,
2560.0,2561.0,True,otro,closeup,,,0.01742423139512539,0.012231440283358097,0.0009523034677840769,0.9511929750442505,0.014551661908626556,0.003389485878869891,0.0002578764397185296,0.0,0.4394121468067169,0.12191587686538696,0.5830492377281189
2561.0,2562.0,True,otro,closeup,,,0.04831652343273163,0.03676598519086838,0.002422424964606762,0.7884525060653687,0.028580430895090103,0.06990471482276917,0.02555740438401699,0.0,0.6184478402137756,0.11102455854415894,0.5514594912528992
2562.0,2563.0,True,otro,closeup,,,0.017951074987649918,0.06858399510383606,0.004353460390120745,0.5225194096565247,0.06407700479030609,0.08746640384197235,0.23504862189292908,0.0,0.3200371265411377,0.07402493059635162,0.4733218848705292
2563.0,2564.0,True,otro,closeup,,,0.0562642365694046,0.0628632977604866,0.0012910295045003295,0.8510416746139526,0.016983265057206154,0.009969811886548996,0.001586691476404667,0.0,0.4391952455043793,0.11580980569124222,0.6268523931503296
2564.0,2565.0,True,otro,closeup,,,0.044367458671331406,0.02777944877743721,0.0011228485964238644,0.8985265493392944,0.008275052532553673,0.01855139248073101,0.0013772347010672092,0.0,0.5035414099693298,0.06857304275035858,0.4113571345806122
2565.0,2566.0,True,otro,closeup,,,0.0764968991279602,0.04355105012655258,0.002816982800140977,0.8345450162887573,0.017580846324563026,0.021182889118790627,0.003826329717412591,0.0,0.5945364832878113,0.09651988744735718,0.625700831413269
2566.0,2567.0,True,otro,closeup,,,0.04668227210640907,0.0643201693892479,0.0007497959886677563,0.8775962591171265,0.008073241449892521,0.002256369683891535,0.0003219061763957143,0.0,0.33330219984054565,0.05600595101714134,0.29752442240715027
2567.0,2568.0,True,otro,closeup,,,0.1147647574543953,0.03557970002293587,0.0030037052929401398,0.8318242430686951,0.0052972836419939995,0.009322801604866982,0.00020747318922076374,0.0,0.4866703152656555,0.12103097140789032,0.7312115430831909
2568.0,2569.0,True,otro,closeup,,,0.008446107618510723,0.00812683068215847,0.000952180998865515,0.9727044701576233,0.008752402849495411,0.0009655642206780612,5.245329884928651e-05,0.0,0.376699298620224,0.0838746652007103,0.5777077078819275
2569.0,2570.0,True,otro,closeup,,,0.01677604764699936,0.028046440333127975,0.00281018135137856,0.930622935295105,0.016124438494443893,0.005234519485384226,0.00038546841824427247,0.0,0.49297404289245605,0.12785795331001282,0.6356145143508911
2570.0,2571.0,True,otro,closeup,,,0.0031139133498072624,0.06881634145975113,0.0007644644938409328,0.8247926235198975,0.01873699761927128,0.015511163510382175,0.06826451420783997,0.0,0.5445277690887451,0.1485256403684616,0.576983630657196
2571.0,2572.0,True,otro,closeup,,,0.011291299015283585,0.009370891377329826,0.0015696050832048059,0.8919801712036133,0.07699846476316452,0.006486521102488041,0.00230304803699255,0.0,0.5188624858856201,0.11802015453577042,0.5500031113624573
2572.0,2573.0,True,otro,closeup,,,0.05610944703221321,0.03786325827240944,0.001377577194944024,0.8912979960441589,0.00705350749194622,0.0055823600850999355,0.0007158341468311846,0.0,0.41320592164993286,0.045689281076192856,0.6752883791923523
2573.0,2574.0,True,otro,closeup,,,0.5548006296157837,0.06387558579444885,0.011088683269917965,0.32217442989349365,0.014504065737128258,0.03267087787389755,0.0008856692002154887,0.0,0.5379660725593567,0.12096863985061646,0.6524827480316162
2574.0,2575.0,True,otro,closeup,,,0.14524199068546295,0.08374569565057755,0.0037253492046147585,0.7444189786911011,0.009564214386045933,0.012703312560915947,0.0006004890310578048,0.0,0.4183492064476013,0.06858068704605103,0.6045286059379578
2575.0,2576.0,True,otro,closeup,,,0.29246786236763,0.15514078736305237,0.0030937243718653917,0.5376633405685425,0.007349049206823111,0.004075753968209028,0.00020948464225511998,0.0,0.31095588207244873,0.19000768661499023,0.6997513771057129
2576.0,2577.0,True,otro,closeup,,,0.009337024763226509,0.00502847321331501,0.0009003058657981455,0.9779455661773682,0.00602788757532835,0.0006044451729394495,0.00015630772395525128,0.0,0.30288395285606384,0.046989500522613525,0.3385768234729767
2577.0,2578.0,True,otro,closeup,,,0.335849404335022,0.09886636584997177,0.003367861034348607,0.5559372305870056,0.004405622370541096,0.0014998327242210507,7.369565719272941e-05,0.0,0.3820703327655792,0.08694640547037125,0.5387288928031921
2578.0,2579.0,True,otro,closeup,,,0.03534192219376564,0.036914464086294174,0.0018966624047607183,0.9232366681098938,0.0021552303805947304,0.00039418425876647234,6.0815153119619936e-05,0.0,0.4629545211791992,0.12532992660999298,0.5601078271865845
2579.0,2580.0,True,otro,closeup,,,0.027783380821347237,0.007508827373385429,0.0031602114904671907,0.9579687714576721,0.0020146684255450964,0.0013761307345703244,0.0001879654882941395,0.0,0.3553098142147064,0.190890371799469,0.5401158332824707
2580.0,2581.0,True,otro,closeup,,,0.006646792404353619,0.0032326076179742813,0.0009185015805996954,0.9874060750007629,0.0014651804231107235,0.00029877538327127695,3.215551987523213e-05,0.0,0.3178422152996063,0.14040938019752502,0.6022752523422241
2581.0,2582.0,True,otro,closeup,,,0.001987815834581852,0.011377712711691856,0.000697170733474195,0.9786748886108398,0.0025094510056078434,0.0011606322368606925,0.0035923486575484276,0.0,0.3457992970943451,0.11047384887933731,0.5577213168144226
2582.0,2583.0,True,otro,closeup,,,0.007661267649382353,0.00638438668102026,0.0009503468172624707,0.9819533824920654,0.0024412653874605894,0.0004478552145883441,0.00016154507466126233,0.0,0.39198553562164307,0.17104119062423706,0.653595507144928
2583.0,2584.0,True,otro,closeup,,,0.007509559392929077,0.004417152144014835,0.0009813988581299782,0.9829683899879456,0.0034432869870215654,0.0006280647357925773,5.220052116783336e-05,0.0,0.4282403290271759,0.15457163751125336,0.6176127195358276
2584.0,2585.0,True,otro,closeup,,,0.012349922209978104,0.007463015150278807,0.0018232743022963405,0.9732354283332825,0.0035895775072276592,0.0009932629764080048,0.0005455012433230877,0.0,0.2943428158760071,0.1529828906059265,0.6196646094322205
2585.0,2586.0,True,otro,closeup,,,0.014438673853874207,0.00905273761600256,0.0013796451967209578,0.9667937159538269,0.005866288207471371,0.002324082888662815,0.00014496318181045353,0.0,0.4501302242279053,0.09063407778739929,0.5964310169219971
2586.0,2587.0,True,otro,closeup,,,0.01684376783668995,0.010410812683403492,0.002715679118409753,0.9507142305374146,0.011590776033699512,0.006844531279057264,0.0008801653748378158,0.0,0.29164955019950867,0.14303937554359436,0.6588339805603027
2587.0,2588.0,True,otro,closeup,,,0.09186027944087982,0.043847162276506424,0.004554941318929195,0.846265435218811,0.012380818836390972,0.0009839481208473444,0.0001073809908120893,0.0,0.6110281944274902,0.16482098400592804,0.47110840678215027
2588.0,2589.0,True,otro,closeup,,,0.021008005365729332,0.007663743104785681,0.0030163568444550037,0.9580241441726685,0.009278769604861736,0.000877379672601819,0.0001316656416747719,0.0,0.5717198848724365,0.2378639280796051,0.5284625291824341
2589.0,2590.0,True,otro,closeup,,,0.013785229064524174,0.00826322566717863,0.002937400946393609,0.9498881697654724,0.021160302683711052,0.002518770517781377,0.0014469532761722803,0.0,0.424781858921051,0.21465343236923218,0.4652256369590759
2590.0,2591.0,True,otro,closeup,,,0.013908746652305126,0.011262481100857258,0.0019896046724170446,0.9685113430023193,0.0029152787756174803,0.0012810557382181287,0.000131505643366836,0.0,0.49810871481895447,0.27876362204551697,0.5784332752227783
2591.0,2592.0,True,otro,closeup,,,0.03125331923365593,0.01139348465949297,0.004160270560532808,0.9415101408958435,0.008667143061757088,0.002730907406657934,0.0002847186697181314,0.0,0.554276168346405,0.2491317242383957,0.6415083408355713
2592.0,2593.0,True,otro,closeup,,,0.012984635308384895,0.005198070779442787,0.001996965380385518,0.9759130477905273,0.002353744115680456,0.0014742346247658134,7.938702765386552e-05,0.0,0.35102736949920654,0.28499656915664673,0.5019655823707581
2593.0,2594.0,True,otro,closeup,,,0.03800593316555023,0.00957308616489172,0.0015918241115286946,0.9475820064544678,0.0017393555026501417,0.0014869184233248234,2.0852010493399575e-05,0.0,0.21348372101783752,0.05080476030707359,0.5293800830841064
2594.0,2595.0,True,otro,closeup,,,0.05297142267227173,0.013565459288656712,0.00112547492608428,0.9287183880805969,0.002466217614710331,0.0011352295987308025,1.7804321032599546e-05,0.0,0.42316529154777527,0.15246468782424927,0.6756120324134827
2595.0,2596.0,True,otro,closeup,,,0.020188406109809875,0.007022392004728317,0.002116629621013999,0.9658875465393066,0.0024795730132609606,0.002271216129884124,3.412311343709007e-05,0.0,0.5956999063491821,0.14839699864387512,0.6082554459571838
2596.0,2597.0,True,otro,closeup,,,0.02809961512684822,0.011697179637849331,0.0042594121769070625,0.9475430250167847,0.004642097279429436,0.0036064451560378075,0.0001521788362879306,0.0,0.45620667934417725,0.14324221014976501,0.6523638963699341
2597.0,2598.0,True,otro,closeup,,,0.0386410690844059,0.021870510652661324,0.004000539891421795,0.9243603348731995,0.007691891863942146,0.002978617325425148,0.00045704114018008113,0.0,0.46946367621421814,0.21682147681713104,0.5774016380310059
2598.0,2599.0,True,otro,closeup,,,0.053621456027030945,0.0156273040920496,0.007567496504634619,0.9152730107307434,0.005045084282755852,0.0027500090654939413,0.00011571280629141256,0.0,0.39265206456184387,0.2086504101753235,0.573697566986084
2599.0,2600.0,True,otro,closeup,,,0.0064966073259711266,0.00427157012745738,0.002705818973481655,0.9821178317070007,0.0033154869452118874,0.0010055562015622854,8.716478623682633e-05,0.0,0.42288538813591003,0.16691194474697113,0.5010392665863037
2600.0,2601.0,True,otro,closeup,,,0.005346809513866901,0.004830893594771624,0.0022494737058877945,0.9787459969520569,0.006207188591361046,0.002149551175534725,0.000470145809231326,0.0,0.4081485867500305,0.15038885176181793,0.5638924241065979
2601.0,2602.0,True,otro,closeup,,,0.006759102921932936,0.0031000070739537477,0.0027804323472082615,0.9825990200042725,0.003132277401164174,0.0014720770996063948,0.0001570228923810646,0.0,0.473008394241333,0.2075854390859604,0.5282689929008484
2602.0,2603.0,True,otro,closeup,,,0.012845552526414394,0.006653931923210621,0.002748959232121706,0.9738261699676514,0.0027927751652896404,0.0010669820476323366,6.557640881510451e-05,0.0,0.7343873381614685,0.1595422625541687,0.5285093188285828
2603.0,2604.0,True,otro,closeup,,,0.03253601863980293,0.019729606807231903,0.004115425981581211,0.939569890499115,0.0021890709176659584,0.001796484342776239,6.341956759570166e-05,0.0,0.4717538356781006,0.1990952044725418,0.61136794090271
2604.0,2605.0,True,otro,closeup,,,0.017261797562241554,0.016851093620061874,0.0035409925039857626,0.944852888584137,0.013428816571831703,0.0028186473064124584,0.0012457554694265127,0.0,0.4561581611633301,0.19151966273784637,0.4552075266838074
2605.0,2606.0,True,otro,closeup,,,0.05399637669324875,0.015869781374931335,0.015341444872319698,0.8955753445625305,0.008406450040638447,0.01031110156327486,0.0004994812770746648,0.0,0.42371058464050293,0.2581397593021393,0.5846570730209351
2606.0,2607.0,True,otro,closeup,,,0.0075309560634195805,0.003575715236365795,0.0019229162717238069,0.9750253558158875,0.001723004039376974,0.009630490094423294,0.000591666204854846,0.0,0.4857068955898285,0.12875980138778687,0.49082639813423157
2607.0,2608.0,True,otro,closeup,,,0.004595138132572174,0.0019251459743827581,0.00092254055198282,0.9905433058738708,0.0010009447578340769,0.0010015530278906226,1.1365144018782303e-05,0.0,0.4696139097213745,0.22029860317707062,0.6038373112678528
2608.0,2609.0,True,otro,closeup,,,0.1431787610054016,0.017327697947621346,0.005626016762107611,0.8307521343231201,0.0008813958265818655,0.002192458836361766,4.151295070187189e-05,0.0,0.3252077102661133,0.1813180297613144,0.4427061975002289
2609.0,2610.0,True,otro,closeup,,,0.030260711908340454,0.015577226877212524,0.004356905817985535,0.9460760951042175,0.001285433187149465,0.0023795748129487038,6.397558172466233e-05,0.0,0.41707202792167664,0.22203071415424347,0.5647327303886414
2610.0,2611.0,True,otro,closeup,,,0.008480158634483814,0.004393306095153093,0.0011473982594907284,0.9847707152366638,0.0005833129398524761,0.0005917248781770468,3.3313961466774344e-05,0.0,0.3660113513469696,0.19235464930534363,0.5602586269378662
2611.0,2612.0,True,otro,closeup,,,0.011615036055445671,0.005760326515883207,0.002996893133968115,0.963596522808075,0.0014481217367574573,0.012533591128885746,0.002049423987045884,0.0,0.34173595905303955,0.09931708872318268,0.48620107769966125
2612.0,2613.0,True,otro,closeup,,,0.0016160162631422281,0.005786349065601826,0.0004259991110302508,0.9912351369857788,0.00037646168493665755,0.0004638199752662331,9.623683581594378e-05,0.0,0.3511645793914795,0.281795471906662,0.5569925904273987
2613.0,2614.0,True,otro,closeup,,,0.003044703509658575,0.007882089354097843,0.0008271367405541241,0.9832689762115479,0.0009443220915272832,0.0033301012590527534,0.0007027538376860321,0.0,0.51854407787323,0.2092016041278839,0.4648672044277191
2614.0,2615.0,True,otro,closeup,,,0.0009321644902229309,0.0010238009272143245,0.0003899460134562105,0.995071530342102,0.001726816757582128,0.0006813191575929523,0.00017445969569962472,0.0,0.6240940093994141,0.23151114583015442,0.4758125841617584
2615.0,2616.0,True,otro,closeup,,,0.0036923803854733706,0.002763558877632022,0.0015905466862022877,0.9815053343772888,0.0027715773321688175,0.0071608019061386585,0.0005157768609933555,0.0,0.5018351674079895,0.12855352461338043,0.5487371683120728
2616.0,2617.0,True,otro,closeup,,,0.008520275354385376,0.004938816651701927,0.0034121640492230654,0.9755315780639648,0.004746351391077042,0.0026006444822996855,0.0002501493436284363,0.0,0.4732869565486908,0.13791604340076447,0.43810030817985535
2617.0,2618.0,True,otro,closeup,,,0.0028269009198993444,0.001056053675711155,0.001533977221697569,0.9910867810249329,0.001331575564108789,0.002066130982711911,9.860438149189577e-05,0.0,0.6725106835365295,0.16724058985710144,0.5995275974273682
2618.0,2619.0,True,otro,closeup,,,0.0058419546112418175,0.006408613175153732,0.001580010517500341,0.9823958873748779,0.0012615943560376763,0.002303420566022396,0.00020851734734605998,0.0,0.3880067467689514,0.15058739483356476,0.650562584400177
2619.0,2620.0,True,otro,closeup,,,0.009538373909890652,0.012049393728375435,0.002243847120553255,0.9735416173934937,0.0016857616137713194,0.0008119394187815487,0.000129062362248078,0.0,0.5680162906646729,0.15913839638233185,0.5589821338653564
2620.0,2621.0,True,otro,closeup,,,0.019667478278279305,0.0035862931981682777,0.0050567989237606525,0.9654827117919922,0.0027147894725203514,0.0030963344033807516,0.00039557780837640166,0.0,0.5741403102874756,0.12190131843090057,0.5891849398612976
2621.0,2622.0,True,otro,closeup,,,0.027758443728089333,0.00495861517265439,0.01136016845703125,0.9457647800445557,0.003577479626983404,0.006274871062487364,0.00030561554012820125,0.0,0.5977106094360352,0.12692046165466309,0.5037529468536377
2622.0,2623.0,True,otro,closeup,,,0.003159436397254467,0.00767483189702034,0.003111596219241619,0.9421412348747253,0.002786026569083333,0.038602907210588455,0.0025239214301109314,0.0,0.5469567775726318,0.05661546066403389,0.6396147012710571
2623.0,2624.0,True,presidenta,closeup,,,0.8941501975059509,0.03210439160466194,0.026531901210546494,0.02031341940164566,0.0002130132488673553,0.024642154574394226,0.0020449261646717787,0.0,0.8314192891120911,0.6016464233398438,0.6552339792251587
2624.0,2625.0,True,presidenta,closeup,,,0.0077272639609873295,0.984259307384491,0.00016561646771151572,0.003845090977847576,3.216588811483234e-05,0.0016854788409546018,0.0022849109955132008,0.0,0.2422647774219513,0.7885705828666687,0.32829466462135315
2625.0,2626.0,True,presidenta,closeup,,,0.5526013374328613,0.20099662244319916,0.01348928827792406,0.2215021848678589,0.000612722709774971,0.004008290823549032,0.006789548322558403,0.0,0.7858954071998596,0.6126556396484375,0.4070119857788086
2626.0,2627.0,True,presidenta,closeup,,,0.8815819025039673,0.04779213294386864,0.0034308130852878094,0.01676906645298004,0.00023811336723156273,0.04231138899922371,0.007876611314713955,0.0,0.8117716312408447,0.1950346976518631,0.6577358841896057
2627.0,2628.0,True,presidenta,closeup,,,0.21132655441761017,0.026674777269363403,0.0021288543939590454,0.7049606442451477,0.0015022451989352703,0.045120641589164734,0.00828625075519085,0.0,0.2008131891489029,0.049917880445718765,0.6790887117385864
2628.0,2629.0,True,presidenta,closeup,,,0.45187118649482727,0.10878832638263702,0.008544460870325565,0.27415645122528076,0.007223828695714474,0.08931291103363037,0.06010288745164871,0.0,0.1655898243188858,0.02390466257929802,0.7895461320877075
2629.0,2630.0,True,presidenta,closeup,,,0.5201103687286377,0.03390754014253616,0.0027254833839833736,0.026148932054638863,0.0009920895099639893,0.3980041444301605,0.01811145804822445,0.0,0.3156006932258606,0.031521026045084,0.5646610260009766
2630.0,2631.0,True,presidenta,closeup,,,0.7519441843032837,0.2040082812309265,0.016350148245692253,0.01953015848994255,0.0011425042757764459,0.003768445458263159,0.0032563002314418554,0.0,0.6492148041725159,0.19115819036960602,0.6726328134536743
2631.0,2632.0,True,presidenta,closeup,,,0.47821542620658875,0.415522962808609,0.009518883191049099,0.06859128177165985,0.0007783769397065043,0.02148324064910412,0.005889839958399534,0.0,0.6841838955879211,0.4018973708152771,0.5910428166389465
2632.0,2633.0,True,presidenta,closeup,,,0.7280630469322205,0.255110502243042,0.012925233691930771,0.002971274545416236,0.00014159828424453735,0.00018726300913840532,0.0006010510842315853,0.0,0.7497122287750244,0.6390765309333801,0.5090432167053223
2633.0,2634.0,True,presidenta,closeup,,,0.5873386859893799,0.16629180312156677,0.008759469725191593,0.19153104722499847,0.0010473094880580902,0.03742062672972679,0.0076111359521746635,0.0,0.11367042362689972,0.25902026891708374,0.4892231822013855
2634.0,2635.0,True,presidenta,closeup,,,0.25906580686569214,0.48768261075019836,0.010900395922362804,0.05045732855796814,0.0008605974726378918,0.15417468547821045,0.036858636885881424,0.0,0.3765306770801544,0.08465557545423508,0.463214248418808
2635.0,2636.0,True,presidenta,closeup,,,0.032572340220212936,0.016689034178853035,0.006358486134558916,0.012074684724211693,0.0019768676720559597,0.06576409190893173,0.8645644783973694,0.0,0.2919161915779114,0.06354273110628128,0.4812534749507904
2636.0,2637.0,True,presidenta,closeup,,,0.22862735390663147,0.007799458224326372,0.009329740889370441,0.7133267521858215,0.008133847266435623,0.025679070502519608,0.007103715557605028,0.0,0.06406138837337494,0.03918995335698128,0.6404775977134705
2637.0,2638.0,True,presidenta,closeup,,,0.05207405611872673,0.05141498148441315,0.009564350359141827,0.8726410865783691,0.0024067393969744444,0.007387371268123388,0.004511487670242786,0.0,0.03548646345734596,0.21935400366783142,0.5191014409065247
2638.0,2639.0,True,presidenta,closeup,,,0.2819269597530365,0.03047100640833378,0.014025090262293816,0.565097451210022,0.0026131521444767714,0.08762403577566147,0.018242400139570236,0.0,0.10277067869901657,0.08723635226488113,0.48024001717567444
2639.0,2640.0,True,presidenta,closeup,,,0.08825498819351196,0.014121193438768387,0.006116451229900122,0.8621126413345337,0.003357460256665945,0.02361038699746132,0.0024268212728202343,0.0,0.08038127422332764,0.03564459830522537,0.4681853950023651
2640.0,2641.0,True,presidenta,closeup,,,0.8751177191734314,0.00395174790173769,0.002429832238703966,0.1141413003206253,0.0001970434677787125,0.004012111574411392,0.00015021847502794117,0.0,0.12454038858413696,0.03980322182178497,0.47195279598236084
2641.0,2642.0,True,presidenta,closeup,,,0.9528315663337708,0.014810601249337196,0.011657441034913063,0.0023107470478862524,0.00028997386107221246,0.00889433454722166,0.009205297566950321,0.0,0.03477046266198158,0.2197408378124237,0.43689191341400146
2642.0,2643.0,True,presidenta,closeup,,,0.12496810406446457,0.015015792101621628,0.011224220506846905,0.7954365015029907,0.003285974496975541,0.040484268218278885,0.009585169143974781,0.0,0.27652695775032043,0.03185576573014259,0.31414490938186646
2643.0,2644.0,True,presidenta,closeup,,,0.4607529044151306,0.008657983504235744,0.0076905288733541965,0.4671698212623596,0.001771633280441165,0.051295146346092224,0.00266199535690248,0.0,0.11779902130365372,0.019028611481189728,0.5555180311203003
2644.0,2645.0,True,presidenta,closeup,,,0.10938446968793869,0.025255603715777397,0.014425504952669144,0.6917985081672668,0.003146161325275898,0.05718427523970604,0.0988054946064949,0.0,0.12878912687301636,0.03413688763976097,0.5276026725769043
2645.0,2646.0,True,presidenta,closeup,,,0.19570507109165192,0.17516861855983734,0.0032032944727689028,0.02408587746322155,0.001173904282040894,0.5796825885772705,0.02098049595952034,0.0,0.2358676940202713,0.11634406447410583,0.5140524506568909
2646.0,2647.0,True,presidenta,closeup,,,0.17118535935878754,0.0028078604955226183,0.003644159995019436,0.7411437630653381,0.0038416984025388956,0.0671844333410263,0.010192767716944218,0.0,0.23988287150859833,0.032307326793670654,0.467165470123291
2647.0,2648.0,True,presidenta,closeup,,,0.40445858240127563,0.004502604715526104,0.05771423503756523,0.1954692006111145,0.002922541694715619,0.09036017954349518,0.24457262456417084,0.0,0.18918253481388092,0.0301501601934433,0.333330363035202
2648.0,2649.0,True,presidenta,closeup,,,0.8034998178482056,0.011534028686583042,0.046781811863183975,0.034881457686424255,0.001020153402350843,0.07445575296878815,0.027826955541968346,0.0,0.054150477051734924,0.05526965484023094,0.3590972125530243
2649.0,2650.0,True,presidenta,closeup,,,0.7153545022010803,0.032950520515441895,0.05754369869828224,0.019410859793424606,0.0015794046921655536,0.11875148862600327,0.05440951883792877,0.0,0.15913799405097961,0.06953521817922592,0.500632107257843
2650.0,2651.0,True,presidenta,closeup,,,0.859548032283783,0.019817866384983063,0.016972046345472336,0.032119736075401306,0.0011545349843800068,0.05807213485240936,0.012315661646425724,0.0,0.24099771678447723,0.04192139953374863,0.5813332796096802
2651.0,2652.0,True,presidenta,closeup,,,0.645463228225708,0.09024461358785629,0.005748020019382238,0.038085997104644775,0.00124153564684093,0.19337132573127747,0.025845305994153023,0.0,0.183869868516922,0.03731329366564751,0.3861736059188843
2652.0,2653.0,True,presidenta,closeup,,,0.4177045226097107,0.039332982152700424,0.01754285767674446,0.3176855444908142,0.005620468873530626,0.1665879189968109,0.03552573546767235,0.0,0.1496024876832962,0.02317933179438114,0.5539520382881165
2653.0,2654.0,True,presidenta,closeup,,,0.060876306146383286,0.012079279869794846,0.005102808587253094,0.8445578217506409,0.0024272792506963015,0.06505808234214783,0.009898370131850243,0.0,0.06803403794765472,0.0507761612534523,0.5510759949684143
2654.0,2655.0,True,presidenta,closeup,,,0.07367526739835739,0.006196837872266769,0.009109396487474442,0.6621017456054688,0.0016228974564000964,0.22841954231262207,0.018874315544962883,0.0,0.1302550584077835,0.031068313866853714,0.4559829533100128
2655.0,2656.0,True,presidenta,closeup,,,0.13214261829853058,0.016385016962885857,0.00992567092180252,0.6024178266525269,0.004252912476658821,0.21522767841815948,0.019648229703307152,0.0,0.07518913596868515,0.04049171507358551,0.5738211274147034
2656.0,2657.0,True,presidenta,closeup,,,0.5897277593612671,0.014672842808067799,0.030808160081505775,0.24964699149131775,0.009006615728139877,0.04303518682718277,0.06310242414474487,0.0,0.17829908430576324,0.023091694340109825,0.5700855851173401
2657.0,2658.0,True,presidenta,closeup,,,0.45039013028144836,0.04856023192405701,0.024256758391857147,0.07018955796957016,0.0038411468267440796,0.04049892723560333,0.3622632324695587,0.0,0.14970453083515167,0.053570706397295,0.4746670126914978
2658.0,2659.0,True,presidenta,closeup,,,0.8245236277580261,0.005255099385976791,0.022137733176350594,0.08229085057973862,0.001024482655338943,0.033241722732782364,0.031526464968919754,0.0,0.19142377376556396,0.0340392179787159,0.3515937030315399
2659.0,2660.0,True,presidenta,closeup,,,0.4757515788078308,0.06529257446527481,0.011792813427746296,0.3000654876232147,0.005158421117812395,0.039329688996076584,0.10260949283838272,0.0,0.1285884529352188,0.03992354869842529,0.4694434106349945
2660.0,2661.0,True,presidenta,closeup,,,0.24498017132282257,0.03136235848069191,0.02882062830030918,0.25500309467315674,0.013278214260935783,0.26999351382255554,0.1565619707107544,0.0,0.11864887177944183,0.0898377001285553,0.40713247656822205
2661.0,2662.0,True,presidenta,closeup,,,0.5971658825874329,0.008265615440905094,0.017024457454681396,0.3544650077819824,0.004452645778656006,0.012361990287899971,0.006264322903007269,0.0,0.27598533034324646,0.10097458958625793,0.4434826374053955
2662.0,2663.0,True,presidenta,closeup,,,0.8558542728424072,0.07694698125123978,0.0038643148727715015,0.036623723804950714,0.00045075902016833425,0.023661483079195023,0.002598393242806196,0.0,0.11015129834413528,0.29416894912719727,0.48046866059303284
2663.0,2664.0,True,presidenta,closeup,,,0.3955245614051819,0.014879818074405193,0.024404289200901985,0.4654231369495392,0.004231927916407585,0.07249756157398224,0.023038655519485474,0.0,0.17936933040618896,0.024800512939691544,0.6030601859092712
2664.0,2665.0,True,presidenta,closeup,,,0.09792659431695938,0.009835230186581612,0.008493008092045784,0.7424828410148621,0.002746227663010359,0.11093276739120483,0.02758338674902916,0.0,0.28298330307006836,0.09338760375976562,0.40141698718070984
2665.0,2666.0,True,presidenta,closeup,,,0.12851177155971527,0.005856773350387812,0.006763565819710493,0.8103154897689819,0.001986037939786911,0.04189433157444,0.004672042094171047,0.0,0.16281132400035858,0.11376114189624786,0.46123814582824707
2666.0,2667.0,True,presidenta,closeup,,,0.6393737196922302,0.04603894427418709,0.015414762310683727,0.1812158077955246,0.0029368095565587282,0.05771583691239357,0.057304151356220245,0.0,0.18378175795078278,0.020216625183820724,0.5351861715316772
2667.0,2668.0,True,presidenta,closeup,,,0.7662824392318726,0.018069319427013397,0.01779792830348015,0.08485302329063416,0.002112226327881217,0.08229731023311615,0.028587782755494118,0.0,0.12396220862865448,0.08274691551923752,0.5748918652534485
2668.0,2669.0,True,presidenta,closeup,,,0.9127736687660217,0.059585776180028915,0.0054909237660467625,0.012681776657700539,0.0008649679948575795,0.003695393679663539,0.004907563328742981,0.0,0.05860094353556633,0.09334441274404526,0.3588353097438812
2669.0,2670.0,True,presidenta,closeup,,,0.3211038410663605,0.04081461578607559,0.02108157053589821,0.5705155730247498,0.027351167052984238,0.0029721958562731743,0.01616099290549755,0.0,0.10166572034358978,0.1625419557094574,0.5618340969085693
2670.0,2671.0,True,presidenta,closeup,,,0.8343513011932373,0.03553084284067154,0.003096646163612604,0.10086638480424881,0.00047000765334814787,0.02211431786417961,0.003570481203496456,0.0,0.1640201210975647,0.08440841734409332,0.43270716071128845
2671.0,2672.0,True,presidenta,closeup,,,0.80535489320755,0.07838279753923416,0.004341223277151585,0.03946468606591225,0.00084417883772403,0.06958302110433578,0.002029142342507839,0.0,0.3047666549682617,0.16152769327163696,0.5547434091567993
2672.0,2673.0,True,presidenta,closeup,,,0.8408281803131104,0.005478928331285715,0.009239398874342442,0.1334846019744873,0.0009924652986228466,0.008329428732395172,0.0016470050904899836,0.0,0.22649513185024261,0.04149568825960159,0.7344223856925964
2673.0,2674.0,True,presidenta,closeup,,,0.5964440703392029,0.07607495784759521,0.03677406162023544,0.07502193003892899,0.000979581382125616,0.11604004353284836,0.09866534173488617,0.0,0.06757641583681107,0.18667230010032654,0.5981191396713257
2674.0,2675.0,True,presidenta,closeup,,,0.5889390110969543,0.006472193636000156,0.016468752175569534,0.3694784641265869,0.0010665114969015121,0.013494808226823807,0.0040802061557769775,0.0,0.15402260422706604,0.028384365141391754,0.7085038423538208
2675.0,2676.0,True,presidenta,closeup,,,0.5807062387466431,0.07787908613681793,0.01864410936832428,0.2518872022628784,0.001909256330691278,0.049382369965314865,0.019591795280575752,0.0,0.21409016847610474,0.14873316884040833,0.615401029586792
2676.0,2677.0,True,presidenta,closeup,,,0.6149874925613403,0.093421071767807,0.031491898000240326,0.18434900045394897,0.0019370935624465346,0.03414366766810417,0.039669718593358994,0.0,0.2622251808643341,0.09334611147642136,0.681205153465271
2677.0,2678.0,True,presidenta,closeup,,,0.6373654007911682,0.21161766350269318,0.01460262481123209,0.06262969225645065,0.0010686862515285611,0.0385119691491127,0.03420402109622955,0.0,0.28561675548553467,0.40648943185806274,0.47331467270851135
2678.0,2679.0,True,presidenta,closeup,,,0.2464503049850464,0.04110701382160187,0.011355148628354073,0.5967839956283569,0.006556359119713306,0.0511910617351532,0.04655616730451584,0.0,0.2609275281429291,0.2840838134288788,0.6719549894332886
2679.0,2680.0,True,presidenta,closeup,,,0.5578285455703735,0.04817424342036247,0.01874067634344101,0.22091199457645416,0.014994276687502861,0.08713547140359879,0.05221483111381531,0.0,0.33552294969558716,0.1322188675403595,0.6140670776367188
2680.0,2681.0,True,presidenta,closeup,,,0.7347993850708008,0.04048021510243416,0.018244566395878792,0.13514691591262817,0.007075967732816935,0.052274759858846664,0.011978237889707088,0.0,0.08167757838964462,0.4080507159233093,0.5694828629493713
2681.0,2682.0,True,presidenta,closeup,,,0.26122474670410156,0.11562954634428024,0.0094746183604002,0.4857117533683777,0.00206885882653296,0.11399824172258377,0.011892302893102169,0.0,0.1492985635995865,0.5413423180580139,0.6025165319442749
2682.0,2683.0,True,presidenta,closeup,,,0.6798502206802368,0.03431307524442673,0.07581227272748947,0.17113371193408966,0.0026350284460932016,0.020075151696801186,0.01618056185543537,0.0,0.09266552329063416,0.143140971660614,0.5293444991111755
2683.0,2684.0,True,presidenta,closeup,,,0.6556366086006165,0.07010360807180405,0.12132658064365387,0.12640008330345154,0.0041817305609583855,0.01475969422608614,0.007591697853058577,0.0,0.1713651865720749,0.2342102974653244,0.6382889747619629
2684.0,2685.0,True,presidenta,closeup,,,0.7719801664352417,0.07038708031177521,0.02709091082215309,0.030194727703928947,0.0014305509394034743,0.07960499823093414,0.01931164041161537,0.0,0.07225597649812698,0.3309113383293152,0.5859132409095764
2685.0,2686.0,True,presidenta,closeup,,,0.8061656951904297,0.02877311035990715,0.012592531740665436,0.025307854637503624,0.00101862580049783,0.11770971864461899,0.008432476781308651,0.0,0.1547207236289978,0.03103926032781601,0.4408843517303467
2686.0,2687.0,True,presidenta,closeup,,,0.703971803188324,0.02720741555094719,0.013800413347780704,0.1007084846496582,0.0008964903536252677,0.1456589251756668,0.007756524253636599,0.0,0.11725761741399765,0.05003506317734718,0.5691223740577698
2687.0,2688.0,True,presidenta,closeup,,,0.46621400117874146,0.2618255615234375,0.015675032511353493,0.1365727335214615,0.002133231610059738,0.08456917852163315,0.03301031142473221,0.0,0.0908365249633789,0.057137250900268555,0.5786877870559692
2688.0,2689.0,True,presidenta,closeup,,,0.8228726387023926,0.03549634665250778,0.004881677217781544,0.08540696650743484,0.000978934345766902,0.046786047518253326,0.00357740162871778,0.0,0.19466020166873932,0.08412637561559677,0.5817875862121582
2689.0,2690.0,True,presidenta,closeup,,,0.7447010278701782,0.11604362726211548,0.01240566000342369,0.05568737909197807,0.001318052178248763,0.05715104937553406,0.012693197466433048,0.0,0.26483118534088135,0.510772168636322,0.3063111901283264
2690.0,2691.0,True,presidenta,closeup,,,0.677870512008667,0.10318109393119812,0.040576815605163574,0.15174390375614166,0.0023174614179879427,0.012406286783516407,0.011903942562639713,0.0,0.11767058819532394,0.4422167241573334,0.4669765532016754
2691.0,2692.0,True,presidenta,closeup,,,0.6059214472770691,0.03841384872794151,0.02616295963525772,0.2846732437610626,0.0035013938322663307,0.020827969536185265,0.020499136298894882,0.0,0.12996168434619904,0.07103554159402847,0.6543482542037964
2692.0,2693.0,True,presidenta,closeup,,,0.01586415432393551,0.007456490304321051,0.0002747235121205449,0.9678456783294678,0.003911346662789583,0.004283658694475889,0.0003639909846242517,0.0,0.12076620757579803,0.018929917365312576,0.4229681193828583
2693.0,2694.0,True,presidenta,closeup,,,0.3338109254837036,0.1124187484383583,0.0037473293486982584,0.5382598638534546,0.0010155432391911745,0.005788507871329784,0.004959116689860821,0.0,0.19043762981891632,0.06465157121419907,0.4599321186542511
2694.0,2695.0,True,presidenta,closeup,,,0.39177143573760986,0.055156562477350235,0.019217949360609055,0.4621049761772156,0.013582127168774605,0.027779482305049896,0.030387382954359055,0.0,0.1925467848777771,0.05712505057454109,0.4932667016983032
2695.0,2696.0,True,presidenta,closeup,,,0.46412068605422974,0.043663591146469116,0.016474947333335876,0.28543081879615784,0.015104955062270164,0.04589102789759636,0.12931396067142487,0.0,0.2335149496793747,0.02822384424507618,0.5348190665245056
2696.0,2697.0,True,presidenta,closeup,,,0.25423792004585266,0.10761705040931702,0.014895599335432053,0.42822808027267456,0.014198905788362026,0.038229405879974365,0.14259304106235504,0.0,0.1884150207042694,0.02518150955438614,0.33722710609436035
2697.0,2698.0,True,presidenta,closeup,,,0.4277438521385193,0.09970787167549133,0.012275096960365772,0.3063760995864868,0.018388831987977028,0.06333297491073608,0.0721752941608429,0.0,0.10856585204601288,0.0257828701287508,0.5102635622024536
2698.0,2699.0,True,presidenta,closeup,,,0.6338136196136475,0.09889952093362808,0.00869158934801817,0.1396561563014984,0.0496852807700634,0.02618715912103653,0.043066758662462234,0.0,0.0829964205622673,0.053460124880075455,0.6046637892723083
2699.0,2700.0,True,presidenta,closeup,,,0.5881866216659546,0.04804549366235733,0.06685114651918411,0.1949061006307602,0.017232876271009445,0.028608137741684914,0.056169573217630386,0.0,0.16474521160125732,0.08190293610095978,0.40931692719459534
2700.0,2701.0,True,presidenta,closeup,,,0.9040271639823914,0.03349815309047699,0.01156510878354311,0.012417062185704708,0.0005457474035210907,0.027594923973083496,0.010351850651204586,0.0,0.11913302540779114,0.15486037731170654,0.5147780776023865
2701.0,2702.0,True,presidenta,closeup,,,0.966620683670044,0.011827661655843258,0.01256110891699791,0.006322350353002548,8.737271127756685e-05,0.0017418371280655265,0.0008389499853365123,0.0,0.2703343331813812,0.05851902812719345,0.5494005680084229
2702.0,2703.0,True,presidenta,closeup,,,0.6937527656555176,0.2603636085987091,0.008540957234799862,0.022844664752483368,0.001214773510582745,0.005181501153856516,0.00810172688215971,0.0,0.34062182903289795,0.3615253269672394,0.4278436005115509
2703.0,2704.0,True,presidenta,closeup,,,0.7970433831214905,0.16587767004966736,0.011260471306741238,0.011725631542503834,0.0012944040354341269,0.006501847878098488,0.006296646781265736,0.0,0.757102906703949,0.4785192906856537,0.639572024345398
2704.0,2705.0,True,presidenta,closeup,,,0.744489312171936,0.19709043204784393,0.021221686154603958,0.03225371614098549,0.0016743589658290148,0.0013601139653474092,0.0019103734521195292,0.0,0.6374404430389404,0.1994590163230896,0.6144821643829346
2705.0,2706.0,True,presidenta,closeup,,,0.4473430812358856,0.5043190717697144,0.0072538843378424644,0.015702061355113983,0.001150620635598898,0.00391216017305851,0.020319145172834396,0.0,0.6135010123252869,0.25985074043273926,0.6013876795768738
2706.0,2707.0,True,presidenta,closeup,,,0.3708920180797577,0.5887198448181152,0.004691891372203827,0.005982052534818649,0.0007565708947367966,0.004707450047135353,0.024250146001577377,0.0,0.5776669383049011,0.21110141277313232,0.4979938566684723
2707.0,2708.0,True,presidenta,closeup,,,0.8369981646537781,0.05215688794851303,0.008772711269557476,0.02414582669734955,0.003644663840532303,0.02277486026287079,0.05150695517659187,0.0,0.7102486491203308,0.2579506039619446,0.4924335777759552
2708.0,2709.0,True,presidenta,closeup,,,0.41447269916534424,0.2443445771932602,0.030455008149147034,0.08214841037988663,0.0018071845406666398,0.029699627310037613,0.19707250595092773,0.0,0.392208456993103,0.24805526435375214,0.4918988049030304
2709.0,2710.0,True,presidenta,closeup,,,0.808222234249115,0.0913478210568428,0.019576197490096092,0.011569047346711159,0.0034613728057593107,0.01798766665160656,0.04783572629094124,0.0,0.5801247954368591,0.37926995754241943,0.6125295162200928
2710.0,2711.0,True,presidenta,closeup,,,0.9460631012916565,0.033770494163036346,0.005838096607476473,0.004231156315654516,0.00026865681866183877,0.006222702097147703,0.0036058209370821714,0.0,0.34460657835006714,0.3149537146091461,0.43116986751556396
2711.0,2712.0,True,presidenta,closeup,,,0.7582675218582153,0.0658014565706253,0.016492482274770737,0.13923777639865875,0.004097001627087593,0.011733959428966045,0.004369812086224556,0.0,0.22449226677417755,0.1405138522386551,0.5091511607170105
2712.0,2713.0,True,presidenta,closeup,,,0.9108907580375671,0.04224872589111328,0.002016727114096284,0.016289163380861282,0.0008014882332645357,0.024580109864473343,0.0031730097252875566,0.0,0.7559856176376343,0.13099545240402222,0.41987285017967224
2713.0,2714.0,True,presidenta,closeup,,,0.7933849096298218,0.09692645817995071,0.004889743868261576,0.011952400207519531,0.0014156413963064551,0.08201456815004349,0.009416252374649048,0.0,0.3523615300655365,0.17386044561862946,0.45165565609931946
2714.0,2715.0,True,presidenta,closeup,,,0.9029214382171631,0.022868389263749123,0.005391428247094154,0.06028961390256882,0.000445537269115448,0.005170999560505152,0.0029125914443284273,0.0,0.17711590230464935,0.2278643250465393,0.4187277853488922
2715.0,2716.0,True,presidenta,closeup,,,0.14086325466632843,0.23531052470207214,0.009827490895986557,0.5520622730255127,0.008331726305186749,0.025568993762135506,0.028035765513777733,0.0,0.08495213836431503,0.5818803906440735,0.09442663937807083
2716.0,2717.0,True,presidenta,closeup,,,0.5318180918693542,0.010204643942415714,0.00166329275816679,0.4436074495315552,0.0006309734308160841,0.01128879189491272,0.0007867976673878729,0.0,0.23976880311965942,0.017627131193876266,0.44018369913101196
2717.0,2718.0,True,presidenta,closeup,,,0.24348735809326172,0.12542128562927246,0.004239884205162525,0.37370631098747253,0.0019373089307919145,0.029590589925646782,0.22161728143692017,0.0,0.14248743653297424,0.054693203419446945,0.3064778745174408
2718.0,2719.0,True,presidenta,closeup,,,0.4655469059944153,0.07461757212877274,0.02414485067129135,0.3555706739425659,0.00395799009129405,0.020603245124220848,0.05555878207087517,0.0,0.12534154951572418,0.4958134889602661,0.470657616853714
2719.0,2720.0,True,presidenta,closeup,,,0.8301699757575989,0.07806161791086197,0.03069179505109787,0.038424741476774216,0.0009646882535889745,0.01174670085310936,0.00994042120873928,0.0,0.1495075672864914,0.11559192836284637,0.3908695578575134
2720.0,2721.0,True,presidenta,closeup,,,0.8903869390487671,0.024096492677927017,0.026433145627379417,0.02523716911673546,0.0010420825565233827,0.016512982547283173,0.01629113219678402,0.0,0.07034113258123398,0.3060011863708496,0.5087149739265442
2721.0,2722.0,True,presidenta,closeup,,,0.17480935156345367,0.16497613489627838,0.006836008280515671,0.06456778198480606,0.0007894018781371415,0.025029875338077545,0.5629913806915283,0.0,0.09393848478794098,0.03988882154226303,0.404328852891922
2722.0,2723.0,True,presidenta,closeup,,,0.46968138217926025,0.051340699195861816,0.017202747985720634,0.09926003962755203,0.0015855254605412483,0.2045569270849228,0.15637268126010895,0.0,0.1644562929868698,0.14393362402915955,0.47961992025375366
2723.0,2724.0,True,presidenta,closeup,,,0.06770642101764679,0.44700750708580017,0.00314852362498641,0.36993491649627686,0.0029533023480325937,0.015828179195523262,0.09342119842767715,0.0,0.13636155426502228,0.8571001291275024,0.10176292061805725
2724.0,2725.0,True,presidenta,closeup,,,0.7394105792045593,0.061799172312021255,0.012852613814175129,0.04645392298698425,0.0013620497193187475,0.12170001864433289,0.0164216086268425,0.0,0.31011632084846497,0.15394598245620728,0.5500021576881409
2725.0,2726.0,True,presidenta,closeup,,,0.832288384437561,0.01072975154966116,0.032855693250894547,0.08682806044816971,0.0011595720425248146,0.0228818841278553,0.013256684876978397,0.0,0.13123752176761627,0.027566231787204742,0.3538801968097687
2726.0,2727.0,True,presidenta,closeup,,,0.8117460608482361,0.12367568910121918,0.027140900492668152,0.008287737146019936,0.0007842821651138365,0.009521030820906162,0.01884426362812519,0.0,0.20410029590129852,0.21095247566699982,0.44457143545150757
2727.0,2728.0,True,presidenta,closeup,,,0.6044484972953796,0.2499440759420395,0.021848248317837715,0.07457371801137924,0.0011388877173885703,0.026419082656502724,0.02162749506533146,0.0,0.18595626950263977,0.4529239535331726,0.4043760597705841
2728.0,2729.0,True,presidenta,closeup,,,0.7614721059799194,0.12332141399383545,0.02967500500380993,0.03782448545098305,0.0022807950153946877,0.011661187745630741,0.03376499563455582,0.0,0.3897416591644287,0.3956105411052704,0.476540207862854
2729.0,2730.0,True,presidenta,closeup,,,0.7591084837913513,0.03453296795487404,0.018605219200253487,0.15892140567302704,0.003265865845605731,0.01780860684812069,0.007757470011711121,0.0,0.12410885840654373,0.21629270911216736,0.42144113779067993
2730.0,2731.0,True,presidenta,closeup,,,0.6820684671401978,0.01770191453397274,0.02985532581806183,0.20951256155967712,0.0030449519399553537,0.03226368501782417,0.02555312030017376,0.0,0.192123144865036,0.06488154828548431,0.6072662472724915
2731.0,2732.0,True,presidenta,closeup,,,0.8718505501747131,0.02735525742173195,0.036574918776750565,0.052873384207487106,0.0022223081905394793,0.005244384985417128,0.0038791631814092398,0.0,0.2746446132659912,0.23174609243869781,0.6030699014663696
2732.0,2733.0,True,presidenta,closeup,,,0.8808385729789734,0.018415911123156548,0.04525994509458542,0.02368631772696972,0.0011902154656127095,0.012774519622325897,0.017834497615695,0.0,0.1890212446451187,0.035649701952934265,0.3682379126548767
2733.0,2734.0,True,presidenta,closeup,,,0.13850364089012146,0.09538017213344574,0.02205602079629898,0.5786534547805786,0.01870274357497692,0.01155054196715355,0.13515348732471466,0.0,0.08944258093833923,0.06145356968045235,0.278166264295578
2734.0,2735.0,True,presidenta,closeup,,,0.8216739296913147,0.031874965876340866,0.002600916428491473,0.12433094531297684,8.709988469490781e-05,0.019126474857330322,0.0003056987770833075,0.0,0.11096649616956711,0.09740094095468521,0.5294056534767151
2735.0,2736.0,True,presidenta,closeup,,,0.22019188106060028,0.17515824735164642,0.031879622489213943,0.5058916211128235,0.005026389844715595,0.04339190945029259,0.01846029981970787,0.0,0.0865803137421608,0.219218447804451,0.5272297859191895
2736.0,2737.0,True,presidenta,closeup,,,0.954931914806366,0.03390441834926605,0.008133890107274055,0.001941222115419805,0.0001045617536874488,0.0005818054196424782,0.0004021479107905179,0.0,0.47874608635902405,0.4504152238368988,0.4122062027454376
2737.0,2738.0,True,presidenta,closeup,,,0.9165930151939392,0.03330248221755028,0.01192875113338232,0.010363769717514515,0.000279759056866169,0.015509233810007572,0.012023038230836391,0.0,0.24762704968452454,0.2382832169532776,0.31340059638023376
2738.0,2739.0,True,presidenta,closeup,,,0.27039775252342224,0.18277385830879211,0.010689593851566315,0.2460240125656128,0.0028938085306435823,0.04956575483083725,0.23765520751476288,0.0,0.11860938370227814,0.09388792514801025,0.48265957832336426
2739.0,2740.0,True,presidenta,closeup,,,0.6232746243476868,0.28538331389427185,0.0034486271906644106,0.01368651632219553,0.0012985054636374116,0.01559485774487257,0.057313598692417145,0.0,0.11189498752355576,0.6492102742195129,0.4449138045310974
2740.0,2741.0,True,presidenta,closeup,,,0.6621559858322144,0.07616186141967773,0.011016856878995895,0.12096623331308365,0.0028694234788417816,0.07079630345106125,0.05603331699967384,0.0,0.11575666815042496,0.032993216067552567,0.25666436553001404
2741.0,2742.0,True,presidenta,closeup,,,0.9736748337745667,0.00338370050303638,0.006837453227490187,0.006570753641426563,0.0012741771060973406,0.0028696339577436447,0.005389397032558918,0.0,0.13415971398353577,0.028143269941210747,0.35225459933280945
2742.0,2743.0,True,presidenta,closeup,,,0.9349932670593262,0.013698529452085495,0.023714497685432434,0.014599032700061798,0.0008926554000936449,0.0018974527483806014,0.010204640217125416,0.0,0.15786001086235046,0.06335989385843277,0.3532649278640747
2743.0,2744.0,True,presidenta,closeup,,,0.914353609085083,0.008256424218416214,0.059455353766679764,0.00961095280945301,0.0005296997260302305,0.003732279408723116,0.00406172638759017,0.0,0.12306773662567139,0.19444139301776886,0.49663862586021423
2744.0,2745.0,True,presidenta,closeup,,,0.8042553067207336,0.01972389779984951,0.12871654331684113,0.007696890737861395,0.0005615390837192535,0.010550374165177345,0.028495412319898605,0.0,0.16396847367286682,0.2801162600517273,0.4222694933414459
2745.0,2746.0,True,presidenta,closeup,,,0.8140758275985718,0.06949684023857117,0.0237423162907362,0.017838360741734505,0.001802134094759822,0.049307409673929214,0.023737074807286263,0.0,0.1708175539970398,0.10197479277849197,0.35016220808029175
2746.0,2747.0,True,presidenta,closeup,,,0.5553284883499146,0.09695883095264435,0.021532893180847168,0.16329887509346008,0.008368664421141148,0.05153349041938782,0.10297872871160507,0.0,0.24931971728801727,0.2322131246328354,0.6096251606941223
2747.0,2748.0,True,presidenta,closeup,,,0.6299369931221008,0.28400227427482605,0.029189417138695717,0.020001020282506943,0.0010787984356284142,0.020803092047572136,0.014988414011895657,0.0,0.4061550498008728,0.19348837435245514,0.4671781063079834
2748.0,2749.0,True,presidenta,closeup,,,0.4557410180568695,0.2398514747619629,0.033760298043489456,0.06487482041120529,0.004072263371199369,0.09138070791959763,0.11031944304704666,0.0,0.17391280829906464,0.33821114897727966,0.3317655622959137
2749.0,2750.0,True,presidenta,closeup,,,0.7851964235305786,0.03863029554486275,0.016941890120506287,0.07167747616767883,0.0014044290874153376,0.06397045403718948,0.02217908203601837,0.0,0.15613953769207,0.06185422092676163,0.43049779534339905
2750.0,2751.0,True,presidenta,closeup,,,0.6635603308677673,0.18041400611400604,0.09157107770442963,0.053862378001213074,0.0023346811067312956,0.0017176411347463727,0.0065398989245295525,0.0,0.5620815753936768,0.23498131334781647,0.732218325138092
2751.0,2752.0,True,presidenta,closeup,,,0.9034590125083923,0.015010436065495014,0.04736652970314026,0.0042684683576226234,0.0006061381427571177,0.01533278077840805,0.013956588692963123,0.0,0.5331226587295532,0.41899263858795166,0.6865779161453247
2752.0,2753.0,True,presidenta,closeup,,,0.9071319103240967,0.030475279316306114,0.018122369423508644,0.00285767181776464,0.0015865034656599164,0.024875545874238014,0.014950678683817387,0.0,0.8028960227966309,0.10860950499773026,0.7613748908042908
2753.0,2754.0,True,presidenta,closeup,,,0.7228374481201172,0.22528459131717682,0.018677933141589165,0.006650040857493877,0.0005154903628863394,0.0069945575669407845,0.019039884209632874,0.0,0.4266762137413025,0.5817905068397522,0.5067794322967529
2754.0,2755.0,True,presidenta,closeup,,,0.6299322843551636,0.31582292914390564,0.017576809972524643,0.013631841167807579,0.0015721251256763935,0.008739348500967026,0.01272465381771326,0.0,0.3496417701244354,0.35446640849113464,0.5414931178092957
2755.0,2756.0,True,presidenta,closeup,,,0.9799551367759705,0.011053213849663734,0.0027852326165884733,0.001413783524185419,0.00013536462211050093,0.0037998035550117493,0.0008574576349928975,0.0,0.5316665172576904,0.1535612940788269,0.6869709491729736
2756.0,2757.0,True,presidenta,closeup,,,0.8365934491157532,0.07616354525089264,0.005268567707389593,0.03442016988992691,0.0013173321494832635,0.029352273792028427,0.016884660348296165,0.0,0.5956079959869385,0.29995670914649963,0.47381392121315
2757.0,2758.0,True,presidenta,closeup,,,0.426323801279068,0.3237805664539337,0.011289331130683422,0.2229737788438797,0.0021618600003421307,0.002795471576973796,0.010675153695046902,0.0,0.6226860880851746,0.5875070691108704,0.6023604869842529
2758.0,2759.0,True,presidenta,closeup,,,0.3616378605365753,0.48700326681137085,0.030704014003276825,0.03148983046412468,0.0013848507078364491,0.017112866044044495,0.07066734880208969,0.0,0.41346484422683716,0.8305046558380127,0.5003656148910522
2759.0,2760.0,True,presidenta,closeup,,,0.7844677567481995,0.07974623143672943,0.02801409177482128,0.01334136351943016,0.0023062878753989935,0.053812477737665176,0.03831180930137634,0.0,0.3141353130340576,0.49541065096855164,0.42014801502227783
2760.0,2761.0,True,presidenta,closeup,,,0.32943493127822876,0.07632046937942505,0.061800163239240646,0.15657469630241394,0.007706409320235252,0.04755784571170807,0.3206055164337158,0.0,0.13332869112491608,0.33176490664482117,0.5346012711524963
2761.0,2762.0,True,presidenta,closeup,,,0.7000596523284912,0.06960012763738632,0.027406534180045128,0.13727836310863495,0.00614924868568778,0.018341129645705223,0.04116497188806534,0.0,0.27800747752189636,0.04022681340575218,0.4869344234466553
2762.0,2763.0,True,presidenta,closeup,,,0.7128317356109619,0.12047450989484787,0.01992437057197094,0.1232973039150238,0.005144619848579168,0.008112253621220589,0.010215274058282375,0.0,0.13545586168766022,0.7163525223731995,0.4395815134048462
2763.0,2764.0,True,presidenta,closeup,,,0.9163632988929749,0.0313900001347065,0.005213657394051552,0.028687329962849617,0.0005276440060697496,0.015111654996871948,0.00270633352920413,0.0,0.09987739473581314,0.2175634503364563,0.46398991346359253
2764.0,2765.0,True,presidenta,closeup,,,0.7108547687530518,0.09365025907754898,0.016216112300753593,0.14188113808631897,0.0019096521427854896,0.017872236669063568,0.01761585846543312,0.0,0.34258607029914856,0.2342100590467453,0.4859481453895569
2765.0,2766.0,True,presidenta,closeup,,,0.5263757705688477,0.1512090414762497,0.01734328642487526,0.1632923036813736,0.0034935357980430126,0.05600737780332565,0.08227866888046265,0.0,0.0753985196352005,0.20786528289318085,0.458103209733963
2766.0,2767.0,True,presidenta,closeup,,,0.4993431866168976,0.3187512755393982,0.027520179748535156,0.07671219110488892,0.0028676765505224466,0.021057475358247757,0.05374809727072716,0.0,0.15121546387672424,0.5515292882919312,0.4152267575263977
2767.0,2768.0,True,presidenta,closeup,,,0.23757994174957275,0.11361436545848846,0.00768387783318758,0.6171747446060181,0.007213659584522247,0.007534737698733807,0.009198770858347416,0.0,0.0496382974088192,0.051147572696208954,0.5082970857620239
2768.0,2769.0,True,presidenta,closeup,,,0.823684573173523,0.016276666894555092,0.009910454042255878,0.07141872495412827,0.001096814638003707,0.0034364222083240747,0.07417638599872589,0.0,0.13395415246486664,0.30511125922203064,0.5533241033554077
2769.0,2770.0,True,presidenta,closeup,,,0.519030749797821,0.09317012876272202,0.011730088852345943,0.3590202331542969,0.001965122763067484,0.004628124181181192,0.010455576702952385,0.0,0.20310339331626892,0.1577221006155014,0.2958776652812958
2770.0,2771.0,True,presidenta,closeup,,,0.21494466066360474,0.20729303359985352,0.015791703015565872,0.46728289127349854,0.007600520271807909,0.01844123750925064,0.06864594668149948,0.0,0.16475236415863037,0.46242454648017883,0.45407575368881226
2771.0,2772.0,True,presidenta,closeup,,,0.1512281596660614,0.10623197257518768,0.020293230190873146,0.6990891695022583,0.007898448966443539,0.003031428437680006,0.01222760695964098,0.0,0.26476314663887024,0.22620083391666412,0.2364012897014618
2772.0,2773.0,True,presidenta,closeup,,,0.6717050671577454,0.026748083531856537,0.008056248538196087,0.25110068917274475,0.006446652580052614,0.011423788964748383,0.024519480764865875,0.0,0.222768634557724,0.03264037147164345,0.34474754333496094
2773.0,2774.0,True,presidenta,closeup,,,0.5309761166572571,0.038447994738817215,0.018500950187444687,0.29225054383277893,0.02799326367676258,0.02765132673084736,0.06417981535196304,0.0,0.12813255190849304,0.025526631623506546,0.46879005432128906
2774.0,2775.0,True,presidenta,closeup,,,0.5616979002952576,0.11903835833072662,0.04204103350639343,0.1391887366771698,0.008372287265956402,0.030831700190901756,0.0988299623131752,0.0,0.31653520464897156,0.04781966283917427,0.41646748781204224
2775.0,2776.0,True,presidenta,closeup,,,0.2097426801919937,0.44539374113082886,0.005595841445028782,0.027648527175188065,0.0021662376821041107,0.013784961774945259,0.29566797614097595,0.0,0.07697325199842453,0.11792009323835373,0.44625115394592285
2776.0,2777.0,True,presidenta,closeup,,,0.428501158952713,0.04762178659439087,0.05207877233624458,0.14088165760040283,0.004251561593264341,0.05458834022283554,0.27207669615745544,0.0,0.19578304886817932,0.10019998252391815,0.3590894043445587
2777.0,2778.0,True,presidenta,closeup,,,0.7361443042755127,0.058903712779283524,0.00899815559387207,0.11361569166183472,0.002565402304753661,0.05843530222773552,0.02133742906153202,0.0,0.16186168789863586,0.39783480763435364,0.44985681772232056
2778.0,2779.0,True,presidenta,closeup,,,0.5970370173454285,0.16542670130729675,0.010372059419751167,0.03904329985380173,0.002754868008196354,0.025541793555021286,0.15982425212860107,0.0,0.33143335580825806,0.0383533276617527,0.3309507668018341
2779.0,2780.0,True,presidenta,closeup,,,0.08877439051866531,0.04427232965826988,0.008080020546913147,0.030502479523420334,0.0021731117740273476,0.06116899475455284,0.7650287747383118,0.0,0.12926733493804932,0.04614685848355293,0.37304893136024475
2780.0,2781.0,True,presidenta,closeup,,,0.8335984349250793,0.012081251479685307,0.04892667755484581,0.016719568520784378,0.0004134207556489855,0.06579367816448212,0.02246698923408985,0.0,0.12350951135158539,0.09992781281471252,0.5566102862358093
2781.0,2782.0,True,presidenta,closeup,,,0.9098999500274658,0.04437046870589256,0.014246388338506222,0.0046144891530275345,0.0026410582941025496,0.014348193071782589,0.009879409335553646,0.0,0.1771240085363388,0.21271878480911255,0.39753639698028564
2782.0,2783.0,True,presidenta,closeup,,,0.7835424542427063,0.1468447595834732,0.02732328325510025,0.028536932542920113,0.0022961727809160948,0.0038085554260760546,0.007647798862308264,0.0,0.16346482932567596,0.12469156086444855,0.4756341874599457
2783.0,2784.0,True,presidenta,closeup,,,0.5227440595626831,0.2640348970890045,0.005316718015819788,0.1377640962600708,0.008250701241195202,0.020418677479028702,0.04147088900208473,0.0,0.4039793908596039,0.2576918303966522,0.3236124813556671
2784.0,2785.0,True,presidenta,closeup,,,0.8940849304199219,0.016218258067965508,0.0487283319234848,0.02449522167444229,0.0005472738412208855,0.009693322703242302,0.006232611835002899,0.0,0.47155123949050903,0.5257779955863953,0.22539165616035461
2785.0,2786.0,True,presidenta,closeup,,,0.7185412645339966,0.11297820508480072,0.016242846846580505,0.12408086657524109,0.00030896469252184033,0.025105146691203117,0.002742704004049301,0.0,0.1605181097984314,0.042231906205415726,0.38303837180137634
2786.0,2787.0,True,presidenta,closeup,,,0.20024417340755463,0.02463834173977375,0.013349903747439384,0.7183199524879456,0.0022503570653498173,0.038673173636198044,0.0025241083931177855,0.0,0.1944381445646286,0.08034619688987732,0.6298134326934814
2787.0,2788.0,True,presidenta,closeup,,,0.49355757236480713,0.06642444431781769,0.024200091138482094,0.19556789100170135,0.005211383569985628,0.1322566568851471,0.08278191834688187,0.0,0.2433508336544037,0.11627867817878723,0.539526641368866
2788.0,2789.0,True,presidenta,closeup,,,0.4016999900341034,0.12276040017604828,0.040613848716020584,0.27343615889549255,0.003719112602993846,0.11629151552915573,0.041478920727968216,0.0,0.19873596727848053,0.562030553817749,0.4445810616016388
2789.0,2790.0,True,presidenta,closeup,,,0.22124384343624115,0.16540615260601044,0.012917411513626575,0.5470176339149475,0.0010853505227714777,0.04433721303939819,0.007992343977093697,0.0,0.14430536329746246,0.5649422407150269,0.3325134515762329
2790.0,2791.0,True,presidenta,closeup,,,0.36254921555519104,0.06837233155965805,0.0434967465698719,0.3587850034236908,0.010667779482901096,0.09258241951465607,0.06354647874832153,0.0,0.09455395489931107,0.1737293303012848,0.44988906383514404
2791.0,2792.0,True,presidenta,closeup,,,0.8315500020980835,0.0254739448428154,0.01587008871138096,0.09069723635911942,0.002660658909007907,0.022890834137797356,0.010857295244932175,0.0,0.11906176060438156,0.026522405445575714,0.41881608963012695
2792.0,2793.0,True,presidenta,closeup,,,0.6442713737487793,0.025155680254101753,0.02452629990875721,0.19999383389949799,0.0026105870492756367,0.07006927579641342,0.033372972160577774,0.0,0.1621369868516922,0.06636036932468414,0.4476587772369385
2793.0,2794.0,True,presidenta,closeup,,,0.6417660117149353,0.03263033926486969,0.02574477344751358,0.1875132918357849,0.002019497798755765,0.07750926911830902,0.03281687572598457,0.0,0.09282790124416351,0.09098467975854874,0.5152233242988586
2794.0,2795.0,True,presidenta,closeup,,,0.5238258838653564,0.05303044244647026,0.15059421956539154,0.08295336365699768,0.0024778021033853292,0.049668412655591965,0.13744984567165375,0.0,0.1392713040113449,0.2782299220561981,0.6557831764221191
2795.0,2796.0,True,presidenta,closeup,,,0.5415955781936646,0.0793958529829979,0.014838727191090584,0.3378300666809082,0.003137566614896059,0.013480110093951225,0.009722069837152958,0.0,0.1320430338382721,0.18758167326450348,0.592898428440094
2796.0,2797.0,True,presidenta,closeup,,,0.5644451379776001,0.02775430679321289,0.014305556192994118,0.32511502504348755,0.00482154032215476,0.044140204787254333,0.01941823959350586,0.0,0.20177587866783142,0.42892035841941833,0.5141797661781311
2797.0,2798.0,True,presidenta,closeup,,,0.3294045627117157,0.22533316910266876,0.022226974368095398,0.152747243642807,0.004986177664250135,0.06374414265155792,0.2015577107667923,0.0,0.18497586250305176,0.17911162972450256,0.49158158898353577
2798.0,2799.0,True,presidenta,closeup,,,0.17157535254955292,0.14504742622375488,0.02023605816066265,0.028336921706795692,0.003310245228931308,0.09068727493286133,0.540806770324707,0.0,0.16096660494804382,0.1862272471189499,0.2616812586784363
2799.0,2800.0,True,presidenta,closeup,,,0.4664493203163147,0.06257883459329605,0.016745589673519135,0.4079851806163788,0.007996468804776669,0.022854534909129143,0.015390019863843918,0.0,0.2142518162727356,0.26871323585510254,0.44479405879974365
2800.0,2801.0,True,presidenta,closeup,,,0.9332837462425232,0.0158828217536211,0.007368106860667467,0.041105467826128006,0.0009463670430704951,0.0012592278653755784,0.00015433863154612482,0.0,0.14918732643127441,0.1412714421749115,0.5392940640449524
2801.0,2802.0,True,presidenta,closeup,,,0.521034300327301,0.0909048318862915,0.0034331949427723885,0.37625569105148315,0.002214876003563404,0.004665189888328314,0.0014919234672561288,0.0,0.16699130833148956,0.10623234510421753,0.6656901836395264
2802.0,2803.0,True,presidenta,closeup,,,0.04602203145623207,0.08774323016405106,0.0034003357868641615,0.8417453765869141,0.012874288484454155,0.003958956338465214,0.004255755338817835,0.0,0.431965708732605,0.09958724677562714,0.5426343083381653
2803.0,2804.0,True,presidenta,closeup,,,0.7309513092041016,0.04189321771264076,0.02393847331404686,0.07952261716127396,0.003908807877451181,0.08227375149726868,0.037511810660362244,0.0,0.3478526473045349,0.1314503252506256,0.39495280385017395
2804.0,2805.0,True,presidenta,closeup,,,0.25702592730522156,0.014567486941814423,0.07622471451759338,0.14573532342910767,0.012378551997244358,0.024008214473724365,0.47005972266197205,0.0,0.2741298973560333,0.14607828855514526,0.238982692360878
2805.0,2806.0,True,presidenta,closeup,,,0.7855851650238037,0.022226538509130478,0.033698953688144684,0.038267169147729874,0.0008576065301895142,0.1070287674665451,0.012335791252553463,0.0,0.13126681745052338,0.19561874866485596,0.49111905694007874
2806.0,2807.0,True,presidenta,closeup,,,0.7460079789161682,0.019449850544333458,0.010960211977362633,0.19356083869934082,0.0010331018129363656,0.026802638545632362,0.0021854254882782698,0.0,0.18250517547130585,0.16879738867282867,0.7212698459625244
2807.0,2808.0,True,presidenta,closeup,,,0.4174911081790924,0.05863259360194206,0.0567578487098217,0.25515490770339966,0.002069803886115551,0.0695485919713974,0.14034512639045715,0.0,0.04662768170237541,0.15735644102096558,0.4323820471763611
2808.0,2809.0,True,presidenta,closeup,,,0.7524594664573669,0.04219021275639534,0.006266961805522442,0.19483569264411926,0.0014433524338528514,0.001696395338512957,0.001107877935282886,0.0,0.17522194981575012,0.19310720264911652,0.6195787191390991
2809.0,2810.0,True,presidenta,closeup,,,0.3891376256942749,0.1773640513420105,0.00677583459764719,0.41145774722099304,0.002150589134544134,0.004594964906573296,0.008519169874489307,0.0,0.23819346725940704,0.10016857087612152,0.6888402700424194
2810.0,2811.0,True,presidenta,closeup,,,0.5271719694137573,0.07370004802942276,0.009356928989291191,0.3634645640850067,0.003938876558095217,0.01952781341969967,0.0028397545684129,0.0,0.07644131034612656,0.027099264785647392,0.5548182129859924
2811.0,2812.0,True,presidenta,closeup,,,0.6161872148513794,0.07432391494512558,0.0137333320453763,0.27794885635375977,0.004534265957772732,0.005471658892929554,0.007800787687301636,0.0,0.20163528621196747,0.10382769256830215,0.6887314915657043
2812.0,2813.0,True,presidenta,closeup,,,0.7579696774482727,0.12406306713819504,0.023278824985027313,0.05720782279968262,0.0015373349888250232,0.01123099960386753,0.024712255224585533,0.0,0.15314143896102905,0.1978350430727005,0.5448156595230103
2813.0,2814.0,True,presidenta,closeup,,,0.5747668147087097,0.21426288783550262,0.05098936706781387,0.07924629747867584,0.0035674588289111853,0.016436850652098656,0.06073036044836044,0.0,0.11372269690036774,0.15435847640037537,0.5149263143539429
2814.0,2815.0,True,presidenta,closeup,,,0.3149925172328949,0.07114067673683167,0.041330303996801376,0.234138622879982,0.006950510200113058,0.03557311370968819,0.2958742678165436,0.0,0.31911700963974,0.07013839483261108,0.3047633767127991
2815.0,2816.0,True,presidenta,closeup,,,0.9577761888504028,0.014751740731298923,0.02024088241159916,0.0038116597570478916,0.00023061202955432236,0.00200089393183589,0.0011879962403327227,0.0,0.5086016058921814,0.41377851366996765,0.6253845691680908
2816.0,2817.0,True,presidenta,closeup,,,0.9794170260429382,0.0157961156219244,0.0025187942665070295,0.0005153582897037268,2.3020600565359928e-05,0.001505940337665379,0.00022373390675056726,0.0,0.20744095742702484,0.2875489592552185,0.3501252830028534
2817.0,2818.0,True,presidenta,closeup,,,0.6144107580184937,0.1249600499868393,0.01723463088274002,0.2055159956216812,0.001570841297507286,0.01510166097432375,0.021206067875027657,0.0,0.43653857707977295,0.2480737566947937,0.49570783972740173
2818.0,2819.0,True,presidenta,closeup,,,0.5520390868186951,0.22941908240318298,0.017641190439462662,0.1674167364835739,0.0023515173234045506,0.010691676288843155,0.020440753549337387,0.0,0.19425208866596222,0.061141401529312134,0.5180529952049255
2819.0,2820.0,True,presidenta,closeup,,,0.9151023626327515,0.014875996857881546,0.011991865001618862,0.023510592058300972,0.0004543971735984087,0.019753769040107727,0.014311037957668304,0.0,0.13878139853477478,0.027938272804021835,0.25343334674835205
2820.0,2821.0,True,presidenta,closeup,,,0.21288937330245972,0.05885766074061394,0.040865618735551834,0.10232076793909073,0.004655806347727776,0.027730390429496765,0.5526803731918335,0.0,0.12528568506240845,0.07363565266132355,0.3468443751335144
2821.0,2822.0,True,presidenta,closeup,,,0.9176056981086731,0.03199978545308113,0.0360170342028141,0.004364147782325745,0.00026548252208158374,0.008145122788846493,0.0016027794918045402,0.0,0.08318467438220978,0.07399489730596542,0.48922300338745117
2822.0,2823.0,True,presidenta,closeup,,,0.8127340078353882,0.0879671722650528,0.013103833422064781,0.051463354378938675,0.0011854820186272264,0.015116139315068722,0.018429990857839584,0.0,0.17527630925178528,0.42640420794487,0.4693828225135803
2823.0,2824.0,True,presidenta,closeup,,,0.6512611508369446,0.19336359202861786,0.005904868245124817,0.11646363139152527,0.002064864384010434,0.015028663910925388,0.015913158655166626,0.0,0.6155917048454285,0.23149113357067108,0.6156949996948242
2824.0,2825.0,True,presidenta,closeup,,,0.7417711615562439,0.02371309883892536,0.0018023481825366616,0.19805707037448883,0.0009635027963668108,0.03197250887751579,0.0017202802700921893,0.0,0.2806061804294586,0.16719689965248108,0.4066874086856842
2825.0,2826.0,True,presidenta,closeup,,,0.8983310461044312,0.05155206471681595,0.005008918233215809,0.013966740109026432,0.001804335624910891,0.021456589922308922,0.00788027048110962,0.0,0.22392216324806213,0.17044295370578766,0.357445627450943
2826.0,2827.0,True,presidenta,closeup,,,0.8079449534416199,0.04826066642999649,0.023253416642546654,0.054946448653936386,0.002178338123485446,0.009769908152520657,0.0536462739109993,0.0,0.39474138617515564,0.06432908028364182,0.4726015627384186
2827.0,2828.0,True,presidenta,closeup,,,0.6764489412307739,0.08838058263063431,0.006515263579785824,0.10008585453033447,0.0009007661719806492,0.11412883549928665,0.013539724051952362,0.0,0.11271260678768158,0.0956323891878128,0.5146892666816711
2828.0,2829.0,True,presidenta,closeup,,,0.6003824472427368,0.05903783440589905,0.024601764976978302,0.20937775075435638,0.0012897594133391976,0.08480445295572281,0.020506061613559723,0.0,0.09975636750459671,0.091240793466568,0.63424152135849
2829.0,2830.0,True,presidenta,closeup,,,0.37454912066459656,0.024618759751319885,0.009964833036065102,0.44937965273857117,0.002548492280766368,0.12165375798940659,0.01728540100157261,0.0,0.1647125780582428,0.09615978598594666,0.40204301476478577
2830.0,2831.0,True,presidenta,closeup,,,0.1881527155637741,0.020289674401283264,0.01506239827722311,0.5945616364479065,0.005213928408920765,0.13121996819972992,0.04549964517354965,0.0,0.08128145337104797,0.03697171434760094,0.4114993214607239
2831.0,2832.0,True,presidenta,closeup,,,0.2283017337322235,0.0717717781662941,0.006562184076756239,0.5059084296226501,0.0032186596654355526,0.179793581366539,0.004443637561053038,0.0,0.22416752576828003,0.2041064351797104,0.3327368497848511
2832.0,2833.0,True,presidenta,closeup,,,0.5713871717453003,0.03446049243211746,0.0171180572360754,0.333696573972702,0.005130952689796686,0.01773395948112011,0.020472807809710503,0.0,0.10972657054662704,0.12860426306724548,0.2644614279270172
2833.0,2834.0,True,presidenta,closeup,,,0.34292280673980713,0.05815364420413971,0.02616865001618862,0.35444375872612,0.006726111751049757,0.06110657751560211,0.15047839283943176,0.0,0.03483467921614647,0.12655405700206757,0.3945755660533905
2834.0,2835.0,True,presidenta,closeup,,,0.017000814899802208,0.020341860130429268,0.002829310018569231,0.9203826785087585,0.00983475986868143,0.026240410283207893,0.003370101796463132,0.0,0.044159214943647385,0.036306895315647125,0.3686029314994812
2835.0,2836.0,True,presidenta,closeup,,,0.7269511818885803,0.06929843872785568,0.023199310526251793,0.10411045700311661,0.0013190143508836627,0.06906148791313171,0.006060093175619841,0.0,0.23937326669692993,0.05193038657307625,0.4555334150791168
2836.0,2837.0,True,presidenta,closeup,,,0.6300936341285706,0.12058022618293762,0.017307236790657043,0.07759775966405869,0.002365335589274764,0.1034480482339859,0.0486077144742012,0.0,0.04140346124768257,0.038263559341430664,0.5033304691314697
2837.0,2838.0,True,presidenta,closeup,,,0.5134003162384033,0.15561987459659576,0.022216172888875008,0.10260958969593048,0.005582902580499649,0.1529250144958496,0.047646183520555496,0.0,0.056128617376089096,0.034708648920059204,0.32115834951400757
2838.0,2839.0,True,presidenta,closeup,,,0.3463130593299866,0.10791724920272827,0.03342228755354881,0.21916811168193817,0.004863251466304064,0.23252783715724945,0.055788248777389526,0.0,0.2655026614665985,0.06620944291353226,0.5829005241394043
2839.0,2840.0,True,presidenta,closeup,,,0.8144378662109375,0.0803815945982933,0.005230514798313379,0.05299773067235947,0.0009221561485901475,0.03971685841679573,0.006313277408480644,0.0,0.11530426144599915,0.038613781332969666,0.4848940074443817
2840.0,2841.0,True,presidenta,closeup,,,0.45887041091918945,0.046942271292209625,0.10043808817863464,0.34159234166145325,0.006306929048150778,0.02856835350394249,0.017281636595726013,0.0,0.0893932580947876,0.16959714889526367,0.5281339287757874
2841.0,2842.0,True,presidenta,closeup,,,0.5880380868911743,0.05149875581264496,0.01754010282456875,0.2518788278102875,0.0034824556205421686,0.08388771116733551,0.003674023784697056,0.0,0.2273082137107849,0.1681971549987793,0.6234425902366638
2842.0,2843.0,True,presidenta,closeup,,,0.3910294473171234,0.04118658974766731,0.025771383196115494,0.18807289004325867,0.021334456279873848,0.31437036395072937,0.018234899267554283,0.0,0.28656238317489624,0.08728788048028946,0.580589771270752
2843.0,2844.0,True,presidenta,closeup,,,0.7930445671081543,0.028582921251654625,0.018933027982711792,0.04583418741822243,0.0011667070211842656,0.07291274517774582,0.03952585160732269,0.0,0.1448972076177597,0.0422479547560215,0.4764496982097626
2844.0,2845.0,True,presidenta,closeup,,,0.9032686352729797,0.011731154285371304,0.026721227914094925,0.02102242410182953,0.0013362480094656348,0.028902379795908928,0.007017883937805891,0.0,0.3639647960662842,0.343078076839447,0.43402132391929626
2845.0,2846.0,True,presidenta,closeup,,,0.6504744291305542,0.058668311685323715,0.013171208091080189,0.049377504736185074,0.0014769459376111627,0.19256781041622162,0.034263793379068375,0.0,0.23080562055110931,0.1910218447446823,0.5953828692436218
2846.0,2847.0,True,presidenta,closeup,,,0.5704463720321655,0.08014900237321854,0.033310361206531525,0.17056244611740112,0.0023992203641682863,0.1169959008693695,0.026136666536331177,0.0,0.3417855501174927,0.12405844777822495,0.5261456966400146
2847.0,2848.0,True,presidenta,closeup,,,0.4752731919288635,0.04456416517496109,0.0148002365604043,0.18278735876083374,0.0015826522139832377,0.26202282309532166,0.018969476222991943,0.0,0.28328627347946167,0.08659525215625763,0.6675098538398743
2848.0,2849.0,True,presidenta,closeup,,,0.22718971967697144,0.06407665461301804,0.03075198084115982,0.5744583010673523,0.0013304667081683874,0.08252425491809845,0.0196685828268528,0.0,0.4017725884914398,0.1498318314552307,0.5055223703384399
2849.0,2850.0,True,presidenta,closeup,,,0.434060662984848,0.03247738257050514,0.0029926570132374763,0.5082262754440308,0.0004555091436486691,0.02027241140604019,0.001515125040896237,0.0,0.12161611765623093,0.07987912744283676,0.5738328695297241
2850.0,2851.0,True,presidenta,closeup,,,0.05392855778336525,0.280945360660553,0.0022525135427713394,0.654755711555481,0.0023492344189435244,0.0032815977465361357,0.002486989600583911,0.0,0.07457936555147171,0.7587035298347473,0.09588867425918579
2851.0,2852.0,True,presidenta,closeup,,,0.029286041855812073,0.06575830280780792,0.001183704356662929,0.8826169967651367,0.0009766051080077887,0.01844795048236847,0.001730369753204286,0.0,0.10575633496046066,0.7488315105438232,0.12084158509969711
2852.0,2853.0,True,presidenta,closeup,,,0.18575100600719452,0.10746123641729355,0.005517791491001844,0.5526881814002991,0.008502379059791565,0.038680195808410645,0.10139918327331543,0.0,0.029411034658551216,0.0783388763666153,0.39835843443870544
2853.0,2854.0,True,presidenta,closeup,,,0.3932991325855255,0.38930127024650574,0.005816102493554354,0.05170508474111557,0.001304226228967309,0.04863030090928078,0.10994387418031693,0.0,0.15518243610858917,0.7645652890205383,0.2536250352859497
2854.0,2855.0,True,presidenta,closeup,,,0.3107548654079437,0.48464545607566833,0.007626372389495373,0.12768763303756714,0.002647439483553171,0.006153002381324768,0.06048525869846344,0.0,0.16892990469932556,0.6451341509819031,0.4330361783504486
2855.0,2856.0,True,presidenta,closeup,,,0.501298725605011,0.3849942088127136,0.020533030852675438,0.07207105308771133,0.0037952300626784563,0.004912514239549637,0.012395180761814117,0.0,0.10750356316566467,0.6902670860290527,0.45207348465919495
2856.0,2857.0,True,presidenta,closeup,,,0.5328911542892456,0.13296033442020416,0.01876881718635559,0.249972864985466,0.004012209363281727,0.014368548057973385,0.04702606797218323,0.0,0.10600516945123672,0.7724858522415161,0.3496478497982025
2857.0,2858.0,True,presidenta,closeup,,,0.3452785015106201,0.1704491674900055,0.013986892998218536,0.08912945538759232,0.00508111109957099,0.030399320647120476,0.3456755578517914,0.0,0.07411839812994003,0.05642515793442726,0.15811537206172943
2858.0,2859.0,True,presidenta,closeup,,,0.07380345463752747,0.5893683433532715,0.009671180509030819,0.1537998616695404,0.0020093077328056097,0.043862298130989075,0.12748557329177856,0.0,0.08862464129924774,0.549125611782074,0.21443434059619904
2859.0,2860.0,True,presidenta,closeup,,,0.6508082151412964,0.28530269861221313,0.008117549121379852,0.0286469217389822,0.0006160684861242771,0.015851950272917747,0.01065666414797306,0.0,0.07026884704828262,0.04825424402952194,0.4756981134414673
2860.0,2861.0,True,presidenta,closeup,,,0.5920084118843079,0.058929476886987686,0.0017837551422417164,0.006600662600249052,0.0006277258507907391,0.3240606188774109,0.01598931849002838,0.0,0.22105498611927032,0.31051307916641235,0.394199401140213
2861.0,2862.0,True,presidenta,closeup,,,0.30983686447143555,0.06024539843201637,0.0389241985976696,0.28795287013053894,0.007552498020231724,0.11177802830934525,0.18371015787124634,0.0,0.13251647353172302,0.03227807581424713,0.6096233129501343
2862.0,2863.0,True,presidenta,closeup,,,0.12687493860721588,0.33797910809516907,0.018545176833868027,0.11818850785493851,0.008081424981355667,0.0557626374065876,0.33456820249557495,0.0,0.22323279082775116,0.06131940335035324,0.5214304327964783
2863.0,2864.0,True,presidenta,closeup,,,0.3255281448364258,0.44474536180496216,0.016176912933588028,0.03715362772345543,0.0007007687818259001,0.09437040984630585,0.08132480829954147,0.0,0.11051992326974869,0.055904876440763474,0.6606799364089966
2864.0,2865.0,True,presidenta,closeup,,,0.9325820207595825,0.03201528266072273,0.0055929734371602535,0.002474946202710271,7.835038559278473e-05,0.02528681792318821,0.0019696441013365984,0.0,0.24799886345863342,0.027728110551834106,0.4975590705871582
2865.0,2866.0,True,presidenta,closeup,,,0.7307575941085815,0.10913320630788803,0.006041608285158873,0.10705847293138504,0.00021391177142504603,0.04397325590252876,0.002821976086124778,0.0,0.19163574278354645,0.025402240455150604,0.37641674280166626
2866.0,2867.0,True,presidenta,closeup,,,0.5302980542182922,0.13266929984092712,0.004016409162431955,0.3090021312236786,0.0035881209187209606,0.010662677697837353,0.009763337671756744,0.0,0.042191073298454285,0.14062029123306274,0.5311911702156067
2867.0,2868.0,True,presidenta,closeup,,,0.7301997542381287,0.2434200495481491,0.0063056955114007,0.007555696647614241,0.001397401443682611,0.005254560615867376,0.005866854917258024,0.0,0.035361211746931076,0.07712646573781967,0.3195032477378845
2868.0,2869.0,True,presidenta,closeup,,,0.7074236273765564,0.19291558861732483,0.02568228915333748,0.04077894985675812,0.0004527763230726123,0.021005311980843544,0.011741464957594872,0.0,0.2742841839790344,0.5953159928321838,0.6858260035514832
2869.0,2870.0,True,presidenta,closeup,,,0.8451974987983704,0.12868088483810425,0.010461533442139626,0.010156995616853237,0.00017627626948524266,0.0043999673798680305,0.000926835578866303,0.0,0.26939448714256287,0.5596977472305298,0.5534127950668335
2870.0,2871.0,True,presidenta,closeup,,,0.9041496515274048,0.00807474460452795,0.006404563784599304,0.006310897879302502,0.0002511744387447834,0.07378711551427841,0.0010218351380899549,0.0,0.17716439068317413,0.025196323171257973,0.4549107551574707
2871.0,2872.0,True,presidenta,closeup,,,0.4287232458591461,0.025157172232866287,0.011225213296711445,0.3141089081764221,0.00193976575974375,0.21399149298667908,0.004854253958910704,0.0,0.12716756761074066,0.034141458570957184,0.5657583475112915
2872.0,2873.0,True,presidenta,closeup,,,0.5080708265304565,0.06203903257846832,0.02835220657289028,0.027898522093892097,0.0013738407287746668,0.24128688871860504,0.13097865879535675,0.0,0.21707572042942047,0.07233681529760361,0.5814037322998047
2873.0,2874.0,True,presidenta,closeup,,,0.31760382652282715,0.49676939845085144,0.0028486326336860657,0.07134900987148285,0.0018900985596701503,0.014748768880963326,0.09479024261236191,0.0,0.04800998046994209,0.07142795622348785,0.3766385018825531
2874.0,2875.0,True,presidenta,closeup,,,0.8421964645385742,0.14428117871284485,0.0022515133023262024,0.002266952767968178,0.00013066615792922676,0.004690972156822681,0.004182238131761551,0.0,0.18358425796031952,0.05384451895952225,0.7435107231140137
2875.0,2876.0,True,presidenta,closeup,,,0.672861635684967,0.22020532190799713,0.0584944486618042,0.006391328293830156,0.00038087283610366285,0.007655610796064138,0.03401071950793266,0.0,0.22728772461414337,0.734778881072998,0.45047715306282043
2876.0,2877.0,False,,wide,,,,,,,,,,,,,
2877.0,2878.0,False,,wide,,,,,,,,,,,,,
2878.0,2879.0,False,,wide,,,,,,,,,,,,,
2879.0,2880.0,False,,wide,,,,,,,,,,,,,
2880.0,2881.0,True,otro,closeup,,,0.7984925508499146,0.1685846596956253,0.001720911473967135,0.0006756167858839035,3.809784902841784e-05,0.027667181566357613,0.0028209746815264225,0.0,0.061840854585170746,0.561179518699646,0.7771070599555969
2881.0,2882.0,True,otro,closeup,,,0.9182497262954712,0.008854730054736137,0.0032923556864261627,0.000889746006578207,0.0002788828278426081,0.05281597375869751,0.015618598088622093,0.0,0.061191510409116745,0.1481429934501648,0.5448680520057678
2882.0,2883.0,True,otro,closeup,,,0.46462100744247437,0.06383943557739258,0.004382123239338398,0.004117832984775305,0.001048757927492261,0.010578259825706482,0.4514125883579254,0.0,0.18167755007743835,0.46260565519332886,0.5310128927230835
2883.0,2884.0,True,otro,closeup,,,0.9233603477478027,0.04125102609395981,0.0012801921693608165,0.009834248572587967,1.8787202861858532e-05,0.02075059711933136,0.0035047954879701138,0.0,0.08290279656648636,0.22974461317062378,0.4934961795806885
2884.0,2885.0,True,otro,closeup,,,0.9886661767959595,0.0044663590379059315,0.0010088534327223897,0.0008024307317100465,1.4515253496938385e-05,0.004087033681571484,0.0009546305518597364,0.0,0.16795451939105988,0.12550392746925354,0.6661698818206787
2885.0,2886.0,True,otro,closeup,,,0.8132341504096985,0.03138412535190582,0.005902672186493874,0.0011465168790891767,5.099791451357305e-05,0.0563056506216526,0.09197583794593811,0.0,0.0954144075512886,0.3099673390388489,0.575349748134613
2886.0,2887.0,True,otro,closeup,,,0.7772337794303894,0.04378001019358635,0.0035046988632529974,0.03800124675035477,0.00031454095733352005,0.06529977917671204,0.07186588644981384,0.0,0.055528152734041214,0.2629435360431671,0.5745181441307068
2887.0,2888.0,True,otro,closeup,,,0.15051543712615967,0.5420355796813965,0.0015599074540659785,0.07160275429487228,0.0002718920004554093,0.05964181199669838,0.17437265813350677,0.0,0.07580912113189697,0.8656047582626343,0.5624096989631653
2888.0,2889.0,True,otro,closeup,,,0.6785868406295776,0.06492616981267929,0.016931407153606415,0.004458623938262463,0.001348587335087359,0.015567753463983536,0.2181805968284607,0.0,0.13556784391403198,0.34420835971832275,0.5841467380523682
2889.0,2890.0,True,otro,closeup,,,0.38511285185813904,0.026452260091900826,0.00568464957177639,0.0023796369787305593,0.00023012534074950963,0.044284332543611526,0.5358561873435974,0.0,0.19679152965545654,0.7388451099395752,0.5705629587173462
2890.0,2891.0,True,otro,closeup,,,0.11717640608549118,0.005296738352626562,0.0032715958077460527,0.0004502023512031883,9.724926349008456e-05,0.00919516570866108,0.8645126223564148,0.0,0.11550885438919067,0.10671615600585938,0.4659343659877777
2891.0,2892.0,True,otro,closeup,,,0.7886765003204346,0.16264168918132782,0.0015826259041205049,0.003977618645876646,5.845828491146676e-05,0.02983294054865837,0.013230126351118088,0.0,0.1025167927145958,0.7132864594459534,0.5545996427536011
2892.0,2893.0,True,otro,closeup,,,0.5428608059883118,0.12188123166561127,0.0034482611808925867,0.04394383728504181,0.0005221295286901295,0.18199405074119568,0.10534963756799698,0.0,0.09813182801008224,0.7136204838752747,0.6593371629714966
2893.0,2894.0,True,otro,closeup,,,0.5854888558387756,0.175791397690773,0.00606651371344924,0.009565114974975586,0.0003691122983582318,0.13300518691539764,0.08971375226974487,0.0,0.14978528022766113,0.8682017922401428,0.5396325588226318
2894.0,2895.0,True,otro,closeup,,,0.7128717303276062,0.030011329799890518,0.027733558788895607,0.01388417650014162,0.0009992819977924228,0.10014435648918152,0.11435559391975403,0.0,0.0855422094464302,0.5843749642372131,0.47587066888809204
2895.0,2896.0,True,otro,closeup,,,0.7291246652603149,0.2179192304611206,0.0027168646920472383,0.006629097741097212,6.667013803962618e-05,0.013380377553403378,0.03016304038465023,0.0,0.28545987606048584,0.712444007396698,0.7158257961273193
2896.0,2897.0,True,otro,closeup,,,0.3548036515712738,0.5543757081031799,0.00278648198582232,0.0022617243230342865,7.081050716806203e-05,0.012676135636866093,0.07302543520927429,0.0,0.11873093992471695,0.8843085169792175,0.5378173589706421
2897.0,2898.0,True,otro,closeup,,,0.14015963673591614,0.7128016948699951,0.0009101781761273742,0.004201667383313179,0.0001565780839882791,0.01896602101624012,0.12280429899692535,0.0,0.1628360152244568,0.8808327317237854,0.5673307180404663
2898.0,2899.0,True,otro,closeup,,,0.7776299118995667,0.17968662083148956,0.0019391040550544858,0.0010133121395483613,6.789428152842447e-05,0.027116000652313232,0.01254718005657196,0.0,0.13923662900924683,0.7365654110908508,0.5837223529815674
2899.0,2900.0,True,otro,closeup,,,0.7116513848304749,0.13738127052783966,0.0021354914642870426,0.12604977190494537,0.00044972708565182984,0.012780427001416683,0.009551925584673882,0.0,0.057858407497406006,0.6917198300361633,0.5965255498886108
2900.0,2901.0,True,otro,closeup,,,0.015226127579808235,0.0004253431688994169,0.00018705187540035695,0.9837015271186829,0.00016889481048565358,0.00020163464068900794,8.953099313657731e-05,0.0,0.06700356304645538,0.27959710359573364,0.6335099339485168
2901.0,2902.0,True,otro,closeup,,,0.9301989674568176,0.01977444626390934,0.005463954992592335,0.0030385672580450773,0.0002485237782821059,0.0021420756820589304,0.039133470505476,0.0,0.36069416999816895,0.5138068795204163,0.4894297122955322
2902.0,2903.0,True,otro,closeup,,,0.9526029229164124,0.02104838937520981,0.0015015150420367718,0.021992284804582596,2.948971996374894e-05,0.0022341092117130756,0.0005912595079280436,0.0,0.023936249315738678,0.5620132684707642,0.657289445400238
2903.0,2904.0,True,otro,closeup,,,0.8723383545875549,0.036090001463890076,0.008230919949710369,0.0004094162432011217,0.00010429952817503363,0.07419051975011826,0.008636487647891045,0.0,0.04018733277916908,0.20442524552345276,0.6548945903778076
2904.0,2905.0,True,otro,closeup,,,0.6787914037704468,0.10400465875864029,0.0019289832562208176,0.008133851923048496,0.0002707834355533123,0.06352842599153519,0.14334185421466827,0.0,0.0445793941617012,0.6826421022415161,0.713851809501648
2905.0,2906.0,True,otro,closeup,,,0.514193058013916,0.04281826317310333,0.006123028229922056,0.0030374026391655207,0.00042305621900595725,0.04516148567199707,0.388243705034256,0.0,0.0832904502749443,0.4339808523654938,0.6057285070419312
2906.0,2907.0,True,otro,closeup,,,0.6391647458076477,0.009613326750695705,0.015849759802222252,0.00603870302438736,0.0008827915880829096,0.05996145308017731,0.26848921179771423,0.0,0.04499216005206108,0.09076932817697525,0.6027135848999023
2907.0,2908.0,True,otro,closeup,,,0.11869461834430695,0.6013445854187012,0.0006575219449587166,0.006489410065114498,0.0001965539122465998,0.0053433505818247795,0.267273873090744,0.0,0.0765739157795906,0.6821202635765076,0.42076975107192993
2908.0,2909.0,True,otro,closeup,,,0.5001387000083923,0.1992524415254593,0.0012577543966472149,0.00038821171619929373,2.7895717721548863e-05,0.05883687362074852,0.24009810388088226,0.0,0.41139674186706543,0.6776058077812195,0.6744028925895691
2909.0,2910.0,True,otro,closeup,,,0.7204192876815796,0.19167034327983856,0.002731997286900878,0.0012013687519356608,0.00010217157250735909,0.04644998535513878,0.03742491826415062,0.0,0.09762708097696304,0.6593295335769653,0.5869115591049194
2910.0,2911.0,True,otro,closeup,,,0.6947384476661682,0.03729821741580963,0.0018507451750338078,0.0005581685109063983,7.201793050626293e-05,0.02227698266506195,0.2432054877281189,0.0,0.1928938329219818,0.8759466409683228,0.6064216494560242
2911.0,2912.0,False,,wide,,,,,,,,,,,,,
2912.0,2913.0,False,,wide,,,,,,,,,,,,,
2913.0,2914.0,False,,wide,,,,,,,,,,,,,
2914.0,2915.0,False,,wide,,,,,,,,,,,,,
2915.0,2916.0,False,,wide,,,,,,,,,,,,,
2916.0,2917.0,False,,wide,,,,,,,,,,,,,
2917.0,2918.0,False,,wide,,,,,,,,,,,,,
2918.0,2919.0,False,,wide,,,,,,,,,,,,,
2919.0,2920.0,False,,wide,,,,,,,,,,,,,
2920.0,2921.0,False,,wide,,,,,,,,,,,,,
2921.0,2922.0,False,,wide,,,,,,,,,,,,,
2922.0,2923.0,False,,wide,,,,,,,,,,,,,
2923.0,2924.0,True,otro,closeup,,,0.1760084331035614,0.00033123159664683044,0.0026606665924191475,0.7979462742805481,0.002450006315484643,0.019843684509396553,0.0007597369258292019,0.0,0.2637041211128235,0.03620212525129318,0.2832624018192291
2924.0,2925.0,True,otro,closeup,,,0.4074370265007019,0.0005542915896512568,0.003033382585272193,0.566922128200531,0.0003063904005102813,0.020421378314495087,0.0013253793586045504,0.0,0.4268675446510315,0.04704221710562706,0.31130680441856384
2925.0,2926.0,True,otro,closeup,,,0.32885512709617615,0.0022694736253470182,0.004715940915048122,0.584548830986023,0.0005843586986884475,0.03374984487891197,0.04527643695473671,0.0,0.5627419352531433,0.037828512489795685,0.2718367874622345
2926.0,2927.0,True,otro,closeup,,,0.37366726994514465,0.0024364155251532793,0.011304887942969799,0.30281469225883484,0.001979194348677993,0.06198333576321602,0.2458142340183258,0.0,0.4850699007511139,0.030359504744410515,0.30185362696647644
2927.0,2928.0,True,otro,closeup,,,0.35781416296958923,0.0011166328331455588,0.0077193803153932095,0.453910231590271,0.0014981722924858332,0.13736513257026672,0.040576204657554626,0.0,0.47947484254837036,0.02252301760017872,0.40913182497024536
2928.0,2929.0,True,otro,closeup,,,0.6865445971488953,0.00017723473138175905,0.002942711813375354,0.28642016649246216,0.0002590499061625451,0.022351238876581192,0.0013050043489784002,0.0,0.31387439370155334,0.03754293546080589,0.38075020909309387
2929.0,2930.0,True,otro,closeup,,,0.09858971834182739,0.13161617517471313,0.6931527853012085,0.06818629056215286,0.005904608406126499,0.002323638182133436,0.00022676074877381325,0.0,0.43311426043510437,0.12319484353065491,0.45631736516952515
2930.0,2931.0,True,otro,closeup,,,0.5883063673973083,0.08852818608283997,0.126274973154068,0.18419687449932098,0.0043066623620688915,0.008107272908091545,0.00027967049391008914,0.0,0.3912382125854492,0.08376196026802063,0.3570466935634613
2931.0,2932.0,True,otro,closeup,,,0.4370945692062378,0.02961093559861183,0.3964206576347351,0.12856771051883698,0.004897127393633127,0.0032660451252013445,0.00014292386185843498,0.0,0.3770793378353119,0.02923639677464962,0.4218508005142212
2932.0,2933.0,True,otro,closeup,,,0.8303886651992798,0.00571039505302906,0.03289702162146568,0.0536038875579834,0.002230414655059576,0.032272227108478546,0.042897384613752365,0.0,0.43387293815612793,0.039228007197380066,0.3017616271972656
2933.0,2934.0,True,otro,closeup,,,0.7825100421905518,0.0020680518355220556,0.02122832089662552,0.04304889217019081,0.0019293725490570068,0.13632303476333618,0.012892276979982853,0.0,0.5014073848724365,0.031373705714941025,0.34867939352989197
2934.0,2935.0,True,otro,closeup,,,0.8252333998680115,0.0018719814252108335,0.008004078641533852,0.09297361224889755,0.002385054947808385,0.06513438373804092,0.0043975478038191795,0.0,0.36310866475105286,0.026391509920358658,0.3308778703212738
2935.0,2936.0,True,otro,closeup,,,0.13194523751735687,0.12483814358711243,0.0739973857998848,0.6628542542457581,0.005685611627995968,0.0005781977670267224,0.00010123815445695072,0.0,0.578373908996582,0.13188564777374268,0.569934606552124
2936.0,2937.0,True,otro,closeup,,,0.20947468280792236,0.36616867780685425,0.019970007240772247,0.3009249269962311,0.10293088108301163,0.00043116192682646215,9.963039337890223e-05,0.0,0.7952390909194946,0.301220566034317,0.4617965519428253
2937.0,2938.0,True,otro,closeup,,,0.12922832369804382,0.8064532279968262,0.028034090995788574,0.010219438001513481,0.023850172758102417,0.0007500281208194792,0.0014647472416982055,0.0,0.1690051406621933,0.09774664044380188,0.47773563861846924
2938.0,2939.0,True,otro,closeup,,,0.7608133554458618,0.007239252794533968,0.018513329327106476,0.000527133175637573,0.0006861956208012998,0.2121894359588623,3.128627940895967e-05,0.0,0.25192663073539734,0.610351026058197,0.6824832558631897
2939.0,2940.0,True,otro,closeup,,,0.13879166543483734,0.26862990856170654,0.021223178133368492,0.5412807464599609,0.02954961359500885,0.0004274460952728987,9.737813525134698e-05,0.0,0.7900705933570862,0.3910098969936371,0.3036801517009735
2940.0,2941.0,True,otro,closeup,,,0.2817126512527466,0.004663568455725908,0.02061702497303486,0.0007906618411652744,0.0005952017963863909,0.6915628910064697,5.794359094579704e-05,0.0,0.2904399335384369,0.6163780093193054,0.6980472207069397
2941.0,2942.0,True,otro,closeup,,,0.770319938659668,0.018640747293829918,0.06877584010362625,0.04039658233523369,0.007470156531780958,0.0915812999010086,0.0028153841849416494,0.0,0.3584540784358978,0.05034657567739487,0.3622279763221741
2942.0,2943.0,True,otro,closeup,,,0.7666594386100769,0.027993133291602135,0.04000355303287506,0.05329687148332596,0.011498196981847286,0.08931250125169754,0.011236356571316719,0.0,0.38199540972709656,0.0486198328435421,0.41007542610168457
2943.0,2944.0,True,otro,closeup,,,0.15267784893512726,0.02139216661453247,0.764868974685669,0.03905903175473213,0.019068503752350807,0.00272251944988966,0.00021099057630635798,0.0,0.15761207044124603,0.04576186090707779,0.400154173374176
2944.0,2945.0,True,otro,closeup,,,0.6126803159713745,0.12005975842475891,0.1768898218870163,0.08716937899589539,0.0018059025751426816,0.0011216169223189354,0.00027325068367645144,0.0,0.5631784796714783,0.07440756261348724,0.5670809745788574
2945.0,2946.0,True,otro,closeup,,,0.622983992099762,0.05819372460246086,0.09960869699716568,0.2071213722229004,0.0018339884700253606,0.009648347273468971,0.0006098268204368651,0.0,0.44081124663352966,0.16920243203639984,0.43624261021614075
2946.0,2947.0,True,otro,closeup,,,0.329968124628067,0.27688127756118774,0.15266744792461395,0.23164129257202148,0.008265653625130653,0.0005270811379887164,4.909294511890039e-05,0.0,0.2007235437631607,0.05735059455037117,0.7095210552215576
2947.0,2948.0,True,otro,closeup,,,0.1074260026216507,0.15742596983909607,0.6022687554359436,0.12755268812179565,0.003413755912333727,0.0016018745955079794,0.0003108833625447005,0.0,0.3204435706138611,0.06522084772586823,0.493347704410553
2948.0,2949.0,True,otro,closeup,,,0.44055482745170593,0.33606013655662537,0.13567984104156494,0.07586988806724548,0.008465470746159554,0.0026358989998698235,0.0007340311422012746,0.0,0.5692274570465088,0.15263566374778748,0.48933836817741394
2949.0,2950.0,True,otro,closeup,,,0.5448880791664124,0.16821430623531342,0.1304234266281128,0.13024958968162537,0.024624112993478775,0.0015344535931944847,6.596138700842857e-05,0.0,0.17717871069908142,0.042318880558013916,0.6402552723884583
2950.0,2951.0,True,otro,closeup,,,0.03262951970100403,0.08369756489992142,0.264360249042511,0.558875560760498,0.060358475893735886,5.186182897887193e-05,2.676026451808866e-05,0.0,0.43599236011505127,0.08770942687988281,0.4564240872859955
2951.0,2952.0,True,otro,closeup,,,0.13277101516723633,0.4625583589076996,0.1254304051399231,0.2546197175979614,0.021219829097390175,0.002901503350585699,0.0004991477471776307,0.0,0.753869354724884,0.1447400599718094,0.3562564551830292
2952.0,2953.0,True,otro,closeup,,,0.265507310628891,0.23158682882785797,0.020265664905309677,0.4655114710330963,0.01619558408856392,0.0008216341957449913,0.00011141189315821975,0.0,0.7677384614944458,0.38569915294647217,0.5872945189476013
2953.0,2954.0,True,otro,closeup,,,0.14190247654914856,0.34422990679740906,0.016387496143579483,0.4847602844238281,0.011936741881072521,0.0005835019401274621,0.00019969137792941183,0.0,0.8010268807411194,0.11739892512559891,0.3814038336277008
2954.0,2955.0,True,otro,closeup,,,0.8578729033470154,0.004722431302070618,0.012226961553096771,0.0007257791585288942,0.0005375526379793882,0.12388243526220322,3.1934068829286844e-05,0.0,0.5117889046669006,0.5403686165809631,0.6660847067832947
2955.0,2956.0,True,otro,closeup,,,0.6369240880012512,0.019525911659002304,0.14998668432235718,0.16341489553451538,0.023492058739066124,0.005083226598799229,0.0015731333987787366,0.0,0.4846932888031006,0.043135229498147964,0.628165602684021
2956.0,2957.0,True,otro,closeup,,,0.6622932553291321,0.012231804430484772,0.08653053641319275,0.18094448745250702,0.01562438253313303,0.041643768548965454,0.0007317705312743783,0.0,0.38570141792297363,0.050460826605558395,0.41959109902381897
2957.0,2958.0,True,otro,closeup,,,0.439163476228714,0.010543923825025558,0.02189837396144867,0.4971347451210022,0.015440351329743862,0.015515749342739582,0.00030337850330397487,0.0,0.39754876494407654,0.03610777482390404,0.4562552273273468
2958.0,2959.0,True,otro,closeup,,,0.7670996785163879,0.005223236512392759,0.0075816810131073,0.12079286575317383,0.004327457398176193,0.0944107174873352,0.000564384157769382,0.0,0.28792107105255127,0.03977149724960327,0.39818114042282104
2959.0,2960.0,True,otro,closeup,,,0.6470884084701538,0.007272316608577967,0.008337277919054031,0.06138835847377777,0.002938809571787715,0.2726910710334778,0.00028379258583299816,0.0,0.4658808708190918,0.0363488644361496,0.44471031427383423
2960.0,2961.0,True,otro,closeup,,,0.5087767839431763,0.007248595356941223,0.409295916557312,0.026984067633748055,0.0014719788450747728,0.04593624919652939,0.00028638786170631647,0.0,0.5821879506111145,0.053144048899412155,0.5467270612716675
2961.0,2962.0,True,otro,closeup,,,0.1427948921918869,0.3279670476913452,0.05073321610689163,0.469669371843338,0.00563755864277482,0.0026080040261149406,0.0005898452363908291,0.0,0.5415388345718384,0.26581332087516785,0.5609513521194458
2962.0,2963.0,True,otro,closeup,,,0.20425772666931152,0.18648995459079742,0.15177933871746063,0.3678382337093353,0.012957632541656494,0.07308317720890045,0.0035939468070864677,0.0,0.7067463994026184,0.2823140621185303,0.6260323524475098
2963.0,2964.0,True,otro,closeup,,,0.32204750180244446,0.2505566477775574,0.31611692905426025,0.10192862153053284,0.007355928886681795,0.00138179212808609,0.0006126296939328313,0.0,0.575526773929596,0.159223735332489,0.6009032130241394
2964.0,2965.0,True,presidenta,closeup,,,0.955412745475769,0.030351385474205017,0.013203109614551067,0.0005799453938379884,5.7793840824160725e-05,0.00014121051935944706,0.0002537812397349626,0.0,0.2176544964313507,0.16129270195960999,0.40327566862106323
2965.0,2966.0,True,presidenta,closeup,,,0.9966031312942505,0.00046572464634664357,0.002687254687771201,0.00011543599975993857,1.1359360541973729e-05,0.00010156362259294838,1.5574958524666727e-05,0.0,0.28674009442329407,0.0643506646156311,0.6052191257476807
2966.0,2967.0,True,presidenta,closeup,,,0.9591502547264099,0.017185648903250694,0.001924241310916841,0.015803521499037743,0.0010619068052619696,0.002002823632210493,0.0028716525994241238,0.0,0.05998053029179573,0.04200185835361481,0.3997974395751953
2967.0,2968.0,True,presidenta,closeup,,,0.11390461772680283,0.07263000309467316,0.016252925619482994,0.7759456038475037,0.01115797832608223,0.005337391514331102,0.004771495703607798,0.0,0.13062722980976105,0.05468505620956421,0.3999539911746979
2968.0,2969.0,True,presidenta,closeup,,,0.9569684863090515,0.005078563932329416,0.008212963119149208,0.02303921990096569,0.0030113826505839825,0.0029480201192200184,0.0007413845742121339,0.0,0.3025258183479309,0.05482683330774307,0.5733962059020996
2969.0,2970.0,True,presidenta,closeup,,,0.1519017219543457,0.041304025799036026,0.006772900000214577,0.7732000350952148,0.024124331772327423,0.0007800007006153464,0.0019170419545844197,0.0,0.12084564566612244,0.19083605706691742,0.2740741968154907
2970.0,2971.0,True,presidenta,closeup,,,0.7891121506690979,0.11736926436424255,0.0033142592292279005,0.08093336969614029,0.007516336627304554,0.0006368974572978914,0.0011177354026585817,0.0,0.12981851398944855,0.225243479013443,0.30541813373565674
2971.0,2972.0,True,presidenta,closeup,,,0.959567129611969,0.017814870923757553,0.004151533357799053,0.012755011208355427,0.004120160825550556,0.0012066116323694587,0.00038467274862341583,0.0,0.1007344126701355,0.07631151378154755,0.37919583916664124
2972.0,2973.0,True,presidenta,closeup,,,0.9194103479385376,0.07060692459344864,0.001348618883639574,0.0006497925496660173,0.00033259272458963096,0.0016949995188042521,0.005956724751740694,0.0,0.12762683629989624,0.08207184821367264,0.39063504338264465
2973.0,2974.0,True,presidenta,closeup,,,0.9891585111618042,0.005608203820884228,0.0014695238787680864,0.002205075230449438,0.000261897366726771,0.001077966415323317,0.00021888752235099673,0.0,0.19611462950706482,0.04669523239135742,0.40634122490882874
2974.0,2975.0,True,presidenta,closeup,,,0.4504169821739197,0.005249123554676771,0.005635506007820368,0.5284237265586853,0.004520170856267214,0.005428898613899946,0.00032557829399593174,0.0,0.17309392988681793,0.04256372153759003,0.4640643000602722
2975.0,2976.0,True,presidenta,closeup,,,0.3417230248451233,0.10619999468326569,0.0027730674482882023,0.5389466285705566,0.005725715309381485,0.0010758478892967105,0.003555735107511282,0.0,0.11975327879190445,0.18297308683395386,0.32736536860466003
2976.0,2977.0,True,presidenta,closeup,,,0.9102448225021362,0.03267785161733627,0.003944027703255415,0.03696264326572418,0.010756239295005798,0.0015459578717127442,0.003868440166115761,0.0,0.09441355615854263,0.17449067533016205,0.27068451046943665
2977.0,2978.0,True,presidenta,closeup,,,0.3133237659931183,0.01369455922394991,0.006336443591862917,0.6397143602371216,0.007959931157529354,0.017981305718421936,0.0009896827396005392,0.0,0.06396954506635666,0.04175940528512001,0.20591814815998077
2978.0,2979.0,True,presidenta,closeup,,,0.8295086026191711,0.005932672880589962,0.017560942098498344,0.1281677931547165,0.014359520748257637,0.0009178018663078547,0.0035527090076357126,0.0,0.1088358536362648,0.11078131198883057,0.2526938021183014
2979.0,2980.0,True,presidenta,closeup,,,0.9182206988334656,0.020998574793338776,0.014358407817780972,0.021061059087514877,0.009587529115378857,0.005332774017006159,0.010441009886562824,0.0,0.09185747057199478,0.07942238450050354,0.23935937881469727
2980.0,2981.0,True,presidenta,closeup,,,0.9398692846298218,0.013079915195703506,0.010014955885708332,0.024320565164089203,0.005458783823996782,0.0016433510463684797,0.0056131761521101,0.0,0.11936172097921371,0.1706133335828781,0.3829098045825958
2981.0,2982.0,True,presidenta,closeup,,,0.5436636209487915,0.019964734092354774,0.013799008913338184,0.22045765817165375,0.2009715735912323,0.00044727433123625815,0.0006961235776543617,0.0,0.20991945266723633,0.07028237730264664,0.1936984360218048
2982.0,2983.0,True,presidenta,closeup,,,0.21143965423107147,0.07671867311000824,0.0020808728877454996,0.7001193165779114,0.002207753248512745,0.004154120571911335,0.0032795784063637257,0.0,0.2521355152130127,0.1369890570640564,0.2541787624359131
2983.0,2984.0,True,presidenta,closeup,,,0.8169185519218445,0.03092760406434536,0.0070833247154951096,0.12282887101173401,0.003748391754925251,0.00282657565549016,0.0156666561961174,0.0,0.23716530203819275,0.07186561077833176,0.2760237753391266
2984.0,2985.0,True,presidenta,closeup,,,0.17502130568027496,0.15899471938610077,0.004168630577623844,0.6236910820007324,0.02447081357240677,0.005013599060475826,0.008639815263450146,0.0,0.2263087034225464,0.13520869612693787,0.24502021074295044
2985.0,2986.0,True,presidenta,closeup,,,0.5727240443229675,0.03519856557250023,0.029121706262230873,0.30677205324172974,0.00815970916301012,0.0036807325668632984,0.04434318467974663,0.0,0.35318610072135925,0.06227824091911316,0.19396720826625824
2986.0,2987.0,True,presidenta,closeup,,,0.6857146620750427,0.042412564158439636,0.0211363323032856,0.03567430004477501,0.01216369029134512,0.005277424119412899,0.19762107729911804,0.0,0.1527441293001175,0.22583477199077606,0.32399213314056396
2987.0,2988.0,True,presidenta,closeup,,,0.19500330090522766,0.0013179541565477848,0.0008628772338852286,0.7991895079612732,0.002230288926512003,0.001377801294438541,1.820794932427816e-05,0.0,0.15992221236228943,0.04831239953637123,0.3609842360019684
2988.0,2989.0,True,presidenta,closeup,,,0.9955992698669434,0.002153339795768261,0.0009463040623813868,0.0005067058373242617,0.00027711663278751075,0.00036724278470501304,0.00015000659914221615,0.0,0.28924864530563354,0.053592748939991,0.34066304564476013
2989.0,2990.0,True,presidenta,closeup,,,0.9708846211433411,0.01141207292675972,0.007395435590296984,0.006773563101887703,0.0020680236630141735,0.00036576049751602113,0.0011005891719833016,0.0,0.22871656715869904,0.052896447479724884,0.30885031819343567
2990.0,2991.0,True,presidenta,closeup,,,0.6959624290466309,0.03462539240717888,0.008773180656135082,0.22375671565532684,0.009996739216148853,0.002013863530009985,0.02487167902290821,0.0,0.16840222477912903,0.04956866800785065,0.24633479118347168
2991.0,2992.0,True,presidenta,closeup,,,0.19296792149543762,0.34456783533096313,0.001785576925612986,0.17501035332679749,0.0060767512768507,0.007403851952403784,0.2721877694129944,0.0,0.20869086682796478,0.13060948252677917,0.39218661189079285
2992.0,2993.0,True,presidenta,closeup,,,0.7105908989906311,0.045776139944791794,0.018790431320667267,0.04425915703177452,0.031042389571666718,0.003939982503652573,0.14560095965862274,0.0,0.09295644611120224,0.07040102779865265,0.613437831401825
2993.0,2994.0,True,presidenta,closeup,,,0.550797164440155,0.04970905929803848,0.012695970945060253,0.2835620939731598,0.08911669999361038,0.0029560623224824667,0.011162937618792057,0.0,0.05741962790489197,0.4958300292491913,0.1320028156042099
2994.0,2995.0,True,presidenta,closeup,,,0.029559802263975143,0.1727553755044937,0.002784213051199913,0.7377099990844727,0.046188127249479294,0.005270873196423054,0.005731623154133558,0.0,0.23516710102558136,0.5732752084732056,0.5335294604301453
2995.0,2996.0,True,presidenta,closeup,,,0.4573858380317688,0.12682673335075378,0.018461711704730988,0.06949345767498016,0.0057755992747843266,0.0039024576544761658,0.3181542754173279,0.0,0.22509320080280304,0.23224203288555145,0.6357004046440125
2996.0,2997.0,True,presidenta,closeup,,,0.8711495399475098,0.11024104058742523,0.004693689756095409,0.00610010139644146,0.00027163318009115756,0.0002359954232815653,0.007308037020266056,0.0,0.285834401845932,0.07743409276008606,0.33164918422698975
2997.0,2998.0,True,presidenta,closeup,,,0.7851526141166687,0.13105829060077667,0.003075892338529229,0.004156141076236963,0.003463128814473748,0.0006767046870663762,0.07241719961166382,0.0,0.12311093509197235,0.18438805639743805,0.3948044776916504
2998.0,2999.0,True,presidenta,closeup,,,0.6500682234764099,0.15212276577949524,0.010906295850872993,0.0408225879073143,0.00973728857934475,0.00968583021312952,0.12665702402591705,0.0,0.29568853974342346,0.05285955220460892,0.28478389978408813
2999.0,3000.0,True,presidenta,closeup,,,0.6487456560134888,0.12121973931789398,0.020654059946537018,0.17454034090042114,0.007372239138931036,0.0035572813358157873,0.023910636082291603,0.0,0.24603556096553802,0.06556423008441925,0.26041465997695923
3000.0,3001.0,True,presidenta,closeup,,,0.950641393661499,0.03826439380645752,0.000932907045353204,0.00855389516800642,0.0003946390934288502,0.0009275687043555081,0.00028520802152343094,0.0,0.08749900013208389,0.06450662016868591,0.38241416215896606
3001.0,3002.0,True,presidenta,closeup,,,0.9880453944206238,0.0007813872070983052,0.008746374398469925,0.0013191965408623219,9.416428656550124e-05,0.0008917634841054678,0.00012177342432551086,0.0,0.09188088029623032,0.07894106954336166,0.42738673090934753
3002.0,3003.0,True,presidenta,closeup,,,0.9514302015304565,0.0030049090273678303,0.01277245208621025,0.027858929708600044,0.0017790334532037377,0.0023680992890149355,0.0007863594219088554,0.0,0.09904537349939346,0.05548593029379845,0.5371747016906738
3003.0,3004.0,True,presidenta,closeup,,,0.9953510761260986,0.0017312259878963232,0.0012470261426642537,0.0013791228411719203,6.469525396823883e-05,0.00020038627553731203,2.6460209483047947e-05,0.0,0.14713938534259796,0.2386663258075714,0.5159459114074707
3004.0,3005.0,True,presidenta,closeup,,,0.3794209957122803,0.015956591814756393,0.01494293101131916,0.5782881379127502,0.009298448450863361,0.0006818686379119754,0.0014110381016507745,0.0,0.047304246574640274,0.06250305473804474,0.3031120002269745
3005.0,3006.0,True,presidenta,closeup,,,0.9537655115127563,0.008074336685240269,0.0025674006901681423,0.03145400434732437,0.0035435636527836323,0.0005265746149234474,6.864658644190058e-05,0.0,0.05798717960715294,0.07668033987283707,0.41687247157096863
3006.0,3007.0,True,presidenta,closeup,,,0.8102059960365295,0.13233451545238495,0.007978665642440319,0.027263352647423744,0.004255115985870361,0.0009152677375823259,0.017047040164470673,0.0,0.06468527019023895,0.08686597645282745,0.2837071418762207
3007.0,3008.0,True,presidenta,closeup,,,0.8039218187332153,0.07961327582597733,0.011910224333405495,0.06880310922861099,0.00680232048034668,0.0018376137595623732,0.02711166813969612,0.0,0.1129869669675827,0.13070784509181976,0.3050365149974823
3008.0,3009.0,True,presidenta,closeup,,,0.5246868133544922,0.0642455518245697,0.007644281722605228,0.0198229793459177,0.006472554057836533,0.009204518981277943,0.3679232895374298,0.0,0.16047623753547668,0.04362998902797699,0.3884338438510895
3009.0,3010.0,True,presidenta,closeup,,,0.44262856245040894,0.03201046958565712,0.012205129489302635,0.06343726068735123,0.016122817993164062,0.005078595597296953,0.4285171926021576,0.0,0.3363662362098694,0.03947469964623451,0.40702319145202637
3010.0,3011.0,True,presidenta,closeup,,,0.727472722530365,0.2585116922855377,0.00960974395275116,0.002484323922544718,9.493960533291101e-05,0.0011525651207193732,0.0006740156677551568,0.0,0.6599473357200623,0.5008390545845032,0.6275065541267395
3011.0,3012.0,True,presidenta,closeup,,,0.9812813401222229,0.0023027805145829916,0.009460030123591423,0.005961940623819828,0.00030384372803382576,0.00021277453924994916,0.00047734452527947724,0.0,0.268377423286438,0.32778093218803406,0.5827743411064148
3012.0,3013.0,True,presidenta,closeup,,,0.9105406403541565,0.0032100260723382235,0.02382257953286171,0.005433924030512571,0.000655692012514919,0.015568193048238754,0.04076892137527466,0.0,0.29495471715927124,0.14596478641033173,0.5075521469116211
3013.0,3014.0,True,presidenta,closeup,,,0.9840515851974487,0.005512931849807501,0.004070373252034187,0.002157332841306925,9.172638965537772e-05,0.003075131680816412,0.0010409308597445488,0.0,0.37903523445129395,0.3631511330604553,0.433489590883255
3014.0,3015.0,True,presidenta,closeup,,,0.9725490212440491,0.020065676420927048,0.002513587474822998,0.002625884721055627,0.0002011592878261581,0.0012957972940057516,0.0007488850387744606,0.0,0.23854535818099976,0.10011060535907745,0.404445618391037
3015.0,3016.0,True,presidenta,closeup,,,0.967405378818512,0.016186797991394997,0.005123543553054333,0.01044643297791481,0.0004627731686923653,0.00020417856285348535,0.0001708504423731938,0.0,0.19011762738227844,0.05053609609603882,0.5626848936080933
3016.0,3017.0,True,presidenta,closeup,,,0.8409745693206787,0.06243259832262993,0.005379717331379652,0.08232270181179047,0.002614579861983657,0.0009084837511181831,0.005367300007492304,0.0,0.07594563812017441,0.04377620294690132,0.18429549038410187
3017.0,3018.0,True,presidenta,closeup,,,0.7799989581108093,0.04014667123556137,0.0031421321909874678,0.1513691395521164,0.0025366751942783594,0.006064811255782843,0.016741666942834854,0.0,0.14824621379375458,0.1086927279829979,0.25155267119407654
3018.0,3019.0,True,presidenta,closeup,,,0.9126520156860352,0.00695642177015543,0.011819383129477501,0.06013820320367813,0.0046063382178545,0.0007886922103352845,0.0030389558523893356,0.0,0.2257465422153473,0.0695735439658165,0.2094832807779312
3019.0,3020.0,True,presidenta,closeup,,,0.9455943703651428,0.014876599423587322,0.025034785270690918,0.011523311957716942,0.0019049301045015454,0.00016159022925421596,0.0009044250473380089,0.0,0.2255442589521408,0.073758564889431,0.3486648201942444
3020.0,3021.0,True,presidenta,closeup,,,0.8407970070838928,0.08080364018678665,0.004640718922019005,0.034232623875141144,0.0016430729301646352,0.0018986496143043041,0.03598426654934883,0.0,0.12141835689544678,0.106886126101017,0.33932334184646606
3021.0,3022.0,True,presidenta,closeup,,,0.836013913154602,0.01983271725475788,0.0024696371983736753,0.1330556571483612,0.0008787319529801607,0.0012315497733652592,0.006517759524285793,0.0,0.0802091509103775,0.07085701823234558,0.2707957327365875
3022.0,3023.0,True,presidenta,closeup,,,0.9650493860244751,0.008399875834584236,0.004637215752154589,0.01666315086185932,0.002327979076653719,0.0012362159322947264,0.0016861162148416042,0.0,0.21911241114139557,0.04974506422877312,0.3508245646953583
3023.0,3024.0,True,presidenta,closeup,,,0.9729750156402588,0.007743359077721834,0.0032845688983798027,0.012119070626795292,0.0025637494400143623,0.0010917928302660584,0.0002224792551714927,0.0,0.20608411729335785,0.035476092249155045,0.4410161077976227
3024.0,3025.0,True,presidenta,closeup,,,0.20492206513881683,0.001316134468652308,0.005646928679198027,0.7739126086235046,0.01138419471681118,0.0027471408247947693,7.092615123838186e-05,0.0,0.09264443814754486,0.08588757365942001,0.2645535469055176
3025.0,3026.0,True,presidenta,closeup,,,0.297726571559906,0.06256069242954254,0.0052703204564750195,0.5404727458953857,0.05966253951191902,0.01666964404284954,0.017637424170970917,0.0,0.0819866955280304,0.07320120185613632,0.45420771837234497
3026.0,3027.0,True,presidenta,closeup,,,0.7884882092475891,0.004190193954855204,0.005781154613941908,0.1871061623096466,0.0040083820931613445,0.010296198539435863,0.0001297083217650652,0.0,0.16623073816299438,0.062185272574424744,0.5194328427314758
3027.0,3028.0,True,presidenta,closeup,,,0.7782606482505798,0.013426851481199265,0.0034737754613161087,0.19852524995803833,0.003693759674206376,0.002449445193633437,0.00017023822874762118,0.0,0.29352882504463196,0.041875313967466354,0.4126735031604767
3028.0,3029.0,True,presidenta,closeup,,,0.38935744762420654,0.005104206036776304,0.008986829780042171,0.5622809529304504,0.0283084437251091,0.005375951994210482,0.0005861353711225092,0.0,0.11448626220226288,0.034269195050001144,0.34360677003860474
3029.0,3030.0,True,presidenta,closeup,,,0.9339356422424316,0.007610542234033346,0.006728082429617643,0.04390048235654831,0.0053964536637067795,0.0020525429863482714,0.00037631249870173633,0.0,0.059006836265325546,0.04964705929160118,0.34146037697792053
3030.0,3031.0,True,presidenta,closeup,,,0.7720008492469788,0.02603236958384514,0.009045003913342953,0.15644189715385437,0.011524480767548084,0.006649923976510763,0.01830553449690342,0.0,0.22471308708190918,0.15916961431503296,0.32155704498291016
3031.0,3032.0,True,presidenta,closeup,,,0.49043285846710205,0.03751537203788757,0.005389081779867411,0.4365612268447876,0.01364691462367773,0.014179263263940811,0.00227527366951108,0.0,0.19988219439983368,0.11988864094018936,0.35641881823539734
3032.0,3033.0,True,presidenta,closeup,,,0.6348204016685486,0.017244940623641014,0.005779322236776352,0.3221225440502167,0.017645204439759254,0.0022664032876491547,0.00012123391934437677,0.0,0.1566135287284851,0.08760040253400803,0.46623876690864563
3033.0,3034.0,True,presidenta,closeup,,,0.9511753916740417,0.031131790950894356,0.0011030633468180895,0.012865971773862839,0.0014660835731774569,0.0010437172604724765,0.0012139767641201615,0.0,0.13617928326129913,0.07054436951875687,0.35559579730033875
3034.0,3035.0,True,presidenta,closeup,,,0.8841974139213562,0.012376458384096622,0.008195375092327595,0.03488439694046974,0.031145719811320305,0.003933581057935953,0.02526705712080002,0.0,0.38396579027175903,0.037228770554065704,0.41236478090286255
3035.0,3036.0,True,presidenta,closeup,,,0.9966448545455933,0.0004706570762209594,0.0015644904924556613,0.0009160041809082031,0.00011483734124340117,0.0002664960047695786,2.2661732145934366e-05,0.0,0.14783307909965515,0.03221379965543747,0.4998681843280792
3036.0,3037.0,True,presidenta,closeup,,,0.9916793704032898,0.0009433071245439351,0.00412061857059598,0.002871754579246044,0.00020575386588461697,0.00015468013589270413,2.4481400032527745e-05,0.0,0.2624322474002838,0.045700132846832275,0.4422561228275299
3037.0,3038.0,True,presidenta,closeup,,,0.5515023469924927,0.0032411967404186726,0.0038591590709984303,0.43763503432273865,0.0006175849121063948,0.0016139954095706344,0.0015306270215660334,0.0,0.18698202073574066,0.07908028364181519,0.4321375787258148
3038.0,3039.0,True,presidenta,closeup,,,0.9878506064414978,0.002064836909994483,0.004700923338532448,0.003563838079571724,0.0005992015940137208,0.0011481450637802482,7.249890040839091e-05,0.0,0.2864953279495239,0.04372134432196617,0.47995975613594055
3039.0,3040.0,True,presidenta,closeup,,,0.981421947479248,0.004057995975017548,0.010843848809599876,0.002741793403401971,0.00015519325097557157,0.00047904063831083477,0.0003001289442181587,0.0,0.17509590089321136,0.064266137778759,0.5111528635025024
3040.0,3041.0,True,presidenta,closeup,,,0.808346688747406,0.09229491651058197,0.0030644165817648172,0.0866415947675705,0.004676125477999449,0.002956114010885358,0.0020201229490339756,0.0,0.21172326803207397,0.4094199538230896,0.5518256425857544
3041.0,3042.0,True,presidenta,closeup,,,0.45305320620536804,0.10901408642530441,0.02136651985347271,0.058279115706682205,0.00255110883153975,0.1353171169757843,0.22041885554790497,0.0,0.4550457298755646,0.6023261547088623,0.6145772337913513
3042.0,3043.0,False,,wide,,,,,,,,,,,,,
3043.0,3044.0,False,,wide,,,,,,,,,,,,,
3044.0,3045.0,False,,wide,,,,,,,,,,,,,
3045.0,3046.0,False,,wide,,,,,,,,,,,,,
3046.0,3047.0,True,otro,closeup,,,0.9663180708885193,0.012203888967633247,0.008077832870185375,0.000645001302473247,6.908281648065895e-05,0.008170182816684246,0.0045159729197621346,0.0,0.17897312343120575,0.24884146451950073,0.4166518449783325
3047.0,3048.0,True,otro,closeup,,,0.8398095369338989,0.011997652240097523,0.0009236203623004258,0.0023552230559289455,3.1986415706342086e-05,0.13858863711357117,0.006293329410254955,0.0,0.08732197433710098,0.2974606454372406,0.5011160969734192
3048.0,3049.0,True,otro,closeup,,,0.9099373817443848,0.03766642138361931,0.001454121433198452,0.0003981377521995455,2.3013006284600124e-05,0.043087638914585114,0.007433335296809673,0.0,0.23755775392055511,0.14331598579883575,0.6033754348754883
3049.0,3050.0,True,otro,closeup,,,0.6887762546539307,0.013716996647417545,0.00681763282045722,0.0023788423277437687,0.0003825255553238094,0.1367374062538147,0.1511903703212738,0.0,0.1551872342824936,0.513474702835083,0.5477797985076904
3050.0,3051.0,True,otro,closeup,,,0.7715910077095032,0.028404926881194115,0.005133677273988724,0.0009859777055680752,8.04838928161189e-05,0.13413536548614502,0.05966855213046074,0.0,0.09968340396881104,0.42569735646247864,0.5432028770446777
3051.0,3052.0,True,otro,closeup,,,0.5503994226455688,0.02756514772772789,0.0018428757321089506,0.007233118172734976,0.000193344647414051,0.322017103433609,0.09074902534484863,0.0,0.10879680514335632,0.12280751764774323,0.7721081376075745
