start,end,arousal,valence,dominance
0.0,2.0,0.008753424510359764,0.015296011231839657,0.020108181983232498
1.0,3.0,0.022124048322439194,0.0005327294347807765,0.015312422066926956
2.0,4.0,0.02699996717274189,0.0,0.005541853606700897
3.0,5.0,0.025259822607040405,0.00742137199267745,0.009654438123106956
4.0,6.0,0.021320531144738197,0.0,0.011404184624552727
5.0,7.0,0.0087105268612504,0.0,0.01251445896923542
6.0,8.0,0.01267427857965231,0.0037996931932866573,0.0218341164290905
7.0,9.0,0.0,0.007800965569913387,0.007402128539979458
8.0,10.0,0.0,0.002518875990062952,0.00972738116979599
9.0,11.0,0.01626279391348362,0.00426619965583086,0.02104083262383938
10.0,12.0,0.0032466771081089973,0.0,0.01874801516532898
11.0,13.0,0.012087566778063774,0.0,0.029429621994495392
12.0,14.0,0.006342730950564146,0.004819927271455526,0.02148221805691719
13.0,15.0,0.009485997259616852,0.002433783607557416,0.010699045844376087
14.0,16.0,0.005937087815254927,0.01105179637670517,0.012161742895841599
15.0,17.0,0.0,0.0,0.004441871307790279
16.0,18.0,0.016198353841900826,0.0,0.0
17.0,19.0,0.005994924809783697,0.0,0.0
18.0,20.0,0.0,0.0,0.0
19.0,21.0,0.0031229734886437654,0.0,0.0
20.0,22.0,0.004740392789244652,0.0,0.0017939964309334755
21.0,23.0,0.011822422966361046,0.0,0.010378899052739143
22.0,24.0,0.011473897844552994,0.0030185598880052567,0.013200980611145496
23.0,25.0,0.0008011013269424438,0.0,0.0021851835772395134
24.0,26.0,0.01048004999756813,0.0,0.008610425516963005
25.0,27.0,0.008199328556656837,0.015394939109683037,0.011588066816329956
26.0,28.0,0.00908425822854042,0.014084762893617153,0.019549991935491562
27.0,29.0,0.019063878804445267,0.009948862716555595,0.01350431889295578
28.0,30.0,0.02489914372563362,0.00870460644364357,0.013522808440029621
29.0,31.0,0.026835191994905472,0.007245686836540699,0.021075934171676636
30.0,32.0,0.01735612191259861,0.008304367773234844,0.01704782247543335
31.0,33.0,0.0020386765245348215,0.008815123699605465,0.01178982388228178
32.0,34.0,0.004808933474123478,0.0065313708037137985,0.014380203559994698
33.0,35.0,0.016051381826400757,0.0,0.00820259377360344
34.0,36.0,0.030519114807248116,0.003842360805720091,0.008231163024902344
35.0,37.0,0.026905953884124756,0.016162773594260216,0.02050541527569294
36.0,38.0,0.025117237120866776,0.009395290166139603,0.028533054515719414
37.0,39.0,0.024110160768032074,0.0,0.01666168123483658
38.0,40.0,0.0203414149582386,0.0,0.0028538135811686516
39.0,41.0,0.01534736342728138,0.0,0.009211162105202675
40.0,42.0,0.018010955303907394,0.0,0.0042084502056241035
41.0,43.0,0.02117619290947914,0.0,0.0
42.0,44.0,0.01060702744871378,0.004069635644555092,0.00719232764095068
43.0,45.0,0.011715782806277275,0.003990303259342909,0.015332899987697601
44.0,46.0,0.026794325560331345,0.0030319043435156345,0.01866072416305542
45.0,47.0,0.021012715995311737,0.0,0.005094901658594608
46.0,48.0,0.015610484406352043,0.0,0.0
47.0,49.0,0.006910010240972042,0.0,0.0
48.0,50.0,0.013683103024959564,0.0,0.0
49.0,51.0,0.02335490845143795,0.0,0.0016425997018814087
50.0,52.0,0.013500558212399483,0.0,0.0
51.0,53.0,0.014855144545435905,0.0,0.0
52.0,54.0,0.0320829413831234,0.0,0.0038091628812253475
53.0,55.0,0.028747141361236572,0.0,0.006430566310882568
54.0,56.0,0.020810319110751152,0.007054618559777737,0.0036795008927583694
55.0,57.0,0.02754180133342743,0.002284960588440299,0.0
56.0,58.0,0.021696848794817924,0.0,0.0
57.0,59.0,0.008708315901458263,0.0,0.012124856933951378
58.0,60.0,0.020642193034291267,0.0003968114033341408,0.020792284980416298
59.0,61.0,0.00855258945375681,0.0014808266423642635,0.0
60.0,62.0,0.016586050391197205,0.0010279561392962933,0.0
61.0,63.0,0.015400335192680359,0.005560256540775299,0.0
62.0,64.0,0.019494835287332535,0.006563588976860046,0.0037727586459368467
63.0,65.0,0.03294970840215683,0.0096636563539505,0.0
64.0,66.0,0.01525442861020565,0.010777125135064125,0.0
65.0,67.0,0.008786266669631004,0.004845413379371166,0.0060436297208070755
66.0,68.0,0.014517245814204216,0.009800135158002377,0.01920956000685692
67.0,69.0,0.02409583143889904,0.015609078109264374,0.017405427992343903
68.0,70.0,0.011285683140158653,0.01920725591480732,0.005529048852622509
69.0,71.0,0.017874527722597122,0.011864284984767437,0.013474061153829098
70.0,72.0,0.029904596507549286,0.0,0.009969708509743214
71.0,73.0,0.029921431094408035,0.0,0.011724691838026047
72.0,74.0,0.012678209692239761,0.005838965065777302,0.0020272345282137394
73.0,75.0,0.004583299625664949,0.005545771215111017,0.0
74.0,76.0,0.012890602461993694,0.0008054608479142189,0.0
75.0,77.0,0.021602530032396317,0.0,0.0
76.0,78.0,0.017255336046218872,0.0006715110503137112,0.016795912757515907
77.0,79.0,0.011980085633695126,0.022072523832321167,0.020905382931232452
78.0,80.0,0.012527314946055412,0.01709253340959549,0.013775073923170567
79.0,81.0,0.01762498915195465,0.0,0.009092067368328571
80.0,82.0,0.02615436352789402,0.0,0.002503250492736697
81.0,83.0,0.017301535233855247,0.0,0.011473037302494049
82.0,84.0,0.02130192704498768,0.0,0.0075385249219834805
83.0,85.0,0.021784136071801186,0.0,0.0019394326955080032
84.0,86.0,0.011634856462478638,0.0,0.0013980260118842125
85.0,87.0,0.00806969590485096,0.0,0.00472820783033967
86.0,88.0,0.0,0.0,0.009295191615819931
87.0,89.0,0.0021998919546604156,0.009853853844106197,0.008011465892195702
88.0,90.0,0.014780811034142971,0.004915440455079079,0.012267106212675571
89.0,91.0,0.018286125734448433,0.008325159549713135,0.00750128086656332
90.0,92.0,0.013160640373826027,0.011566131375730038,0.0045917341485619545
91.0,93.0,0.01886630430817604,0.0,0.01521933451294899
92.0,94.0,0.01886163279414177,0.0,0.0019436376169323921
93.0,95.0,0.010614234954118729,0.0,0.0
94.0,96.0,0.009186150506138802,0.009005200117826462,0.011086653918027878
95.0,97.0,0.014049535617232323,0.011197619140148163,0.011410031467676163
96.0,98.0,0.01627518981695175,0.0054496838711202145,0.007187743205577135
97.0,99.0,0.014903129078447819,0.002997280564159155,0.0
98.0,100.0,0.022107407450675964,0.0,0.006423779297620058
99.0,101.0,0.02878662571310997,0.0,0.00329739972949028
100.0,102.0,0.031498927623033524,0.0,0.0
101.0,103.0,0.02206340618431568,0.0,0.0057900333777070045
102.0,104.0,0.02194393053650856,0.0,0.015886761248111725
103.0,105.0,0.011101185344159603,0.0,0.012882405892014503
104.0,106.0,0.013179087080061436,0.012943608686327934,0.009058207273483276
105.0,107.0,0.017723094671964645,0.0033614803105592728,0.0033582025207579136
106.0,108.0,0.028939437121152878,0.0,0.0
107.0,109.0,0.02564055845141411,0.0,0.0007194066420197487
108.0,110.0,0.025259913876652718,0.0,0.0
109.0,111.0,0.024574587121605873,0.0029108913149684668,0.0009936991846188903
110.0,112.0,0.005622833967208862,0.006399624049663544,0.0
111.0,113.0,0.005816530901938677,0.008587832562625408,0.001228751614689827
112.0,114.0,0.018641259521245956,0.0,0.002284434624016285
113.0,115.0,0.019431037828326225,0.0,0.005473088473081589
114.0,116.0,0.015518715605139732,0.0,0.0070755984634160995
115.0,117.0,0.012076201848685741,0.0,0.0
116.0,118.0,0.015482578426599503,0.0,0.0
117.0,119.0,0.021602261811494827,0.0,0.0015476895496249199
118.0,120.0,0.01917463168501854,0.008561398833990097,0.004324868321418762
119.0,121.0,0.02265346050262451,0.0,0.013683594763278961
120.0,122.0,0.028966154903173447,0.0,0.008253129199147224
121.0,123.0,0.024402668699622154,0.0055376626551151276,0.015249894931912422
122.0,124.0,0.015481796115636826,0.018174024298787117,0.02157772146165371
123.0,125.0,0.016606099903583527,0.01853914000093937,0.01549842581152916
124.0,126.0,0.016723893582820892,0.011208459734916687,0.004362550564110279
125.0,127.0,0.014809386804699898,0.01055875513702631,0.015152104198932648
126.0,128.0,0.016055848449468613,0.021500445902347565,0.030049514025449753
127.0,129.0,0.02572713978588581,0.0,0.013333428651094437
128.0,130.0,0.02076050266623497,0.0009370779152959585,0.009168348275125027
129.0,131.0,0.018907390534877777,0.007674722000956535,0.000166724668815732
130.0,132.0,0.005981097929179668,0.008057376369833946,0.0
131.0,133.0,0.013349968940019608,0.013164645060896873,0.0007462990470230579
132.0,134.0,0.016898496076464653,0.00432511605322361,0.002643795683979988
133.0,135.0,0.016896575689315796,0.0023825224488973618,0.02396489679813385
134.0,136.0,0.004863678943365812,0.011700090020895004,0.02172149531543255
135.0,137.0,0.010612279176712036,0.004236169159412384,0.0012979451566934586
136.0,138.0,0.019629940390586853,0.0,0.009420588612556458
137.0,139.0,0.00928574800491333,0.0,0.01641201227903366
138.0,140.0,0.006465118378400803,0.0,0.01268593966960907
139.0,141.0,0.026635270565748215,0.00635775038972497,0.0
140.0,142.0,0.019353728741407394,0.005658488254994154,0.0061411987990140915
141.0,143.0,0.002043474465608597,0.0,0.005306930746883154
142.0,144.0,0.013391420245170593,0.0,0.0
143.0,145.0,0.02462298795580864,0.0,0.002099632052704692
144.0,146.0,0.023931138217449188,0.0,0.005531041417270899
145.0,147.0,0.00738907977938652,0.01353413425385952,0.010841707699000835
146.0,148.0,0.00029152072966098785,0.019932974129915237,0.0
147.0,149.0,0.012043233960866928,0.0,0.010195953771471977
148.0,150.0,0.021280355751514435,0.0,0.02095738798379898
149.0,151.0,0.030010316520929337,0.014347933232784271,0.02369723841547966
150.0,152.0,0.02126236818730831,0.0011906882282346487,0.019980289041996002
151.0,153.0,0.027594950050115585,0.005017980933189392,0.009060541167855263
152.0,154.0,0.027509639039635658,0.008131111040711403,0.010091153904795647
153.0,155.0,0.02482053078711033,0.0023027053102850914,0.018090372905135155
154.0,156.0,0.02098871022462845,0.0,0.014812404289841652
155.0,157.0,0.011365639977157116,0.0008160981815308332,0.008837929926812649
156.0,158.0,0.007545108906924725,0.0036546364426612854,0.0025737006217241287
157.0,159.0,0.018464911729097366,0.000706227496266365,0.005504328291863203
158.0,160.0,0.020376602187752724,0.0,0.0047520846128463745
159.0,161.0,0.015271879732608795,0.00943133793771267,0.002767271362245083
160.0,162.0,0.02364376187324524,0.0059183621779084206,0.018471404910087585
161.0,163.0,0.01819472573697567,0.0,0.018817689269781113
162.0,164.0,0.01232905127108097,0.0,0.007730069570243359
163.0,165.0,0.01377139799296856,0.0,0.004765894263982773
164.0,166.0,0.011131824925541878,0.0,0.005284249782562256
165.0,167.0,0.0071993605233728886,0.0004084915854036808,0.0025130086578428745
166.0,168.0,0.0067777312360703945,0.0032751874532550573,0.015345331281423569
167.0,169.0,0.004102548584342003,0.0,0.009191269055008888
168.0,170.0,0.01190178468823433,0.0,0.0018956689164042473
169.0,171.0,0.03325740993022919,0.0,0.0042907362803816795
170.0,172.0,0.02272912487387657,0.0,0.00497106509283185
171.0,173.0,0.012607492506504059,0.006905189715325832,0.004271301906555891
172.0,174.0,0.007378424517810345,0.011702178046107292,0.02142290584743023
173.0,175.0,0.014041002839803696,0.004661907907575369,0.012161345221102238
174.0,176.0,0.01165884081274271,0.0,0.0027746474370360374
175.0,177.0,0.011837048456072807,0.0,0.0014568879269063473
176.0,178.0,0.004698724485933781,0.005469002295285463,0.01760072447359562
177.0,179.0,0.00367986923083663,0.012423158623278141,0.011297134682536125
178.0,180.0,0.011879832483828068,0.005583519581705332,0.008267611265182495
179.0,181.0,0.029175162315368652,0.0,0.0019730180501937866
180.0,182.0,0.018760530278086662,0.008652097545564175,0.006236739456653595
181.0,183.0,0.010250971652567387,0.007465003058314323,0.02246219851076603
182.0,184.0,0.01939840242266655,0.0012896759435534477,0.02747790887951851
183.0,185.0,0.01834096759557724,0.0014479504898190498,0.011385615915060043
184.0,186.0,0.015673603862524033,0.0023536481894552708,0.007947439327836037
185.0,187.0,0.016456330195069313,0.0061280736699700356,0.002024116227403283
186.0,188.0,0.02421427145600319,0.008266842924058437,0.0016274177469313145
187.0,189.0,0.025168361142277718,0.0,0.009820113889873028
188.0,190.0,0.016160327941179276,0.0,0.001907985657453537
189.0,191.0,0.0045318277552723885,0.0033745968248695135,0.0
190.0,192.0,0.008680474013090134,0.012005358003079891,0.0
191.0,193.0,0.008902844041585922,0.012659906409680843,0.002247849479317665
192.0,194.0,0.008764086291193962,0.0,0.00718696229159832
193.0,195.0,0.002810960402712226,0.00547946710139513,0.024538451805710793
194.0,196.0,0.01474396325647831,0.0,0.010519535280764103
195.0,197.0,0.012956512160599232,0.005977738182991743,0.008685535751283169
196.0,198.0,0.009534087032079697,0.0,0.0
197.0,199.0,0.012387665919959545,0.0018621149938553572,0.011164160445332527
198.0,200.0,0.011640926823019981,0.011818422004580498,0.019864970818161964
199.0,201.0,0.01105685904622078,0.00524750305339694,0.0014641850721091032
200.0,202.0,0.014765802770853043,0.016172820702195168,0.00767865963280201
201.0,203.0,0.026848871260881424,0.011396530084311962,0.013104457408189774
202.0,204.0,0.02231278270483017,0.008887569420039654,0.008192814886569977
203.0,205.0,0.009740256704390049,0.0,0.005213809199631214
204.0,206.0,0.0076216114684939384,0.004485052078962326,0.00275423564016819
205.0,207.0,0.013632850721478462,0.004551699385046959,0.0
206.0,208.0,0.01807837188243866,0.0,0.0
207.0,209.0,0.019671643152832985,0.0,0.0
208.0,210.0,0.017375338822603226,0.0,0.004508142359554768
209.0,211.0,0.010904212482273579,0.011700370348989964,0.0020740318577736616
210.0,212.0,0.011136064305901527,0.005910526029765606,0.0013571109157055616
211.0,213.0,0.0070199547335505486,0.0,0.012993916869163513
212.0,214.0,0.008667854592204094,0.010646426118910313,0.011516234837472439
213.0,215.0,0.01864871010184288,0.010510772466659546,0.008662078529596329
214.0,216.0,0.015559738501906395,3.668130375444889e-05,0.0
215.0,217.0,0.008006328716874123,0.0,0.0
216.0,218.0,0.018217798322439194,0.0028045708313584328,0.0053149620071053505
217.0,219.0,0.024315245449543,0.0004504605894908309,0.0
218.0,220.0,0.01218692772090435,0.0011467004660516977,0.004380426835268736
219.0,221.0,0.009556728415191174,0.0028513746801763773,0.007893376983702183
220.0,222.0,0.006110821850597858,0.0,0.0
221.0,223.0,0.007697358261793852,0.0,0.0
222.0,224.0,0.009144993498921394,0.008157262578606606,0.0
223.0,225.0,0.013391749002039433,0.0,0.0039486270397901535
224.0,226.0,0.00839125458151102,0.0,0.006099768448621035
225.0,227.0,0.017830653116106987,0.0,0.01141379028558731
226.0,228.0,0.019711870700120926,0.0,0.010966164991259575
227.0,229.0,0.03033815324306488,0.0,0.0
228.0,230.0,0.022013425827026367,0.004445747472345829,0.0
229.0,231.0,0.02058742754161358,0.00759870745241642,0.01702900044620037
230.0,232.0,0.020724043250083923,0.005995423998683691,0.01807904988527298
231.0,233.0,0.014665957540273666,0.006995385512709618,0.004527302924543619
232.0,234.0,0.01906900480389595,0.007410892751067877,0.010430369526147842
233.0,235.0,0.024578094482421875,0.0,0.012543597258627415
234.0,236.0,0.0255082156509161,0.0,0.017232216894626617
235.0,237.0,0.026365341618657112,0.0,0.016480471938848495
236.0,238.0,0.012914024293422699,0.00096529396250844,0.005134928971529007
237.0,239.0,0.006901155691593885,0.0,0.0038146073929965496
238.0,240.0,0.0,0.005562853068113327,0.0
239.0,241.0,0.0,0.01927248202264309,0.001869894564151764
240.0,242.0,0.007831186056137085,0.013747872784733772,0.013838782906532288
241.0,243.0,0.023843562230467796,0.006211397238075733,0.011163407005369663
242.0,244.0,0.014992481097579002,0.008276442997157574,0.012134205549955368
243.0,245.0,0.022891096770763397,0.005143994465470314,0.014874515123665333
244.0,246.0,0.021681848913431168,0.009034152142703533,0.003975375555455685
245.0,247.0,0.012782461941242218,0.0,0.014030545949935913
246.0,248.0,0.0,0.021367419511079788,0.0
247.0,249.0,0.018450256437063217,0.0,0.013528650626540184
248.0,250.0,0.027288787066936493,0.0,0.0013184202834963799
249.0,251.0,0.02782541885972023,0.00532133225351572,0.007137075997889042
250.0,252.0,0.026245001703500748,0.013217950239777565,0.0
251.0,253.0,0.02353975735604763,0.009545795619487762,0.0001490139402449131
252.0,254.0,0.016054991632699966,0.0,0.005925601348280907
253.0,255.0,0.0067092496901750565,0.0,0.007355677895247936
254.0,256.0,0.020227964967489243,0.0,0.012641647830605507
255.0,257.0,0.02319832146167755,0.0,0.006291673518717289
256.0,258.0,0.01977669820189476,0.0,0.019881989806890488
257.0,259.0,0.013609376735985279,0.0,0.013844539411365986
258.0,260.0,0.008082611486315727,0.014225032180547714,0.0014980860287323594
259.0,261.0,0.024787746369838715,0.0011086919112131,0.003599617164582014
260.0,262.0,0.023654304444789886,0.0,0.0009862212464213371
261.0,263.0,0.02238839492201805,0.0,0.0
262.0,264.0,0.011883025988936424,0.0,0.012354070320725441
263.0,265.0,0.008753061294555664,0.002080023754388094,0.013530602678656578
264.0,266.0,0.018561528995633125,0.004865949973464012,0.0043127210810780525
265.0,267.0,0.034168705344200134,0.0,0.004388390574604273
266.0,268.0,0.028537744656205177,0.0,0.002871899865567684
267.0,269.0,0.014871162362396717,0.0,0.007351018954068422
268.0,270.0,0.02156560868024826,0.0,0.01233379915356636
269.0,271.0,0.017474446445703506,0.004078418016433716,0.011046046391129494
270.0,272.0,0.017428763210773468,0.014051072299480438,0.019802529364824295
271.0,273.0,0.014260439202189445,0.012880177237093449,0.027892068028450012
272.0,274.0,0.0,0.003104929579421878,0.011099709197878838
273.0,275.0,0.007537746801972389,0.0,0.0
274.0,276.0,0.016809353604912758,0.004792340565472841,0.0
275.0,277.0,0.006432110443711281,0.013068187981843948,0.0
276.0,278.0,0.006312210112810135,0.004050068557262421,0.0055218650959432125
277.0,279.0,0.003423533635213971,0.0,0.0
278.0,280.0,0.012729247100651264,0.0,0.020250650122761726
279.0,281.0,0.0,0.012406177818775177,0.00606909953057766
280.0,282.0,0.016657084226608276,0.016615217551589012,0.01720743253827095
281.0,283.0,0.023433983325958252,0.006789441220462322,0.011557314544916153
282.0,284.0,0.010889429599046707,0.0,0.008924082852900028
283.0,285.0,0.01862051710486412,0.0,0.0014205691404640675
284.0,286.0,0.019548606127500534,0.0,0.008643215522170067
285.0,287.0,0.015035618096590042,0.001225064042955637,9.144656360149384e-05
286.0,288.0,0.0165109746158123,0.0,0.0
287.0,289.0,0.009666386060416698,0.0,0.002032843418419361
288.0,290.0,0.01597285270690918,0.0,0.010837629437446594
289.0,291.0,0.015990864485502243,0.0,0.015445904806256294
290.0,292.0,0.020597372204065323,0.01800757274031639,0.02118849754333496
291.0,293.0,0.015228506177663803,0.017682569101452827,0.021846357733011246
292.0,294.0,0.014494206756353378,0.0,0.0006370074115693569
293.0,295.0,0.015980245545506477,0.001076242420822382,0.0029538210947066545
294.0,296.0,0.015184580348432064,0.0043722945265471935,0.01785234734416008
295.0,297.0,0.019342336803674698,0.0,0.009370696730911732
296.0,298.0,0.02216300740838051,0.0,0.007781945168972015
297.0,299.0,0.020379330962896347,0.010783105157315731,0.006463720928877592
298.0,300.0,0.0250919871032238,0.006245161406695843,0.0063017732463777065
299.0,301.0,0.025003930553793907,0.006407139822840691,0.002710375003516674
300.0,302.0,0.01214824803173542,0.0043835509568452835,0.004101161379367113
301.0,303.0,0.017402134835720062,0.0,0.0
302.0,304.0,0.020323097705841064,0.0,0.013226151466369629
303.0,305.0,0.015741631388664246,0.0,0.025642603635787964
304.0,306.0,0.013309032656252384,0.010433192364871502,0.018043307587504387
305.0,307.0,0.014648443087935448,0.01100543886423111,0.01838895119726658
306.0,308.0,0.02531471475958824,0.0045543573796749115,0.005489845760166645
307.0,309.0,0.01100566890090704,0.0012829918414354324,0.009128912352025509
308.0,310.0,0.01815003529191017,0.0026803617365658283,0.0007870288100093603
309.0,311.0,0.01769411563873291,0.0,0.002151425229385495
310.0,312.0,0.019652241840958595,0.0,0.0020584184676408768
311.0,313.0,0.018398422747850418,0.0,0.003467683680355549
312.0,314.0,0.016976848244667053,0.001802855171263218,0.006892149802297354
313.0,315.0,0.028233833611011505,0.0024944725446403027,0.008248373866081238
314.0,316.0,0.021229712292551994,0.0038149394094944,0.006467350758612156
315.0,317.0,0.00878014974296093,0.004739007912576199,0.00598528515547514
316.0,318.0,0.008924898691475391,0.012558277696371078,0.017016535624861717
317.0,319.0,0.0009755557402968407,0.007964055985212326,0.015129754319787025
318.0,320.0,0.0,0.015862315893173218,0.0
319.0,321.0,0.0,0.0,0.005756863858550787
320.0,322.0,0.006799185648560524,0.0058428822085261345,0.016263917088508606
321.0,323.0,0.02070709317922592,0.0,0.02088339813053608
322.0,324.0,0.008518384769558907,0.01013491116464138,0.016668541356921196
323.0,325.0,0.01117771491408348,0.0141705721616745,0.007778072264045477
324.0,326.0,0.026563281193375587,0.012354033067822456,0.016776423901319504
325.0,327.0,0.024345792829990387,0.015143373049795628,0.021432992070913315
326.0,328.0,0.019919540733098984,0.009741966612637043,0.012027330696582794
327.0,329.0,0.02137164957821369,0.013350673019886017,0.013590285554528236
328.0,330.0,0.018166400492191315,0.010220998898148537,0.019142601639032364
329.0,331.0,0.01498791016638279,0.005235867574810982,0.010423596948385239
330.0,332.0,0.015231387689709663,0.010646438226103783,0.0073621924966573715
331.0,333.0,0.026113536208868027,0.002692476147785783,0.01858474127948284
332.0,334.0,0.013518359512090683,0.01233963668346405,0.012974157929420471
333.0,335.0,0.01723260059952736,0.013317175209522247,0.007283858954906464
334.0,336.0,0.014687859453260899,0.01309547945857048,0.01739773340523243
335.0,337.0,0.0032931682653725147,0.0006575202569365501,0.00415681442245841
336.0,338.0,0.007272079586982727,0.00740022212266922,0.012193354777991772
337.0,339.0,0.01304253377020359,0.007751251105219126,0.02201429009437561
338.0,340.0,0.0168536975979805,0.0039344653487205505,0.014526177197694778
339.0,341.0,0.016143199056386948,0.008790753781795502,0.013154524378478527
340.0,342.0,0.005198361352086067,0.010527340695261955,0.009005441330373287
341.0,343.0,0.017163146287202835,0.004021605476737022,0.002471261192113161
342.0,344.0,0.025967435911297798,0.010889665223658085,0.02506251633167267
343.0,345.0,0.02387380599975586,0.01508166454732418,0.02276133932173252
344.0,346.0,0.021103335544466972,0.01570896990597248,0.03216250240802765
345.0,347.0,0.002901464467868209,0.007239342667162418,0.007953756488859653
346.0,348.0,0.011059898883104324,0.011828813701868057,0.0
347.0,349.0,0.018374398350715637,0.0059445383958518505,0.005821631755679846
348.0,350.0,0.025423545390367508,0.004967143759131432,0.011696725152432919
349.0,351.0,0.018637243658304214,0.017966944724321365,0.011671861633658409
350.0,352.0,0.022420596331357956,0.015653453767299652,0.019986536353826523
351.0,353.0,0.014296104200184345,0.004994047340005636,0.010885881260037422
352.0,354.0,0.015402472577989101,0.010984914377331734,0.0164260882884264
353.0,355.0,0.0115745784714818,0.007662053685635328,0.00968053750693798
354.0,356.0,0.02400044910609722,0.01241285726428032,0.01321301981806755
355.0,357.0,0.03021455556154251,0.0,0.004797806032001972
356.0,358.0,0.02864697203040123,0.004417425952851772,0.009957567788660526
357.0,359.0,0.021208008751273155,0.01736997440457344,0.018425896763801575
358.0,360.0,0.013067184947431087,0.012093940749764442,0.020508285611867905
359.0,361.0,0.011384549550712109,0.0019744252786040306,0.008762330748140812
360.0,362.0,0.010468591004610062,0.0031801853328943253,0.008829230442643166
361.0,363.0,0.017330918461084366,4.325713962316513e-05,0.004040189553052187
362.0,364.0,0.013536631129682064,0.008612423203885555,0.014292087405920029
363.0,365.0,0.01292974129319191,0.01025426760315895,0.022309252992272377
364.0,366.0,0.011805331334471703,0.01684645190834999,0.030128296464681625
365.0,367.0,0.002497725188732147,0.009446794167160988,0.01632227562367916
366.0,368.0,0.0,0.0,0.009715784341096878
367.0,369.0,0.00023793010041117668,0.02663511596620083,0.0018852793145924807
368.0,370.0,0.014171186834573746,0.00435252208262682,0.0
369.0,371.0,0.012772718444466591,0.0,0.0021393755450844765
370.0,372.0,0.005084944888949394,0.01073695719242096,0.0069105364382267
371.0,373.0,0.0034791124053299427,0.019898824393749237,0.014821532182395458
372.0,374.0,0.01388033851981163,0.018305359408259392,0.011200804263353348
373.0,375.0,0.009823138825595379,0.011465251445770264,0.0
374.0,376.0,0.018591197207570076,0.00918317586183548,0.00044615939259529114
375.0,377.0,0.02305905520915985,0.006339229643344879,0.009031045250594616
376.0,378.0,0.010498114861547947,0.008469749242067337,0.0
377.0,379.0,0.007078362628817558,0.0015053411480039358,0.0
378.0,380.0,0.009582462720572948,0.0,0.0025430885143578053
379.0,381.0,0.005142051726579666,0.0,0.011675670742988586
380.0,382.0,0.009677158668637276,0.012492265552282333,0.011649172753095627
381.0,383.0,0.02246060222387314,0.0,0.004233232233673334
382.0,384.0,0.025861026719212532,0.0,0.0
383.0,385.0,0.024018993601202965,0.0017212927341461182,0.0
384.0,386.0,0.018991995602846146,0.0,0.0030009066686034203
385.0,387.0,0.008262921124696732,0.0,0.007753601763397455
386.0,388.0,0.015227249823510647,0.00012801703996956348,0.01270686648786068
387.0,389.0,0.008073008619248867,0.007247088011354208,0.00381157617084682
388.0,390.0,0.008205226622521877,0.0068528298288583755,0.006670401897281408
389.0,391.0,0.016559947282075882,0.007930483669042587,0.017658565193414688
390.0,392.0,0.018808288499712944,0.012944151647388935,0.019969535991549492
391.0,393.0,0.006047410890460014,0.0008535906672477722,0.00965447723865509
392.0,394.0,0.022209985181689262,0.009532556869089603,0.0030499715358018875
393.0,395.0,0.022707248106598854,0.0,0.0005057104863226414
394.0,396.0,0.019393181428313255,0.0,0.0
395.0,397.0,0.022358208894729614,0.00892585888504982,0.001749714370816946
396.0,398.0,0.01947661116719246,0.0,0.000839513202663511
397.0,399.0,0.011722499504685402,0.0,0.0035351081751286983
398.0,400.0,0.023389797657728195,0.012015223503112793,0.012524239718914032
399.0,401.0,0.02899375557899475,0.010187804698944092,0.0021115336567163467
400.0,402.0,0.023203257471323013,0.0,0.0012703356333076954
401.0,403.0,0.01360583957284689,0.0,0.022874563932418823
402.0,404.0,0.030872322618961334,0.011293340474367142,0.01899343729019165
403.0,405.0,0.03202533349394798,0.009484156966209412,0.010925755836069584
404.0,406.0,0.04303215071558952,0.0003366628661751747,0.012548968195915222
405.0,407.0,0.022034186869859695,0.008177708834409714,0.01188979297876358
406.0,408.0,0.019191592931747437,0.003498149337247014,0.01035623624920845
407.0,409.0,0.009492033161222935,0.0,0.0066719744354486465
408.0,410.0,0.026858802884817123,0.0,0.005012589506804943
409.0,411.0,0.006013806443661451,0.0,0.007624742574989796
410.0,412.0,0.0,0.005000399891287088,0.015300538390874863
411.0,413.0,0.008262605406343937,0.0,0.00887790136039257
412.0,414.0,0.012123631313443184,0.002753571607172489,0.0026807126123458147
413.0,415.0,0.027017435058951378,0.0024074527900666,0.0057314601726830006
414.0,416.0,0.020775670185685158,0.0004876574967056513,0.00708201015368104
415.0,417.0,0.018441492691636086,0.004416072741150856,0.0
416.0,418.0,0.016952363774180412,0.004497534595429897,0.0019776858389377594
417.0,419.0,0.013928012922406197,0.00779944472014904,0.021080344915390015
418.0,420.0,0.02217778190970421,0.004577239975333214,0.027439577504992485
419.0,421.0,0.019209058955311775,0.0,0.010318225249648094
420.0,422.0,0.01552332192659378,0.0013234576908871531,0.0006150966510176659
421.0,423.0,0.019094105809926987,0.0,0.001752775628119707
422.0,424.0,0.013591604307293892,0.0,0.003959921188652515
423.0,425.0,0.012209156528115273,0.0,0.0
424.0,426.0,0.01638820953667164,0.005789740942418575,0.015534458681941032
425.0,427.0,0.019302476197481155,0.0,0.015024550259113312
426.0,428.0,0.027034178376197815,0.0,0.010835366323590279
427.0,429.0,0.02673361822962761,0.006601693108677864,0.0
428.0,430.0,0.01896539330482483,0.0,0.009184317663311958
429.0,431.0,0.009224457666277885,0.0,0.01022844947874546
430.0,432.0,0.0072455089539289474,0.0,0.012992111966013908
431.0,433.0,0.0,0.01917143166065216,0.0
432.0,434.0,0.01678665354847908,0.004108387511223555,0.006680920720100403
433.0,435.0,0.019846763461828232,0.0,0.006463921628892422
434.0,436.0,0.008811789564788342,0.0,0.0077939461916685104
435.0,437.0,0.008744271472096443,0.010803651064634323,0.004449778702110052
436.0,438.0,0.01897941716015339,0.008598768152296543,0.014642421156167984
437.0,439.0,0.017465390264987946,0.0,0.010457176715135574
438.0,440.0,0.017803333699703217,0.0,0.008040344342589378
439.0,441.0,0.021643105894327164,0.0032338385935872793,0.0
440.0,442.0,0.021661970764398575,0.003211790695786476,0.009461387991905212
441.0,443.0,0.01863228529691696,0.003831717651337385,0.021414458751678467
442.0,444.0,0.011273280717432499,0.0,0.006998977158218622
443.0,445.0,0.01955500990152359,0.00012905849143862724,0.006002798676490784
444.0,446.0,0.022486671805381775,0.0,0.0068945735692977905
445.0,447.0,0.02502225898206234,0.0014323890209197998,0.004061762243509293
446.0,448.0,0.016052648425102234,0.004758320748806,0.006599463988095522
447.0,449.0,0.01789945363998413,0.0,0.00494441157206893
448.0,450.0,0.01693049445748329,0.0,0.0
449.0,451.0,0.01390635035932064,0.0,0.0018445588648319244
450.0,452.0,0.011378077790141106,0.00015584798529744148,0.0036870050244033337
451.0,453.0,0.02197091281414032,0.0012359146494418383,0.018545525148510933
452.0,454.0,0.00965260062366724,0.008935580030083656,0.012666970491409302
453.0,455.0,0.01642337255179882,0.00977164413779974,0.005499292630702257
454.0,456.0,0.013232960365712643,0.0028319419361650944,0.009966999292373657
455.0,457.0,0.017001653090119362,0.0,0.01013130135834217
456.0,458.0,0.007867866195738316,0.0017266902141273022,0.0
457.0,459.0,0.0059106918051838875,0.005926061421632767,0.0
458.0,460.0,0.00414838595315814,0.0028837681747972965,0.005366447381675243
459.0,461.0,0.013200907036662102,0.007245713844895363,0.0
460.0,462.0,0.013429302722215652,0.0,0.0
461.0,463.0,0.011536715552210808,0.012590646743774414,0.026463670656085014
462.0,464.0,0.013671866618096828,0.01830798014998436,0.016726510599255562
463.0,465.0,0.011498291045427322,0.0025890409015119076,0.010389171540737152
464.0,466.0,0.01419106125831604,0.010574258863925934,0.01008952222764492
465.0,467.0,0.024468036368489265,0.0036797835491597652,0.0
466.0,468.0,0.015884311869740486,0.0,0.0
467.0,469.0,0.011006634682416916,0.0,0.003625457640737295
468.0,470.0,0.006761863827705383,0.005337104666978121,0.02408958598971367
469.0,471.0,0.019423216581344604,0.004043099004775286,0.0207077506929636
470.0,472.0,0.024947814643383026,0.0,0.0016640452668070793
471.0,473.0,0.015538210980594158,0.0,0.0
472.0,474.0,0.012046321295201778,0.0,0.001133269863203168
473.0,475.0,0.014747746288776398,0.0,0.005820223595947027
474.0,476.0,0.01700771227478981,0.009872502647340298,0.006425496190786362
475.0,477.0,0.0,0.0,0.0
476.0,478.0,0.0110568106174469,0.0,0.004681711550801992
477.0,479.0,0.018996816128492355,0.0,0.0004175140056759119
478.0,480.0,0.015216480940580368,0.003902263008058071,0.002990290755406022
479.0,481.0,0.020171785727143288,0.008994614705443382,0.007495156954973936
480.0,482.0,0.014811094850301743,0.004028386902064085,0.00424587819725275
481.0,483.0,0.012724842876195908,0.0,0.006920247338712215
482.0,484.0,0.01434849202632904,0.0034254901111125946,0.0155567592009902
483.0,485.0,0.021836191415786743,0.0,0.020077422261238098
484.0,486.0,0.015462493523955345,0.006779511459171772,0.02786445803940296
485.0,487.0,0.0,0.011104860343039036,0.0005854559130966663
486.0,488.0,0.009538253769278526,0.023986052721738815,0.009740335866808891
487.0,489.0,0.014016026630997658,0.02048354595899582,0.008885730057954788
488.0,490.0,0.023661520332098007,0.0,0.007317514158785343
489.0,491.0,0.014606728218495846,0.0,0.006472261156886816
490.0,492.0,0.0005875304341316223,0.0038566263392567635,0.011052004992961884
491.0,493.0,0.0060798549093306065,0.004064545035362244,0.016346488147974014
492.0,494.0,0.01421109214425087,0.0,0.012401735410094261
493.0,495.0,0.006338879000395536,0.0,0.00337985809892416
494.0,496.0,0.018632784485816956,0.00385559001006186,0.0009084250777959824
495.0,497.0,0.020181268453598022,0.0,0.006934870034456253
496.0,498.0,0.014509502798318863,0.0,0.012168084271252155
497.0,499.0,0.016214612871408463,0.0004146294668316841,0.009797316044569016
498.0,500.0,0.0200959462672472,0.007992628961801529,0.00959655363112688
499.0,501.0,0.009333253838121891,0.0,0.0003516213037073612
500.0,502.0,0.015930725261569023,0.0,0.0036033750511705875
501.0,503.0,0.016999294981360435,0.005737770814448595,0.012874827720224857
502.0,504.0,0.017987044528126717,0.008256744593381882,0.016471076756715775
503.0,505.0,0.034153059124946594,0.012820133939385414,0.016518522053956985
504.0,506.0,0.017474627122282982,0.01936626061797142,0.008531385101377964
505.0,507.0,0.0009322476107627153,0.007621661759912968,0.008001631125807762
506.0,508.0,0.010570184327661991,0.0,0.01249310839921236
507.0,509.0,0.015151835046708584,0.0,0.008111681789159775
508.0,510.0,0.006860184017568827,0.0,0.013379653915762901
509.0,511.0,0.0,0.008302045986056328,0.026779063045978546
510.0,512.0,0.01206846535205841,0.02022695727646351,0.010246395133435726
511.0,513.0,0.01571020483970642,0.004665782675147057,0.007491594180464745
512.0,514.0,0.014701487496495247,0.0002042902633547783,0.0078064389526844025
513.0,515.0,0.009567709639668465,0.005728825926780701,0.009639449417591095
514.0,516.0,0.02072451263666153,0.0010063997469842434,0.003293554997071624
515.0,517.0,0.010797184891998768,0.009597934782505035,0.0
516.0,518.0,0.012701593339443207,0.003197810612618923,0.0037392633967101574
517.0,519.0,0.01684986986219883,0.003465239889919758,0.004190435167402029
518.0,520.0,0.002812454476952553,0.004524945747107267,0.014956895262002945
519.0,521.0,0.006056801415979862,0.007091899868100882,0.007155176252126694
520.0,522.0,0.013640412129461765,0.0015253175515681505,0.0
521.0,523.0,0.016300983726978302,0.00419663218781352,0.014368564821779728
522.0,524.0,0.0054526496678590775,0.001848472747951746,0.013951940461993217
523.0,525.0,0.012795986607670784,0.0031146288383752108,0.021012375131249428
524.0,526.0,0.010353388264775276,0.005598580464720726,0.01964574307203293
525.0,527.0,0.016896193847060204,0.005059442482888699,0.0
526.0,528.0,0.020234426483511925,0.0,0.0
527.0,529.0,0.018396878615021706,0.0,0.014083006419241428
528.0,530.0,0.017837323248386383,0.00863979384303093,0.022078974172472954
529.0,531.0,0.006312906742095947,0.011608477681875229,0.013016412034630775
530.0,532.0,0.013854719698429108,0.0022701439447700977,0.00577622139826417
531.0,533.0,0.013880717568099499,0.005075260531157255,0.006939513608813286
532.0,534.0,0.010302809067070484,0.004677257034927607,0.013170896098017693
533.0,535.0,0.01047303806990385,0.0,0.022926408797502518
534.0,536.0,0.0050492919981479645,0.005628637969493866,0.0032719671726226807
535.0,537.0,0.015694115310907364,0.020823491737246513,0.004783435724675655
536.0,538.0,0.02474270388484001,0.007301658391952515,0.002921315608546138
537.0,539.0,0.018726659938693047,0.0030823692213743925,0.021732760593295097
538.0,540.0,0.011034773662686348,0.005668496713042259,0.01224704273045063
539.0,541.0,0.0015936101553961635,0.0027115698903799057,0.0047431583516299725
540.0,542.0,0.005597170442342758,0.0012521689059212804,0.012161390855908394
541.0,543.0,0.018434640020132065,0.0083650853484869,0.008557895198464394
542.0,544.0,0.013709364458918571,0.018827006220817566,0.027133217081427574
543.0,545.0,0.011012209579348564,0.00687889289110899,0.015562671236693859
544.0,546.0,0.006460918579250574,0.0,0.0
545.0,547.0,0.0119272880256176,0.0007028288673609495,0.024912655353546143
546.0,548.0,0.0010894383303821087,0.0008205734193325043,0.023642243817448616
547.0,549.0,0.012237267568707466,0.0006989943794906139,0.006587701849639416
548.0,550.0,0.01713639497756958,0.0,0.0023966869339346886
549.0,551.0,0.018827544525265694,0.0,0.006043091416358948
550.0,552.0,0.00941300205886364,0.005669271573424339,0.005925939418375492
551.0,553.0,0.014658048748970032,0.002438741736114025,0.0006193900480866432
552.0,554.0,0.004853421822190285,0.0033468869514763355,0.0014909030869603157
553.0,555.0,0.013495256192982197,0.010505067184567451,0.006866243667900562
554.0,556.0,0.01778208278119564,0.008761527016758919,0.0
555.0,557.0,0.016658805310726166,0.002779674716293812,0.0
556.0,558.0,0.012347323819994926,0.0007993909530341625,0.009790477342903614
557.0,559.0,0.008790863677859306,0.0,0.02269996888935566
558.0,560.0,0.01520255021750927,0.006196079775691032,0.013808296993374825
559.0,561.0,0.0223843976855278,0.0056515284813940525,0.014821166172623634
560.0,562.0,0.012807072140276432,0.0005728402175009251,0.0
561.0,563.0,0.003969764336943626,0.0065093026496469975,0.0
562.0,564.0,0.00696422578766942,0.010252910666167736,0.006586187053471804
563.0,565.0,0.030698832124471664,0.0,0.015696072950959206
564.0,566.0,0.01683748885989189,0.0,0.006520245689898729
565.0,567.0,0.021260274574160576,0.013423923403024673,0.008496545255184174
566.0,568.0,0.02100353129208088,0.011170154437422752,0.0033978025894612074
567.0,569.0,0.006594010628759861,0.0,0.0
568.0,570.0,0.0022934982553124428,0.008806891739368439,0.0016668988391757011
569.0,571.0,0.009608060121536255,0.0,0.0014799139462411404
570.0,572.0,0.013612741604447365,0.0,0.004295184276998043
571.0,573.0,0.02398962527513504,0.021807854995131493,0.008045150898396969
572.0,574.0,0.007274867966771126,0.014613345265388489,0.007493522483855486
573.0,575.0,0.01967485249042511,0.0013206880539655685,0.0
574.0,576.0,0.02459687739610672,0.004393711220473051,0.0
575.0,577.0,0.020826954394578934,0.0067197782918810844,0.019414016976952553
576.0,578.0,0.0,0.021038126200437546,0.0
577.0,579.0,0.016604268923401833,0.00964263454079628,0.001322940457612276
578.0,580.0,0.03417086973786354,0.0032241567969322205,0.003945293370634317
579.0,581.0,0.0024038595147430897,0.0068307677283883095,0.0
580.0,582.0,0.0,0.01476426050066948,0.0
581.0,583.0,0.016433563083410263,0.009714169427752495,0.007453332655131817
582.0,584.0,0.013574757613241673,0.0019911681301891804,0.0015047946944832802
583.0,585.0,0.01979375258088112,0.0,0.007447034120559692
584.0,586.0,0.02065245807170868,0.0,0.007591225206851959
585.0,587.0,0.0177957471460104,0.0,0.0
586.0,588.0,0.01583695411682129,0.006046531721949577,0.0
587.0,589.0,0.026389602571725845,0.004771762993186712,0.0
588.0,590.0,0.027948379516601562,0.010766256600618362,0.0076596480794250965
589.0,591.0,0.03301115706562996,0.005233514588326216,0.025671595707535744
590.0,592.0,0.027505721896886826,0.0,0.015667052939534187
591.0,593.0,0.022073978558182716,0.0007094566244632006,0.0
592.0,594.0,0.013378536328673363,0.0,0.0
593.0,595.0,0.0034108120016753674,0.005951027851551771,0.015782684087753296
594.0,596.0,0.004571436904370785,0.009319269098341465,0.008119364269077778
595.0,597.0,0.0007240781560540199,0.012491056695580482,0.0
596.0,598.0,0.008573650382459164,0.012427499517798424,0.001047311583533883
597.0,599.0,0.012504711747169495,0.0028715780936181545,0.008378126658499241
598.0,600.0,0.021403079852461815,0.0,0.0050198351964354515
599.0,601.0,0.006788372993469238,0.008360366337001324,0.010356388986110687
600.0,602.0,0.015704849734902382,0.0,0.015135416761040688
601.0,603.0,0.020720049738883972,0.0035289868246763945,0.02644355595111847
602.0,604.0,0.0074922433122992516,0.0344003289937973,0.0018802322447299957
603.0,605.0,0.002912563271820545,0.01264985278248787,0.001842109952121973
604.0,606.0,0.008421220816671848,0.00359281525015831,0.004134647082537413
605.0,607.0,0.01366150751709938,0.0051245735958218575,0.0
606.0,608.0,0.0073193698190152645,0.002973576309159398,0.0
607.0,609.0,0.013823160901665688,0.0,0.0012405249290168285
608.0,610.0,0.022184228524565697,0.0,0.006904669106006622
609.0,611.0,0.012236371636390686,0.0,0.003925764001905918
610.0,612.0,0.0075046103447675705,0.0007861284539103508,0.015016911551356316
611.0,613.0,0.01670040562748909,0.00898305419832468,0.021394528448581696
612.0,614.0,0.019180448725819588,0.007902218028903008,0.006302784662693739
613.0,615.0,0.00785909965634346,0.02005295269191265,0.0
614.0,616.0,0.015136505477130413,0.024245886132121086,0.007601333316415548
615.0,617.0,0.008859721012413502,0.00930902361869812,0.00048549415078014135
616.0,618.0,0.005899631418287754,0.016970882192254066,0.0
617.0,619.0,0.01943901926279068,0.00764734810218215,0.010949378833174706
618.0,620.0,0.024447008967399597,0.005143122747540474,0.007768535055220127
619.0,621.0,0.018810193985700607,0.01705143414437771,0.011236488819122314
620.0,622.0,0.024391943588852882,0.01816723681986332,0.02242240309715271
621.0,623.0,0.018067635595798492,0.0,0.0019429514650255442
622.0,624.0,0.01139608770608902,0.0,0.0
623.0,625.0,0.01073093619197607,0.0,0.021452901884913445
624.0,626.0,0.007469171658158302,0.0,0.017823349684476852
625.0,627.0,0.019472233951091766,0.0,0.012991078197956085
626.0,628.0,0.021275777369737625,0.0,0.016731353476643562
627.0,629.0,0.021030690521001816,0.003930240403860807,0.011962242424488068
628.0,630.0,0.015320099890232086,0.00565628195181489,0.007564350962638855
629.0,631.0,0.005423359107226133,0.0,0.01009639073163271
630.0,632.0,0.010495228692889214,0.0,0.009293456561863422
631.0,633.0,0.010376671329140663,0.0,0.006085163448005915
632.0,634.0,0.013595903292298317,0.0,0.0
633.0,635.0,0.016712559387087822,0.0,0.0037689507007598877
634.0,636.0,0.0,0.002010416705161333,0.004812024533748627
635.0,637.0,0.005355232395231724,0.0,0.0005526961758732796
636.0,638.0,0.005693419836461544,0.0010064896196126938,0.0
637.0,639.0,0.0,0.0018281098455190659,0.009253380820155144
638.0,640.0,0.0016069645062088966,0.01703672856092453,0.007221210282295942
639.0,641.0,0.00956428237259388,0.026866072788834572,0.006647475063800812
640.0,642.0,0.017914729192852974,0.014086445793509483,0.013820710591971874
641.0,643.0,0.01653742603957653,0.0008543627336621284,0.006009719800204039
642.0,644.0,0.011033349670469761,0.0,0.0020176521502435207
643.0,645.0,0.01269512064754963,0.005801834166049957,0.0016506582032889128
644.0,646.0,0.016083108261227608,0.014018109068274498,0.009636599570512772
645.0,647.0,0.024416500702500343,0.0,0.008409840054810047
646.0,648.0,0.032062310725450516,0.0,0.0034047365188598633
647.0,649.0,0.029335815459489822,0.008254251442849636,0.007623578421771526
648.0,650.0,0.02247726544737816,0.018323956057429314,0.013279670849442482
649.0,651.0,0.021303005516529083,0.006648704409599304,0.021563559770584106
650.0,652.0,0.021022144705057144,0.005791773088276386,0.013912489637732506
651.0,653.0,0.008155213668942451,0.0,0.0012433610390871763
652.0,654.0,0.012055709958076477,0.0034833301324397326,0.014941815286874771
653.0,655.0,0.0,0.02061772160232067,0.0
654.0,656.0,0.013125203549861908,0.00477960892021656,0.004601641558110714
655.0,657.0,0.0202158335596323,0.00491903442889452,0.0049380348064005375
656.0,658.0,0.011654036119580269,0.004838376305997372,0.0
657.0,659.0,0.013031736016273499,0.0032209213823080063,0.0
658.0,660.0,0.01859591156244278,0.013605986721813679,0.0
659.0,661.0,0.01226785033941269,0.0,0.00044556637294590473
660.0,662.0,0.02055998519062996,0.0,0.0
661.0,663.0,0.027649279683828354,0.004440917633473873,0.0016955896280705929
662.0,664.0,0.019758962094783783,0.008635198697447777,0.0
663.0,665.0,0.003237800905480981,0.005563453305512667,0.0
664.0,666.0,0.013693489134311676,0.0,0.0
665.0,667.0,0.020657546818256378,0.01236654445528984,0.0033315150067210197
666.0,668.0,0.01657528430223465,0.0022597014904022217,0.0
667.0,669.0,0.01549554243683815,0.0,0.00024586915969848633
668.0,670.0,0.005812676623463631,0.0010676875244826078,0.007436562795192003
669.0,671.0,0.0,0.01760239526629448,0.0
670.0,672.0,0.011057117022573948,0.003770077135413885,0.0065462724305689335
671.0,673.0,0.013536794111132622,0.00013191858306527138,0.0
672.0,674.0,0.007188040763139725,0.0,0.0
673.0,675.0,0.01079636625945568,0.0,0.005491947289556265
674.0,676.0,0.013741135597229004,0.003968743607401848,0.010961044579744339
675.0,677.0,0.00576564809307456,0.0009784187423065305,0.008116800338029861
676.0,678.0,0.002405949402600527,0.002405916340649128,0.0058247679844498634
677.0,679.0,0.010474621318280697,0.0022121979855000973,0.0
678.0,680.0,0.019875817000865936,0.00348675693385303,0.01362192165106535
679.0,681.0,0.0,0.0,0.0
680.0,682.0,0.0,0.004984230734407902,0.0
681.0,683.0,0.0,0.0,0.0
682.0,684.0,0.012079242616891861,0.0,0.012153741903603077
683.0,685.0,0.023686625063419342,0.003539063036441803,0.011005665175616741
684.0,686.0,0.02203981950879097,0.0,0.005378031171858311
685.0,687.0,0.010103992186486721,0.003433101112022996,0.004250599071383476
686.0,688.0,0.013458960689604282,0.0,0.001352040097117424
687.0,689.0,0.015927189961075783,0.0,0.0
688.0,690.0,0.020017817616462708,0.0015748419100418687,0.008205135352909565
689.0,691.0,0.017096538096666336,0.0,0.004050903953611851
690.0,692.0,0.007768719457089901,0.0,0.00046509155072271824
691.0,693.0,0.00889494363218546,0.0032147748861461878,0.01039982121437788
692.0,694.0,0.01263938657939434,0.00166010030079633,0.011148136109113693
693.0,695.0,0.010388735681772232,0.005532956216484308,0.012448381632566452
694.0,696.0,0.021084770560264587,0.007872959598898888,0.020254557952284813
695.0,697.0,0.016839757561683655,0.0,0.0012657921761274338
696.0,698.0,0.031051019206643105,0.0,0.0
697.0,699.0,0.01877618208527565,0.007726549170911312,0.0
698.0,700.0,0.01285979151725769,0.0007901368662714958,0.0
699.0,701.0,0.004956825636327267,0.004646549001336098,0.0
700.0,702.0,0.004165362566709518,0.004988349042832851,0.004150478634983301
701.0,703.0,0.019558915868401527,0.00048685865476727486,0.0
702.0,704.0,0.0009525730274617672,0.01403283141553402,0.0
703.0,705.0,0.012241223827004433,0.016223443672060966,0.002566997893154621
704.0,706.0,0.007755958940833807,0.0042173294350504875,0.00848204642534256
705.0,707.0,0.004895146936178207,0.0016720743151381612,0.008628452196717262
706.0,708.0,0.012951284646987915,0.010272674262523651,0.016629336401820183
707.0,709.0,0.01441468857228756,0.007519747130572796,0.010524796321988106
708.0,710.0,0.023257385939359665,0.0,0.0076989056542515755
709.0,711.0,0.026448559015989304,0.004757557064294815,0.0072777424938976765
710.0,712.0,0.01623007468879223,0.002478301990777254,0.011245985515415668
711.0,713.0,0.01880650967359543,0.007270400412380695,0.0022636165376752615
712.0,714.0,0.020559530705213547,0.008718414232134819,0.008544085547327995
713.0,715.0,0.008744842372834682,0.014773154631257057,0.012314435094594955
714.0,716.0,0.014439654536545277,0.01940256729722023,0.013176042586565018
715.0,717.0,0.024540327489376068,0.008551879785954952,0.011975574307143688
716.0,718.0,0.020966023206710815,0.01145135797560215,0.00842462107539177
717.0,719.0,0.01550590991973877,0.00990991573780775,0.010279858484864235
718.0,720.0,0.014942144975066185,0.010745437815785408,0.006245893891900778
719.0,721.0,0.001120181055739522,0.003438768908381462,0.0
720.0,722.0,0.011923430487513542,0.005703493487089872,0.007325219921767712
721.0,723.0,0.021445952355861664,0.00903824158012867,0.0054024928249418736
722.0,724.0,0.02102876827120781,0.0022447146475315094,0.0
723.0,725.0,0.022629456594586372,0.013642395846545696,0.0
724.0,726.0,0.027180634438991547,0.016844309866428375,0.010880640707910061
725.0,727.0,0.018825743347406387,0.008188549429178238,0.01406167633831501
726.0,728.0,0.018229469656944275,0.014529956504702568,0.027349017560482025
727.0,729.0,0.0,0.02229754999279976,0.0
728.0,730.0,0.010219579562544823,0.0033655499573796988,0.010453877970576286
729.0,731.0,0.024368345737457275,0.0,0.013441016897559166
730.0,732.0,0.019449491053819656,0.0022631967440247536,0.011723795905709267
731.0,733.0,0.011159959249198437,0.001510188216343522,0.0012835608795285225
732.0,734.0,0.009795630350708961,0.0024147448129951954,0.009301870130002499
733.0,735.0,0.007043766789138317,0.005351569503545761,0.005097036715596914
734.0,736.0,0.01948213018476963,0.0053649721667170525,0.0
735.0,737.0,0.022588402032852173,0.0022911829873919487,0.011970112100243568
736.0,738.0,0.01898190937936306,0.0,0.0003387599717825651
737.0,739.0,0.011296074837446213,0.00032422738149762154,0.004611578769981861
738.0,740.0,0.0010680768173187971,0.011514565907418728,0.012522166594862938
739.0,741.0,0.015846852213144302,0.0027683661319315434,0.006661844439804554
740.0,742.0,0.017269346863031387,0.001096254331059754,0.008436650037765503
741.0,743.0,0.011915339156985283,0.005842829588800669,0.0067798784002661705
742.0,744.0,0.0075911302119493484,0.017516983672976494,0.009898101910948753
743.0,745.0,0.021960563957691193,0.0029746880754828453,0.0
744.0,746.0,0.01814959943294525,0.0,0.0
745.0,747.0,0.016421817243099213,0.0,0.0
746.0,748.0,0.01671585813164711,0.008403969928622246,0.002918408252298832
747.0,749.0,0.013007220812141895,0.008897901512682438,0.0033786222338676453
748.0,750.0,0.026440370827913284,0.0,0.0018433001823723316
749.0,751.0,0.019216462969779968,0.010977420955896378,0.00753854401409626
750.0,752.0,0.013940424658358097,0.00838388130068779,0.01563470996916294
751.0,753.0,0.0067896246910095215,0.0146991778165102,0.016052421182394028
752.0,754.0,0.01206374354660511,0.01163020171225071,0.009165765717625618
753.0,755.0,0.019267307594418526,0.00568598136305809,0.007119367364794016
754.0,756.0,0.02271239086985588,0.004767879843711853,0.015277864411473274
755.0,757.0,0.008555467240512371,0.006680755876004696,0.006880438420921564
756.0,758.0,0.011242680251598358,0.0061056651175022125,0.0
757.0,759.0,0.018399067223072052,0.008847132325172424,0.005669133737683296
758.0,760.0,0.014858188107609749,0.013032268732786179,0.012469926849007607
759.0,761.0,0.01699727773666382,0.005607319064438343,0.0022909282706677914
760.0,762.0,0.027935564517974854,0.0031022392213344574,0.011063333600759506
761.0,763.0,0.019833844155073166,0.018499134108424187,0.0
762.0,764.0,0.02107379585504532,0.009926682338118553,0.00857267715036869
763.0,765.0,0.018301699310541153,0.0058154212310910225,0.024462608620524406
764.0,766.0,0.0,0.011059614829719067,0.008848689496517181
765.0,767.0,0.01866958849132061,0.0,0.019062820822000504
766.0,768.0,0.023166876286268234,0.0,0.018391577526926994
767.0,769.0,0.012640228495001793,0.007980935275554657,0.009254162199795246
768.0,770.0,0.00408495869487524,0.00029206438921391964,0.0
769.0,771.0,0.004181962460279465,0.0,0.006975801661610603
770.0,772.0,0.0024292482994496822,0.005802279803901911,0.0077581158839166164
771.0,773.0,0.004010810516774654,0.00873442180454731,0.012312006205320358
772.0,774.0,0.011246347799897194,0.0,0.009107975289225578
773.0,775.0,0.0,0.011017406359314919,0.010085051879286766
774.0,776.0,0.00017840135842561722,0.0013321794103831053,0.0
775.0,777.0,0.006052820943295956,0.0,0.0008642325410619378
776.0,778.0,0.004119164310395718,0.0,0.004650471732020378
777.0,779.0,0.008493508212268353,0.0,0.0
778.0,780.0,0.012353720143437386,0.015717141330242157,0.014826550148427486
779.0,781.0,0.01770799048244953,0.006651647854596376,0.02431793138384819
780.0,782.0,0.005063988734036684,0.0019899141043424606,0.005941624287515879
781.0,783.0,0.02064812183380127,0.009800277650356293,0.004043212626129389
782.0,784.0,0.02151029370725155,0.0,0.0
783.0,785.0,0.003825862193480134,0.0,0.0
784.0,786.0,0.017947105690836906,0.0,0.006027962081134319
785.0,787.0,0.016968535259366035,0.0,0.00279568531550467
786.0,788.0,0.009505021385848522,0.00691064540296793,0.00921965204179287
787.0,789.0,0.007024381309747696,0.014407552778720856,0.026385365054011345
788.0,790.0,0.002112508751451969,0.0,0.017806626856327057
789.0,791.0,0.011868645437061787,0.003357124049216509,0.014245566911995411
790.0,792.0,0.016923565417528152,0.0,0.014612926170229912
791.0,793.0,0.022302407771348953,0.0,0.009985407814383507
792.0,794.0,0.02086932398378849,0.0,0.001153177348896861
793.0,795.0,0.011806830763816833,0.0,0.004449126776307821
794.0,796.0,0.02237175777554512,0.004968414083123207,0.0038278079591691494
795.0,797.0,0.012228552252054214,0.0,0.0
796.0,798.0,0.015954557806253433,0.006798798684030771,0.0038022142834961414
797.0,799.0,0.012628205120563507,0.014594798907637596,0.016850363463163376
798.0,800.0,0.018150124698877335,0.004921464715152979,0.009528306312859058
799.0,801.0,0.0286558885127306,0.0,0.009664636105298996
800.0,802.0,0.016701530665159225,0.0,0.0037500790785998106
801.0,803.0,0.01895718276500702,0.0,0.00372179108671844
802.0,804.0,0.014359980821609497,0.0,0.0030956347472965717
803.0,805.0,0.005037618800997734,0.0,0.008911730721592903
804.0,806.0,0.007751823868602514,0.0,0.008396361023187637
805.0,807.0,0.008440608158707619,0.001371581107378006,0.003888222388923168
806.0,808.0,0.002537198830395937,0.00525905005633831,0.007961763069033623
807.0,809.0,0.016934137791395187,0.0,0.0
808.0,810.0,0.0258332472294569,0.0,0.0
809.0,811.0,0.018466688692569733,0.0,0.005552187096327543
810.0,812.0,0.024454522877931595,0.0,0.004907291382551193
811.0,813.0,0.02120331861078739,0.0,0.0025733993388712406
812.0,814.0,0.02645772323012352,0.0,0.0
813.0,815.0,0.020528439432382584,0.003213925752788782,0.013416090980172157
814.0,816.0,0.00456117931753397,0.013988936319947243,0.010738009586930275
815.0,817.0,0.011911533772945404,0.0035098951775580645,0.0035790293477475643
816.0,818.0,0.028813332319259644,0.0006190994754433632,0.003987603355199099
817.0,819.0,0.025434236973524094,0.0,0.0
818.0,820.0,0.018205638974905014,0.0,0.0
819.0,821.0,0.02248237654566765,0.0,0.0010145152918994427
820.0,822.0,0.01763112097978592,0.0,0.0
821.0,823.0,0.01088162325322628,0.008196705020964146,0.0
822.0,824.0,0.0174621120095253,0.0,0.0006791087798774242
823.0,825.0,0.017307722941040993,0.0,0.0009563351050019264
824.0,826.0,0.014531521126627922,0.0,0.011796575039625168
825.0,827.0,0.014768190681934357,0.0,0.0
826.0,828.0,0.020542364567518234,0.0009086290374398232,0.0
827.0,829.0,0.0170429814606905,0.0,0.0
828.0,830.0,0.02105117030441761,0.0,0.0
829.0,831.0,0.01939592882990837,0.0,0.006108548492193222
830.0,832.0,0.030196592211723328,0.0,0.007824552245438099
831.0,833.0,0.022629298269748688,0.0018211824353784323,0.019248345866799355
832.0,834.0,0.015490352176129818,0.019739415496587753,0.022222183644771576
833.0,835.0,0.009372672066092491,0.0253725815564394,0.016277167946100235
834.0,836.0,0.006724597420543432,0.00318701658397913,0.0015688019338995218
835.0,837.0,0.010541449300944805,0.0,0.014611296355724335
836.0,838.0,0.005440857261419296,0.009205102920532227,0.016965258866548538
837.0,839.0,0.0029049653094261885,0.018516050651669502,0.010405495762825012
838.0,840.0,0.013608119450509548,0.0,0.0042170449160039425
839.0,841.0,0.013079631142318249,0.0,0.00859772227704525
840.0,842.0,0.021251987665891647,0.0,0.009812655858695507
841.0,843.0,0.03007766231894493,0.0,0.004655026830732822
842.0,844.0,0.012393394485116005,0.0,0.010665133595466614
843.0,845.0,0.013226864859461784,0.0,0.004231948405504227
844.0,846.0,0.026472918689250946,0.0,0.004843434318900108
845.0,847.0,0.018846334889531136,0.0,0.002490358892828226
846.0,848.0,0.011965803802013397,0.0,0.0
847.0,849.0,0.0037709400057792664,0.005074332468211651,0.0037879806477576494
848.0,850.0,0.01015760563313961,0.0032162535935640335,0.008984053507447243
849.0,851.0,0.023119013756513596,0.0,0.0
850.0,852.0,0.027074966579675674,0.0,0.005112013779580593
851.0,853.0,0.01746929995715618,0.0,0.018361955881118774
852.0,854.0,0.00200633704662323,0.012306783348321915,0.009842831641435623
853.0,855.0,0.011950191110372543,0.018463512882590294,0.013781886547803879
854.0,856.0,0.014920836314558983,0.005078455433249474,0.012094858102500439
855.0,857.0,0.005996814463287592,0.0071731675416231155,0.021023208275437355
856.0,858.0,0.0035154796205461025,0.009099092334508896,0.024039197713136673
857.0,859.0,0.006792469881474972,0.0,0.00600196048617363
858.0,860.0,0.0,0.0,0.0018566407961770892
859.0,861.0,0.0,0.0,0.009739218279719353
860.0,862.0,0.0,0.0043574669398367405,0.02038705348968506
861.0,863.0,0.0,0.0,0.016405168920755386
862.0,864.0,0.006892431527376175,0.009705701842904091,0.01739879697561264
863.0,865.0,0.02290133759379387,0.0020807129330933094,0.0035849744454026222
864.0,866.0,0.010743535123765469,0.0,0.0
865.0,867.0,0.0,0.0,0.0
866.0,868.0,0.0,0.0,0.0
867.0,869.0,0.015357624739408493,0.0,0.0
868.0,870.0,0.006605104543268681,0.0,0.002427680417895317
869.0,871.0,0.0030580367892980576,0.0,0.0
870.0,872.0,0.010171531699597836,0.01124459970742464,0.0
871.0,873.0,0.011726480908691883,0.007581350859254599,0.0
872.0,874.0,0.013700323179364204,0.005683876108378172,0.003509832313284278
873.0,875.0,0.009883137419819832,0.0,0.0
874.0,876.0,0.0,0.003090502228587866,0.0011389441788196564
875.0,877.0,0.010569930076599121,0.005636494606733322,0.005524571053683758
876.0,878.0,0.010054746642708778,0.0004811887629330158,0.011652548797428608
877.0,879.0,0.022655589506030083,0.0,0.0
878.0,880.0,0.014686152338981628,0.02094850316643715,0.0
879.0,881.0,0.007104828953742981,0.010521281510591507,0.006865096744149923
880.0,882.0,0.0029572839848697186,0.0,0.004032062832266092
881.0,883.0,0.01478702761232853,0.003093696665018797,0.0
882.0,884.0,0.012452490627765656,0.011774719692766666,0.0
883.0,885.0,0.0,0.008356423117220402,0.009165825322270393
884.0,886.0,0.008762991987168789,0.0023257452994585037,0.008025620132684708
885.0,887.0,0.011016937904059887,0.0,0.0056630647741258144
886.0,888.0,0.0007499479688704014,0.0,0.002354433760046959
887.0,889.0,0.0001630568876862526,0.004396537784487009,0.0
888.0,890.0,0.013854009099304676,0.00031712837517261505,0.007148652337491512
889.0,891.0,0.013131351210176945,0.0,0.007267436012625694
890.0,892.0,0.006460573524236679,0.0015505310148000717,0.0
891.0,893.0,0.005995670333504677,0.00527537427842617,0.0
892.0,894.0,0.020432837307453156,0.01241122093051672,0.0
893.0,895.0,0.02194220945239067,0.007403097115457058,0.0
894.0,896.0,0.010029174387454987,0.0,0.0
895.0,897.0,0.012033308856189251,0.0034692140761762857,0.0
896.0,898.0,0.011550480499863625,0.0,0.0009878251003101468
897.0,899.0,0.009007434360682964,0.0,0.0028242282569408417
898.0,900.0,0.009807097725570202,0.0,0.0
899.0,901.0,0.0,0.0045707086101174355,9.706337004899979e-05
900.0,902.0,0.00017467420548200607,0.005533473566174507,0.0010025911033153534
901.0,903.0,0.006983531638979912,0.0,0.0
902.0,904.0,0.007001843303442001,0.0,0.0
903.0,905.0,0.008571429178118706,0.0,0.0
904.0,906.0,0.0038126492872834206,0.0,0.0
905.0,907.0,0.01435600034892559,0.0,0.0
906.0,908.0,0.0112993773072958,0.00043915677815675735,0.0
907.0,909.0,0.004012754186987877,0.012683006934821606,0.0036814985796809196
908.0,910.0,0.0061712549068033695,0.0,0.020257368683815002
909.0,911.0,0.013272406533360481,0.014693591743707657,0.0
910.0,912.0,0.01659180223941803,0.01573188044130802,0.0
911.0,913.0,0.0,0.01851372793316841,0.005490938201546669
912.0,914.0,0.012367743998765945,0.02741091325879097,0.01701800897717476
913.0,915.0,0.008494380861520767,0.01319896150380373,0.012724749743938446
914.0,916.0,0.012169145047664642,0.012911416590213776,0.007685178425163031
915.0,917.0,0.0,0.023123065009713173,0.0024267761036753654
916.0,918.0,0.004801963455975056,0.012344771064817905,0.010174469090998173
917.0,919.0,0.008342436514794827,0.004186043981462717,0.018560701981186867
918.0,920.0,0.0005727610550820827,0.0,0.008507084101438522
919.0,921.0,0.010309863835573196,0.0,0.0016807292122393847
920.0,922.0,0.024292293936014175,0.0,0.0
921.0,923.0,0.026159396395087242,0.0,0.0
922.0,924.0,0.0030743475072085857,0.007218538783490658,0.000905708409845829
923.0,925.0,0.0,0.01082676276564598,0.0033009741455316544
924.0,926.0,0.004349762573838234,0.0,0.006685394328087568
925.0,927.0,0.024328337982296944,0.0029243864119052887,0.007219035178422928
926.0,928.0,0.008104820735752583,0.005312914960086346,0.0003284676931798458
927.0,929.0,0.0,0.0037258961237967014,0.0006189221749082208
928.0,930.0,0.006748326122760773,0.004429119639098644,0.0013057233300060034
929.0,931.0,0.008691588416695595,0.0,0.013857265934348106
930.0,932.0,0.0030957828275859356,0.0,0.01002846285700798
931.0,933.0,0.01488344743847847,0.0,0.006047955714166164
932.0,934.0,0.012190068140625954,0.0,0.0
933.0,935.0,0.006634444929659367,0.003688548691570759,0.0007338249124586582
934.0,936.0,0.0,0.011165713891386986,0.0037348633632063866
935.0,937.0,0.0,0.0,0.0025130631402134895
936.0,938.0,0.0036231805570423603,0.00034008873626589775,0.009087618440389633
937.0,939.0,0.017146341502666473,0.0,0.0023347786627709866
938.0,940.0,0.017253421247005463,0.0,0.0
939.0,941.0,0.011138918809592724,0.0,0.004170113708823919
940.0,942.0,0.0030447072349488735,0.00480432715266943,0.006310679484158754
941.0,943.0,0.011907066218554974,0.0,0.005394648760557175
942.0,944.0,0.0,0.00736799743026495,0.014305783435702324
943.0,945.0,0.010228347033262253,0.006731150671839714,0.0011047035222873092
944.0,946.0,0.011138563975691795,0.0,0.009586863219738007
945.0,947.0,0.0010260827839374542,0.0,0.01984814740717411
946.0,948.0,0.0,0.013658268377184868,0.0
947.0,949.0,0.0,0.008700773119926453,0.002249843440949917
948.0,950.0,0.010020659305155277,0.011261845007538795,0.008452204056084156
949.0,951.0,0.012752304784953594,0.009920230135321617,0.0
950.0,952.0,0.022369451820850372,0.01147335022687912,0.009299441240727901
951.0,953.0,0.017465420067310333,0.011015256866812706,0.007970971055328846
952.0,954.0,0.008189350366592407,0.0,0.015043504536151886
953.0,955.0,0.0068421498872339725,0.0,0.019626911729574203
954.0,956.0,0.0,0.014640157110989094,0.01265419740229845
955.0,957.0,0.0,0.008637665770947933,0.009650745429098606
956.0,958.0,0.0037875103298574686,4.857778549194336e-06,0.020519832149147987
957.0,959.0,0.008565468713641167,0.0,0.009418688714504242
958.0,960.0,0.012643568217754364,0.005535782780498266,0.011539175175130367
959.0,961.0,0.0,0.020312953740358353,0.01887149177491665
960.0,962.0,0.004669344983994961,0.01870470866560936,0.01913762278854847
961.0,963.0,0.005888019688427448,0.0,0.012296950444579124
962.0,964.0,0.020675502717494965,0.006256259046494961,0.0076955026015639305
963.0,965.0,0.03164041042327881,0.0234270878136158,0.020186586305499077
964.0,966.0,0.034941647201776505,0.022812630981206894,0.026079576462507248
965.0,967.0,0.035860247910022736,0.0,0.002711152657866478
966.0,968.0,0.031525060534477234,0.0,0.01795216277241707
967.0,969.0,0.016848504543304443,0.005545265506953001,0.015646852552890778
968.0,970.0,0.011064835824072361,0.00936087965965271,0.020286915823817253
969.0,971.0,0.002624232554808259,0.0069853076711297035,0.004739685915410519
970.0,972.0,0.0023468448780477047,0.011354846879839897,0.0010171234607696533
971.0,973.0,0.015505237504839897,0.00819610059261322,0.0018025729805231094
972.0,974.0,0.014662561938166618,0.0,0.0
973.0,975.0,0.01652703806757927,0.007614819332957268,0.00783868320286274
974.0,976.0,0.034457772970199585,0.0026913052424788475,0.009598925709724426
975.0,977.0,0.017522793263196945,0.0,0.0
976.0,978.0,0.010644374415278435,0.00573382806032896,0.0
977.0,979.0,0.020511891692876816,0.012149009853601456,0.007729289121925831
978.0,980.0,0.01731758378446102,0.005166321061551571,0.019105684012174606
979.0,981.0,0.017543792724609375,0.0037057597655802965,0.01815524511039257
980.0,982.0,0.021277595311403275,0.0,0.003717315848916769
981.0,983.0,0.018782813102006912,0.0,0.006573720369488001
982.0,984.0,0.023180238902568817,0.0024770847521722317,0.01720505580306053
983.0,985.0,0.020513225346803665,0.005577550269663334,0.013728102669119835
984.0,986.0,0.010197486728429794,0.013574087992310524,0.0031612878665328026
985.0,987.0,0.003728429786860943,0.020171508193016052,0.009652103297412395
986.0,988.0,0.0047668581828475,0.0,0.006176291033625603
987.0,989.0,0.02370457723736763,0.008554069325327873,0.02143963985145092
988.0,990.0,0.013525997288525105,0.01542400661855936,0.01888749748468399
989.0,991.0,0.00646109227091074,0.0,0.0016779359430074692
990.0,992.0,0.009581261314451694,0.0,0.0019014416029676795
991.0,993.0,0.005555865354835987,0.015299049206078053,0.012596175074577332
992.0,994.0,0.0,0.012384899891912937,0.0222533717751503
993.0,995.0,0.003666316159069538,0.009767569601535797,0.005376784130930901
994.0,996.0,0.012467564083635807,0.0017135811503976583,0.0
995.0,997.0,0.009924978017807007,0.014523964375257492,0.0
996.0,998.0,0.009135385975241661,0.013491181656718254,0.0005971835926175117
997.0,999.0,0.0067052459344267845,0.01316903531551361,0.0031193019822239876
998.0,1000.0,0.01608472503721714,0.009034724906086922,0.0041180504485964775
999.0,1001.0,0.014517568983137608,0.0,0.004127691499888897
1000.0,1002.0,0.010228974744677544,0.013848049566149712,0.010674907825887203
1001.0,1003.0,0.007025774568319321,0.0023683561012148857,0.005440098699182272
1002.0,1004.0,0.009539935737848282,0.003392418846487999,0.008468018844723701
1003.0,1005.0,0.010695020668208599,0.005478767678141594,0.005959687754511833
1004.0,1006.0,0.012649641372263432,0.0,0.007853731513023376
1005.0,1007.0,0.0002967144828289747,0.0,0.005185858346521854
1006.0,1008.0,0.0005115328240208328,0.0,0.004046788439154625
1007.0,1009.0,0.014871710911393166,0.004155495669692755,0.013276434503495693
1008.0,1010.0,0.010786574333906174,0.012552379630506039,0.01405983604490757
1009.0,1011.0,0.010126976296305656,3.085623029619455e-05,0.006304738111793995
1010.0,1012.0,0.010964283719658852,0.009072951972484589,0.008605469018220901
1011.0,1013.0,0.014671923592686653,0.000958611024543643,0.01439434103667736
1012.0,1014.0,0.0020298203453421593,0.005399125628173351,0.01385575719177723
1013.0,1015.0,0.0,0.004251135978847742,0.00897128228098154
1014.0,1016.0,0.0,0.006667900364845991,0.003597874892875552
1015.0,1017.0,0.0,0.0009873975068330765,0.0054931435734033585
1016.0,1018.0,0.014590935781598091,0.006551462225615978,0.009997141547501087
1017.0,1019.0,0.007989057339727879,0.0029939753003418446,0.0
1018.0,1020.0,0.005168283358216286,0.0037461575120687485,0.0
1019.0,1021.0,0.0104255061596632,0.0,0.008281758055090904
1020.0,1022.0,0.0208151675760746,0.006409060209989548,0.008446057327091694
1021.0,1023.0,0.010026955977082253,0.005587746389210224,0.0
1022.0,1024.0,0.019018961116671562,0.0048939804546535015,0.0
1023.0,1025.0,0.010560098104178905,0.0028457113076001406,0.0
1024.0,1026.0,0.011522337794303894,0.0,0.0047563486732542515
1025.0,1027.0,0.014352507889270782,0.0,0.0037821969017386436
1026.0,1028.0,0.0077524008229374886,0.0,0.007619514130055904
1027.0,1029.0,0.010408828966319561,0.00691227987408638,0.017822638154029846
1028.0,1030.0,0.009988018311560154,0.0074476273730397224,0.017170719802379608
1029.0,1031.0,0.001940794289112091,0.0,0.011640775948762894
1030.0,1032.0,0.010088307783007622,0.0,0.008758695796132088
1031.0,1033.0,0.01026194542646408,0.0,0.0054420544765889645
1032.0,1034.0,0.009677070192992687,0.0,0.005001488141715527
1033.0,1035.0,0.0,0.012599756941199303,0.0003920583985745907
1034.0,1036.0,0.010824313387274742,0.014784980565309525,0.0023999097757041454
1035.0,1037.0,0.0174835417419672,0.0,0.00782092660665512
1036.0,1038.0,0.02137398160994053,0.0,0.006395224016159773
1037.0,1039.0,0.011274600401520729,0.0,0.0
1038.0,1040.0,0.0,0.0,0.0
1039.0,1041.0,0.009709736332297325,0.017386697232723236,0.0
1040.0,1042.0,0.018583249300718307,0.007987955585122108,0.009213182143867016
1041.0,1043.0,0.0017675412818789482,0.0,0.007283600978553295
1042.0,1044.0,0.022093236446380615,0.0,0.006539158057421446
1043.0,1045.0,0.02780742198228836,0.0,0.012951319105923176
1044.0,1046.0,0.0214610006660223,0.0,0.006176427938044071
1045.0,1047.0,0.015740899369120598,0.0008178441785275936,0.0
1046.0,1048.0,0.00012784358114004135,0.009330975823104382,9.993556886911392e-06
1047.0,1049.0,0.0,0.012246343307197094,0.0048845610581338406
1048.0,1050.0,0.004985381383448839,0.008885909803211689,0.01389872096478939
1049.0,1051.0,0.010625515133142471,0.0,0.007326527964323759
1050.0,1052.0,0.00886109471321106,0.0007255167001858354,0.01219956949353218
1051.0,1053.0,0.009660129435360432,0.0,0.011052988469600677
1052.0,1054.0,0.0,0.0,0.007359498180449009
1053.0,1055.0,0.01605779305100441,0.003515880089253187,0.010107108391821384
1054.0,1056.0,0.023388314992189407,0.008999916724860668,0.006727615371346474
1055.0,1057.0,0.013212673366069794,0.011910797096788883,0.004407973028719425
1056.0,1058.0,0.015574242919683456,0.0010398884769529104,0.00438619963824749
1057.0,1059.0,0.00923157949000597,0.002327837748453021,0.0009228270500898361
1058.0,1060.0,0.00784296914935112,0.021915815770626068,0.02383306995034218
1059.0,1061.0,0.013546771369874477,0.016890589147806168,0.024389509111642838
1060.0,1062.0,0.01204385794699192,0.008864138275384903,0.006446198094636202
1061.0,1063.0,0.007836399599909782,0.018052849918603897,0.019982626661658287
1062.0,1064.0,0.0,0.0006664535030722618,0.014032328501343727
1063.0,1065.0,0.00044587813317775726,0.007508481852710247,0.012859493494033813
1064.0,1066.0,0.0008848258294165134,0.016883183270692825,0.008417467586696148
1065.0,1067.0,0.006562354974448681,0.019993163645267487,0.010770042426884174
1066.0,1068.0,0.003605365753173828,0.0022874721325933933,0.0
1067.0,1069.0,0.007378186099231243,0.0,0.0
1068.0,1070.0,0.007112292107194662,0.0,0.0
1069.0,1071.0,0.0029290388338267803,0.005850235931575298,0.0
1070.0,1072.0,0.016504231840372086,0.017993375658988953,0.008961055427789688
1071.0,1073.0,0.017630405724048615,0.010395308025181293,0.003965109586715698
1072.0,1074.0,0.0061219180934131145,0.0,0.0
1073.0,1075.0,0.014737722463905811,0.0003292248584330082,0.007069803308695555
1074.0,1076.0,0.013494733721017838,0.0018022807780653238,0.006705506704747677
1075.0,1077.0,0.005329996347427368,0.0035842787474393845,0.0011112913489341736
1076.0,1078.0,0.015280761756002903,0.00789058767259121,0.0
1077.0,1079.0,0.02146906591951847,0.0,0.0020238258875906467
1078.0,1080.0,0.014176074415445328,0.005794452503323555,0.0008188094943761826
1079.0,1081.0,0.009515528567135334,0.0,0.0
1080.0,1082.0,0.010770376771688461,0.0,0.0
1081.0,1083.0,0.020863521844148636,0.0,0.00034622661769390106
1082.0,1084.0,0.007401539944112301,0.0,0.0
1083.0,1085.0,0.0010949787683784962,0.0,0.0073763784021139145
1084.0,1086.0,0.0,0.014777147211134434,0.0009697305504232645
1085.0,1087.0,0.009737502783536911,0.001692835008725524,0.01104038953781128
1086.0,1088.0,0.010268311947584152,0.0027162423357367516,0.014078213833272457
1087.0,1089.0,0.019809383898973465,0.0019682738929986954,0.01763385720551014
1088.0,1090.0,0.023484596982598305,0.0016919741174206138,0.009039253927767277
1089.0,1091.0,0.011167709715664387,0.005409481935203075,0.004449500702321529
1090.0,1092.0,0.009554171934723854,0.005552962888032198,0.003183624939993024
1091.0,1093.0,0.005656404420733452,0.0008945527952164412,0.0027466202154755592
1092.0,1094.0,0.0,0.0007768848445266485,0.003836361924186349
1093.0,1095.0,0.0,0.018131490796804428,0.005809159018099308
1094.0,1096.0,0.013097943738102913,0.007256057113409042,0.018907936289906502
1095.0,1097.0,0.016678931191563606,0.0,0.020432453602552414
1096.0,1098.0,0.009375134482979774,0.0035960813984274864,0.01409517414867878
1097.0,1099.0,0.010891098529100418,0.002729101339355111,0.003274292219430208
1098.0,1100.0,0.013668488711118698,0.009543042629957199,0.012509692460298538
1099.0,1101.0,0.0018933701794594526,0.0035042089875787497,0.00108433049172163
1100.0,1102.0,0.005467963870614767,0.0,0.011158708482980728
1101.0,1103.0,0.010926071554422379,0.0,0.009578588418662548
1102.0,1104.0,0.012110518291592598,0.008498633280396461,0.0
1103.0,1105.0,0.00944043044000864,0.01564163714647293,0.004006925504654646
1104.0,1106.0,0.0,0.014988159760832787,0.004801101051270962
1105.0,1107.0,0.016646727919578552,0.002068874193355441,0.01149679347872734
1106.0,1108.0,0.018670134246349335,0.002833474660292268,0.015911459922790527
1107.0,1109.0,0.00849226489663124,0.017427129670977592,0.008597741834819317
1108.0,1110.0,0.007397654000669718,0.01830025389790535,0.00903694611042738
1109.0,1111.0,0.017685947939753532,0.010603190399706364,0.01408050861209631
1110.0,1112.0,0.027370866388082504,0.013394784182310104,0.021251147612929344
1111.0,1113.0,0.009663883596658707,0.014771196991205215,0.01608472317457199
1112.0,1114.0,0.01166735589504242,0.001848465297371149,0.009558949619531631
1113.0,1115.0,0.017625991255044937,0.0,0.006908901035785675
1114.0,1116.0,0.022034965455532074,0.0,0.013239655643701553
1115.0,1117.0,0.01662789285182953,0.0007944921962916851,0.010974554345011711
1116.0,1118.0,0.0,0.0,0.0
1117.0,1119.0,0.005296680144965649,0.0,0.0
1118.0,1120.0,0.027234185487031937,0.0,0.006740538869053125
1119.0,1121.0,0.024977676570415497,0.009814858436584473,0.014833716675639153
1120.0,1122.0,0.014669101685285568,0.009477725252509117,0.012668130919337273
1121.0,1123.0,0.023298118263483047,0.007630451116710901,0.015340638346970081
1122.0,1124.0,0.026586730033159256,0.0010208701714873314,0.011517548933625221
1123.0,1125.0,0.013467108830809593,0.012119070626795292,0.024091552942991257
1124.0,1126.0,0.004379699006676674,0.01805863529443741,0.003262694925069809
1125.0,1127.0,0.006939089857041836,0.015686601400375366,0.0
1126.0,1128.0,0.019204992800951004,0.008850157260894775,0.012487964704632759
1127.0,1129.0,0.014310496859252453,0.0064703235402703285,0.016047559678554535
1128.0,1130.0,0.02198459580540657,0.004548182245343924,0.0006553027778863907
1129.0,1131.0,0.021229464560747147,0.012648590840399265,0.009475079365074635
1130.0,1132.0,0.021815979853272438,0.0264723002910614,0.0
1131.0,1133.0,0.019376693293452263,0.021641729399561882,0.0
1132.0,1134.0,0.009696077555418015,0.01615753397345543,0.003281382843852043
1133.0,1135.0,0.013472866266965866,0.010336272418498993,0.008503904566168785
1134.0,1136.0,0.01820119470357895,0.012830225750803947,0.0
1135.0,1137.0,0.015625715255737305,0.004633077420294285,0.0
1136.0,1138.0,0.0005764360539615154,0.0,0.0
1137.0,1139.0,0.003959668800234795,0.0,0.0
1138.0,1140.0,0.010802925564348698,0.0055545298382639885,0.0
1139.0,1141.0,0.013183391653001308,0.0,0.0006653210148215294
1140.0,1142.0,0.011813444085419178,0.0,0.0017658161232247949
1141.0,1143.0,0.013200916349887848,0.0,0.0
1142.0,1144.0,0.004209316335618496,0.002571146935224533,0.01250317133963108
1143.0,1145.0,0.002420049160718918,0.019233692437410355,0.003536743111908436
1144.0,1146.0,0.010477746836841106,0.0,0.009401116520166397
1145.0,1147.0,0.0,0.0,0.0
1146.0,1148.0,0.0,0.0,0.01896129548549652
1147.0,1149.0,0.004416961222887039,0.0006152370478957891,0.01713436283171177
1148.0,1150.0,0.0036589764058589935,0.0,0.007549280300736427
1149.0,1151.0,0.0,0.0,0.0032228739000856876
1150.0,1152.0,0.010258764028549194,0.0,0.004259935114532709
1151.0,1153.0,0.01364515908062458,0.0,0.007370983250439167
1152.0,1154.0,0.011210273951292038,0.00020036380738019943,0.013113302178680897
1153.0,1155.0,0.008932279422879219,0.0,0.007979687303304672
1154.0,1156.0,0.005837697070091963,0.0,0.003276501316577196
1155.0,1157.0,0.010886157862842083,0.0,0.0
1156.0,1158.0,0.010917696170508862,0.0,0.0041869329288601875
1157.0,1159.0,0.005614432971924543,0.011003905907273293,0.0
1158.0,1160.0,0.01660938747227192,0.010783132165670395,0.0
1159.0,1161.0,0.011497458443045616,0.0031031696125864983,0.006291723810136318
1160.0,1162.0,0.007513510994613171,0.0,0.0032503646798431873
1161.0,1163.0,0.003482394851744175,0.0,0.0
1162.0,1164.0,0.00449761375784874,0.0,0.0
1163.0,1165.0,0.013113530352711678,0.0,0.0
1164.0,1166.0,0.020235668867826462,0.0,0.0008059630054049194
1165.0,1167.0,0.005834382027387619,0.004602866247296333,0.005074252840131521
1166.0,1168.0,0.0,0.0,0.0
1167.0,1169.0,0.0,0.0,0.0
1168.0,1170.0,0.0032914995681494474,0.0,0.0004918960621580482
1169.0,1171.0,0.004668533336371183,0.0,0.004748471546918154
1170.0,1172.0,0.0,0.013682518154382706,0.004806158132851124
1171.0,1173.0,0.0013884985819458961,0.016061931848526,0.013402004726231098
1172.0,1174.0,0.00854770839214325,0.008671790361404419,0.017888052389025688
1173.0,1175.0,0.011152899824082851,0.007952768355607986,0.016060318797826767
1174.0,1176.0,0.00877016969025135,0.021518632769584656,0.007422180846333504
1175.0,1177.0,0.011624637991189957,0.0178123377263546,0.012881661765277386
1176.0,1178.0,0.01709357090294361,0.020231589674949646,0.004078724421560764
1177.0,1179.0,0.03090808354318142,0.015027491375803947,0.022507883608341217
1178.0,1180.0,0.0,0.02275368943810463,0.009430666454136372
1179.0,1181.0,0.012739526107907295,0.01870916038751602,0.011761056259274483
1180.0,1182.0,0.005580257624387741,0.0007637920789420605,0.013762297108769417
1181.0,1183.0,0.008630745112895966,0.00512721249833703,0.009922295808792114
1182.0,1184.0,0.009471466764807701,0.010765394195914268,0.003058119211345911
1183.0,1185.0,0.010940184816718102,0.008524158038198948,0.010993361473083496
1184.0,1186.0,0.008377864956855774,0.017816152423620224,0.01250617764890194
1185.0,1187.0,0.013125255703926086,0.0030568698421120644,0.0
1186.0,1188.0,0.016607798635959625,0.00047112954780459404,0.014005474746227264
1187.0,1189.0,0.013929704204201698,0.017739899456501007,0.010519168339669704
1188.0,1190.0,0.008356932550668716,0.0,0.0
1189.0,1191.0,0.009672691114246845,0.0027036976534873247,0.008349912241101265
1190.0,1192.0,0.009066644124686718,0.012493062764406204,0.022908542305231094
1191.0,1193.0,0.011646745726466179,0.009991728700697422,0.0162154883146286
1192.0,1194.0,0.0180811770260334,0.013911677524447441,0.007478953804820776
1193.0,1195.0,0.010824423283338547,0.008428161963820457,0.005400223191827536
1194.0,1196.0,0.005337784998118877,0.012475835159420967,0.00599219836294651
1195.0,1197.0,0.012287992984056473,0.001138455467298627,0.0
1196.0,1198.0,0.020840156823396683,0.003552798880264163,0.003897204529494047
1197.0,1199.0,0.0007005241932347417,0.0037575801834464073,0.009520014747977257
1198.0,1200.0,0.0,0.003550252877175808,0.009075918234884739
1199.0,1201.0,0.011325747705996037,0.01474058348685503,0.01922670379281044
1200.0,1202.0,0.012995855882763863,0.026059921830892563,0.025375310331583023
1201.0,1203.0,0.01417854055762291,0.017513487488031387,0.01561418455094099
1202.0,1204.0,0.009621920064091682,0.012959416024386883,0.006658315658569336
1203.0,1205.0,0.0017718847375363111,0.010106212459504604,0.0068550813011825085
1204.0,1206.0,0.0062274751253426075,0.010439053177833557,0.00790779385715723
1205.0,1207.0,0.0,0.018711097538471222,0.01855465956032276
1206.0,1208.0,0.008646605536341667,0.015149641782045364,0.023111332207918167
1207.0,1209.0,0.027355695143342018,0.0,0.02542233094573021
1208.0,1210.0,0.029886703938245773,0.0,0.01773058995604515
1209.0,1211.0,0.0,0.02362056076526642,0.0015142904594540596
1210.0,1212.0,0.008952140808105469,0.0045082224532961845,0.007483434397727251
1211.0,1213.0,0.005615132860839367,0.015538636595010757,0.009434536099433899
1212.0,1214.0,0.019431084394454956,0.0,0.01568584330379963
1213.0,1215.0,0.009959464892745018,0.0,0.01705939508974552
1214.0,1216.0,0.006336151622235775,0.01393499132245779,0.02164728194475174
1215.0,1217.0,0.014249229803681374,0.01815134286880493,0.027722742408514023
1216.0,1218.0,0.01147596724331379,0.019548211246728897,0.01633395254611969
1217.0,1219.0,0.011984549462795258,0.006150456611067057,0.003399797948077321
1218.0,1220.0,0.02180436998605728,0.015415237285196781,0.019514134153723717
1219.0,1221.0,0.016972709447145462,0.00965008232742548,0.01653955690562725
1220.0,1222.0,0.014210376888513565,0.01403712760657072,0.004880248103290796
1221.0,1223.0,0.003592154709622264,0.02147321030497551,0.00096178671810776
1222.0,1224.0,0.020990533754229546,0.022411547601222992,0.004438913892954588
1223.0,1225.0,0.022644706070423126,0.01592184044420719,0.005400972440838814
1224.0,1226.0,0.014903156086802483,0.01603275164961815,0.011880448088049889
1225.0,1227.0,0.014202769845724106,0.0,0.014902077615261078
1226.0,1228.0,0.016561023890972137,0.0,0.01180524192750454
1227.0,1229.0,0.017232447862625122,0.0,0.0031320233829319477
1228.0,1230.0,0.009735829196870327,0.0,0.004053778480738401
1229.0,1231.0,0.015382005833089352,0.004954063333570957,0.006520725786685944
1230.0,1232.0,0.01570512354373932,0.003656824817880988,5.0372909754514694e-05
1231.0,1233.0,0.012959564104676247,0.006172456778585911,0.0028244322165846825
1232.0,1234.0,0.010896732099354267,0.0,0.005269469227641821
1233.0,1235.0,0.025304699316620827,0.000502649461850524,9.068148210644722e-05
1234.0,1236.0,0.020891284570097923,0.0,0.002994110807776451
1235.0,1237.0,0.014479115605354309,0.0,0.008680266328155994
1236.0,1238.0,0.025587014853954315,0.01059994101524353,0.013910281471908092
1237.0,1239.0,0.022339150309562683,0.013515392318367958,0.014750557020306587
1238.0,1240.0,0.025885552167892456,0.019841980189085007,0.011655560694634914
1239.0,1241.0,0.01805241033434868,0.007475004065781832,0.0023360857740044594
1240.0,1242.0,0.017988495528697968,0.0012836165260523558,0.00537517573684454
1241.0,1243.0,0.019511301070451736,0.009202557615935802,0.014257929287850857
1242.0,1244.0,0.019854504615068436,0.002730716485530138,0.014844532124698162
1243.0,1245.0,0.016770942136645317,0.0,0.005024257116019726
1244.0,1246.0,0.008721411228179932,0.006745022721588612,0.008686792105436325
1245.0,1247.0,0.016554467380046844,0.01210439670830965,0.012440992519259453
1246.0,1248.0,0.023208927363157272,0.014301035553216934,0.0095486119389534
1247.0,1249.0,0.005201505497097969,0.01437665056437254,0.006808983627706766
1248.0,1250.0,0.004164752084761858,0.02607174962759018,0.008432077243924141
1249.0,1251.0,0.01628967374563217,0.02400619350373745,0.004896155558526516
1250.0,1252.0,0.02443113550543785,0.0043500144965946674,0.01028471626341343
1251.0,1253.0,0.02404779940843582,0.00169214210473001,0.010412964038550854
1252.0,1254.0,0.024506358429789543,0.009463884867727757,0.015612130053341389
1253.0,1255.0,0.014990699477493763,0.010904577560722828,0.00734202703461051
1254.0,1256.0,0.02116318605840206,0.010749167762696743,0.009476273320615292
1255.0,1257.0,0.02572859451174736,0.007152356207370758,0.004765226040035486
1256.0,1258.0,0.03322526067495346,0.008499886840581894,0.0
1257.0,1259.0,0.031058823689818382,0.010375079698860645,0.007024149410426617
1258.0,1260.0,0.022374756634235382,0.010965567082166672,0.011862573213875294
1259.0,1261.0,0.009650899097323418,0.016238443553447723,0.012783665210008621
1260.0,1262.0,0.016189364716410637,0.0,0.0
1261.0,1263.0,0.01988026313483715,0.0,0.0
1262.0,1264.0,0.00846078060567379,0.0,0.0
1263.0,1265.0,0.004791684914380312,0.0,0.00015064096078276634
1264.0,1266.0,0.024522319436073303,0.0008767461404204369,0.00296231172978878
1265.0,1267.0,0.018549032509326935,0.012672191485762596,0.012500947341322899
1266.0,1268.0,0.011469650082290173,0.0,0.0
1267.0,1269.0,0.009045884944498539,0.0,0.001390316290780902
1268.0,1270.0,0.012622869573533535,0.007831724360585213,0.011856195516884327
1269.0,1271.0,0.0,0.010987764224410057,0.007377654314041138
1270.0,1272.0,0.0,0.015566831454634666,0.0
1271.0,1273.0,0.007867144420742989,0.024877730756998062,0.0003748326562345028
1272.0,1274.0,0.01822848804295063,0.010636596940457821,0.01135401800274849
1273.0,1275.0,0.01913292706012726,0.001071395818144083,0.01766108348965645
1274.0,1276.0,0.013035210780799389,0.0038596861995756626,0.014517760835587978
1275.0,1277.0,0.005801890045404434,0.007001020945608616,0.00916869007050991
1276.0,1278.0,0.003529332811012864,0.010746398940682411,0.005395290907472372
1277.0,1279.0,0.005736816208809614,0.009588118642568588,0.0
1278.0,1280.0,0.0066612111404538155,0.013420648872852325,0.0
1279.0,1281.0,0.020001571625471115,0.020431799814105034,0.010474318638443947
1280.0,1282.0,0.01905827969312668,0.01934751868247986,0.0128165353089571
1281.0,1283.0,0.011316153220832348,0.028814179822802544,0.010044478811323643
1282.0,1284.0,0.020165830850601196,0.014540741220116615,0.018086565658450127
1283.0,1285.0,0.024036265909671783,0.0,0.018184132874011993
1284.0,1286.0,0.020651280879974365,0.0,0.01372671127319336
1285.0,1287.0,0.024719640612602234,0.014860585331916809,0.01343129388988018
1286.0,1288.0,0.027791354805231094,0.0,0.010551566258072853
1287.0,1289.0,0.009706147946417332,0.0,0.0028344944585114717
1288.0,1290.0,0.014752574265003204,0.007250655442476273,0.007475367747247219
1289.0,1291.0,0.02481004409492016,0.0,0.005831605289131403
1290.0,1292.0,0.021322211250662804,0.0,0.0002846941351890564
1291.0,1293.0,0.03255317732691765,0.003604601603001356,0.0
1292.0,1294.0,0.023515380918979645,0.001527217449620366,0.0
1293.0,1295.0,0.011804455891251564,0.018316349014639854,0.0
1294.0,1296.0,0.008856387808918953,0.014562451280653477,0.0
1295.0,1297.0,0.013316494412720203,0.0,0.00019849627278745174
1296.0,1298.0,0.022263409569859505,0.0,0.001214066636748612
1297.0,1299.0,0.02124834805727005,0.00433310167863965,0.007879942655563354
1298.0,1300.0,0.01760958880186081,0.008655669167637825,8.847774006426334e-05
1299.0,1301.0,0.028862901031970978,0.012835090979933739,0.023164352402091026
1300.0,1302.0,0.030620837584137917,0.0021983261685818434,0.006739240605384111
1301.0,1303.0,0.02387213706970215,0.0,0.008300995454192162
1302.0,1304.0,0.016915658488869667,0.0,0.007174762897193432
1303.0,1305.0,0.009412805549800396,0.008464828133583069,0.00212080217897892
1304.0,1306.0,0.0180044062435627,0.0025550005957484245,0.0
1305.0,1307.0,0.0031466130167245865,0.004872994031757116,0.0
1306.0,1308.0,0.00715302862226963,0.006514880806207657,0.006811694707721472
1307.0,1309.0,0.012182896956801414,0.0025192154571413994,0.012805234640836716
1308.0,1310.0,0.010178590193390846,0.0,0.004695720970630646
1309.0,1311.0,0.009161501191556454,0.0045552439987659454,0.0043424032628536224
1310.0,1312.0,0.008651544339954853,0.004397868644446135,0.003911878913640976
1311.0,1313.0,0.0157236959785223,0.012594952248036861,0.00590045191347599
1312.0,1314.0,0.025902122259140015,0.006722434423863888,0.013482281938195229
1313.0,1315.0,0.018361855298280716,0.00680909538641572,0.01118469424545765
1314.0,1316.0,0.0026526052970439196,0.01835498958826065,0.0
1315.0,1317.0,0.007170265074819326,0.011967997997999191,0.0
1316.0,1318.0,0.0047808559611439705,0.0,0.013160180300474167
1317.0,1319.0,0.0,0.01122129987925291,0.0
1318.0,1320.0,0.015239698812365532,0.004228430800139904,0.023917971178889275
1319.0,1321.0,0.015141825191676617,0.014087100513279438,0.01806529238820076
1320.0,1322.0,0.020626990124583244,0.00991788785904646,0.008801634423434734
1321.0,1323.0,0.021830130368471146,0.006165544502437115,0.005240780767053366
1322.0,1324.0,0.011301837861537933,0.0004999337252229452,0.0
1323.0,1325.0,0.01527099683880806,0.013096224516630173,0.01097484864294529
1324.0,1326.0,0.015300852246582508,0.016785716637969017,0.012541387230157852
1325.0,1327.0,0.0015464319149032235,0.017280731350183487,0.003099829889833927
1326.0,1328.0,0.008755187503993511,0.00706848781555891,0.004173953551799059
1327.0,1329.0,0.01111533958464861,0.0,0.005465332418680191
1328.0,1330.0,0.018160436302423477,0.0069955182261765,0.0011982372961938381
1329.0,1331.0,0.01203823834657669,0.0,0.0
1330.0,1332.0,0.009659890085458755,0.006574830040335655,0.0
1331.0,1333.0,0.026883330196142197,0.014406745322048664,0.013993334956467152
1332.0,1334.0,0.025760866701602936,0.002315836027264595,0.010270310565829277
1333.0,1335.0,0.009394017979502678,0.011286851949989796,0.0
1334.0,1336.0,0.00859269592911005,0.02321596071124077,0.0
1335.0,1337.0,0.0076597342267632484,0.005734541453421116,0.00983168464154005
1336.0,1338.0,0.008366966620087624,0.0,0.010131703689694405
1337.0,1339.0,0.0,0.01579795591533184,0.014031706377863884
1338.0,1340.0,0.0,0.021459609270095825,0.022085148841142654
1339.0,1341.0,0.0,0.016207385808229446,0.01995067484676838
1340.0,1342.0,0.0,0.023481905460357666,0.015983914956450462
1341.0,1343.0,0.025753336027264595,0.008986156433820724,0.015919357538223267
1342.0,1344.0,0.01212332397699356,0.008239408023655415,0.002249846700578928
1343.0,1345.0,0.011555585078895092,0.015484031289815903,0.0
1344.0,1346.0,0.01946393959224224,0.007948741316795349,0.003590330947190523
1345.0,1347.0,0.0256354883313179,0.0,0.00845048762857914
1346.0,1348.0,0.008043324574828148,0.0,0.0
1347.0,1349.0,0.0033309664577245712,0.0,0.0
1348.0,1350.0,0.0,0.0027066883631050587,0.006784874480217695
1349.0,1351.0,0.0,0.01979587972164154,0.011114448308944702
1350.0,1352.0,0.012608121149241924,0.008058182895183563,0.0096305962651968
1351.0,1353.0,0.0090763159096241,0.0,0.006416684947907925
1352.0,1354.0,0.013169979676604271,0.012148338370025158,0.008900078944861889
1353.0,1355.0,0.021002352237701416,0.01641795039176941,0.011218814179301262
1354.0,1356.0,0.0333261676132679,0.000974742928519845,0.005178807303309441
1355.0,1357.0,0.01322223711758852,0.0,0.0002468372695147991
1356.0,1358.0,0.013000520877540112,0.0,0.004132380709052086
1357.0,1359.0,0.017605533823370934,0.0072547877207398415,0.017398517578840256
1358.0,1360.0,0.008450567722320557,0.0,0.0
1359.0,1361.0,0.0,0.010084254667162895,0.0
1360.0,1362.0,0.007083234842866659,0.0050551495514810085,0.0030610079411417246
1361.0,1363.0,0.00924726389348507,0.004658648744225502,0.006910534575581551
1362.0,1364.0,0.01427055336534977,0.013431587256491184,0.010579457506537437
1363.0,1365.0,0.019438311457633972,0.0,0.01698160544037819
1364.0,1366.0,0.009898759424686432,0.0,0.010030912235379219
1365.0,1367.0,0.005139921326190233,0.008928953669965267,0.01222155336290598
1366.0,1368.0,0.0,0.014631019905209541,0.011630142107605934
1367.0,1369.0,0.006267065182328224,0.009417609311640263,0.013752669095993042
1368.0,1370.0,0.007356530986726284,0.0051360768266022205,0.0019207532750442624
1369.0,1371.0,0.012320095673203468,0.0,0.016802001744508743
1370.0,1372.0,0.02292449027299881,0.01209802646189928,0.026479892432689667
1371.0,1373.0,0.012497981078922749,0.0,0.013141658157110214
1372.0,1374.0,0.020059270784258842,0.0,0.0
1373.0,1375.0,0.021587632596492767,0.0,0.0
1374.0,1376.0,0.009958687238395214,0.005697058979421854,0.007209179922938347
1375.0,1377.0,0.016277674585580826,0.017296791076660156,0.012908218428492546
1376.0,1378.0,0.011718248948454857,0.0034950922708958387,0.009135184809565544
1377.0,1379.0,0.03338296711444855,0.0,0.008865849114954472
1378.0,1380.0,0.028427083045244217,0.0,0.004599507432430983
1379.0,1381.0,0.00498673552647233,0.0,0.0007401183247566223
1380.0,1382.0,0.0,0.005357563961297274,0.010011427104473114
1381.0,1383.0,0.0,0.004411578178405762,0.00792621448636055
1382.0,1384.0,0.018010316416621208,0.007763510104268789,0.009836086072027683
1383.0,1385.0,0.017759375274181366,0.003439696040004492,0.00611231429502368
1384.0,1386.0,0.01854843646287918,0.0,0.0035223686136305332
1385.0,1387.0,0.012011684477329254,0.0,0.0008000119123607874
1386.0,1388.0,0.021008571609854698,0.0,0.005576970521360636
1387.0,1389.0,0.013379247859120369,0.0,0.0034743454307317734
1388.0,1390.0,0.019602986052632332,0.01125145424157381,0.0
1389.0,1391.0,0.0166290495544672,0.01774429902434349,0.014028966426849365
1390.0,1392.0,0.009083006531000137,0.016165466979146004,0.027834810316562653
1391.0,1393.0,0.015939807519316673,0.0051622153259813786,0.013493936508893967
1392.0,1394.0,0.0325876921415329,0.005403914954513311,0.010513144545257092
1393.0,1395.0,0.028784848749637604,0.0015552351251244545,0.011654678732156754
1394.0,1396.0,0.011201035231351852,0.0,0.001224367180839181
1395.0,1397.0,0.0183794517070055,0.00694703496992588,0.007892048917710781
1396.0,1398.0,0.007841268554329872,0.0033409493044018745,0.0017847097478806973
1397.0,1399.0,0.01067569199949503,0.0,0.0
1398.0,1400.0,0.014498673379421234,0.007687198929488659,0.0
1399.0,1401.0,0.015370611101388931,0.012488136067986488,0.0
1400.0,1402.0,0.021714605391025543,0.011551843956112862,0.011077415198087692
1401.0,1403.0,0.013981770724058151,0.007481467444449663,0.00997307151556015
1402.0,1404.0,0.01331876777112484,0.0025116391479969025,0.0111678596585989
1403.0,1405.0,0.02145819179713726,0.0,0.006842430215328932
1404.0,1406.0,0.019241906702518463,0.0,0.014469150453805923
1405.0,1407.0,0.0034506339579820633,0.0,0.0
1406.0,1408.0,0.012014256790280342,0.017953941598534584,0.0046720197424292564
1407.0,1409.0,0.013420652598142624,0.0035684038884937763,0.007429174147546291
1408.0,1410.0,0.00917262863367796,0.0,0.006638034246861935
1409.0,1411.0,0.00020089559257030487,0.027463234961032867,0.008163442835211754
1410.0,1412.0,0.013575752265751362,0.021657153964042664,0.0034571269061416388
1411.0,1413.0,0.022398822009563446,0.012402650900185108,0.015114333480596542
1412.0,1414.0,0.01734662614762783,0.011767287738621235,0.01849186234176159
1413.0,1415.0,0.017153222113847733,0.0053667048923671246,0.0033157241996377707
1414.0,1416.0,0.004816694185137749,0.0,0.001632142812013626
1415.0,1417.0,0.006970083341002464,0.0001868795370683074,0.00035858433693647385
1416.0,1418.0,0.004951277747750282,0.009769834578037262,0.0077620684169232845
1417.0,1419.0,0.006149938330054283,0.0,0.016177542507648468
1418.0,1420.0,0.0006836792454123497,0.013139663264155388,0.007969175465404987
1419.0,1421.0,0.0015112534165382385,0.0013076718896627426,0.009853428229689598
1420.0,1422.0,8.682732004672289e-05,0.0,0.01932181417942047
1421.0,1423.0,0.01018479373306036,0.005092288367450237,0.007464445661753416
1422.0,1424.0,0.001133596058934927,0.013100521638989449,0.0
1423.0,1425.0,0.006119411438703537,0.015828050673007965,0.0
1424.0,1426.0,0.0021960539743304253,0.0013352150563150644,0.01202704943716526
1425.0,1427.0,0.008029470220208168,0.005657766479998827,0.016305625438690186
1426.0,1428.0,0.0,0.0015439805574715137,0.006041510030627251
1427.0,1429.0,0.01006636954843998,0.018682237714529037,0.005715646781027317
1428.0,1430.0,0.0,0.012117882259190083,0.0
1429.0,1431.0,0.0,0.003340490162372589,0.0
1430.0,1432.0,0.007014593109488487,0.0038115009665489197,0.005207610782235861
1431.0,1433.0,0.012552514672279358,0.0,0.0033272607252001762
1432.0,1434.0,0.007076627109199762,0.00014189071953296661,0.0022457102313637733
1433.0,1435.0,0.011062629520893097,0.01597670279443264,0.0
1434.0,1436.0,0.021829281002283096,0.004525749012827873,0.0
1435.0,1437.0,0.003616983536630869,0.0,0.0
1436.0,1438.0,0.004035606514662504,0.0,0.0
1437.0,1439.0,2.2125430405139923e-05,0.0,0.0
1438.0,1440.0,0.0,0.0,0.0
1439.0,1441.0,0.011167023330926895,0.0,0.00024143047630786896
1440.0,1442.0,0.01850115694105625,0.0,0.0023450390435755253
1441.0,1443.0,0.01673262193799019,0.016707666218280792,0.010841627605259418
1442.0,1444.0,0.007227398455142975,0.012403076514601707,0.003351212479174137
1443.0,1445.0,0.0,0.0,0.0
1444.0,1446.0,0.0,0.0,0.0
1445.0,1447.0,0.007652058731764555,0.0,0.0
1446.0,1448.0,0.007475369609892368,0.0,0.0
1447.0,1449.0,0.01700509339570999,0.0,0.0
1448.0,1450.0,0.028581496328115463,0.0063498420640826225,0.0018217111937701702
1449.0,1451.0,0.015631696209311485,0.0,0.005788735579699278
1450.0,1452.0,0.0035224712919443846,0.006584785878658295,0.003065747208893299
1451.0,1453.0,0.013225432485342026,0.008601865731179714,0.001616780529730022
1452.0,1454.0,0.021275708451867104,0.0,0.0
1453.0,1455.0,0.016327448189258575,0.0,0.0
1454.0,1456.0,0.00399839598685503,0.0,0.0
1455.0,1457.0,0.004062306135892868,0.015667205676436424,0.004117876291275024
1456.0,1458.0,0.005511603318154812,0.012252871878445148,0.01032558549195528
1457.0,1459.0,0.010908927768468857,0.00929134339094162,0.01615067943930626
1458.0,1460.0,0.01698724925518036,0.0008579296991229057,0.009575366973876953
1459.0,1461.0,0.01241094060242176,0.0,0.003537439974024892
1460.0,1462.0,0.0,0.0027745438273996115,0.0
1461.0,1463.0,0.0,0.007818255573511124,0.0
1462.0,1464.0,0.0061235674656927586,0.014219039119780064,0.0
1463.0,1465.0,0.0,0.00305266585201025,0.00019253965001553297
1464.0,1466.0,0.004236888140439987,0.0,0.003785010427236557
1465.0,1467.0,0.0,0.0,0.0
1466.0,1468.0,0.0,0.006281070411205292,0.008591249585151672
1467.0,1469.0,0.016084063798189163,0.0019169468432664871,0.00801471434533596
1468.0,1470.0,0.004403491038829088,0.006606740411370993,0.012028401717543602
1469.0,1471.0,0.01019083708524704,0.0,0.011617125943303108
1470.0,1472.0,0.017442239448428154,0.0009202547371387482,0.01444258913397789
1471.0,1473.0,0.019224414601922035,0.0,0.0
1472.0,1474.0,0.022099724039435387,0.0,0.0042089903727173805
1473.0,1475.0,0.022900208830833435,0.0,0.00593437347561121
1474.0,1476.0,0.005476225633174181,0.0,0.009916514158248901
1475.0,1477.0,0.00374901806935668,0.008991830982267857,0.0
1476.0,1478.0,0.012933033518493176,0.016931235790252686,0.0
1477.0,1479.0,0.013675825670361519,0.017021585255861282,0.009234935976564884
1478.0,1480.0,0.023637905716896057,0.005473489873111248,0.013222812674939632
1479.0,1481.0,0.010813981294631958,0.0,0.0
1480.0,1482.0,0.010730301961302757,0.0,0.0
1481.0,1483.0,0.016742337495088577,0.003031773492693901,0.0
1482.0,1484.0,0.012171074748039246,0.00952406320720911,0.002822732785716653
1483.0,1485.0,0.004010159522294998,0.006410904694348574,0.0
1484.0,1486.0,0.0016650720499455929,0.0,0.0
1485.0,1487.0,0.0095886355265975,0.01450557541102171,0.006346079520881176
1486.0,1488.0,0.0,0.02341368794441223,0.014488328248262405
1487.0,1489.0,0.0,0.018073027953505516,0.004014806821942329
1488.0,1490.0,0.005598956719040871,0.0,0.0
1489.0,1491.0,0.02037767320871353,0.0,0.0
1490.0,1492.0,0.02606833726167679,0.0,0.0
1491.0,1493.0,0.01160629652440548,0.01824289560317993,0.0
1492.0,1494.0,0.009743285365402699,0.032303355634212494,0.015824656933546066
1493.0,1495.0,0.015795279294252396,0.0096503347158432,0.004683417268097401
1494.0,1496.0,0.009727085009217262,0.0,0.004318934865295887
1495.0,1497.0,0.01645430363714695,0.0,0.005544732790440321
1496.0,1498.0,0.025129666551947594,0.0,0.011474791914224625
1497.0,1499.0,0.02199329063296318,0.004627186805009842,0.007448948919773102
1498.0,1500.0,0.0280955471098423,0.0019732839427888393,0.003435789607465267
1499.0,1501.0,0.015432905405759811,0.004415305331349373,0.007084856275469065
1500.0,1502.0,0.011388711631298065,0.01996711827814579,0.0128305833786726
1501.0,1503.0,0.012239782139658928,0.0,0.005080515518784523
1502.0,1504.0,0.012813268229365349,0.0,0.0
1503.0,1505.0,0.01087825559079647,0.006298381369560957,0.010771210305392742
1504.0,1506.0,0.009953491389751434,0.016812216490507126,0.0023542025592178106
1505.0,1507.0,0.006019894964993,0.0,0.005016123875975609
1506.0,1508.0,0.00820841733366251,0.0032382095232605934,0.0007723465096205473
1507.0,1509.0,0.014277638867497444,0.00035968434531241655,0.0
1508.0,1510.0,0.017372258007526398,0.01170274056494236,0.014627689495682716
1509.0,1511.0,0.0006684372201561928,0.016964541748166084,0.0
1510.0,1512.0,0.009393803775310516,0.00463399151340127,0.0002439538948237896
1511.0,1513.0,0.010098418220877647,0.004677724093198776,0.0019797764252871275
1512.0,1514.0,0.00336368172429502,0.009247390553355217,0.0010681967251002789
1513.0,1515.0,0.009413039311766624,0.0,0.0
1514.0,1516.0,0.006106341723352671,0.0,0.0065917810425162315
1515.0,1517.0,0.007632240187376738,0.0,0.023169036954641342
1516.0,1518.0,0.01567232422530651,0.0,0.007946904748678207
1517.0,1519.0,0.020434051752090454,0.0,0.010050676763057709
1518.0,1520.0,0.010988925583660603,0.002334949094802141,0.015393955633044243
1519.0,1521.0,0.015312819741666317,0.0,0.0241733118891716
1520.0,1522.0,0.014795375987887383,0.0,0.02396789938211441
1521.0,1523.0,0.010941543616354465,0.0,0.015685677528381348
1522.0,1524.0,0.003301106858998537,0.0,0.008964716456830502
1523.0,1525.0,0.006948765367269516,0.00036626425571739674,0.012730337679386139
1524.0,1526.0,0.0070980992168188095,0.0037769200280308723,0.02365492656826973
1525.0,1527.0,0.0020713661797344685,0.0,0.0
1526.0,1528.0,0.0,0.006579660810530186,0.01930944249033928
1527.0,1529.0,0.008033201098442078,0.01645522192120552,0.024922959506511688
1528.0,1530.0,0.017177537083625793,0.0,0.01605015993118286
1529.0,1531.0,0.011775345541536808,0.0,0.014251653105020523
1530.0,1532.0,0.003811508882790804,0.0,0.014148079790174961
1531.0,1533.0,0.008432893082499504,0.0,0.003708100412040949
1532.0,1534.0,0.013421948999166489,0.0,0.0025841884780675173
1533.0,1535.0,0.001954230247065425,0.0,0.004927148576825857
1534.0,1536.0,0.01185519713908434,0.0,0.0002790912985801697
1535.0,1537.0,0.021024785935878754,0.0,0.004645360633730888
1536.0,1538.0,0.02318178489804268,0.0,6.291281897574663e-05
1537.0,1539.0,0.015001753345131874,0.0,0.008303111419081688
1538.0,1540.0,0.009793417528271675,0.002126238076016307,0.00858774408698082
1539.0,1541.0,0.011637469753623009,0.01024839747697115,0.0067716906778514385
1540.0,1542.0,0.00577847333624959,0.0,0.0
1541.0,1543.0,0.0276007242500782,0.001248723128810525,0.0
1542.0,1544.0,0.0404377356171608,0.016766831278800964,0.021993957459926605
1543.0,1545.0,0.0007372628897428513,0.009403906762599945,0.013633938506245613
1544.0,1546.0,0.016702570021152496,0.0,0.01519046165049076
1545.0,1547.0,0.01059547159820795,0.001480412669479847,0.023966223001480103
1546.0,1548.0,0.012372747994959354,0.009208766743540764,0.00567451911047101
1547.0,1549.0,0.01149692852050066,0.014974468387663364,0.011424717493355274
1548.0,1550.0,0.01816483959555626,0.007091365288943052,0.015233234502375126
1549.0,1551.0,0.02275199256837368,0.0012846598401665688,0.03031798079609871
1550.0,1552.0,0.00525241531431675,0.008713659830391407,0.015616107732057571
1551.0,1553.0,0.016988668590784073,9.876769036054611e-05,0.0037747547030448914
1552.0,1554.0,0.019462764263153076,0.010923430323600769,0.00300581194460392
1553.0,1555.0,0.026559539139270782,0.0077199432998895645,0.0011108936741948128
1554.0,1556.0,0.013139382936060429,0.0,0.0035527911968529224
1555.0,1557.0,0.001917706336826086,0.0005781818181276321,0.010203460231423378
1556.0,1558.0,0.013447558507323265,0.011909790337085724,0.016602279618382454
1557.0,1559.0,0.019757339730858803,0.00921983178704977,0.0059194667264819145
1558.0,1560.0,0.02037486433982849,0.006818633992224932,0.00875620823353529
1559.0,1561.0,0.03156541287899017,0.01748015359044075,0.0037271154578775167
1560.0,1562.0,0.020984673872590065,0.02895800583064556,0.0
1561.0,1563.0,0.030208194628357887,0.012715760618448257,0.017060253769159317
1562.0,1564.0,0.01731398142874241,0.0034092855639755726,0.01238217856734991
1563.0,1565.0,0.014223137870430946,0.009257637895643711,0.002544520189985633
1564.0,1566.0,0.02187534235417843,0.012574054300785065,0.02331644855439663
1565.0,1567.0,0.01438406202942133,0.017048023641109467,0.010842752642929554
1566.0,1568.0,0.015601581893861294,0.007542896084487438,0.01881936378777027
1567.0,1569.0,0.0026912521570920944,0.0,0.011528278701007366
1568.0,1570.0,0.0004983353428542614,0.0,0.00019288063049316406
1569.0,1571.0,0.0050735073164105415,0.008841626346111298,0.018752124160528183
1570.0,1572.0,0.009150724858045578,0.0,0.015794284641742706
1571.0,1573.0,0.003497389145195484,0.0,0.0
1572.0,1574.0,0.011353403329849243,0.0,0.0
1573.0,1575.0,0.02092093601822853,0.0,0.0027545690536499023
1574.0,1576.0,0.020337458699941635,0.0033432887867093086,0.007387020159512758
1575.0,1577.0,0.027958054095506668,0.006158915348351002,0.0032547255977988243
1576.0,1578.0,0.0115433344617486,0.002836391795426607,0.0
1577.0,1579.0,0.012679148465394974,0.001541337464004755,0.00200660340487957
1578.0,1580.0,0.01065763458609581,0.0,0.0
1579.0,1581.0,0.006870847661048174,0.0,0.0
1580.0,1582.0,0.00936122890561819,0.006773823872208595,0.0005161508452147245
1581.0,1583.0,0.021141406148672104,0.003760184394195676,0.004399975761771202
1582.0,1584.0,0.027562880888581276,0.010819301009178162,0.022725407034158707
1583.0,1585.0,0.010338744148612022,0.009426512755453587,0.009708515368402004
1584.0,1586.0,0.008093485608696938,0.0,0.005771791096776724
1585.0,1587.0,0.013290461152791977,0.007221884094178677,0.0031114378944039345
1586.0,1588.0,0.015134899877011776,0.03112746588885784,0.011257816106081009
1587.0,1589.0,0.001112648518756032,0.01452524121850729,0.007961970753967762
1588.0,1590.0,0.009885198436677456,0.0,0.014791068620979786
1589.0,1591.0,0.011844538152217865,0.002233965788036585,0.017786962911486626
1590.0,1592.0,0.009068185463547707,0.022462664172053337,0.01419062353670597
1591.0,1593.0,0.009039925411343575,0.026966065168380737,0.009834914468228817
1592.0,1594.0,0.01093360036611557,0.014132531359791756,0.003737018443644047
1593.0,1595.0,0.021664869040250778,0.02197129651904106,0.0
1594.0,1596.0,0.012594370171427727,0.02143840119242668,0.0
1595.0,1597.0,0.003242557868361473,0.0,0.00234737410210073
1596.0,1598.0,0.018203672021627426,0.00014675932470709085,0.008020916022360325
1597.0,1599.0,0.012272152118384838,0.00562701839953661,0.0012584038777276874
1598.0,1600.0,0.005922227632254362,0.006939837709069252,0.0
1599.0,1601.0,0.014226393774151802,0.008283480070531368,0.011076811701059341
1600.0,1602.0,0.014171486720442772,0.01088978536427021,0.0050030481070280075
1601.0,1603.0,0.007778651546686888,0.019231155514717102,0.0
1602.0,1604.0,0.005950850434601307,0.006989889778196812,0.0
1603.0,1605.0,0.005204022396355867,0.0038215003442019224,0.0
1604.0,1606.0,0.007692413404583931,0.005802655592560768,0.0
1605.0,1607.0,0.014401324093341827,0.0,0.0
1606.0,1608.0,0.005289549008011818,0.0,0.013640531338751316
1607.0,1609.0,0.0,0.0,0.013138145208358765
1608.0,1610.0,0.008513998240232468,0.013742498122155666,0.009083045646548271
1609.0,1611.0,0.007110227830708027,0.00036672037094831467,0.009102536365389824
1610.0,1612.0,0.018269535154104233,0.0,0.006452142260968685
1611.0,1613.0,0.01476232148706913,0.0,0.013804599642753601
1612.0,1614.0,0.01993664912879467,0.0021985932253301144,0.0032159006223082542
1613.0,1615.0,0.02718079648911953,0.0009212619625031948,0.0
1614.0,1616.0,0.01840220019221306,0.00034281983971595764,0.0
1615.0,1617.0,0.0066252704709768295,0.014615880325436592,0.0008483161218464375
1616.0,1618.0,0.011425329372286797,0.0,0.005735849030315876
1617.0,1619.0,0.022797666490077972,0.0,0.013119161128997803
1618.0,1620.0,0.025805270299315453,0.0,0.00864171702414751
1619.0,1621.0,0.012841843068599701,0.0,0.005077439360320568
1620.0,1622.0,0.0050697121769189835,0.01382878702133894,0.0
1621.0,1623.0,0.010299150831997395,0.0,0.0016476702876389027
1622.0,1624.0,0.023926008492708206,0.0,0.004928914364427328
1623.0,1625.0,0.014820534735918045,0.002109434688463807,0.008923804387450218
1624.0,1626.0,0.01100158505141735,0.0015267832204699516,0.013184638693928719
1625.0,1627.0,0.011864718049764633,0.0,0.01744179055094719
1626.0,1628.0,0.015048756264150143,0.001986508257687092,0.018765214830636978
1627.0,1629.0,0.014639662578701973,0.0004201838746666908,0.011380333453416824
1628.0,1630.0,0.007496376521885395,0.0008365634130313993,0.01351118367165327
1629.0,1631.0,0.0,0.010500836186110973,0.011368841864168644
1630.0,1632.0,0.010693949647247791,0.0,0.007208367343991995
1631.0,1633.0,0.012971092946827412,0.001598968869075179,0.011568231508135796
1632.0,1634.0,0.00928656104952097,0.0,0.008197003975510597
1633.0,1635.0,0.008235531859099865,0.0,0.013671530410647392
1634.0,1636.0,0.016631506383419037,0.005725271999835968,0.008963976055383682
1635.0,1637.0,0.021947041153907776,0.0,0.012921512126922607
1636.0,1638.0,0.0326988659799099,0.0,0.0029001280199736357
1637.0,1639.0,0.0208439864218235,0.0,0.0017019100487232208
1638.0,1640.0,0.011842206120491028,0.0018310239538550377,0.0
1639.0,1641.0,0.011185350827872753,0.0,0.006250558886677027
1640.0,1642.0,0.014101693406701088,0.0,0.006809060461819172
1641.0,1643.0,0.010840656235814095,0.0,0.004519930109381676
1642.0,1644.0,0.011158919893205166,0.0065760076977312565,0.013047829270362854
1643.0,1645.0,0.004735889378935099,0.017235735431313515,0.029755791649222374
1644.0,1646.0,0.008196443319320679,0.026910215616226196,0.029344160109758377
1645.0,1647.0,0.011859109625220299,0.0,0.011573657393455505
1646.0,1648.0,0.0022596092894673347,0.0,0.0
1647.0,1649.0,0.0,0.0,0.004692522808909416
1648.0,1650.0,0.0,0.0,0.008000999689102173
1649.0,1651.0,0.0,0.03511479124426842,0.0009658606722950935
1650.0,1652.0,0.0,0.03317657858133316,0.0
1651.0,1653.0,0.009293847717344761,0.004317888058722019,0.0020656168926507235
1652.0,1654.0,0.009948357939720154,0.0,0.004157006740570068
1653.0,1655.0,0.0,0.011171061545610428,0.0
1654.0,1656.0,0.0,0.012785851024091244,0.015696004033088684
1655.0,1657.0,0.0028733881190419197,0.019690342247486115,0.004971959628164768
1656.0,1658.0,0.006951462477445602,0.040297023952007294,0.02285134047269821
1657.0,1659.0,0.0,0.008709248155355453,0.008584752678871155
1658.0,1660.0,0.0,0.0011559901759028435,0.0020195634569972754
1659.0,1661.0,0.0,0.0,0.0018886823672801256
1660.0,1662.0,0.004337510094046593,0.0,0.0012317937798798084
1661.0,1663.0,0.0017262590117752552,0.0,0.0
1662.0,1664.0,0.0,0.0,0.003176990896463394
1663.0,1665.0,0.0,0.0,0.012913511134684086
1664.0,1666.0,0.003954893909394741,0.0,0.007918907329440117
1665.0,1667.0,0.00961366668343544,0.0,0.0032031130976974964
1666.0,1668.0,0.0034636789932847023,0.0,0.005022240802645683
1667.0,1669.0,0.005800087936222553,0.0,0.002469763159751892
1668.0,1670.0,0.002875102451071143,0.0,0.009765940718352795
1669.0,1671.0,0.007603637874126434,0.001362500712275505,0.0
1670.0,1672.0,0.0,0.005268358625471592,0.0
1671.0,1673.0,0.002156263217329979,0.006037796847522259,0.0
1672.0,1674.0,0.003363287076354027,0.0,0.0
1673.0,1675.0,0.0,0.0,0.0017699738964438438
1674.0,1676.0,0.004096808843314648,0.0011495747603476048,0.0028970888815820217
1675.0,1677.0,0.0,0.0,0.0
1676.0,1678.0,0.0,0.011301344260573387,0.0
1677.0,1679.0,0.0,0.01560631301254034,0.0
1678.0,1680.0,0.0,0.012040412984788418,0.0
1679.0,1681.0,0.0,0.008915064856410027,0.0023154334630817175
1680.0,1682.0,0.005574539303779602,0.0,0.00134856509976089
1681.0,1683.0,0.0,0.0,0.0
1682.0,1684.0,0.0,0.018022119998931885,0.007726879790425301
1683.0,1685.0,0.0,0.0003993231803178787,0.013566829264163971
1684.0,1686.0,0.0,0.002570071257650852,0.003588625229895115
1685.0,1687.0,0.0,0.013066133484244347,0.0
1686.0,1688.0,0.0,0.006751183420419693,0.0
1687.0,1689.0,0.001338503323495388,0.020712856203317642,0.01407282892614603
1688.0,1690.0,0.006822092924267054,0.020531270653009415,0.021589593961834908
1689.0,1691.0,0.00398919265717268,0.0127585893496871,0.004802565556019545
1690.0,1692.0,0.0,0.007369764149188995,0.0
1691.0,1693.0,0.0,0.021056070923805237,0.0
1692.0,1694.0,0.0,0.03509962931275368,0.011577115394175053
1693.0,1695.0,0.0,0.023306626826524734,0.014954493381083012
1694.0,1696.0,0.0,0.01314930897206068,0.0
1695.0,1697.0,0.021170036867260933,0.01153075322508812,0.025641296058893204
1696.0,1698.0,0.026910658925771713,0.01431223750114441,0.016618240624666214
1697.0,1699.0,0.017534684389829636,0.0,0.010646075010299683
1698.0,1700.0,0.005117698106914759,0.0,0.0
1699.0,1701.0,0.015045453794300556,0.0,0.0
1700.0,1702.0,0.014020493254065514,0.00014167651534080505,0.009020630270242691
1701.0,1703.0,0.0069931671023368835,0.013232843019068241,0.0
1702.0,1704.0,0.010796657763421535,0.01830003410577774,0.0018287200946360826
1703.0,1705.0,0.017193356528878212,0.007863695733249187,0.014972752891480923
1704.0,1706.0,0.01588413119316101,0.009266307577490807,0.013054043054580688
1705.0,1707.0,0.0117765162140131,0.0,0.010283492505550385
1706.0,1708.0,0.0038509080186486244,0.004068696405738592,0.0009995698928833008
1707.0,1709.0,0.01322818361222744,0.0004308347124606371,0.0
1708.0,1710.0,0.02090657874941826,0.0,0.0
1709.0,1711.0,0.0009284638799726963,0.0075400653295218945,0.0
1710.0,1712.0,0.0,0.020683057606220245,0.007616556715220213
1711.0,1713.0,0.024154186248779297,0.027283165603876114,0.015247281640768051
1712.0,1714.0,0.022833656519651413,0.015366579405963421,0.0055897836573421955
1713.0,1715.0,0.015941739082336426,0.020522290840744972,0.0046244338154792786
1714.0,1716.0,0.015502428635954857,0.01502375677227974,0.008598510175943375
1715.0,1717.0,0.008628315292298794,0.009318843483924866,0.004684559069573879
1716.0,1718.0,0.0015356200747191906,0.010943128727376461,0.004696955438703299
1717.0,1719.0,0.0,0.010175144299864769,0.006689735688269138
1718.0,1720.0,0.0,0.019414065405726433,0.005062122829258442
1719.0,1721.0,0.0015857573598623276,0.010915566235780716,0.0
1720.0,1722.0,0.002997291972860694,0.010758582502603531,0.003452538512647152
1721.0,1723.0,0.011753327213227749,7.550232112407684e-06,0.0020738672465085983
1722.0,1724.0,0.013736933469772339,0.00046661728993058205,0.0032130861654877663
1723.0,1725.0,0.019250325858592987,0.0009713852778077126,0.002969008404761553
1724.0,1726.0,0.019789639860391617,0.0,0.0
1725.0,1727.0,0.004387864377349615,0.0023108134046196938,0.009610269218683243
1726.0,1728.0,0.003656403161585331,0.0,0.019480105489492416
1727.0,1729.0,0.003440841333940625,0.006536293774843216,0.011452123522758484
1728.0,1730.0,0.006163460202515125,0.015543867833912373,0.0042926715686917305
1729.0,1731.0,0.010151483118534088,0.02070716582238674,0.0
1730.0,1732.0,0.0075823538936674595,0.019623130559921265,0.004708866588771343
1731.0,1733.0,0.0030261396896094084,0.011394617147743702,0.0036773295141756535
1732.0,1734.0,0.013660522177815437,0.005887581035494804,0.0
1733.0,1735.0,0.0058495355769991875,0.012084389105439186,0.0
1734.0,1736.0,0.0,0.01587277464568615,0.004259213805198669
1735.0,1737.0,0.004866457544267178,0.0055969348177313805,0.02828861214220524
1736.0,1738.0,0.02283422090113163,0.0,0.02538752183318138
1737.0,1739.0,0.024612780660390854,0.0,0.011880150064826012
1738.0,1740.0,0.011050361208617687,0.0009643445955589414,0.0
1739.0,1741.0,0.013743933290243149,0.009944435209035873,0.0006470633670687675
1740.0,1742.0,0.007394068408757448,0.0030183722265064716,0.0
1741.0,1743.0,0.005224576219916344,0.0034125391393899918,0.0
1742.0,1744.0,0.0,0.004359718412160873,0.003674568608403206
1743.0,1745.0,0.015020860359072685,0.00767360907047987,0.0
1744.0,1746.0,0.0176098570227623,0.0,0.0014836080372333527
1745.0,1747.0,0.016322840005159378,0.0,0.012145178392529488
1746.0,1748.0,0.014819755218923092,0.0,0.005519169382750988
1747.0,1749.0,0.014721247367560863,0.0,0.009994655847549438
1748.0,1750.0,0.005548190791159868,0.0,0.0012096308637410402
1749.0,1751.0,0.023362701758742332,0.006584049668163061,0.0027033272199332714
1750.0,1752.0,0.021381206810474396,0.020917905494570732,0.009333151392638683
1751.0,1753.0,0.0044802455231547356,0.018583668395876884,0.0
1752.0,1754.0,0.002533343154937029,0.00784100778400898,0.0
1753.0,1755.0,0.015014085918664932,0.0,0.0
1754.0,1756.0,0.017445635050535202,0.0,0.00451306626200676
1755.0,1757.0,0.004002236761152744,0.007006840780377388,0.011896300129592419
1756.0,1758.0,0.006474405527114868,0.0,0.0
1757.0,1759.0,0.013995666056871414,0.0,0.0
1758.0,1760.0,0.01826939731836319,0.0,0.0
1759.0,1761.0,0.011230772361159325,0.0,0.010648608207702637
1760.0,1762.0,0.002970627974718809,0.008544333279132843,0.019784744828939438
1761.0,1763.0,0.00716814212501049,0.012577331624925137,0.011527575552463531
1762.0,1764.0,0.01633966900408268,0.0,7.457449100911617e-05
1763.0,1765.0,0.017905663698911667,0.0,0.0
1764.0,1766.0,0.011729943566024303,0.0,0.00192256027366966
1765.0,1767.0,0.011906556785106659,0.018739376217126846,0.013090686872601509
1766.0,1768.0,0.013309446163475513,0.018523696810007095,0.015394866466522217
1767.0,1769.0,0.0027819578535854816,0.008501111529767513,0.009294332005083561
1768.0,1770.0,0.014866096898913383,0.007372656837105751,0.0
1769.0,1771.0,0.022422313690185547,0.008721839636564255,0.0
1770.0,1772.0,0.017529884353280067,0.015723668038845062,0.006959052756428719
1771.0,1773.0,0.010664336383342743,0.015676748007535934,0.0035464768297970295
1772.0,1774.0,0.016987944021821022,0.0,0.0
1773.0,1775.0,0.01651422120630741,0.0,0.0
1774.0,1776.0,0.006518903188407421,0.01138994935899973,0.0006372183561325073
1775.0,1777.0,0.0042783524841070175,0.00472500454634428,0.0
1776.0,1778.0,0.00741165317595005,0.0074089569970965385,0.005385909229516983
1777.0,1779.0,0.013392499648034573,0.00789042841643095,0.0
1778.0,1780.0,0.011424703523516655,0.0013596368953585625,0.0017575975507497787
1779.0,1781.0,0.015581265091896057,0.008566269651055336,0.011123128235340118
1780.0,1782.0,0.012178538367152214,0.012685585767030716,0.009314660914242268
1781.0,1783.0,0.015792183578014374,0.0,0.009656442329287529
1782.0,1784.0,0.018548239022493362,0.0,0.012263797223567963
1783.0,1785.0,0.015840815380215645,0.0,0.013590648770332336
1784.0,1786.0,0.005632183980196714,0.0,0.01223684661090374
1785.0,1787.0,0.01853916421532631,0.007401523180305958,0.0
1786.0,1788.0,0.003178670071065426,0.0018220203928649426,0.0038368371315300465
1787.0,1789.0,0.00352908531203866,0.0172946285456419,0.011546009220182896
1788.0,1790.0,0.0031563900411128998,0.023101970553398132,0.0
1789.0,1791.0,0.007088538724929094,0.017679214477539062,0.0030260239727795124
1790.0,1792.0,0.0015900619328022003,0.023514743894338608,0.01748308166861534
1791.0,1793.0,0.014786235988140106,0.009906720370054245,0.017124434933066368
1792.0,1794.0,0.0034882521722465754,0.024107573553919792,0.0075758518651127815
1793.0,1795.0,0.005066307261586189,0.0,0.012922757305204868
1794.0,1796.0,0.008779937401413918,0.0,0.002216446679085493
1795.0,1797.0,0.006266898009926081,0.0,0.00217641144990921
1796.0,1798.0,0.003979034721851349,0.0,0.0
1797.0,1799.0,0.004804146476089954,0.0,0.0
1798.0,1800.0,0.016796370968222618,0.0014906337019056082,0.00554229412227869
1799.0,1801.0,0.01924656331539154,0.001085931435227394,0.005435649771243334
1800.0,1802.0,0.01587843894958496,0.0,0.0049369907937943935
1801.0,1803.0,0.009443479590117931,0.0,0.0
1802.0,1804.0,0.007762965280562639,0.006130941212177277,0.0026396079920232296
1803.0,1805.0,0.017403345555067062,0.0,0.012053177691996098
1804.0,1806.0,0.022185035049915314,0.0,0.00773700512945652
1805.0,1807.0,0.017686881124973297,0.0,0.010355996899306774
1806.0,1808.0,0.003996632061898708,0.0003079082816839218,0.0014451481401920319
1807.0,1809.0,0.01946004293859005,0.007959537208080292,0.0036878911778330803
1808.0,1810.0,0.01885252445936203,0.0,0.0006856783293187618
1809.0,1811.0,0.0,0.0,0.007083198055624962
1810.0,1812.0,0.007761066779494286,0.0,0.022097017616033554
1811.0,1813.0,0.00963423028588295,0.009361403994262218,0.012087243609130383
1812.0,1814.0,0.006821098737418652,0.009384321048855782,0.0
1813.0,1815.0,0.006259450688958168,0.0010899975895881653,0.0
1814.0,1816.0,0.005862886551767588,0.0,0.014138899743556976
1815.0,1817.0,0.010798517614603043,0.0,0.014090257696807384
1816.0,1818.0,0.01054384559392929,0.0010115287732332945,0.007764101959764957
1817.0,1819.0,0.018454093486070633,0.0,0.004225609824061394
1818.0,1820.0,0.014142552390694618,0.01633920706808567,0.0012322207912802696
1819.0,1821.0,0.004464311990886927,0.004883406683802605,0.0
1820.0,1822.0,0.0074042705819010735,0.0,0.0
1821.0,1823.0,0.010565239004790783,0.0037293084897100925,0.002202381147071719
1822.0,1824.0,0.013547382317483425,0.003744370536878705,0.01286451518535614
1823.0,1825.0,0.017546918243169785,0.004460695665329695,0.008260680362582207
1824.0,1826.0,0.015446571633219719,0.002354084514081478,0.002861639717593789
1825.0,1827.0,0.02239203453063965,0.0,0.0
1826.0,1828.0,0.025418721139431,0.0,0.002083775820210576
1827.0,1829.0,0.015093056485056877,0.005491655319929123,0.0
1828.0,1830.0,0.003003569319844246,0.003907627426087856,0.004725815262645483
1829.0,1831.0,0.014604300260543823,0.010480240918695927,0.010971254669129848
1830.0,1832.0,0.013392123393714428,0.007611027918756008,0.008503410033881664
1831.0,1833.0,0.005256643518805504,0.0032711001113057137,0.006306733936071396
1832.0,1834.0,0.005351843778043985,0.0,0.003457619110122323
1833.0,1835.0,0.012608854100108147,0.0,0.009676415473222733
1834.0,1836.0,0.005328389350324869,0.010850226506590843,0.014818277209997177
1835.0,1837.0,0.0032953466288745403,0.0,0.014130881987512112
1836.0,1838.0,0.0034501180052757263,0.007561497390270233,0.011410092934966087
1837.0,1839.0,0.014138178899884224,0.0,0.010341744869947433
1838.0,1840.0,0.02007235214114189,0.0,0.010818670503795147
1839.0,1841.0,0.021141016855835915,0.0,0.007171066477894783
1840.0,1842.0,0.0,0.0,0.011425602249801159
1841.0,1843.0,0.0,0.0,0.00655088247731328
1842.0,1844.0,0.0,0.0,0.01887408457696438
1843.0,1845.0,0.005617495160549879,0.0,0.0038022371008992195
1844.0,1846.0,0.003071817569434643,0.0,0.0
1845.0,1847.0,0.012390604242682457,0.0,0.009999571368098259
1846.0,1848.0,0.006180820986628532,0.0,0.017697717994451523
1847.0,1849.0,0.010477563366293907,0.0,0.011795329861342907
1848.0,1850.0,0.006568215787410736,0.002171557629480958,0.01934139057993889
1849.0,1851.0,0.007786865346133709,0.0006382218562066555,0.013882208615541458
1850.0,1852.0,0.008716819807887077,0.0,0.0019545697141438723
1851.0,1853.0,0.012422991916537285,0.0135290352627635,0.007179833948612213
1852.0,1854.0,0.013188010081648827,0.012671527452766895,0.009547795169055462
1853.0,1855.0,0.0,0.005600593984127045,0.01146913506090641
1854.0,1856.0,0.0,0.0,0.0
1855.0,1857.0,0.003609154839068651,0.0,0.0
1856.0,1858.0,0.01465066708624363,0.0,0.0
1857.0,1859.0,0.015042861923575401,0.0,0.002384001621976495
1858.0,1860.0,0.009892682544887066,0.0034687789157032967,0.005439437925815582
1859.0,1861.0,0.023087969049811363,0.014018879272043705,0.0
1860.0,1862.0,0.021668294444680214,0.016033800318837166,0.0
1861.0,1863.0,0.025585606694221497,0.0,7.127074059098959e-05
1862.0,1864.0,0.022143330425024033,0.0,0.0
1863.0,1865.0,0.0014571184292435646,0.0,0.0010238579707220197
1864.0,1866.0,0.0,0.001746896654367447,0.0015754287596791983
1865.0,1867.0,0.008247108198702335,0.02701093629002571,0.0012420470593497157
1866.0,1868.0,0.01559936162084341,0.025736860930919647,0.007657969370484352
1867.0,1869.0,0.0035934639163315296,0.0338870994746685,0.0
1868.0,1870.0,0.0025681108236312866,0.023782148957252502,0.0
1869.0,1871.0,0.008508427999913692,0.019369803369045258,0.0
1870.0,1872.0,0.011151142418384552,0.010802250355482101,0.0
1871.0,1873.0,0.02526039443910122,0.004764997866004705,0.0
1872.0,1874.0,0.01906518265604973,0.01158120483160019,0.006837945431470871
1873.0,1875.0,0.013487636111676693,0.005544635467231274,0.00573391979560256
1874.0,1876.0,0.015459436923265457,0.0,0.0
1875.0,1877.0,0.013128457590937614,0.0,0.0
1876.0,1878.0,0.00997532345354557,0.0021597533486783504,0.0
1877.0,1879.0,0.016819795593619347,0.0021433429792523384,0.0
1878.0,1880.0,0.013403575867414474,0.0,0.0
1879.0,1881.0,0.01697542518377304,0.0,0.0
1880.0,1882.0,0.00878896564245224,0.0,0.003735463134944439
1881.0,1883.0,0.013960326090455055,0.0,0.007703733630478382
1882.0,1884.0,0.02974054589867592,0.0,0.0
1883.0,1885.0,0.010666964575648308,0.0020570927299559116,0.0
1884.0,1886.0,0.0,0.0037301136180758476,0.019866403192281723
1885.0,1887.0,0.017514336854219437,0.003389071673154831,0.009633837267756462
1886.0,1888.0,0.010424859821796417,0.0034779077395796776,0.002445334568619728
1887.0,1889.0,0.000951339490711689,0.012516195885837078,0.0008841214003041387
1888.0,1890.0,0.008064879104495049,0.017076464369893074,0.0
1889.0,1891.0,0.011565733700990677,0.010619689710438251,0.004124990198761225
1890.0,1892.0,0.01723429374396801,0.0,0.004677766002714634
1891.0,1893.0,0.0,0.0,0.006351599469780922
1892.0,1894.0,0.0033235703594982624,0.0,0.014450067654252052
1893.0,1895.0,0.0,0.010834871791303158,0.0030067884363234043
1894.0,1896.0,0.015247080475091934,0.001721192616969347,0.004118612036108971
1895.0,1897.0,0.008797939866781235,0.00380010181106627,0.010116691701114178
1896.0,1898.0,0.018017007037997246,0.007201967760920525,0.0
1897.0,1899.0,0.017001496627926826,0.0,0.0015787347219884396
1898.0,1900.0,0.020773792639374733,0.0,0.02471727691590786
1899.0,1901.0,0.002168392762541771,0.0,0.01512814685702324
1900.0,1902.0,0.0009963298216462135,0.00011331494897603989,0.015674250200390816
1901.0,1903.0,0.0005387626588344574,0.0,0.017715703696012497
1902.0,1904.0,0.006748465821146965,0.0,0.007101928815245628
1903.0,1905.0,0.012984508648514748,0.00392842385917902,0.01260922010987997
1904.0,1906.0,0.025364622473716736,0.0,0.006007874384522438
1905.0,1907.0,0.010577896609902382,0.0,0.004698675125837326
1906.0,1908.0,0.004899468272924423,0.0,0.0
1907.0,1909.0,0.01333495695143938,0.0,0.0
1908.0,1910.0,0.009609714150428772,0.0,0.0
1909.0,1911.0,0.0,0.0013594552874565125,0.0047486890107393265
1910.0,1912.0,0.0017496065702289343,0.012100247666239738,0.014681100845336914
1911.0,1913.0,0.0,0.0061352550983428955,0.012370292097330093
1912.0,1914.0,0.00265002460218966,0.013610083609819412,0.0
1913.0,1915.0,0.015076412819325924,0.0,0.016578610986471176
1914.0,1916.0,0.008928092196583748,0.0,0.005800748709589243
1915.0,1917.0,0.0006176568567752838,0.0,0.0
1916.0,1918.0,0.0,0.009821336716413498,0.005285044200718403
1917.0,1919.0,0.009888922795653343,0.00673078466206789,0.01431872509419918
1918.0,1920.0,0.006980882026255131,0.0,0.0038931872695684433
1919.0,1921.0,0.012538222596049309,0.0,0.0113151790574193
1920.0,1922.0,0.003421320579946041,0.001252186018973589,0.009518270380795002
1921.0,1923.0,0.0,0.008230727165937424,0.010780327953398228
1922.0,1924.0,0.0,0.016353793442249298,0.0028479162137955427
1923.0,1925.0,0.015490427613258362,0.013215490616858006,0.011194726452231407
1924.0,1926.0,0.009128104895353317,0.004053402692079544,0.011715653352439404
1925.0,1927.0,0.009675349108874798,0.0,0.0
1926.0,1928.0,0.008513020351529121,0.0,0.0
1927.0,1929.0,0.00868087075650692,0.014728687703609467,0.00904983002692461
1928.0,1930.0,0.01703888736665249,0.009618377313017845,0.003947378136217594
1929.0,1931.0,0.009388508275151253,0.005827298387885094,0.0004102035891264677
1930.0,1932.0,0.014949001371860504,0.004315268248319626,0.0059190308675169945
1931.0,1933.0,0.013468830846250057,0.0077414363622665405,0.015749000012874603
1932.0,1934.0,0.019025703892111778,0.014729129150509834,0.0
1933.0,1935.0,0.018020834773778915,0.0,0.007288224529474974
1934.0,1936.0,0.005296444054692984,0.0,0.0
1935.0,1937.0,0.0183241069316864,0.00038987211883068085,0.00011396221816539764
1936.0,1938.0,0.014439515769481659,0.008310899138450623,0.010834486223757267
1937.0,1939.0,0.0024406304582953453,0.0013051419518887997,0.007595214061439037
1938.0,1940.0,0.011935696005821228,0.0,0.018338067457079887
1939.0,1941.0,0.014479375444352627,0.005923677235841751,0.028061315417289734
1940.0,1942.0,0.0,0.0,0.005413273349404335
1941.0,1943.0,0.0,0.0,0.009180928580462933
1942.0,1944.0,0.005911460146307945,0.0,0.016498006880283356
1943.0,1945.0,0.0,0.0,0.0
1944.0,1946.0,0.0,0.009652148932218552,0.0
1945.0,1947.0,0.0,0.007340134587138891,0.006003609858453274
1946.0,1948.0,0.006173631176352501,0.0,0.012628097087144852
1947.0,1949.0,0.01576048880815506,0.0,0.012980134226381779
1948.0,1950.0,0.004036818165332079,0.0004655905067920685,0.010703669860959053
1949.0,1951.0,0.016574835404753685,0.004153870046138763,0.004430897068232298
1950.0,1952.0,0.0013967606937512755,0.0,0.007029633037745953
1951.0,1953.0,0.003275596536695957,0.0,0.0
1952.0,1954.0,0.01664488948881626,0.001528018619865179,0.004574304912239313
1953.0,1955.0,0.019718453288078308,0.007434305734932423,0.0
1954.0,1956.0,0.019354768097400665,0.00011622044257819653,0.008267908357083797
1955.0,1957.0,0.0240496639162302,0.0,0.012664394453167915
1956.0,1958.0,0.01634271629154682,0.0,0.0022861724719405174
1957.0,1959.0,0.02328079380095005,0.002163073979318142,0.008806250058114529
1958.0,1960.0,0.019374657422304153,0.0,0.009754800237715244
1959.0,1961.0,0.02306506037712097,0.0,0.01206038799136877
1960.0,1962.0,0.013416172936558723,0.0,0.009554494172334671
1961.0,1963.0,0.015253158286213875,0.01476326584815979,0.019429728388786316
1962.0,1964.0,0.0012101056054234505,0.01811949908733368,0.010051729157567024
1963.0,1965.0,0.0,0.03373131528496742,0.0
1964.0,1966.0,0.006608245894312859,0.030053073540329933,0.0167117677628994
1965.0,1967.0,0.010538967326283455,0.0035234857350587845,0.007813245058059692
1966.0,1968.0,0.014226969331502914,0.0012159720063209534,0.007527632638812065
1967.0,1969.0,0.017641639336943626,0.0,0.0015116729773581028
1968.0,1970.0,0.014625213108956814,0.0,0.0
1969.0,1971.0,0.011518968269228935,0.0,0.0
1970.0,1972.0,0.016381412744522095,0.017723213881254196,0.008501861244440079
1971.0,1973.0,0.02745612896978855,0.007613947615027428,0.0018726582638919353
1972.0,1974.0,0.02529824525117874,0.0,0.003810291178524494
1973.0,1975.0,0.011738734319806099,0.0010398225858807564,0.014695057645440102
1974.0,1976.0,0.0,0.021154161542654037,0.0
1975.0,1977.0,0.0006646336987614632,0.02171403542160988,0.010934974998235703
1976.0,1978.0,0.010182053782045841,0.005309057421982288,0.0018091830424964428
1977.0,1979.0,0.016748426482081413,0.0,0.0
1978.0,1980.0,0.004272542893886566,0.016193145886063576,0.017787443473935127
1979.0,1981.0,0.0,0.01862761750817299,0.003161677625030279
1980.0,1982.0,0.0,0.03309871628880501,0.001306324265897274
1981.0,1983.0,0.007547022309154272,0.016642089933156967,0.010311556980013847
1982.0,1984.0,0.005669639445841312,0.0,0.0061738393269479275
1983.0,1985.0,0.002700572833418846,0.010256657376885414,0.012793732807040215
1984.0,1986.0,0.004522379022091627,0.006617994047701359,0.0023538153618574142
1985.0,1987.0,0.014875759370625019,0.00396784208714962,0.004943770822137594
1986.0,1988.0,0.0,0.003978542983531952,0.01080962736159563
1987.0,1989.0,0.0,0.010277992114424706,0.013190229423344135
1988.0,1990.0,0.0004732678644359112,0.007532433141022921,0.012006038799881935
1989.0,1991.0,0.0,0.00552417803555727,0.00421164371073246
1990.0,1992.0,0.0,0.0,0.0007455768063664436
1991.0,1993.0,0.009825719520449638,0.0,0.0
1992.0,1994.0,0.013357268646359444,0.0,0.006101022474467754
1993.0,1995.0,0.011759818531572819,0.0031023628544062376,0.0045202141627669334
1994.0,1996.0,0.01081165112555027,0.01696047931909561,0.011920128017663956
1995.0,1997.0,0.01947752758860588,0.021782834082841873,0.015064340084791183
1996.0,1998.0,0.01648174785077572,0.017474893480539322,0.02993406169116497
1997.0,1999.0,0.014890633523464203,0.002576834987848997,0.00989899318665266
1998.0,2000.0,0.0117915328592062,0.0009596291929483414,0.000947530847042799
1999.0,2001.0,0.016066113486886024,0.006494262721389532,0.016207344830036163
2000.0,2002.0,0.0013918112963438034,0.007308824919164181,0.0092894546687603
2001.0,2003.0,0.014870744198560715,0.00035944837145507336,0.0017034029588103294
2002.0,2004.0,0.02037663944065571,0.00039748591370880604,0.005839335732161999
2003.0,2005.0,0.011205502785742283,0.007028913125395775,0.010024221614003181
2004.0,2006.0,0.001739300787448883,0.0,0.0
2005.0,2007.0,0.005705579183995724,0.0023612333461642265,0.0010450193658471107
2006.0,2008.0,0.008715389296412468,0.0033075804822146893,0.00408135075122118
2007.0,2009.0,0.008939355611801147,0.004654595162719488,0.01656249538064003
2008.0,2010.0,0.0018961532041430473,0.0009873381350189447,0.007227577269077301
2009.0,2011.0,0.002894950332120061,0.0013938588090240955,0.004594212397933006
2010.0,2012.0,0.016367007046937943,0.0,0.009744804352521896
2011.0,2013.0,0.014140625484287739,0.005583629943430424,0.005500038154423237
2012.0,2014.0,0.0199664905667305,0.0,0.004631993360817432
2013.0,2015.0,0.01191210001707077,0.0,0.0
2014.0,2016.0,0.002878462430089712,0.0,0.007519152481108904
2015.0,2017.0,0.0,0.014083593152463436,0.02495204471051693
2016.0,2018.0,0.0005843369290232658,0.01996685564517975,0.015619379468262196
2017.0,2019.0,0.0026763025671243668,0.0026462844107300043,0.01816922426223755
2018.0,2020.0,0.003153374418616295,0.006021094974130392,0.012242952361702919
2019.0,2021.0,0.0,0.004639724735170603,0.0
2020.0,2022.0,0.0008308361284434795,0.00978887639939785,0.003086228622123599
2021.0,2023.0,0.013884262181818485,0.0,0.00361787062138319
2022.0,2024.0,0.01382039487361908,0.0,0.0
2023.0,2025.0,0.014466687105596066,0.0,0.0
2024.0,2026.0,0.012140972539782524,0.0,0.004937037825584412
2025.0,2027.0,0.017671173438429832,0.010577807202935219,0.012536393478512764
2026.0,2028.0,0.004111992195248604,0.005284911021590233,0.008332868106663227
2027.0,2029.0,0.019715718924999237,0.025546999648213387,0.003265469567850232
2028.0,2030.0,0.02858862653374672,0.03044993430376053,0.0075440481305122375
2029.0,2031.0,0.021281979978084564,0.008543414063751698,0.012030068784952164
2030.0,2032.0,0.009069545194506645,0.005146282259374857,0.0038184456061571836
2031.0,2033.0,0.01378928404301405,0.0035654916428029537,0.0
2032.0,2034.0,0.009690364822745323,0.016477074474096298,0.00428526196628809
2033.0,2035.0,0.008278265595436096,0.020022010430693626,0.016055438667535782
2034.0,2036.0,0.015421370044350624,0.009871654212474823,0.016545334830880165
2035.0,2037.0,0.013069428503513336,0.014642337337136269,0.005472176242619753
2036.0,2038.0,0.011409882456064224,0.012004327960312366,0.007635662332177162
2037.0,2039.0,0.0,0.008794557303190231,0.009638743475079536
2038.0,2040.0,0.009502438828349113,0.02461078017950058,0.011572928167879581
2039.0,2041.0,0.01019643060863018,0.024262843653559685,0.029522988945245743
2040.0,2042.0,0.0,0.010392280295491219,0.011629383079707623
2041.0,2043.0,0.0,0.012617561966180801,0.004670430906116962
2042.0,2044.0,0.012803684920072556,0.00638967752456665,0.0038400867488235235
2043.0,2045.0,0.009342420846223831,0.02342699095606804,0.00031126057729125023
2044.0,2046.0,0.002376432064920664,0.01722962222993374,0.0
2045.0,2047.0,0.018273569643497467,0.012879814021289349,0.0
2046.0,2048.0,0.01771419681608677,0.005071762017905712,0.002664821222424507
2047.0,2049.0,0.022670747712254524,0.0,0.013541276566684246
2048.0,2050.0,0.024052465334534645,0.0,0.007465015631169081
2049.0,2051.0,0.012779591605067253,0.0,0.0
2050.0,2052.0,0.007060372270643711,0.0,0.00784757174551487
2051.0,2053.0,0.017505493015050888,0.010535748675465584,0.009564749896526337
2052.0,2054.0,0.010942604392766953,0.0016944622620940208,0.005922594573348761
2053.0,2055.0,0.006326232571154833,0.0,0.006851279642432928
2054.0,2056.0,0.0,0.01151001825928688,0.008193612098693848
2055.0,2057.0,0.0,0.0003135979641228914,0.002363296225667
2056.0,2058.0,0.0010032678255811334,0.010350048542022705,0.004485988058149815
2057.0,2059.0,0.0,0.01641194149851799,0.008304865099489689
2058.0,2060.0,0.0,0.021112969145178795,0.01630062609910965
2059.0,2061.0,0.004527358338236809,0.0,0.02927955985069275
2060.0,2062.0,0.021221131086349487,0.0,0.011322734877467155
2061.0,2063.0,0.028837766498327255,0.0,0.0
2062.0,2064.0,0.020204588770866394,0.0,0.0
2063.0,2065.0,0.011715794913470745,0.001406350638717413,0.006364240311086178
2064.0,2066.0,0.0012266070116311312,0.0,0.0
2065.0,2067.0,0.004077624529600143,0.0,0.0
2066.0,2068.0,0.009043877944350243,0.0,0.0032567493617534637
2067.0,2069.0,0.014417890459299088,0.0,0.00014768517576158047
2068.0,2070.0,0.018250251188874245,0.0,0.0
2069.0,2071.0,0.015295516699552536,0.003387674456462264,0.004214787855744362
2070.0,2072.0,0.01031490508466959,0.0,0.0
2071.0,2073.0,0.016147073358297348,0.009648080915212631,0.00807865895330906
2072.0,2074.0,0.017864815890789032,0.007944810204207897,0.003295452333986759
2073.0,2075.0,0.014330178499221802,0.008572585880756378,0.0024112467654049397
2074.0,2076.0,0.008786246180534363,0.004704520106315613,0.00653901556506753
2075.0,2077.0,0.007854689843952656,0.0009229965507984161,0.00016022101044654846
2076.0,2078.0,0.0,0.0036147907376289368,0.011434448882937431
2077.0,2079.0,0.002995177637785673,0.0059122489765286446,0.0
2078.0,2080.0,0.019628724083304405,0.0053639160469174385,0.0002780366921797395
2079.0,2081.0,0.0015699900686740875,0.011147602461278439,0.00721985287964344
2080.0,2082.0,0.0,0.021030373871326447,0.014300129376351833
2081.0,2083.0,0.0,0.016552157700061798,0.01604006066918373
2082.0,2084.0,0.0,0.008997196331620216,0.01301060151308775
2083.0,2085.0,0.0,0.007218423765152693,0.01661207526922226
2084.0,2086.0,0.007127310615032911,0.0,0.008735327050089836
2085.0,2087.0,0.009652056731283665,0.0,0.012991374358534813
2086.0,2088.0,0.015827354043722153,0.0,0.0032604937441647053
2087.0,2089.0,0.010645449161529541,0.005426423624157906,0.0018108859658241272
2088.0,2090.0,0.004720465280115604,0.008095866069197655,0.013153267093002796
2089.0,2091.0,0.0,0.01561390794813633,0.017733819782733917
2090.0,2092.0,0.0006582550704479218,0.010346776805818081,0.01517532765865326
2091.0,2093.0,0.0,0.0,0.007910411804914474
2092.0,2094.0,0.0022105942480266094,0.0033696088939905167,0.008286994881927967
2093.0,2095.0,0.01094852015376091,0.0067359344102442265,0.005042945966124535
2094.0,2096.0,0.019134653732180595,0.0012195641174912453,0.00040049722883850336
2095.0,2097.0,0.009026093408465385,0.0013111333828419447,0.014447313733398914
2096.0,2098.0,0.0,0.0,0.0004100189544260502
2097.0,2099.0,0.0023076781071722507,0.0,0.0014133702497929335
2098.0,2100.0,0.010722008533775806,0.0,0.0
2099.0,2101.0,0.011842728592455387,0.006876677740365267,0.0
2100.0,2102.0,0.023024141788482666,0.004414157476276159,0.0019142143428325653
2101.0,2103.0,0.014817647635936737,0.0,0.0
2102.0,2104.0,0.009603835642337799,0.0,0.0005701933987438679
2103.0,2105.0,0.0,0.011067083105444908,0.0011957150418311357
2104.0,2106.0,0.01728999987244606,0.011134892702102661,0.0009365688310936093
2105.0,2107.0,0.01676620915532112,0.001099898130632937,0.0
2106.0,2108.0,0.004245859570801258,0.0069850292056798935,0.0
2107.0,2109.0,0.003198862075805664,0.007474350742995739,0.003460138803347945
2108.0,2110.0,0.017110750079154968,0.0,0.0066593061201274395
2109.0,2111.0,0.02590041793882847,0.0,0.010974161326885223
2110.0,2112.0,0.02110368385910988,0.0,0.008094841614365578
2111.0,2113.0,0.0038280440494418144,0.0,0.003961457405239344
2112.0,2114.0,0.015892252326011658,0.0,0.001859779004007578
2113.0,2115.0,0.017268657684326172,0.0,0.004827162250876427
2114.0,2116.0,0.009562843479216099,0.0,0.007297590374946594
2115.0,2117.0,0.007719208020716906,0.0,0.011212346144020557
2116.0,2118.0,0.013835841789841652,0.0,0.012978941202163696
2117.0,2119.0,0.00783560797572136,0.0,0.0
2118.0,2120.0,0.0,8.998997509479523e-05,0.0038652056828141212
2119.0,2121.0,0.0,0.0,0.01909550465643406
2120.0,2122.0,0.001007984159514308,0.01907774992287159,0.018026437610387802
2121.0,2123.0,0.001988934352993965,0.0016254540532827377,0.01835002191364765
2122.0,2124.0,0.006154010072350502,0.0,0.005201378371566534
2123.0,2125.0,0.0,0.0,0.0
2124.0,2126.0,0.001711240503937006,0.0,0.009068614803254604
2125.0,2127.0,0.0,0.0,0.009652303531765938
2126.0,2128.0,0.0010536103509366512,0.02701231837272644,0.0
2127.0,2129.0,0.015247109346091747,0.00142257334664464,0.01728149875998497
2128.0,2130.0,0.02436874434351921,0.0,0.0020621451549232006
2129.0,2131.0,0.006293752230703831,0.0,0.003360858652740717
2130.0,2132.0,0.012983471155166626,0.0,0.008524147793650627
2131.0,2133.0,0.026528120040893555,0.0,0.00491385767236352
2132.0,2134.0,0.009892376139760017,0.0,0.0
2133.0,2135.0,0.012945184484124184,0.000777403824031353,0.0055292220786213875
2134.0,2136.0,0.011655131354928017,0.0,0.010642810724675655
2135.0,2137.0,0.012850471772253513,0.0,0.01088451687246561
2136.0,2138.0,0.012767104431986809,0.0,0.0008835319895297289
2137.0,2139.0,0.017932118847966194,0.0,0.017303384840488434
2138.0,2140.0,0.00955433864146471,0.0033077718690037727,0.006871609948575497
2139.0,2141.0,0.0,0.00983192678540945,0.008568585850298405
2140.0,2142.0,0.0048081339336931705,0.004148414824157953,0.014406700618565083
2141.0,2143.0,0.017689954489469528,0.0,0.015350177884101868
2142.0,2144.0,0.0184942577034235,0.0,0.0029762808699160814
2143.0,2145.0,0.011046376079320908,0.0,0.0002401141682639718
2144.0,2146.0,0.0,0.0006709499284625053,0.006831778213381767
2145.0,2147.0,0.0,0.0075360676273703575,0.005642517004162073
2146.0,2148.0,0.006522786803543568,0.0021958521101623774,0.0
2147.0,2149.0,0.013337941840291023,0.009625514969229698,0.0005767509574070573
2148.0,2150.0,0.010609821416437626,0.005322616081684828,0.010769284330308437
2149.0,2151.0,0.0012818698305636644,0.0,0.00999508984386921
2150.0,2152.0,0.010974058881402016,0.0,0.009455174207687378
2151.0,2153.0,0.01196184940636158,0.00040286174044013023,0.002159925177693367
2152.0,2154.0,0.009052770212292671,0.0011638235300779343,0.0007229815237224102
2153.0,2155.0,0.00785044115036726,0.0019149910658597946,0.0
2154.0,2156.0,0.01573323830962181,0.0,0.008735486306250095
2155.0,2157.0,0.016275331377983093,0.0,0.018595606088638306
2156.0,2158.0,0.014280813746154308,0.009966874495148659,0.01515109371393919
2157.0,2159.0,0.0,0.015007123351097107,0.008273006416857243
2158.0,2160.0,0.0050206538289785385,0.012004563584923744,0.01054169237613678
2159.0,2161.0,0.012201900593936443,0.01473155990242958,0.01639896258711815
2160.0,2162.0,0.014741253107786179,0.0010748283239081502,0.0
2161.0,2163.0,0.0013582170940935612,0.0,0.0
2162.0,2164.0,0.0003963178023695946,0.0,0.01046520285308361
2163.0,2165.0,0.0,0.0,0.0044139716774225235
2164.0,2166.0,0.0016867194790393114,0.006521953269839287,0.0
2165.0,2167.0,0.0021528154611587524,0.0,0.008212771266698837
2166.0,2168.0,0.014830194413661957,0.0,0.004388208966702223
2167.0,2169.0,0.017884019762277603,0.0,0.0
2168.0,2170.0,0.018684864044189453,0.0,0.0043915207497775555
2169.0,2171.0,0.014063067734241486,0.00826752558350563,0.014161759987473488
2170.0,2172.0,0.01003856211900711,0.012411306612193584,0.008475610986351967
2171.0,2173.0,0.008818257600069046,0.016355525702238083,0.020863190293312073
2172.0,2174.0,0.0239539947360754,0.0038069449365139008,0.018723325803875923
2173.0,2175.0,0.029083019122481346,0.003014126094058156,0.022486742585897446
2174.0,2176.0,0.0,0.002878960222005844,0.008660235442221165
2175.0,2177.0,0.02400997281074524,0.004710358567535877,0.005877967923879623
2176.0,2178.0,0.01740272529423237,0.0,0.0
2177.0,2179.0,0.008498873561620712,0.001093870960175991,0.0
2178.0,2180.0,0.0,0.004096047021448612,0.0
2179.0,2181.0,0.0037671986501663923,0.009289695881307125,0.014738896861672401
2180.0,2182.0,0.006547076161950827,0.012906445190310478,0.013030081056058407
2181.0,2183.0,0.0065634483471512794,0.0,0.0
2182.0,2184.0,0.020818473771214485,0.0,0.009105922654271126
2183.0,2185.0,0.027159113436937332,0.01123187504708767,0.002400235738605261
2184.0,2186.0,0.006283676251769066,0.00628021452575922,0.01582248881459236
2185.0,2187.0,0.0,0.006795784458518028,0.014009020291268826
2186.0,2188.0,0.00903212372213602,0.009067474864423275,0.022212408483028412
2187.0,2189.0,0.014289602637290955,0.0,0.013416679576039314
2188.0,2190.0,0.007051246240735054,0.0,0.0026050894521176815
2189.0,2191.0,0.0,0.005391906015574932,0.01113702543079853
2190.0,2192.0,0.0045851306058466434,0.0,0.0
2191.0,2193.0,0.00993853434920311,0.0,0.0032029454596340656
2192.0,2194.0,0.004119290970265865,0.005994885228574276,0.009253935888409615
2193.0,2195.0,0.0007476131431758404,0.0,0.015283996239304543
2194.0,2196.0,0.0,0.012704909779131413,0.012382778339087963
2195.0,2197.0,0.0005430704914033413,0.019615568220615387,0.005291934125125408
2196.0,2198.0,0.008836911991238594,0.00436704745516181,0.005215059034526348
2197.0,2199.0,0.001755387056618929,0.0,0.006949176080524921
2198.0,2200.0,0.003357843030244112,0.002106676809489727,0.0
2199.0,2201.0,0.01612728275358677,0.0005924203433096409,0.0026541980914771557
2200.0,2202.0,0.02607637830078602,0.0,0.007361875846982002
2201.0,2203.0,0.014781160280108452,0.0,0.0
2202.0,2204.0,0.020362265408039093,0.0,0.0
2203.0,2205.0,0.008065624162554741,0.0,0.0028392323292791843
2204.0,2206.0,0.000511509831994772,0.0,0.012083751149475574
2205.0,2207.0,0.0,0.01442839577794075,0.015557545237243176
2206.0,2208.0,0.0082330871373415,0.015946801751852036,0.00632723793387413
2207.0,2209.0,0.0,0.0,0.01660151779651642
2208.0,2210.0,0.0,0.0022219351958483458,0.021362237632274628
2209.0,2211.0,0.00974552147090435,0.005439392756670713,0.013462457805871964
2210.0,2212.0,0.0,0.02190544083714485,0.007140975445508957
2211.0,2213.0,0.0,0.01865433342754841,0.0058193388395011425
2212.0,2214.0,0.0001482359366491437,0.0,0.004416777286678553
2213.0,2215.0,0.008356984704732895,0.0,0.00716107152402401
2214.0,2216.0,0.014149914495646954,0.010977872647345066,0.017965011298656464
2215.0,2217.0,0.014203283935785294,0.005177000537514687,0.016483379527926445
2216.0,2218.0,0.007653735112398863,0.0,0.004499666392803192
2217.0,2219.0,0.008915442042052746,0.0016226018778979778,0.004271160811185837
2218.0,2220.0,0.0007555086631327868,0.0,0.005814709700644016
2219.0,2221.0,0.0,0.0,0.0
2220.0,2222.0,0.0,0.005270431283861399,0.002091586124151945
2221.0,2223.0,0.001679114648140967,0.0005674304557032883,0.009060956537723541
2222.0,2224.0,0.005647876765578985,0.004049977287650108,0.0026351595297455788
2223.0,2225.0,0.010183741338551044,0.0111234150826931,0.0011187971103936434
2224.0,2226.0,0.012802383862435818,0.005325721111148596,0.0
2225.0,2227.0,0.019863728433847427,0.0,0.004857759922742844
2226.0,2228.0,0.01427749264985323,0.00844047125428915,0.007949735037982464
2227.0,2229.0,0.013323340564966202,0.02048882469534874,0.00439093355089426
2228.0,2230.0,0.0,0.025821462273597717,0.011528420262038708
2229.0,2231.0,0.00550753902643919,0.007756675593554974,0.010812420397996902
2230.0,2232.0,0.008030997589230537,0.0,0.0
2231.0,2233.0,0.015572027303278446,0.0,0.003215743461623788
2232.0,2234.0,0.017634538933634758,0.0008663458283990622,0.0
2233.0,2235.0,0.013741077855229378,0.0,0.0
2234.0,2236.0,0.019776757806539536,0.0,0.007429405115544796
2235.0,2237.0,0.015279535204172134,0.0,0.0
2236.0,2238.0,0.013998154550790787,0.014035988599061966,0.011482389643788338
2237.0,2239.0,0.0006257974309846759,0.034021615982055664,0.0
2238.0,2240.0,0.0033040218986570835,0.005589086562395096,0.012480651959776878
2239.0,2241.0,0.008762314915657043,0.0,0.0
2240.0,2242.0,0.003159201703965664,0.0,0.0
2241.0,2243.0,0.014514068141579628,0.0,0.008831242099404335
2242.0,2244.0,0.011975519359111786,0.009676717221736908,0.015229606069624424
2243.0,2245.0,0.0018445360474288464,0.007755476515740156,0.0012848847545683384
2244.0,2246.0,0.0,0.004690231755375862,0.00020085321739315987
2245.0,2247.0,0.0013170908205211163,0.0,0.0
2246.0,2248.0,0.004582071676850319,0.0,0.0
2247.0,2249.0,0.00046411529183387756,0.0,0.0
2248.0,2250.0,0.0,0.0,0.0
2249.0,2251.0,0.0,0.0,0.0
2250.0,2252.0,0.0,0.0,0.002416884293779731
2251.0,2253.0,0.0,0.0,0.00803753174841404
2252.0,2254.0,0.0,0.0,0.0015345686115324497
2253.0,2255.0,0.0,0.0,0.005648640915751457
2254.0,2256.0,0.0007818243466317654,0.0,0.001477944664657116
2255.0,2257.0,0.0,8.992385119199753e-05,0.0
2256.0,2258.0,0.0,0.0,0.0
2257.0,2259.0,0.0009037484414875507,0.0024407836608588696,0.0
2258.0,2260.0,0.004851766396313906,0.0,0.0
2259.0,2261.0,0.0,0.007001880090683699,0.0
2260.0,2262.0,0.0,0.0,0.0
2261.0,2263.0,0.0,0.0,0.0
2262.0,2264.0,0.0,0.0,0.004410053603351116
2263.0,2265.0,0.003599401330575347,0.0,0.0
2264.0,2266.0,0.0075162965804338455,0.0,7.323920726776123e-05
2265.0,2267.0,0.00767316622659564,0.0,0.0
2266.0,2268.0,0.015027295798063278,0.0,0.0
2267.0,2269.0,0.0048024654388427734,0.0016174474731087685,0.007808929309248924
2268.0,2270.0,0.0,0.010203665122389793,0.00879648420959711
2269.0,2271.0,0.0,0.0,0.0018649785779416561
2270.0,2272.0,0.0,0.0,0.007021270226687193
2271.0,2273.0,0.0,0.0,0.010873601771891117
2272.0,2274.0,0.005283210892230272,0.019307522103190422,0.001882733777165413
2273.0,2275.0,0.0,0.005059657618403435,0.0
2274.0,2276.0,0.0,0.0,0.002556899795308709
2275.0,2277.0,0.009806892834603786,0.011274502612650394,0.02782680280506611
2276.0,2278.0,0.010006019845604897,0.006232635583728552,0.020400771871209145
2277.0,2279.0,0.0,0.025988677516579628,0.013046997599303722
2278.0,2280.0,0.011402658186852932,0.00906927976757288,0.01567039266228676
2279.0,2281.0,0.010696986690163612,0.005710616707801819,0.005740649066865444
2280.0,2282.0,0.008073877543210983,0.010241612792015076,0.0070623112842440605
2281.0,2283.0,0.0123362485319376,0.0,0.006406982894986868
2282.0,2284.0,0.00867534801363945,0.0017269165255129337,0.010198662057518959
2283.0,2285.0,0.0,0.019321326166391373,0.006537267938256264
2284.0,2286.0,0.0,0.026380762457847595,0.0065589058212935925
2285.0,2287.0,0.006671439856290817,0.01665682904422283,0.004601398017257452
2286.0,2288.0,0.014512889087200165,0.00940832868218422,0.009565112181007862
2287.0,2289.0,0.009171226993203163,0.009103842079639435,0.007641079369932413
2288.0,2290.0,0.0035269251093268394,0.0,0.009402886033058167
2289.0,2291.0,0.0067684766836464405,0.0,0.0007081455551087856
2290.0,2292.0,0.008007404394447803,0.0,0.0
2291.0,2293.0,0.005425194278359413,0.0,0.0
2292.0,2294.0,0.000513109378516674,0.0,0.0
2293.0,2295.0,0.006135587114840746,0.004747698549181223,0.00654578348621726
2294.0,2296.0,0.0041181473061442375,0.006286631338298321,0.012802133336663246
2295.0,2297.0,0.004425488878041506,0.011793825775384903,0.011291122063994408
2296.0,2298.0,0.0029321371112018824,0.0,0.007357495836913586
2297.0,2299.0,0.011168388649821281,0.001596989342942834,0.01221610140055418
2298.0,2300.0,0.0,0.015503390692174435,0.0131069365888834
2299.0,2301.0,0.0010608179727569222,0.01149340532720089,0.010716944932937622
2300.0,2302.0,0.020194673910737038,0.005897718947380781,0.0004575380589812994
2301.0,2303.0,0.02445036917924881,0.0,0.0
2302.0,2304.0,0.006860860623419285,0.0,0.00955994613468647
2303.0,2305.0,0.009376723319292068,0.0,0.015557881444692612
2304.0,2306.0,0.006207705475389957,0.0,0.009527664631605148
2305.0,2307.0,0.011097356677055359,0.0,0.010975099168717861
2306.0,2308.0,0.005888156592845917,0.006069227121770382,0.00781514123082161
2307.0,2309.0,0.005412165075540543,0.008877300657331944,0.0018981571774929762
2308.0,2310.0,0.013328121975064278,0.0,0.00016751838847994804
2309.0,2311.0,0.010243739001452923,0.0,0.008724510669708252
2310.0,2312.0,0.010096601210534573,0.0,0.0023297923617064953
2311.0,2313.0,0.010732075199484825,0.0,0.0
2312.0,2314.0,0.005536681041121483,0.013322824612259865,0.00352713605388999
2313.0,2315.0,0.0010759178549051285,0.02410726249217987,0.0008666585199534893
2314.0,2316.0,0.011175449006259441,0.018953297287225723,0.0025024572387337685
2315.0,2317.0,0.028176236897706985,0.0,0.0068120891228318214
2316.0,2318.0,0.010518732480704784,0.0,0.01022009365260601
2317.0,2319.0,0.002270950935781002,0.0031759217381477356,0.01777205616235733
2318.0,2320.0,0.0030208509415388107,0.010266817174851894,0.01651645638048649
2319.0,2321.0,0.003571729641407728,0.018759900704026222,0.0040197828784585
2320.0,2322.0,0.007174820173531771,0.01650308631360531,0.012784778140485287
2321.0,2323.0,0.016860757023096085,0.0035198749974370003,0.003579935058951378
2322.0,2324.0,0.017094004899263382,0.0016339970752596855,0.012303058058023453
2323.0,2325.0,0.021455688402056694,0.0,0.008534812368452549
2324.0,2326.0,0.019663508981466293,0.0,0.0
2325.0,2327.0,0.007611667737364769,0.003920404706150293,0.0
2326.0,2328.0,0.010594998486340046,0.0031627006828784943,0.018857495859265327
2327.0,2329.0,0.0038778081070631742,0.01668190211057663,0.00825810432434082
2328.0,2330.0,0.0018733763135969639,0.0021574217826128006,0.007253165356814861
2329.0,2331.0,0.017364736646413803,0.006773687899112701,0.0
2330.0,2332.0,0.011236526072025299,0.009136375971138477,0.0038043681997805834
2331.0,2333.0,0.011301688849925995,0.0038012468721717596,0.0012533022090792656
2332.0,2334.0,0.01577114872634411,0.010387107729911804,0.00878989789634943
2333.0,2335.0,0.01197434589266777,0.0004981597885489464,0.012995125725865364
2334.0,2336.0,0.014032484032213688,0.0,0.010782641358673573
2335.0,2337.0,0.008533958345651627,0.0031034715939313173,0.01369551382958889
2336.0,2338.0,0.006954530254006386,0.0,0.002372857416048646
2337.0,2339.0,0.0,0.017795145511627197,0.0033241447526961565
2338.0,2340.0,0.012844011187553406,0.009282260201871395,0.008239290677011013
2339.0,2341.0,0.019259853288531303,0.0003503561019897461,0.009086864069104195
2340.0,2342.0,0.01200105156749487,0.0,0.0037765554152429104
2341.0,2343.0,0.01264142245054245,0.0,0.0
2342.0,2344.0,0.004959098529070616,0.0,0.0
2343.0,2345.0,0.01389574445784092,0.004500482697039843,0.003669125959277153
2344.0,2346.0,0.021602708846330643,0.0,0.0
2345.0,2347.0,0.022160479798913002,0.0,0.0
2346.0,2348.0,0.02214439958333969,0.0,0.0
2347.0,2349.0,0.02004731446504593,0.0,0.0017688008956611156
2348.0,2350.0,0.017109597101807594,0.0,0.004603979643434286
2349.0,2351.0,0.01548030599951744,0.0,0.0
2350.0,2352.0,0.010040974244475365,0.0168968103826046,0.008739685639739037
2351.0,2353.0,0.006236577406525612,0.015462581068277359,0.007049498148262501
2352.0,2354.0,0.005966320633888245,0.011059416458010674,0.011649372056126595
2353.0,2355.0,0.001385972835123539,0.015618937090039253,0.011348919942975044
2354.0,2356.0,0.02739696018397808,0.0027726602274924517,0.0
2355.0,2357.0,0.03582749143242836,0.007484127301722765,0.012745869345963001
2356.0,2358.0,0.03030623309314251,0.014616330154240131,0.010726756416261196
2357.0,2359.0,0.012194614857435226,0.004297194536775351,0.0
2358.0,2360.0,0.00031458213925361633,0.0,0.0
2359.0,2361.0,0.012752226553857327,0.0,0.0
2360.0,2362.0,0.008267750963568687,0.0,0.0
2361.0,2363.0,0.013169420883059502,0.0,0.0
2362.0,2364.0,0.010130558162927628,0.0037225494161248207,0.010260457172989845
2363.0,2365.0,0.012930715456604958,0.008191324770450592,0.007646655663847923
2364.0,2366.0,0.012292667292058468,0.008677436038851738,0.0031701321713626385
2365.0,2367.0,0.021930117160081863,0.007642698008567095,0.00249044643715024
2366.0,2368.0,0.025309355929493904,0.010742696933448315,0.0
2367.0,2369.0,0.005659725517034531,0.0068036941811442375,0.006181810982525349
2368.0,2370.0,0.013533350080251694,0.011724408715963364,0.024914223700761795
2369.0,2371.0,0.0,0.007107282057404518,0.013815145008265972
2370.0,2372.0,0.016036342829465866,0.013944067060947418,0.015651322901248932
2371.0,2373.0,0.022959867492318153,0.009637615643441677,0.0013824142515659332
2372.0,2374.0,0.018459377810359,0.010230370797216892,0.009419385343790054
2373.0,2375.0,0.016723325476050377,0.01056385226547718,0.0059678019024431705
2374.0,2376.0,0.01946052722632885,0.011011228896677494,0.0017720634350553155
2375.0,2377.0,0.017178203910589218,0.005366279743611813,0.007856413722038269
2376.0,2378.0,0.01071624644100666,0.01430425327271223,0.013168093748390675
2377.0,2379.0,0.0038475338369607925,0.009206870570778847,0.018641233444213867
2378.0,2380.0,0.010421201586723328,0.0,0.014218183234333992
2379.0,2381.0,0.003551047295331955,0.0,0.0
2380.0,2382.0,0.0,0.0031352099031209946,0.0
2381.0,2383.0,0.004374794661998749,0.0025269915349781513,0.0032929321750998497
2382.0,2384.0,0.004625886213034391,0.002438295166939497,0.016788745298981667
2383.0,2385.0,0.0,0.022999364882707596,0.00632423534989357
2384.0,2386.0,0.013360108248889446,0.02145768702030182,0.00192347913980484
2385.0,2387.0,0.012129249051213264,0.028045475482940674,0.0
2386.0,2388.0,0.01793331280350685,0.017807111144065857,0.001382528804242611
2387.0,2389.0,0.0016719270497560501,0.023127514868974686,0.009881643578410149
2388.0,2390.0,0.015743348747491837,0.0,0.0
2389.0,2391.0,0.01622569002211094,0.0,0.010387388989329338
2390.0,2392.0,0.016971267759799957,0.0,0.0
2391.0,2393.0,0.012215772643685341,0.0,0.0
2392.0,2394.0,0.011520665138959885,0.0,0.0
2393.0,2395.0,0.00746945571154356,0.0,0.0013705069432035089
2394.0,2396.0,0.016571801155805588,0.0,0.0
2395.0,2397.0,0.014569279737770557,0.0,0.0
2396.0,2398.0,0.0,0.0,0.002095111645758152
2397.0,2399.0,0.0,0.0,0.0
2398.0,2400.0,0.005000866949558258,0.0,0.0012382203713059425
2399.0,2401.0,0.006298679858446121,0.0,0.0
2400.0,2402.0,0.00661895889788866,0.0,0.0
2401.0,2403.0,0.0,0.003710343735292554,0.0
2402.0,2404.0,0.007685552351176739,0.0,0.0
2403.0,2405.0,0.016286170110106468,0.0,0.0
2404.0,2406.0,0.015450635924935341,0.0,0.001242469297721982
2405.0,2407.0,0.017194142565131187,0.0031659062951803207,0.0020157028920948505
2406.0,2408.0,0.018257081508636475,0.0,0.002105735708028078
2407.0,2409.0,0.010929150506854057,0.0,0.00555064994841814
2408.0,2410.0,0.012796549126505852,0.0,0.0
2409.0,2411.0,0.018546296283602715,0.0,0.009578127413988113
2410.0,2412.0,0.016251305118203163,0.02468683570623398,0.014389230869710445
2411.0,2413.0,0.0,0.0,0.010943347588181496
2412.0,2414.0,0.0,0.00451327720656991,0.0
2413.0,2415.0,0.0,0.0038144635036587715,0.0
2414.0,2416.0,0.0,0.01427184883505106,0.0
2415.0,2417.0,0.012963098473846912,0.012274489738047123,0.012558743357658386
2416.0,2418.0,0.00984889268875122,0.01152217760682106,0.0
2417.0,2419.0,0.008168401196599007,0.004238267429172993,0.0
2418.0,2420.0,0.0023586421739310026,0.00902116484940052,0.0015446916222572327
2419.0,2421.0,0.00529618002474308,0.0,0.013536505401134491
2420.0,2422.0,0.01589364744722843,0.005900145974010229,0.01478420477360487
2421.0,2423.0,0.017939280718564987,0.007260700687766075,0.011234801262617111
2422.0,2424.0,0.02025165967643261,0.0074937064200639725,0.004653834272176027
2423.0,2425.0,0.014732172712683678,0.005001046694815159,0.003478608326986432
2424.0,2426.0,0.005713215097784996,0.01038886234164238,0.002578161656856537
2425.0,2427.0,0.0,0.02018304541707039,0.01425437442958355
2426.0,2428.0,0.006554475054144859,0.020363114774227142,0.012008614838123322
2427.0,2429.0,0.008901165798306465,0.003431956749409437,0.0
2428.0,2430.0,0.015392898581922054,0.0,0.0
2429.0,2431.0,0.02322429046034813,0.004234046209603548,0.0
2430.0,2432.0,0.008952314034104347,0.0,0.0
2431.0,2433.0,0.010445062071084976,0.0,0.001878685550764203
2432.0,2434.0,0.006167259998619556,0.008751749992370605,0.011222416535019875
2433.0,2435.0,0.0037938635796308517,0.0,0.01035024132579565
2434.0,2436.0,0.01754947379231453,0.004406546242535114,0.014877798035740852
2435.0,2437.0,0.015508226118981838,0.003397743683308363,0.013054554350674152
2436.0,2438.0,0.013109924271702766,0.007415319327265024,0.011988190934062004
2437.0,2439.0,0.01589033752679825,0.006349105853587389,0.009746103547513485
2438.0,2440.0,0.004808791447430849,0.018557997420430183,0.005070510320365429
2439.0,2441.0,0.006277323234826326,0.009570915251970291,0.0
2440.0,2442.0,0.0028932983987033367,0.0,0.0013287006877362728
2441.0,2443.0,0.011779576539993286,0.018253181129693985,0.0
2442.0,2444.0,0.017390111461281776,0.0074927485547959805,0.005975719075649977
2443.0,2445.0,0.03187565878033638,0.006107317749410868,0.005456184037029743
2444.0,2446.0,0.020109189674258232,0.0,0.0
2445.0,2447.0,0.008866279385983944,0.0,0.0
2446.0,2448.0,0.009546825662255287,0.005956030450761318,0.0
2447.0,2449.0,0.01788460649549961,0.004150925204157829,0.002422422170639038
2448.0,2450.0,0.022222716361284256,0.0,0.015716223046183586
2449.0,2451.0,0.016832273453474045,0.0009721419773995876,0.013173019513487816
2450.0,2452.0,0.012813153676688671,0.0,0.008609026670455933
2451.0,2453.0,0.009666425175964832,0.0,0.009045516140758991
2452.0,2454.0,0.0,0.008844667114317417,0.0
2453.0,2455.0,0.0033847163431346416,0.001888446044176817,0.0
2454.0,2456.0,0.007271341979503632,0.01307755708694458,0.023589102551341057
2455.0,2457.0,0.006611483637243509,0.01869833841919899,0.02284954860806465
2456.0,2458.0,0.015855858102440834,0.022720491513609886,0.006297016981989145
2457.0,2459.0,0.012604134157299995,0.012727040797472,0.0023850109428167343
2458.0,2460.0,0.00282836752012372,0.0021409501787275076,0.0033723488450050354
2459.0,2461.0,0.01944895088672638,0.0,0.009287520311772823
2460.0,2462.0,0.003677019849419594,0.0,0.0
2461.0,2463.0,0.009777679108083248,0.0,0.0
2462.0,2464.0,0.0025207893922924995,0.010162733495235443,0.006146950647234917
2463.0,2465.0,0.008672697469592094,0.013617847114801407,0.0
2464.0,2466.0,0.016347642987966537,0.01278319675475359,1.5484169125556946e-05
2465.0,2467.0,0.007872533984482288,0.00490692351013422,0.0
2466.0,2468.0,0.016169104725122452,0.000987268052995205,0.00892854854464531
2467.0,2469.0,0.009206565096974373,0.00585953239351511,0.011581074446439743
2468.0,2470.0,0.0015002887230366468,0.0,0.007022518198937178
2469.0,2471.0,0.012474596500396729,0.014761506579816341,0.010053539648652077
2470.0,2472.0,0.02115987241268158,0.016689378768205643,0.012317895889282227
2471.0,2473.0,0.0,0.0,0.0
2472.0,2474.0,0.013182710856199265,0.0,0.0
2473.0,2475.0,0.00233149784617126,0.003645096207037568,0.002773825079202652
2474.0,2476.0,0.0023318699095398188,0.0,0.0
2475.0,2477.0,0.01412293128669262,0.00267748418264091,0.002413845621049404
2476.0,2478.0,0.010712537914514542,0.0,0.006870388053357601
2477.0,2479.0,0.009093981236219406,0.0,0.003810242284089327
2478.0,2480.0,0.00864000990986824,0.0,0.0
2479.0,2481.0,0.021261857822537422,0.0,0.004216746427118778
2480.0,2482.0,0.016430707648396492,0.0076299188658595085,0.0020334022119641304
2481.0,2483.0,0.009501297026872635,0.011826269328594208,0.0
2482.0,2484.0,0.01496574841439724,0.0,0.0
2483.0,2485.0,0.011450523510575294,0.0,0.002254884922876954
2484.0,2486.0,0.019298993051052094,0.0,0.0
2485.0,2487.0,0.0018516536802053452,0.0,0.0
2486.0,2488.0,0.006058945320546627,0.0,0.0017261463217437267
2487.0,2489.0,0.008348759263753891,0.0,0.011551134288311005
2488.0,2490.0,0.003720283042639494,0.006458898540586233,0.002167508937418461
2489.0,2491.0,0.0,0.00956106185913086,0.0
2490.0,2492.0,0.004929273389279842,0.009250720962882042,0.001238184398971498
2491.0,2493.0,0.00043036509305238724,0.0,0.009899554774165154
2492.0,2494.0,0.0024348730221390724,0.007489417213946581,0.02435736171901226
2493.0,2495.0,0.012622383423149586,0.02136693149805069,0.029088499024510384
2494.0,2496.0,0.0013206005096435547,0.008419821970164776,0.00794372707605362
2495.0,2497.0,0.013064722530543804,0.0,0.0
2496.0,2498.0,0.0017374008893966675,0.0018223505467176437,0.000300341984257102
2497.0,2499.0,0.0,0.002955969888716936,0.0
2498.0,2500.0,0.0,0.014018123969435692,0.0
2499.0,2501.0,0.009277182631194592,0.011793946847319603,0.010292330756783485
2500.0,2502.0,0.006349904928356409,0.0012019152054563165,0.0003834108356386423
2501.0,2503.0,0.0010589121375232935,0.0,0.0
2502.0,2504.0,0.005327355116605759,0.0,0.0012513920664787292
2503.0,2505.0,0.003459762316197157,0.015091706067323685,0.0012596240267157555
2504.0,2506.0,0.008098057471215725,0.01549350842833519,0.005813872907310724
2505.0,2507.0,0.014962962828576565,0.0002191017847508192,0.009576540440320969
2506.0,2508.0,0.016608653590083122,0.0,0.005049423314630985
2507.0,2509.0,0.024864437058568,0.0,0.016639413312077522
2508.0,2510.0,0.020300468429923058,0.0,0.016358723863959312
2509.0,2511.0,0.007216702681034803,0.0,0.009173467755317688
2510.0,2512.0,0.004760023206472397,0.0006913188844919205,0.0062673152424395084
2511.0,2513.0,0.010177548974752426,0.0,0.0
2512.0,2514.0,0.009569289162755013,0.0,0.0
2513.0,2515.0,0.014156443998217583,0.0,0.0006829840131103992
2514.0,2516.0,0.023068323731422424,0.0,0.005256788805127144
2515.0,2517.0,0.030205320566892624,0.00036973413079977036,0.009857448749244213
2516.0,2518.0,0.020359426736831665,0.0011944880243390799,0.0
2517.0,2519.0,0.020360196009278297,0.0,0.0
2518.0,2520.0,0.018015626817941666,0.0,0.0
2519.0,2521.0,0.012764660641551018,0.0,0.001992885721847415
2520.0,2522.0,0.015744294971227646,0.0,0.010430673137307167
2521.0,2523.0,0.020560648292303085,0.0007474594749510288,0.008576505817472935
2522.0,2524.0,0.017419829964637756,0.007811360061168671,0.012383149936795235
2523.0,2525.0,0.0,0.0058336323127150536,0.0
2524.0,2526.0,0.01329866237938404,0.0,0.0
2525.0,2527.0,0.013333701528608799,0.004316396079957485,0.013129213824868202
2526.0,2528.0,0.008775453083217144,0.0005301677156239748,0.013663755729794502
2527.0,2529.0,0.01769370213150978,0.0,0.0
2528.0,2530.0,0.028759947046637535,0.003763623535633087,0.0
2529.0,2531.0,0.028229981660842896,0.011392707005143166,0.00620985496789217
2530.0,2532.0,0.017559632658958435,0.012189703062176704,0.01155866589397192
2531.0,2533.0,0.019546646624803543,0.00803975947201252,0.014022154733538628
2532.0,2534.0,0.023571759462356567,0.0005170605145394802,0.009918978437781334
2533.0,2535.0,0.022670604288578033,0.005617723800241947,0.007860090583562851
2534.0,2536.0,0.007539571262896061,0.010313328355550766,0.006650115363299847
2535.0,2537.0,0.0031972622964531183,0.005113568622618914,0.0022972463630139828
2536.0,2538.0,0.008704437874257565,0.0005310033448040485,0.0012963502667844296
2537.0,2539.0,0.012399014085531235,0.0,0.0
2538.0,2540.0,0.01465347595512867,0.005392091348767281,0.0009067961946129799
2539.0,2541.0,0.030607447028160095,0.00952448882162571,0.0014835735782980919
2540.0,2542.0,0.025990858674049377,0.004637868609279394,0.009562166407704353
2541.0,2543.0,0.017640575766563416,0.0007635472575202584,0.01818031817674637
2542.0,2544.0,0.01967078633606434,0.0,0.008459982462227345
2543.0,2545.0,0.012774500995874405,0.005370464641600847,0.01724885404109955
2544.0,2546.0,0.013842936605215073,0.0035517746582627296,0.0013939384371042252
2545.0,2547.0,0.012266267091035843,0.0,0.0011450834572315216
2546.0,2548.0,0.015323417261242867,0.002633857075124979,0.007092596963047981
2547.0,2549.0,0.010914015583693981,0.0,0.0041128708980977535
2548.0,2550.0,0.012555917724967003,0.0,0.004305343143641949
2549.0,2551.0,0.019537504762411118,0.0,0.007736682891845703
2550.0,2552.0,0.01882324367761612,0.0,0.0
2551.0,2553.0,0.01985226571559906,0.0,0.0
2552.0,2554.0,0.01704876869916916,0.0,0.0
2553.0,2555.0,0.010291984304785728,0.010813437402248383,0.00634588161483407
2554.0,2556.0,0.006463463418185711,0.007962299510836601,0.0
2555.0,2557.0,0.012096297927200794,0.0,0.00775414751842618
2556.0,2558.0,0.013035524636507034,0.0005174949765205383,0.006411440204828978
2557.0,2559.0,0.00297201843932271,0.0010442910715937614,0.002553259488195181
2558.0,2560.0,0.007693787571042776,0.007333564106374979,0.0002708840183913708
2559.0,2561.0,0.013551479205489159,0.008583594113588333,0.000867042108438909
2560.0,2562.0,0.01572805643081665,0.004749075975269079,0.0
2561.0,2563.0,0.015897274017333984,0.003321358235552907,0.0014691364485770464
2562.0,2564.0,0.013163411058485508,0.01855088397860527,0.010517463088035583
2563.0,2565.0,0.024150732904672623,0.008357230573892593,0.0013748637866228819
2564.0,2566.0,0.03113417699933052,0.0,0.002537979045882821
2565.0,2567.0,0.021979909390211105,0.0,0.0
2566.0,2568.0,0.011838988400995731,0.006333169527351856,0.0
2567.0,2569.0,0.007792205084115267,0.002246481366455555,0.0004993637558072805
2568.0,2570.0,0.019329406321048737,0.007150913588702679,0.002260848879814148
2569.0,2571.0,0.014791395515203476,0.010863354429602623,0.0016286917962133884
2570.0,2572.0,0.013514073565602303,0.005777527578175068,0.008483660407364368
2571.0,2573.0,0.0074422783218324184,0.0033608037047088146,0.004681622143834829
2572.0,2574.0,0.01020250003784895,0.007239172700792551,0.0011014780029654503
2573.0,2575.0,0.02443850412964821,0.00687162671238184,0.0013126025442034006
2574.0,2576.0,0.011495392769575119,0.000669883331283927,0.002452459651976824
2575.0,2577.0,0.0033785339910537004,0.008752071298658848,0.0013448381796479225
2576.0,2578.0,0.014208180829882622,0.006326249334961176,0.01459568738937378
2577.0,2579.0,0.01456344872713089,0.0002080064732581377,0.006327314302325249
2578.0,2580.0,0.004231254570186138,0.004959304817020893,0.0066103264689445496
2579.0,2581.0,0.0189433004707098,0.0,0.003096614498645067
2580.0,2582.0,0.02349570021033287,0.0,0.0011222450993955135
2581.0,2583.0,0.02445387654006481,0.009294786490499973,0.012146417051553726
2582.0,2584.0,0.02494465559720993,0.007796493358910084,0.009456822648644447
2583.0,2585.0,0.0118486899882555,0.013961542397737503,0.020883608609437943
2584.0,2586.0,0.012476328760385513,0.012303216382861137,0.027692990377545357
2585.0,2587.0,0.017129557207226753,0.005003123544156551,0.02250646986067295
2586.0,2588.0,0.01512524951249361,0.0,0.0
2587.0,2589.0,0.010522105731070042,0.0009972397238016129,0.001345386728644371
2588.0,2590.0,0.004992314614355564,0.004634923301637173,0.005909893661737442
2589.0,2591.0,0.0033381646499037743,0.0,0.0029725804924964905
2590.0,2592.0,0.0,0.0,0.004746104124933481
2591.0,2593.0,0.009509764611721039,0.0,0.005282934755086899
2592.0,2594.0,0.007395613007247448,0.0,0.009463522583246231
2593.0,2595.0,0.008664971217513084,0.0051550474017858505,0.004699514247477055
2594.0,2596.0,0.007128489203751087,0.00830375961959362,0.0
2595.0,2597.0,0.009812070056796074,0.00015074154362082481,0.009240448474884033
2596.0,2598.0,0.014431852847337723,0.0063009001314640045,0.02247321605682373
2597.0,2599.0,0.00504043884575367,0.014544423669576645,0.006500821560621262
2598.0,2600.0,0.004168731160461903,0.010138135403394699,0.005314395762979984
2599.0,2601.0,0.006778031121939421,0.008345052599906921,0.008327985182404518
2600.0,2602.0,0.006872459314763546,0.012575250118970871,0.01251327246427536
2601.0,2603.0,0.013342505320906639,0.003035333938896656,0.004620919935405254
2602.0,2604.0,0.013016238808631897,0.0,0.009240604937076569
2603.0,2605.0,0.006185600534081459,0.0,0.0009522587060928345
2604.0,2606.0,0.01513327844440937,0.0,0.0
2605.0,2607.0,0.013818569481372833,0.0,0.00712041649967432
2606.0,2608.0,0.0,0.0,0.0
2607.0,2609.0,0.0,0.0,0.005486617796123028
2608.0,2610.0,0.0055682724341750145,0.01496068388223648,0.01887219399213791
2609.0,2610.92,0.011702868156135082,0.020663466304540634,0.022373341023921967
2610.0,2610.92,0.01832764223217964,0.012732277624309063,0.028497304767370224
