start,end,arousal,valence,dominance
0.0,2.0,0.01694178581237793,0.0018238509073853493,0.006002461072057486
1.0,3.0,0.013211696408689022,0.0007832788396626711,0.006944906897842884
2.0,4.0,0.016428643837571144,0.0019447514787316322,0.0026275194250047207
3.0,5.0,0.00977273564785719,0.0,0.010174394585192204
4.0,6.0,0.005455783102661371,0.0,0.00582544133067131
5.0,7.0,0.008797802031040192,0.0,0.008490867912769318
6.0,8.0,0.01111569907516241,0.018917221575975418,0.008045418187975883
7.0,9.0,0.0,0.0006766985170543194,0.011037824675440788
8.0,10.0,0.0,0.0,0.012750200927257538
9.0,11.0,0.0,0.0,0.017223507165908813
10.0,12.0,0.006665962748229504,0.0,0.01675688661634922
11.0,13.0,0.0030174185521900654,0.0,0.011296000331640244
12.0,14.0,0.006275482010096312,0.006550073157995939,0.0042713056318461895
13.0,15.0,0.0011792653240263462,0.0,0.014409365132451057
14.0,16.0,0.013436513021588326,0.0,0.0
15.0,17.0,0.011914880014955997,0.0,0.004638898652046919
16.0,18.0,0.0,0.0,0.0
17.0,19.0,0.0,0.0,0.0
18.0,20.0,0.0,0.0,0.0
19.0,21.0,0.006955648772418499,0.0,0.005952690728008747
20.0,22.0,0.0,0.0,0.012578013353049755
21.0,23.0,0.0,0.0011326977983117104,0.008112158626317978
22.0,24.0,0.0,0.0,0.0
23.0,25.0,0.002602372318506241,0.0,2.1614134311676025e-05
24.0,26.0,0.0018549361266195774,0.0,0.018584102392196655
25.0,27.0,0.0016248158644884825,0.008185167796909809,0.010841717943549156
26.0,28.0,0.014222622849047184,0.0054970113560557365,0.015954099595546722
27.0,29.0,0.018107546493411064,0.009224381297826767,0.009398844093084335
28.0,30.0,0.03047325648367405,0.00728665292263031,0.00944771058857441
29.0,31.0,0.0363025888800621,0.01252743974328041,0.018262028694152832
30.0,32.0,0.01698559708893299,0.0,0.01397493202239275
31.0,33.0,0.02352474071085453,0.0,0.007112656719982624
32.0,34.0,0.009964942932128906,0.005100220441818237,0.011105028912425041
33.0,35.0,0.013744366355240345,0.0,0.008919255807995796
34.0,36.0,0.023231497034430504,0.0011807181872427464,0.01222686655819416
35.0,37.0,0.02609235793352127,0.006556898821145296,0.01848684623837471
36.0,38.0,0.01763194240629673,0.009961163625121117,0.026046276092529297
37.0,39.0,0.014919161796569824,0.019580215215682983,0.01791238971054554
38.0,40.0,0.017498962581157684,0.012548659928143024,0.014989465475082397
39.0,41.0,0.02307301014661789,0.004765392281115055,0.015224610455334187
40.0,42.0,0.019622448831796646,0.004337796010077,0.02083127573132515
41.0,43.0,0.0093168243765831,0.0023268265649676323,0.010764369741082191
42.0,44.0,0.013845343142747879,0.0050539057701826096,0.006560479290783405
43.0,45.0,0.007777659222483635,0.006654504686594009,0.010229356586933136
44.0,46.0,0.01162535697221756,0.003518562763929367,0.0
45.0,47.0,0.01771322637796402,0.0,0.014644507318735123
46.0,48.0,0.015353281982243061,0.003920131828635931,0.0260566845536232
47.0,49.0,0.004865524359047413,0.019887007772922516,0.02138378843665123
48.0,50.0,0.021914269775152206,0.016240909695625305,0.027252132073044777
49.0,51.0,0.03704545646905899,0.00347714452072978,0.025843707844614983
50.0,52.0,0.018128855153918266,0.004155537113547325,0.014303534291684628
51.0,53.0,0.018337242305278778,0.012622777372598648,0.012294979766011238
52.0,54.0,0.012629115022718906,0.0022731840144842863,0.005720602348446846
53.0,55.0,0.01848013699054718,0.002798941917717457,0.01328100636601448
54.0,56.0,0.021455872803926468,0.0,0.02024788036942482
55.0,57.0,0.01358468271791935,0.004131443332880735,0.01793287694454193
56.0,58.0,0.007289160043001175,0.013078643940389156,0.018460821360349655
57.0,59.0,0.02193545550107956,0.0,0.005812671966850758
58.0,60.0,0.02613009698688984,0.0,0.0050745694898068905
59.0,61.0,0.026993844658136368,0.015594356693327427,0.013648666441440582
60.0,62.0,0.02254582569003105,0.005919421557337046,0.011107348836958408
61.0,63.0,0.014773605391383171,0.004880669992417097,0.0
62.0,64.0,0.006607766728848219,0.004604339599609375,0.0007019946351647377
63.0,65.0,0.008699554949998856,0.009968421421945095,0.005587277002632618
64.0,66.0,0.007833263836801052,0.012079504318535328,0.012162290513515472
65.0,67.0,0.02098480984568596,0.0,0.0183916836977005
66.0,68.0,0.021866559982299805,0.0,0.010503994300961494
67.0,69.0,0.007115080486983061,0.0,0.002269952092319727
68.0,70.0,0.014183571562170982,0.0,0.013942539691925049
69.0,71.0,0.015523422509431839,0.0,0.0
70.0,72.0,0.014168789610266685,0.0,9.159790351986885e-05
71.0,73.0,0.011200059205293655,0.0,0.0
72.0,74.0,0.016914723441004753,0.003931600600481033,0.01372828520834446
73.0,75.0,0.013687243685126305,0.002119719283655286,0.010039053857326508
74.0,76.0,0.0179830901324749,0.012987594120204449,0.02432287111878395
75.0,77.0,0.007698126137256622,0.011803598143160343,0.0163729265332222
76.0,78.0,0.006394375115633011,0.0044768983498215675,0.008804049342870712
77.0,79.0,0.013378655537962914,0.01112394779920578,0.008506202138960361
78.0,80.0,0.018846463412046432,0.00018584821373224258,0.000383756123483181
79.0,81.0,0.019956359639763832,0.0,0.005722831469029188
80.0,82.0,0.02103373594582081,0.0006870280485600233,0.02722078189253807
81.0,83.0,0.01890869438648224,0.0,0.02097431756556034
82.0,84.0,0.023355815559625626,0.0,0.009009571745991707
83.0,85.0,0.023606078699231148,0.0,0.005048842169344425
84.0,86.0,0.013619338162243366,0.0070852236822247505,0.004972979426383972
85.0,87.0,0.023058516904711723,0.008628513664007187,0.004322944208979607
86.0,88.0,0.019429830834269524,0.00800993014127016,0.01035988237708807
87.0,89.0,0.00862665195018053,0.0,0.0023268815129995346
88.0,90.0,0.012663020752370358,0.004284813534468412,0.012157298624515533
89.0,91.0,0.01519495714455843,0.02216896042227745,0.012233086861670017
90.0,92.0,0.02523384988307953,0.009355439804494381,0.006256934721022844
91.0,93.0,0.02746090665459633,0.0005792661104351282,0.008179890923202038
92.0,94.0,0.018628068268299103,0.00038859876804053783,0.010664251632988453
93.0,95.0,0.014484676532447338,0.0,0.00728667713701725
94.0,96.0,0.016246119514107704,0.0,0.0029681972227990627
95.0,97.0,0.008697509765625,0.0,0.007711020763963461
96.0,98.0,0.0067129479721188545,0.0,0.009417182765901089
97.0,99.0,0.007611858658492565,0.0007783244363963604,0.009705990552902222
98.0,100.0,0.008958173915743828,0.01723722368478775,0.024782303720712662
99.0,101.0,0.01592317968606949,0.0028446437790989876,0.023004313930869102
100.0,102.0,0.0193096362054348,0.0034655663184821606,0.00843066442757845
101.0,103.0,0.017798814922571182,0.0,0.0
102.0,104.0,0.02563568204641342,0.008977859281003475,0.007116308435797691
103.0,105.0,0.03299352526664734,0.0,0.010497837327420712
104.0,106.0,0.020566049963235855,0.00039952434599399567,0.025726232677698135
105.0,107.0,0.008018165826797485,0.0,0.010894786566495895
106.0,108.0,0.01075546070933342,0.004910260904580355,0.01446937583386898
107.0,109.0,0.013418477028608322,0.0,0.004691204056143761
108.0,110.0,0.01284334622323513,0.0,0.0033697285689413548
109.0,111.0,0.014697506092488766,0.0,0.010898139327764511
110.0,112.0,0.022603731602430344,0.002378737088292837,0.0013589980080723763
111.0,113.0,0.026628974825143814,0.0,0.0
112.0,114.0,0.012210184708237648,0.0,0.007216368801891804
113.0,115.0,0.003954132553189993,0.005602067336440086,0.0
114.0,116.0,0.0,0.009216929785907269,0.0
115.0,117.0,0.006619355641305447,0.0,0.0
116.0,118.0,0.021116264164447784,0.011877695098519325,0.00503331096842885
117.0,119.0,0.025060024112462997,0.0012116020079702139,0.00997291598469019
118.0,120.0,0.015053458511829376,0.0,0.0032958555966615677
119.0,121.0,0.009407712146639824,0.0,0.004290377255529165
120.0,122.0,0.010442350059747696,0.005646295379847288,0.0024706232361495495
121.0,123.0,0.005735401995480061,0.028993600979447365,0.0022885380312800407
122.0,124.0,0.010859151370823383,0.018406307324767113,0.005364002659916878
123.0,125.0,0.014421066269278526,0.015752436593174934,0.0089851263910532
124.0,126.0,0.012032877653837204,0.018258657306432724,0.017939668148756027
125.0,127.0,0.0,0.0,0.0
126.0,128.0,0.0,0.0007264954037964344,0.0
127.0,129.0,0.008075918070971966,0.00729410769417882,0.0
128.0,130.0,0.028740424662828445,0.0013408665545284748,0.001321075134910643
129.0,131.0,0.025772901251912117,0.0019152318127453327,0.009064272977411747
130.0,132.0,0.02378241717815399,0.0,0.0
131.0,133.0,0.012107383459806442,0.007904710248112679,0.0
132.0,134.0,0.001407914562150836,0.004758728668093681,0.0017048416193574667
133.0,135.0,0.012552338652312756,0.0026077586226165295,0.0155731700360775
134.0,136.0,0.013284594751894474,0.007735683582723141,0.015606962144374847
135.0,137.0,0.012739800848066807,0.01172845158725977,0.00607487466186285
136.0,138.0,0.018178537487983704,0.007710365112870932,0.004286669660359621
137.0,139.0,0.019473614171147346,0.0,0.002040958497673273
138.0,140.0,0.008828707039356232,0.0,0.0
139.0,141.0,0.00827191211283207,0.0,0.006958713289350271
140.0,142.0,0.006728125270456076,0.0,0.0
141.0,143.0,0.00906774029135704,0.0,0.00818500854074955
142.0,144.0,0.007830928079783916,0.0,0.006971482187509537
143.0,145.0,0.006543457508087158,0.009426064789295197,0.014466197229921818
144.0,146.0,0.013250266201794147,0.0,0.001701519824564457
145.0,147.0,0.01761947199702263,0.0,0.0
146.0,148.0,0.02363995835185051,0.0018119591986760497,0.005431056953966618
147.0,149.0,0.027107391506433487,0.007716977968811989,0.012393069453537464
148.0,150.0,0.029197635129094124,0.00016532139852643013,0.013056562282145023
149.0,151.0,0.015050509944558144,0.0,0.0056492420844733715
150.0,152.0,0.020905381068587303,0.0,0.0069448575377464294
151.0,153.0,0.019436240196228027,0.0,0.007454817183315754
152.0,154.0,0.010335316881537437,0.0012653751764446497,0.014389289543032646
153.0,155.0,0.009851396083831787,0.008968682959675789,0.0064081549644470215
154.0,156.0,0.011217353865504265,0.008429828099906445,0.006348327733576298
155.0,157.0,0.024102551862597466,0.0012283902615308762,0.00061372562777251
156.0,158.0,0.03220520168542862,0.0,0.0
157.0,159.0,0.015643367543816566,0.0,0.003544651437550783
158.0,160.0,0.021155787631869316,0.0,0.005924405064433813
159.0,161.0,0.023863088339567184,0.003781556850299239,0.0018551754765212536
160.0,162.0,0.0075533208437263966,0.011523568071424961,0.0
161.0,163.0,0.0010188384912908077,0.004689694382250309,0.0007624342106282711
162.0,164.0,0.01499646995216608,0.0,0.018361829221248627
163.0,165.0,0.016296876594424248,0.0008451174944639206,0.0031595034524798393
164.0,166.0,0.015071786940097809,0.0,0.007223775610327721
165.0,167.0,0.01939484290778637,0.0,0.008077302016317844
166.0,168.0,0.009365493431687355,0.0,0.0
167.0,169.0,0.015007495880126953,0.003524346277117729,0.0
168.0,170.0,0.00981287844479084,0.0014585638418793678,0.0
169.0,171.0,0.019394835457205772,0.0031433813273906708,0.0
170.0,172.0,0.024682456627488136,0.0,0.005154344718903303
171.0,173.0,0.029020123183727264,0.0,0.007057256996631622
172.0,174.0,0.027518298476934433,0.0013084306847304106,0.019065294414758682
173.0,175.0,0.020060338079929352,0.024184677749872208,0.02709367498755455
174.0,176.0,0.015074252150952816,0.02141459286212921,0.01746051385998726
175.0,177.0,0.020606782287359238,0.01235908828675747,0.009768552146852016
176.0,178.0,0.011855147778987885,0.006787111517041922,0.0
177.0,179.0,0.0157695934176445,0.00569979939609766,0.00913339201360941
178.0,180.0,0.011698855087161064,0.0,0.01995781809091568
179.0,181.0,0.019500551745295525,0.0,0.004118346609175205
180.0,182.0,0.014828409068286419,0.0,0.0
181.0,183.0,0.0015762238763272762,0.0009372010827064514,0.0
182.0,184.0,0.024700913578271866,0.0,0.0
183.0,185.0,0.019211191684007645,0.0,0.011617844924330711
184.0,186.0,0.012377619743347168,0.009930115193128586,0.02529379352927208
185.0,187.0,0.009653967805206776,0.005241509526968002,0.006463991943746805
186.0,188.0,0.017532389611005783,0.0,0.006933995522558689
187.0,189.0,0.02136171981692314,0.0,0.010051487013697624
188.0,190.0,0.0008342419750988483,0.0,0.009918345138430595
189.0,191.0,0.0,0.0,0.002918337471783161
190.0,192.0,0.025428444147109985,0.0,0.011434519663453102
191.0,193.0,0.028885692358016968,0.004437694791704416,0.003017899114638567
192.0,194.0,0.0061663235537707806,0.0,0.0
193.0,195.0,0.009568699635565281,0.0,0.0002921484410762787
194.0,196.0,0.019218439236283302,0.003497915808111429,0.0
195.0,197.0,0.022266581654548645,0.0,0.001868358813226223
196.0,198.0,0.015501052141189575,0.0,0.009556518867611885
197.0,199.0,0.004056806676089764,0.0,0.016900215297937393
198.0,200.0,0.01615569181740284,0.001063779927790165,0.015326328575611115
199.0,201.0,0.01819716766476631,0.0,0.013816611841320992
200.0,202.0,0.024004731327295303,0.0005447538569569588,0.017932888120412827
201.0,203.0,0.022914959117770195,0.012269685044884682,0.023939676582813263
202.0,204.0,0.019062824547290802,0.01480080559849739,0.02314973808825016
203.0,205.0,0.026910796761512756,0.010570837184786797,0.013526779599487782
204.0,206.0,0.021266331896185875,0.010702293366193771,0.012336645275354385
205.0,207.0,0.017325259745121002,0.0,0.003480338491499424
206.0,208.0,0.012270404025912285,0.0003922979813069105,0.005494589917361736
207.0,209.0,0.009988918900489807,0.0017931171460077167,0.0004877043538726866
208.0,210.0,0.010059819556772709,0.0028012541588395834,0.002496100962162018
209.0,211.0,0.01895304024219513,0.0,0.012747300788760185
210.0,212.0,0.020696360617876053,0.0,0.008982064202427864
211.0,213.0,0.020479144528508186,0.017371151596307755,0.016807513311505318
212.0,214.0,0.009832236915826797,0.001551528461277485,0.0
213.0,215.0,0.034055426716804504,0.0,0.0
214.0,216.0,0.026053179055452347,0.0,0.0
215.0,217.0,0.018809884786605835,0.0029417709447443485,0.0
216.0,218.0,0.010952512733638287,0.0057069710455834866,0.011633075773715973
217.0,219.0,0.013840570114552975,0.005176569800823927,0.023387571796774864
218.0,220.0,0.02140253782272339,0.0038912384770810604,0.01878407411277294
219.0,221.0,0.0260135717689991,0.0,0.016412075608968735
220.0,222.0,0.01689852401614189,0.0,0.015636449679732323
221.0,223.0,0.01212149765342474,0.0,0.019050704315304756
222.0,224.0,0.019893916323781013,0.0,0.022896060720086098
223.0,225.0,0.02426920086145401,0.004968797788023949,0.019142204895615578
224.0,226.0,0.02735522948205471,0.005815980490297079,0.0
225.0,227.0,0.01192755438387394,0.001505610067397356,0.0007751155644655228
226.0,228.0,0.01683395728468895,8.349958807229996e-05,0.010500352829694748
227.0,229.0,0.01945624127984047,0.010094055905938148,0.015089680440723896
228.0,230.0,0.01188257522881031,0.0,0.0
229.0,231.0,0.019605115056037903,0.0,0.009245175868272781
230.0,232.0,0.022619973868131638,0.006838898174464703,0.010926497168838978
231.0,233.0,0.021230600774288177,0.004440892022103071,0.003916504792869091
232.0,234.0,0.017649035900831223,0.0,0.005384629126638174
233.0,235.0,0.026367951184511185,0.0,0.00712828803807497
234.0,236.0,0.028472045436501503,0.0244595929980278,0.016010422259569168
235.0,237.0,0.013725196942687035,0.010294562205672264,0.014943709596991539
236.0,238.0,0.018151791766285896,0.0,0.012298032641410828
237.0,239.0,0.02216421440243721,0.004156150855123997,0.025326363742351532
238.0,240.0,0.0,0.014421056024730206,0.0
239.0,241.0,0.021491654217243195,0.0008918314706534147,0.01348274014890194
240.0,242.0,0.022955233231186867,0.0,0.004104287829250097
241.0,243.0,0.0213644877076149,0.000623902422375977,0.016317028552293777
242.0,244.0,0.020045436918735504,0.005680576898157597,0.011053645052015781
243.0,245.0,0.02021672949194908,0.0,0.0
244.0,246.0,0.030254662036895752,0.0,0.00242552999407053
245.0,247.0,0.02799532189965248,0.012691520154476166,0.01562596671283245
246.0,248.0,0.02538863569498062,0.0,0.009070123545825481
247.0,249.0,0.009199000895023346,0.0,0.0039039154071360826
248.0,250.0,0.004621309228241444,0.0,0.0
249.0,251.0,0.008274291642010212,0.00302310474216938,0.004091672599315643
250.0,252.0,0.011991893872618675,0.005435074679553509,0.010075840167701244
251.0,253.0,0.011925742030143738,0.0012996327131986618,0.0
252.0,254.0,0.009001241996884346,0.0028796095866709948,0.0
253.0,255.0,0.02111474610865116,0.0065736789256334305,0.014142937026917934
254.0,256.0,0.019169412553310394,0.007588712032884359,0.006134218070656061
255.0,257.0,0.007754339370876551,0.0012523428304120898,0.008998382836580276
256.0,258.0,0.03331240639090538,0.010550383478403091,0.001364162191748619
257.0,259.0,0.03222263604402542,0.006878613494336605,0.014629830606281757
258.0,260.0,0.019241981208324432,0.003066025674343109,0.013396775349974632
259.0,261.0,0.0038361279293894768,0.0,0.0030921660363674164
260.0,262.0,0.01245604082942009,0.0,0.0
261.0,263.0,0.015471883118152618,0.0,0.009632970206439495
262.0,264.0,0.013624553568661213,0.004230721853673458,0.010269754566252232
263.0,265.0,0.01895778626203537,0.006543647963553667,0.003574539441615343
264.0,266.0,0.014887984842061996,0.00690355384722352,0.016555476933717728
265.0,267.0,0.00754360668361187,0.0015675202012062073,0.0
266.0,268.0,0.011303519830107689,0.0,0.01303947251290083
267.0,269.0,0.017699427902698517,0.0,0.012446925044059753
268.0,270.0,0.019387170672416687,0.00021008122712373734,0.005643097218126059
269.0,271.0,0.0,0.0,0.0
270.0,272.0,0.005860280245542526,0.0056166453287005424,0.0
271.0,273.0,0.01653509959578514,0.0,0.01012045331299305
272.0,274.0,0.019374966621398926,0.0,0.022484250366687775
273.0,275.0,0.014187486842274666,0.009740984067320824,0.01406905334442854
274.0,276.0,0.0,0.03201988711953163,0.010597958229482174
275.0,277.0,0.024575097486376762,0.00249524787068367,0.017580658197402954
276.0,278.0,0.029720213264226913,0.003955992870032787,0.02478916198015213
277.0,279.0,0.012879499234259129,0.006474456749856472,0.021446336060762405
278.0,280.0,0.013344570994377136,0.005211295560002327,0.0026330375112593174
279.0,281.0,0.013500073924660683,0.0,0.002190129365772009
280.0,282.0,0.00898122601211071,0.0,0.002761311363428831
281.0,283.0,0.018231596797704697,0.0033660680055618286,0.005495744291692972
282.0,284.0,0.026713496074080467,0.012634554877877235,0.012079513631761074
283.0,285.0,0.025044670328497887,0.0,0.014574091881513596
284.0,286.0,0.021546464413404465,0.0,0.021122634410858154
285.0,287.0,0.022664548829197884,0.0,0.021472230553627014
286.0,288.0,0.014658821746706963,0.01369420439004898,0.004973012488335371
287.0,289.0,0.01493095513433218,0.00036624493077397346,0.0
288.0,290.0,0.02133135125041008,0.0,0.013861821964383125
289.0,291.0,0.02402893826365471,0.0,0.00922041293233633
290.0,292.0,0.031229553744196892,0.006834269501268864,0.00766054866835475
291.0,293.0,0.0011789947748184204,0.009789547882974148,0.011318710632622242
292.0,294.0,0.0,0.009772450663149357,0.00280620064586401
293.0,295.0,0.019055038690567017,0.007243157364428043,0.005280565470457077
294.0,296.0,0.022782595828175545,0.009351499378681183,0.01117038819938898
295.0,297.0,0.017749089747667313,0.0,0.003864087164402008
296.0,298.0,0.018749184906482697,0.001321001909673214,0.017410222440958023
297.0,299.0,0.021313993260264397,0.0035777930170297623,0.021064206957817078
298.0,300.0,0.01718788966536522,0.0,0.004628011025488377
299.0,301.0,0.025663645938038826,0.0,0.0
300.0,302.0,0.021024204790592194,0.004617071710526943,0.0027680983766913414
301.0,303.0,0.010910356417298317,0.0053083812817931175,0.01991363614797592
302.0,304.0,0.014231916517019272,0.004274403676390648,0.019810114055871964
303.0,305.0,0.012790661305189133,0.0030053816735744476,0.0018592029809951782
304.0,306.0,0.0078018405474722385,0.0011057397350668907,0.003248695284128189
305.0,307.0,0.015911124646663666,0.0,0.009607473388314247
306.0,308.0,0.019627980887889862,0.0,0.012351568788290024
307.0,309.0,0.018166808411478996,0.005372117273509502,0.020620785653591156
308.0,310.0,0.018108254298567772,0.006426404230296612,0.01715586520731449
309.0,311.0,0.01846696436405182,0.0,0.007859818637371063
310.0,312.0,0.0192759707570076,0.0,0.00417926162481308
311.0,313.0,0.021547842770814896,0.0,0.0012353025376796722
312.0,314.0,0.016987677663564682,0.0,0.008081838488578796
313.0,315.0,0.0135186230763793,0.0,0.003745852503925562
314.0,316.0,0.02273746393620968,0.0,0.013696040026843548
315.0,317.0,0.027096455916762352,0.0,0.008857185021042824
316.0,318.0,0.01575186476111412,0.0,0.0015389323234558105
317.0,319.0,0.020287122577428818,0.0,0.0
318.0,320.0,0.03023536689579487,0.00841299444437027,0.02253781259059906
319.0,321.0,0.011310490779578686,0.012999108992516994,0.020311208441853523
320.0,322.0,0.015885405242443085,0.0,0.0
321.0,323.0,0.028768304735422134,0.0,0.0007871231064200401
322.0,324.0,0.022011645138263702,0.0,0.002273937687277794
323.0,325.0,0.02942075952887535,0.0,0.0033740061335265636
324.0,326.0,0.019431263208389282,0.006138380616903305,0.014383252710103989
325.0,327.0,0.010264405980706215,0.013880539685487747,0.02430620789527893
326.0,328.0,0.02085089311003685,0.003914170898497105,0.004141074139624834
327.0,329.0,0.022873762995004654,0.0058933706022799015,0.0
328.0,330.0,0.022695761173963547,0.006039068102836609,0.0
329.0,331.0,0.02565126121044159,0.001200254773721099,0.005879993550479412
330.0,332.0,0.015630612149834633,0.0034467941150069237,0.001484406995587051
331.0,333.0,0.012822740711271763,0.0,0.008445996791124344
332.0,334.0,0.02146037295460701,0.0,0.010541587136685848
333.0,335.0,0.025343608111143112,0.0,0.011561855673789978
334.0,336.0,0.019320441409945488,0.000997241586446762,0.019649460911750793
335.0,337.0,0.017349012196063995,0.0013032848946750164,0.00029037799686193466
336.0,338.0,0.02920614182949066,0.005838065408170223,0.003617452457547188
337.0,339.0,0.025409890338778496,0.007685705088078976,0.010204259306192398
338.0,340.0,0.02846984937787056,0.011191578581929207,0.011915482580661774
339.0,341.0,0.02471957355737686,0.0034265758004039526,0.015435852110385895
340.0,342.0,0.02189701795578003,0.0,0.01400269940495491
341.0,343.0,0.02515668049454689,0.0,0.009987742640078068
342.0,344.0,0.014017462730407715,0.0,0.010609002783894539
343.0,345.0,0.014263292774558067,0.0025201765820384026,0.013394463807344437
344.0,346.0,0.026162462309002876,0.0022664344869554043,0.020042866468429565
345.0,347.0,0.0038684606552124023,0.011580290272831917,0.0
346.0,348.0,0.008968482725322247,0.0014064759016036987,0.0026261473540216684
347.0,349.0,0.02010161802172661,0.004052028991281986,0.008480982854962349
348.0,350.0,0.017801370471715927,0.015051379799842834,0.02338188886642456
349.0,351.0,0.005932900123298168,0.005013710353523493,0.01476248912513256
350.0,352.0,0.021908242255449295,0.0,0.006001519039273262
351.0,353.0,0.018182259052991867,0.0,0.012059275060892105
352.0,354.0,0.013326047919690609,0.009314801543951035,0.010873550549149513
353.0,355.0,0.017911674454808235,0.013676567934453487,0.011725859716534615
354.0,356.0,0.015950139611959457,0.004076704382896423,0.01048417016863823
355.0,357.0,0.019548051059246063,0.010688423179090023,0.0076242974027991295
356.0,358.0,0.011594653129577637,0.0035267784260213375,0.015479015186429024
357.0,359.0,0.009182130917906761,0.004231145605444908,0.01141210924834013
358.0,360.0,0.002446279861032963,0.011232318356633186,0.0170880239456892
359.0,361.0,0.026358339935541153,0.010252386331558228,0.01310485415160656
360.0,362.0,0.0348304882645607,0.013896854594349861,0.018713723868131638
361.0,363.0,0.027257686480879784,0.021975092589855194,0.008243735879659653
362.0,364.0,0.017359718680381775,0.009765103459358215,0.008493246510624886
363.0,365.0,0.027151519432663918,0.016818050295114517,0.013131593354046345
364.0,366.0,0.023107288405299187,0.01179809495806694,0.022729799151420593
365.0,367.0,0.013948577456176281,0.0,0.006566141732037067
366.0,368.0,0.02051771990954876,0.005708856042474508,0.0008157873526215553
367.0,369.0,0.03777822107076645,0.021441027522087097,0.014589959755539894
368.0,370.0,0.02216179296374321,0.004592075012624264,0.014354988932609558
369.0,371.0,0.012647587805986404,0.004275367595255375,0.0038667917251586914
370.0,372.0,0.025007694959640503,0.010103016160428524,0.008471552282571793
371.0,373.0,0.019230874255299568,0.0029897592030465603,0.01299993135035038
372.0,374.0,0.007088468410074711,0.0032139644026756287,0.006511443294584751
373.0,375.0,0.005626246798783541,0.010313254781067371,0.010823826305568218
374.0,376.0,0.023104649037122726,0.020499642938375473,0.02192702516913414
375.0,377.0,0.02485213801264763,0.004863899201154709,0.008425973355770111
376.0,378.0,0.021739153191447258,0.014879973605275154,0.011477647349238396
377.0,379.0,0.013040983118116856,0.021983133628964424,0.015914378687739372
378.0,380.0,0.01815439574420452,0.009418679401278496,0.0174107663333416
379.0,381.0,0.017532870173454285,0.006724303588271141,0.01718996651470661
380.0,382.0,0.021949272602796555,0.00926254317164421,0.015592917799949646
381.0,383.0,0.022783314809203148,0.009156180545687675,0.014141273684799671
382.0,384.0,0.012966930866241455,0.007055914029479027,0.008072957396507263
383.0,385.0,0.017063386738300323,0.017862312495708466,0.010011761449277401
384.0,386.0,0.013868128880858421,0.012148667126893997,0.012424958869814873
385.0,387.0,0.01521697361022234,0.009757240302860737,0.010757433250546455
386.0,388.0,0.02114778943359852,0.02065836265683174,0.017833901569247246
387.0,389.0,0.01199689693748951,0.01614403910934925,0.0051694465801119804
388.0,390.0,0.01279357261955738,0.01786583848297596,0.0008020343957468867
389.0,391.0,0.017604172229766846,0.00867517665028572,0.01735711842775345
390.0,392.0,0.027081746608018875,0.007289299741387367,0.01591964066028595
391.0,393.0,0.00964417401701212,0.017609259113669395,0.020261777564883232
392.0,394.0,0.014032794162631035,0.013600591570138931,0.017669834196567535
393.0,395.0,0.011108271777629852,0.0069295307621359825,0.005849308799952269
394.0,396.0,0.01095833070576191,0.011171981692314148,0.007215277291834354
395.0,397.0,0.02061336860060692,0.008874723687767982,0.012609989382326603
396.0,398.0,0.017444536089897156,0.009033752605319023,0.010672882199287415
397.0,399.0,0.01577012613415718,0.013162855990231037,0.010503372177481651
398.0,400.0,0.011112386360764503,0.010965014807879925,0.008823759853839874
399.0,401.0,0.01353495754301548,0.007847943343222141,0.017267072573304176
400.0,402.0,0.029744276776909828,0.01366835180670023,0.027836617082357407
401.0,403.0,0.023484226316213608,0.021218910813331604,0.022591328248381615
402.0,404.0,0.02451050654053688,0.021607529371976852,0.0
403.0,405.0,0.02925362065434456,0.0213608480989933,0.009818916209042072
404.0,406.0,0.020531579852104187,0.013575352728366852,0.023214850574731827
405.0,407.0,0.01942243054509163,0.015194450505077839,0.02454814314842224
406.0,408.0,0.011770803481340408,0.0,0.0019302137661725283
407.0,409.0,0.0126442089676857,0.0,0.0
408.0,410.0,0.01454775407910347,0.0,0.0050193071365356445
409.0,411.0,0.018259918317198753,0.012414759024977684,0.011258887127041817
410.0,412.0,0.018346481025218964,0.019083891063928604,0.021419094875454903
411.0,413.0,0.01990600675344467,0.006340303923934698,0.017956238240003586
412.0,414.0,0.02015059068799019,0.010739273391664028,0.014205411076545715
413.0,415.0,0.02110358700156212,0.011084814555943012,0.012573608197271824
414.0,416.0,0.01548202894628048,0.007831249386072159,0.010249055922031403
415.0,417.0,0.009507971815764904,0.0020080842077732086,0.00877713318914175
416.0,418.0,0.007899335585534573,0.007091862615197897,0.015838000923395157
417.0,419.0,0.0011917189694941044,0.0,0.01789158582687378
418.0,420.0,0.0019296337850391865,0.005571961868554354,0.006581737659871578
419.0,421.0,0.018217064440250397,0.0006641165819019079,0.0
420.0,422.0,0.01628316007554531,0.0,0.0
421.0,423.0,0.021903488785028458,0.0,0.00039795320481061935
422.0,424.0,0.02007770538330078,0.00587192177772522,0.009433656930923462
423.0,425.0,0.022679319605231285,0.00965962279587984,0.005184095818549395
424.0,426.0,0.013151580467820168,0.0008992466609925032,0.011208752170205116
425.0,427.0,0.01002802886068821,0.005017826333642006,0.011951487511396408
426.0,428.0,0.007951118983328342,0.0010165160056203604,0.0
427.0,429.0,0.0,0.0,0.0
428.0,430.0,0.008991966024041176,0.0001351446844637394,0.0045057982206344604
429.0,431.0,0.005038791336119175,0.002825576812028885,0.004805887117981911
430.0,432.0,0.010187346488237381,0.004301707725971937,0.018539244309067726
431.0,433.0,0.01480353157967329,0.011615813709795475,0.013516174629330635
432.0,434.0,0.027439231052994728,0.017244823276996613,0.006506199948489666
433.0,435.0,0.031279727816581726,0.011859968304634094,0.002849792130291462
434.0,436.0,0.010426320135593414,0.0,0.004128823988139629
435.0,437.0,0.0024117440916597843,0.0,0.003419332206249237
436.0,438.0,0.007334329187870026,0.0,0.010369042865931988
437.0,439.0,0.03294984996318817,0.0016502791550010443,0.004982118494808674
438.0,440.0,0.025906004011631012,0.011222456581890583,0.006270448211580515
439.0,441.0,0.008670326322317123,0.0,0.007146901451051235
440.0,442.0,0.01824178732931614,0.0,0.0
441.0,443.0,0.02550823800265789,0.009778754785656929,0.0062511153519153595
442.0,444.0,0.018604107201099396,0.0066010551527142525,0.0020687379874289036
443.0,445.0,0.028676185756921768,0.0015000198036432266,0.003205824876204133
444.0,446.0,0.03197181224822998,0.0,0.011020515114068985
445.0,447.0,0.012270682491362095,0.0019126981496810913,0.019706912338733673
446.0,448.0,0.002366027794778347,0.010769001208245754,0.02666233479976654
447.0,449.0,0.017288312315940857,0.013944752514362335,0.01805860921740532
448.0,450.0,0.020511703565716743,0.01059720292687416,0.0155254565179348
449.0,451.0,0.03076869808137417,0.0004780711606144905,0.010647215880453587
450.0,452.0,0.03537077084183693,0.003133996855467558,5.8399513363838196e-05
451.0,453.0,0.023870915174484253,0.010353878140449524,0.007431196980178356
452.0,454.0,0.020349964499473572,0.007764614652842283,0.0021187509410083294
453.0,455.0,0.019967006519436836,0.0,0.0
454.0,456.0,0.021583756431937218,0.005937979556620121,0.0
455.0,457.0,0.013537407852709293,0.0,0.0
456.0,458.0,0.014016029424965382,0.0,0.00185670075006783
457.0,459.0,0.006936786696314812,0.009856441989541054,0.0
458.0,460.0,0.017723441123962402,0.00498571153730154,0.019785048440098763
459.0,461.0,0.018807433545589447,0.00034065148793160915,0.0
460.0,462.0,0.0188436359167099,0.0,0.0
461.0,463.0,0.00793745182454586,0.0,0.007041806820780039
462.0,464.0,0.009744923561811447,0.0,0.0056669642217457294
463.0,465.0,0.02246755175292492,0.0,0.004206249490380287
464.0,466.0,0.00896530132740736,0.0032562329433858395,0.008911097422242165
465.0,467.0,0.009288732893764973,0.0,0.013623237609863281
466.0,468.0,0.03156594932079315,0.0,0.007588448002934456
467.0,469.0,0.0191577710211277,0.0,0.003488707123324275
468.0,470.0,0.014398911036550999,0.0,0.0023025230038911104
469.0,471.0,0.0037299571558833122,0.0019737021066248417,0.018621426075696945
470.0,472.0,0.013208730146288872,0.01156575232744217,0.0
471.0,473.0,0.0,0.012103712186217308,0.0
472.0,474.0,0.0,0.0,0.0
473.0,475.0,0.015275225043296814,0.022077422589063644,0.013859701342880726
474.0,476.0,0.01628432422876358,0.02536577358841896,0.01609146222472191
475.0,477.0,0.011525954119861126,0.0044501423835754395,0.01762891374528408
476.0,478.0,0.011475665494799614,0.0024253171868622303,0.007650114595890045
477.0,479.0,0.010972018353641033,0.0019381374586373568,0.0024773208424448967
478.0,480.0,0.004796753171831369,0.0,0.0
479.0,481.0,0.020981313660740852,0.0,0.0
480.0,482.0,0.020775163546204567,0.0,0.01941654086112976
481.0,483.0,0.019976090639829636,0.005390816368162632,0.021091852337121964
482.0,484.0,0.021409334614872932,0.015128649771213531,0.015098897740244865
483.0,485.0,0.013781980611383915,0.00717142503708601,0.009478377178311348
484.0,486.0,0.007175164762884378,0.00134678790345788,0.0024305321276187897
485.0,487.0,0.01642322540283203,0.00478335190564394,0.005130199249833822
486.0,488.0,0.015484709292650223,0.0013278003316372633,0.009136548265814781
487.0,489.0,0.009679405018687248,0.008737201802432537,0.011545896530151367
488.0,490.0,0.019856881350278854,0.018723564222455025,0.009510967880487442
489.0,491.0,0.032903753221035004,0.0,0.0029510115273296833
490.0,492.0,0.02025376632809639,0.0,0.009773610159754753
491.0,493.0,0.009091228246688843,0.0,0.014077831991016865
492.0,494.0,0.01164095476269722,0.012178875505924225,0.015171501785516739
493.0,495.0,0.013722741976380348,0.0070930365473032,0.01155989058315754
494.0,496.0,0.013676634058356285,0.01202123798429966,0.0075263590551912785
495.0,497.0,0.023669408634305,0.004521702881902456,0.0026665632613003254
496.0,498.0,0.019447725266218185,0.0,0.012721041217446327
497.0,499.0,0.0,0.0068941181525588036,0.009965164586901665
498.0,500.0,0.01278419978916645,0.007572725880891085,0.009286453947424889
499.0,501.0,0.013290077447891235,0.013545890338718891,0.004481691867113113
500.0,502.0,0.011277595534920692,0.01475855614989996,0.012654347345232964
501.0,503.0,0.0051252092234790325,0.0,0.005913248751312494
502.0,504.0,0.015354243107140064,0.0,0.008742574602365494
503.0,505.0,0.019566141068935394,0.009956564754247665,0.023173021152615547
504.0,506.0,0.022087031975388527,0.008814449422061443,0.012893532402813435
505.0,507.0,0.020473483949899673,0.008403537794947624,0.015933934599161148
506.0,508.0,0.02106069028377533,0.003371376544237137,0.018124492838978767
507.0,509.0,0.011754135601222515,0.008074801415205002,0.006533249747008085
508.0,510.0,0.012691192328929901,0.007811552844941616,0.011476038955152035
509.0,511.0,0.012145137414336205,0.004498555324971676,0.0006279228255152702
510.0,512.0,0.015783201903104782,0.009997235611081123,0.0
511.0,513.0,0.005334937945008278,0.01149068120867014,0.004831763915717602
512.0,514.0,0.026792539283633232,0.010934692807495594,0.0019190381281077862
513.0,515.0,0.019143331795930862,0.0036206089425832033,0.0
514.0,516.0,0.016609132289886475,0.005922024138271809,0.013379750773310661
515.0,517.0,0.021025611087679863,0.003467744681984186,0.023795630782842636
516.0,518.0,0.028489314019680023,0.013704227283596992,0.014963826164603233
517.0,519.0,0.027375882491469383,0.011665022000670433,0.020781047642230988
518.0,520.0,0.033392950892448425,0.0,0.014072385616600513
519.0,521.0,0.011648250743746758,0.0043047345243394375,0.004870721139013767
520.0,522.0,0.0,0.01246072631329298,0.005076524335891008
521.0,523.0,0.015936754643917084,0.007384735159575939,0.016151297837495804
522.0,524.0,0.018231244757771492,0.005362818017601967,0.013276636600494385
523.0,525.0,0.026939518749713898,0.0,0.00536932609975338
524.0,526.0,0.02689901739358902,0.0,0.0018860348500311375
525.0,527.0,0.01751573570072651,0.0,0.01293241698294878
526.0,528.0,0.024178465828299522,1.737847924232483e-05,0.019895901903510094
527.0,529.0,0.024705827236175537,0.0,0.016035478562116623
528.0,530.0,0.02698773518204689,0.0,0.011756135150790215
529.0,531.0,0.012303417548537254,0.009202561341226101,0.0
530.0,532.0,0.02134103514254093,0.0034280847758054733,0.003572410438209772
531.0,533.0,0.022469330579042435,0.0,0.0
532.0,534.0,0.023791082203388214,0.0039890725165605545,0.0
533.0,535.0,0.01163442898541689,0.011861518956720829,0.012539922259747982
534.0,536.0,0.015216422267258167,0.011609526351094246,0.014067527838051319
535.0,537.0,0.013485598377883434,0.013289658352732658,0.00957916583865881
536.0,538.0,0.02286120504140854,0.005126604810357094,0.009744774550199509
537.0,539.0,0.024165719747543335,0.0,0.013307927176356316
538.0,540.0,0.008368454873561859,0.0,0.013152036815881729
539.0,541.0,0.011910365894436836,0.0004118459764868021,0.02420515939593315
540.0,542.0,0.0,0.018015993759036064,0.0
541.0,543.0,0.026261700317263603,0.012662885710597038,0.02122621238231659
542.0,544.0,0.023593205958604813,0.01300881803035736,0.02406066283583641
543.0,545.0,0.021888157352805138,0.009022456593811512,0.01822523958981037
544.0,546.0,0.022159479558467865,0.0,0.018320316448807716
545.0,547.0,0.007965251803398132,0.0,0.014129038900136948
546.0,548.0,0.010671150870621204,0.0027763245161622763,0.010809248313307762
547.0,549.0,0.01237592101097107,0.00930019561201334,0.017614023759961128
548.0,550.0,0.02868417277932167,0.010011333972215652,0.0052911341190338135
549.0,551.0,0.02615676075220108,0.009949421510100365,0.007198300678282976
550.0,552.0,0.01387497317045927,0.006285727955400944,0.01834670454263687
551.0,553.0,0.0008178893476724625,0.011667739599943161,0.013116123154759407
552.0,554.0,0.005620927084237337,0.0,0.011712057515978813
553.0,555.0,0.01950303092598915,0.004571613389998674,0.0065798573195934296
554.0,556.0,0.018014315515756607,0.00031591334845870733,0.014648670330643654
555.0,557.0,0.011359277181327343,0.006091468036174774,0.0022445954382419586
556.0,558.0,0.011956263333559036,0.0,0.0
557.0,559.0,0.010247521102428436,0.0,0.0
558.0,560.0,0.005355003289878368,0.0,0.0
559.0,561.0,0.013731003738939762,0.0,0.0
560.0,562.0,0.020132850855588913,0.0,0.019950147718191147
561.0,563.0,0.01465165801346302,0.005064343102276325,0.021536702290177345
562.0,564.0,0.012248954735696316,0.01403096504509449,0.009021671488881111
563.0,565.0,0.0066925231367349625,0.0061439941637218,0.0
564.0,566.0,0.007317652925848961,0.0034482600167393684,0.0
565.0,567.0,0.013538150116801262,0.020619818940758705,0.001773129217326641
566.0,568.0,0.008986227214336395,0.00627130176872015,0.0
567.0,569.0,0.010390792042016983,0.009927413426339626,0.0
568.0,570.0,0.018187914043664932,0.01890796236693859,0.011229036375880241
569.0,571.0,0.02395620197057724,0.012136852368712425,0.009500562213361263
570.0,572.0,0.013799132779240608,0.011816294863820076,0.0
571.0,573.0,0.017202705144882202,0.005895102396607399,0.0
572.0,574.0,0.01342854555696249,0.00523217860609293,0.0
573.0,575.0,0.020543059334158897,0.005039507523179054,0.0
574.0,576.0,0.011626310646533966,0.010997802019119263,0.004411052912473679
575.0,577.0,0.012538478709757328,0.016635723412036896,0.015323814935982227
576.0,578.0,0.00811886228621006,0.015395446680486202,0.009519715793430805
577.0,579.0,0.003747758222743869,0.010728897526860237,0.007003043778240681
578.0,580.0,0.01723608188331127,0.010715639218688011,0.008143473416566849
579.0,581.0,0.035971712321043015,0.01628192886710167,0.0074021886102855206
580.0,582.0,0.02516891434788704,0.01862471178174019,0.014524586498737335
581.0,583.0,0.02365926280617714,0.010813029482960701,0.012866895645856857
582.0,584.0,0.03126617893576622,0.002917783334851265,0.0008398061618208885
583.0,585.0,0.02717406302690506,0.0,0.008386583998799324
584.0,586.0,0.028970062732696533,0.004238664172589779,0.028452672064304352
585.0,587.0,0.012120268307626247,0.014409733936190605,0.018610958009958267
586.0,588.0,0.013166641816496849,0.00018490280490368605,0.0015650107525289059
587.0,589.0,0.006371571682393551,0.005321040749549866,0.0
588.0,590.0,0.006430365145206451,0.0,0.0
589.0,591.0,0.015283722430467606,0.0,0.0030639260075986385
590.0,592.0,0.009981893002986908,0.0,0.00026851752772927284
591.0,593.0,0.007854718714952469,0.0,0.0
592.0,594.0,0.00473383441567421,0.010904214344918728,0.00784421805292368
593.0,595.0,0.014933772385120392,0.005801594816148281,0.019989492371678352
594.0,596.0,0.025161007419228554,0.0,0.011636494658887386
595.0,597.0,0.0217673871666193,0.012147624045610428,0.00903694424778223
596.0,598.0,0.007652059197425842,0.017302382737398148,0.011410197243094444
597.0,599.0,0.014788903295993805,0.00497567979618907,0.0
598.0,600.0,0.012734346091747284,0.01199963130056858,0.011621975339949131
599.0,601.0,0.011564548127353191,0.024697426706552505,0.008896049112081528
600.0,602.0,0.011649497784674168,0.009655219502747059,0.0
601.0,603.0,0.029131125658750534,0.0009217485785484314,0.0
602.0,604.0,0.03153104707598686,0.005622577387839556,0.010871408507227898
603.0,605.0,0.029206417500972748,0.012438574805855751,0.01721968501806259
604.0,606.0,0.015372749418020248,0.010121408849954605,0.004100793041288853
605.0,607.0,0.01050175353884697,0.01579250954091549,0.0038559138774871826
606.0,608.0,0.010525759309530258,0.0031066867522895336,0.007364377845078707
607.0,609.0,0.01721787452697754,0.0,0.009923199191689491
608.0,610.0,0.02077983319759369,0.015625998377799988,0.004744215402752161
609.0,611.0,0.023888563737273216,0.017371483147144318,0.017001979053020477
610.0,612.0,0.01167299598455429,0.0,0.009682788513600826
611.0,613.0,0.013987766578793526,0.0,0.0
612.0,614.0,0.01654445193707943,0.0025505837984383106,0.006732375361025333
613.0,615.0,0.01591992750763893,0.005711358040571213,0.0029953639023005962
614.0,616.0,0.004230592865496874,0.0010446175001561642,0.0
615.0,617.0,0.01094810664653778,0.0,0.004659079015254974
616.0,618.0,0.010835331864655018,0.0,0.0019613998010754585
617.0,619.0,0.004317985847592354,0.0051822056993842125,0.019917532801628113
618.0,620.0,0.008477689698338509,0.006568816490471363,0.0182680431753397
619.0,621.0,0.0202118381857872,0.023353304713964462,0.00953330472111702
620.0,622.0,0.03356432914733887,0.021443374454975128,0.01486098300665617
621.0,623.0,0.026627343147993088,0.003295639529824257,0.015669917687773705
622.0,624.0,0.022015010938048363,0.01352266687899828,0.01870732568204403
623.0,625.0,0.011053593829274178,0.0028318497352302074,0.008662210777401924
624.0,626.0,0.01976373791694641,0.0002703114878386259,0.003470465075224638
625.0,627.0,0.022834094241261482,0.0,0.0001257592812180519
626.0,628.0,0.01834351010620594,0.0,0.003684218507260084
627.0,629.0,0.00816788524389267,0.0,0.010416350327432156
628.0,630.0,0.025772076100111008,0.0,0.012009388767182827
629.0,631.0,0.025668583810329437,0.0006588161922991276,0.013352839276194572
630.0,632.0,0.020487258210778236,0.0,0.010248199105262756
631.0,633.0,0.0,0.0038249753415584564,0.0
632.0,634.0,0.022495489567518234,0.004339893348515034,0.010602224618196487
633.0,635.0,0.009978963062167168,0.007747524417936802,0.002741769887506962
634.0,636.0,0.013442305848002434,0.004528992343693972,0.011363141238689423
635.0,637.0,0.02559104934334755,0.021554462611675262,0.006613754667341709
636.0,638.0,0.02593514882028103,0.015294548124074936,0.0067029972560703754
637.0,639.0,0.01348569430410862,0.012733561918139458,0.010154264979064465
638.0,640.0,0.0,0.013623935170471668,0.006369560956954956
639.0,641.0,0.015544072724878788,0.020339541137218475,0.0
640.0,642.0,0.02094065025448799,0.01077210996299982,0.007303575053811073
641.0,643.0,0.02052006684243679,0.007600715849548578,0.015074120834469795
642.0,644.0,0.021915201097726822,0.0,0.0036411918699741364
643.0,645.0,0.02992657944560051,0.005353081971406937,0.009629292413592339
644.0,646.0,0.026379195973277092,0.017622442916035652,0.01639857143163681
645.0,647.0,0.023738499730825424,0.0017618525307625532,0.017988387495279312
646.0,648.0,0.018178658559918404,0.005385848227888346,0.01689433678984642
647.0,649.0,0.00787473563104868,0.005134145729243755,0.0
648.0,650.0,0.01048214640468359,0.0073055122047662735,0.009448201395571232
649.0,651.0,0.01335772406309843,0.011947356164455414,0.013391095213592052
650.0,652.0,0.017149167135357857,0.02201588824391365,0.017190497368574142
651.0,653.0,0.0,0.006692895665764809,0.00031084008514881134
652.0,654.0,0.013255363330245018,0.0,0.008539955131709576
653.0,655.0,0.013490165583789349,0.0,0.0062973531894385815
654.0,656.0,0.02094138413667679,0.0,0.00788804329931736
655.0,657.0,0.01845245622098446,0.0,0.0181221142411232
656.0,658.0,0.021131709218025208,0.0,0.0161961168050766
657.0,659.0,0.01848115399479866,0.010554029606282711,0.010281281545758247
658.0,660.0,0.009946318343281746,0.0,0.010589600540697575
659.0,661.0,0.014397170394659042,0.0,0.009118438698351383
660.0,662.0,0.015279566869139671,0.0,0.0062413462437689304
661.0,663.0,0.013730360195040703,0.004194001667201519,0.008647741749882698
662.0,664.0,0.021487705409526825,0.0,0.004255163948982954
663.0,665.0,0.022922685369849205,0.0,0.004585316404700279
664.0,666.0,0.019407890737056732,0.004512203857302666,0.006566213443875313
665.0,667.0,0.024542244151234627,0.0,0.006869182456284761
666.0,668.0,0.016065901145339012,0.0,0.007579868659377098
667.0,669.0,0.007924675941467285,0.0,0.010216010734438896
668.0,670.0,0.023120813071727753,0.0,0.01369127444922924
669.0,671.0,0.023797649890184402,0.0019878253806382418,0.00047409720718860626
670.0,672.0,0.0173826664686203,0.004321972839534283,0.0025245030410587788
671.0,673.0,0.013770997524261475,0.004777916707098484,0.006637981627136469
672.0,674.0,0.013064922764897346,0.0,0.012036577798426151
673.0,675.0,0.0028889738023281097,0.0,0.002319102641195059
674.0,676.0,0.02199273742735386,0.011471902020275593,0.00966578908264637
675.0,677.0,0.019876444712281227,0.012428345158696175,0.015254001133143902
676.0,678.0,0.016774283722043037,0.01121239922940731,0.005874980241060257
677.0,679.0,0.0023508472368121147,0.004994788207113743,0.0
678.0,680.0,0.011468355543911457,0.002314438112080097,0.0007666801102459431
679.0,681.0,0.014899232424795628,0.007928116247057915,0.005982897710055113
680.0,682.0,0.008243987336754799,0.015730280429124832,0.017329618334770203
681.0,683.0,0.01777084916830063,0.002307912800461054,0.01212488953024149
682.0,684.0,0.018492210656404495,0.002099689096212387,0.0
683.0,685.0,0.029433907940983772,0.0060462960973382,0.011766512878239155
684.0,686.0,0.02301550656557083,0.011375084519386292,0.013678425922989845
685.0,687.0,0.004499303642660379,0.0005796011537313461,0.0
686.0,688.0,0.009132608771324158,0.0,0.008499521762132645
687.0,689.0,0.0145335141569376,0.008434570394456387,0.0067557599395513535
688.0,690.0,0.01346682570874691,0.007944505661725998,0.010821675881743431
689.0,691.0,0.012053151614964008,0.005101618357002735,0.01509045995771885
690.0,692.0,0.01839275099337101,0.00942612998187542,0.015009410679340363
691.0,693.0,0.008164498955011368,0.0,0.0
692.0,694.0,0.016490254551172256,0.0,0.015463332645595074
693.0,695.0,0.032550059258937836,0.008752226829528809,0.00738693680614233
694.0,696.0,0.02359728328883648,0.004880962427705526,0.0009029866196215153
695.0,697.0,0.004767034202814102,0.00696212612092495,0.011504101566970348
696.0,698.0,0.01681058667600155,0.0,0.0
697.0,699.0,0.01851324737071991,0.0,0.0
698.0,700.0,0.008708357810974121,0.005373813211917877,0.0012824060395359993
699.0,701.0,0.020501241087913513,0.005134015344083309,0.005831686779856682
700.0,702.0,0.02349921315908432,0.0051424698904156685,0.007504391483962536
701.0,703.0,0.022393763065338135,0.006674871779978275,0.009273567236959934
702.0,704.0,0.016093382611870766,0.006871113087981939,0.011373180896043777
703.0,705.0,0.011048439890146255,0.002399735851213336,0.011359506286680698
704.0,706.0,0.006709514185786247,0.0157947838306427,0.0
705.0,707.0,0.02074853703379631,0.008204378187656403,0.01627195253968239
706.0,708.0,0.013938244432210922,0.002994196256622672,0.009821408428251743
707.0,709.0,0.010471398010849953,0.0,0.0033536655828356743
708.0,710.0,0.015095249749720097,0.01310412771999836,0.007852667942643166
709.0,711.0,0.015647031366825104,0.011072633787989616,0.016669638454914093
710.0,712.0,0.0028936369344592094,0.004819572437554598,0.01037684828042984
711.0,713.0,0.01041840948164463,0.0,0.003006640123203397
712.0,714.0,0.027109019458293915,0.0,0.01126379705965519
713.0,715.0,0.022019527852535248,0.00439088512212038,0.01409948244690895
714.0,716.0,0.01945691742002964,0.01248406432569027,0.00318099744617939
715.0,717.0,0.017404943704605103,0.008058696053922176,0.0010745686013251543
716.0,718.0,0.00847445335239172,0.0065846373327076435,0.0018677311018109322
717.0,719.0,0.003628471167758107,0.006850841920822859,0.00751376710832119
718.0,720.0,0.019938504323363304,0.002008118201047182,0.0033544308971613646
719.0,721.0,0.016430813819169998,0.007920912466943264,0.011676261201500893
720.0,722.0,0.014393342658877373,0.007752528414130211,0.00826457142829895
721.0,723.0,0.02528288960456848,0.0,0.004893746692687273
722.0,724.0,0.03416047245264053,0.0,0.009955702349543571
723.0,725.0,0.014371845871210098,0.0,0.011131723411381245
724.0,726.0,0.010521896183490753,0.010046322830021381,0.01384652964770794
725.0,727.0,0.01384284533560276,0.00961137656122446,0.007616235874593258
726.0,728.0,0.022555161267518997,0.0,0.010592659004032612
727.0,729.0,0.016172882169485092,0.0,0.0028036481235176325
728.0,730.0,0.0012192169670015574,0.00725027360022068,0.003361525945365429
729.0,731.0,0.01440663542598486,0.008665948174893856,0.015026774257421494
730.0,732.0,0.0,0.017227862030267715,0.0
731.0,733.0,0.022721916437149048,0.009699513204395771,0.017581406980752945
732.0,734.0,0.02719922922551632,0.018656112253665924,0.018406467512249947
733.0,735.0,0.008179102092981339,0.012417733669281006,0.011950063519179821
734.0,736.0,0.009669147431850433,0.01168789342045784,0.017856338992714882
735.0,737.0,0.022044101729989052,0.007635669317096472,0.020197097212076187
736.0,738.0,0.022023331373929977,0.006894806865602732,0.018301842734217644
737.0,739.0,0.01850600354373455,0.00854031927883625,0.010563837364315987
738.0,740.0,0.01248155627399683,0.013978012837469578,0.012754837051033974
739.0,741.0,0.014247128739953041,0.0030235345475375652,0.0
740.0,742.0,0.01759561151266098,0.0,0.0
741.0,743.0,0.02033856324851513,0.0,0.0032137157395482063
742.0,744.0,0.01270933635532856,0.0017751473933458328,0.0019034664146602154
743.0,745.0,0.027827704325318336,0.012532861903309822,0.01631881669163704
744.0,746.0,0.01662912592291832,0.006043293047696352,0.012202353216707706
745.0,747.0,0.01842789351940155,0.0,0.02125166729092598
746.0,748.0,0.0,0.026644757017493248,0.008378527127206326
747.0,749.0,0.02185618132352829,0.007791249547153711,0.013622956350445747
748.0,750.0,0.022818055003881454,0.009865054860711098,0.02175121009349823
749.0,751.0,0.02430722489953041,0.0,0.01389616634696722
750.0,752.0,0.027598336338996887,0.0,0.0049034059047698975
751.0,753.0,0.018353965133428574,0.0,0.0015998128801584244
752.0,754.0,0.025750352069735527,0.0,0.0012273462489247322
753.0,755.0,0.019140800461173058,0.0005015137139707804,0.0
754.0,756.0,0.013061167672276497,0.013166513293981552,0.0017893388867378235
755.0,757.0,0.015205887146294117,0.011929287575185299,0.008895964361727238
756.0,758.0,0.019655343145132065,0.0065605188719928265,0.0042944601736962795
757.0,759.0,0.024960758164525032,0.0,0.0010418882593512535
758.0,760.0,0.01905423030257225,0.0,0.0
759.0,761.0,0.006830188911408186,0.0,0.0038517219945788383
760.0,762.0,0.007464712951332331,0.0,0.002515046391636133
761.0,763.0,0.012943211011588573,0.012869657017290592,0.0014880956150591373
762.0,764.0,0.015573238022625446,0.0042672911658883095,0.006543690804392099
763.0,765.0,0.02626625820994377,0.0,0.0
764.0,766.0,0.027874112129211426,0.0,0.007948147132992744
765.0,767.0,0.02014744281768799,0.0,0.013243398629128933
766.0,768.0,0.019930392503738403,0.0,0.0030436310917139053
767.0,769.0,0.018831726163625717,0.0,0.005732311867177486
768.0,770.0,0.016546644270420074,0.0,0.004469731822609901
769.0,771.0,0.016641806811094284,0.008825710043311119,0.013685869053006172
770.0,772.0,0.017052821815013885,0.0,0.005046410486102104
771.0,773.0,0.025945957750082016,0.0,0.0022161889355629683
772.0,774.0,0.021261516958475113,0.0,0.0
773.0,775.0,0.01806238852441311,0.0,0.0
774.0,776.0,0.026459384709596634,0.0,1.6392674297094345e-05
775.0,777.0,0.022900957614183426,0.012361874803900719,0.0
776.0,778.0,0.005431755445897579,0.00800807774066925,0.0
777.0,779.0,0.01512981578707695,0.0,0.016938140615820885
778.0,780.0,0.023302890360355377,0.004075842909514904,0.0030441260896623135
779.0,781.0,0.01826953887939453,0.0,0.00227268785238266
780.0,782.0,0.01981310173869133,0.0,0.013976365327835083
781.0,783.0,0.012155124917626381,0.0,0.0
782.0,784.0,0.013336015865206718,0.0,0.0
783.0,785.0,0.016362939029932022,0.0,0.0
784.0,786.0,0.014394368976354599,0.0,0.0010544878896325827
785.0,787.0,0.02076021581888199,0.0,0.006836988031864166
786.0,788.0,0.03325045108795166,0.0,0.006789873354136944
787.0,789.0,0.023746145889163017,0.0,0.022487975656986237
788.0,790.0,0.01387493871152401,0.019192755222320557,0.028941281139850616
789.0,791.0,0.016131946817040443,0.022227246314287186,0.015995312482118607
790.0,792.0,0.011754597537219524,0.000493448693305254,0.005051659420132637
791.0,793.0,0.013906590640544891,0.011064108461141586,0.00587476184591651
792.0,794.0,0.01333302166312933,0.021718453615903854,0.00992369931191206
793.0,795.0,0.01684768870472908,0.004133984446525574,0.000770478742197156
794.0,796.0,0.02098117396235466,0.0,0.0027013160288333893
795.0,797.0,0.021777227520942688,0.0,0.00522492453455925
796.0,798.0,0.01971903070807457,0.0,0.007479503750801086
797.0,799.0,0.006582930684089661,0.003552991896867752,0.012282942421734333
798.0,800.0,0.01685289479792118,0.0,0.0013902827631682158
799.0,801.0,0.020356878638267517,0.0,0.006398300640285015
800.0,802.0,0.01943211257457733,0.0,0.0018428447656333447
801.0,803.0,0.010675004683434963,0.0,0.0
802.0,804.0,0.0034935588482767344,0.005134295672178268,0.003125096671283245
803.0,805.0,0.0030835254583507776,0.000674540176987648,0.008970513008534908
804.0,806.0,0.01460255403071642,0.0,0.006455449853092432
805.0,807.0,0.02353474870324135,0.0,0.0
806.0,808.0,0.027934813871979713,0.0,0.01085752621293068
807.0,809.0,0.016108863055706024,0.0016441848129034042,0.018741168081760406
808.0,810.0,0.0050900219939649105,0.01227363757789135,0.014016003347933292
809.0,811.0,0.008545998483896255,0.007284526713192463,0.009367261081933975
810.0,812.0,0.00756897684186697,0.007895020768046379,0.013267380185425282
811.0,813.0,0.006954668089747429,0.012111385352909565,0.010816609486937523
812.0,814.0,0.00718199135735631,0.0,0.014486106112599373
813.0,815.0,0.003979189787060022,0.0,0.0
814.0,816.0,0.00011421181261539459,0.015008371323347092,0.008231960237026215
815.0,817.0,0.0,0.016922596842050552,0.01818416453897953
816.0,818.0,0.010034742765128613,0.035922978073358536,0.006135949864983559
817.0,819.0,0.00920521467924118,0.01953175663948059,0.01293235458433628
818.0,820.0,0.0018415707163512707,0.0,0.015344957821071148
819.0,821.0,0.011410086415708065,0.006752367597073317,0.017460517585277557
820.0,822.0,0.007855584844946861,0.019461827352643013,0.0059141963720321655
821.0,823.0,0.013124200515449047,0.005508466623723507,0.0
822.0,824.0,0.01242322288453579,0.0,0.0
823.0,825.0,0.01122925616800785,0.0061678774654865265,0.0013593584299087524
824.0,826.0,0.02365250699222088,0.0,0.005257030017673969
825.0,827.0,0.024651145562529564,0.0,0.008065169677138329
826.0,828.0,0.009194305166602135,0.010710431262850761,0.0025142496451735497
827.0,829.0,0.020052816718816757,0.012445671483874321,0.0
828.0,830.0,0.007038100156933069,0.0,0.0
829.0,831.0,0.008868726901710033,0.0,0.0031449547968804836
830.0,832.0,0.013180469162762165,0.003888203762471676,0.0
831.0,833.0,0.011047892272472382,0.011239116080105305,0.0
832.0,834.0,0.006878322921693325,0.0,0.000710577704012394
833.0,835.0,0.021435784175992012,0.0,0.002505100332200527
834.0,836.0,0.014857352711260319,0.0036567705683410168,0.011027297005057335
835.0,837.0,0.007729334756731987,0.0008166953921318054,4.3231528252363205e-05
836.0,838.0,0.0057661207392811775,0.0,0.0038222705479711294
837.0,839.0,0.007044774480164051,0.0001275273971259594,0.004963562823832035
838.0,840.0,0.0019464027136564255,0.0,0.00853740330785513
839.0,841.0,0.0,0.0,0.0
840.0,842.0,0.0,0.0,0.0
841.0,843.0,0.012428096495568752,0.002680490491911769,0.007949764840304852
842.0,844.0,0.014681186527013779,0.0,0.0043521178886294365
843.0,845.0,0.008648996241390705,0.0,0.007479109801352024
844.0,846.0,0.020692666992545128,0.0,0.0036332914605736732
845.0,847.0,0.019102513790130615,0.0,0.007802027743309736
846.0,848.0,0.008737513795495033,0.0,0.0
847.0,849.0,0.022378835827112198,0.008053714409470558,0.004033619072288275
848.0,850.0,0.012748297303915024,0.0,0.0
849.0,851.0,0.00870570819824934,0.0,0.0
850.0,852.0,0.008480168879032135,0.0,0.0
851.0,853.0,0.007334593683481216,0.0,0.0
852.0,854.0,0.012357784435153008,0.0,0.00446647172793746
853.0,855.0,0.00611197529360652,0.015611287206411362,0.0
854.0,856.0,0.017863694578409195,0.011335278861224651,0.0
855.0,857.0,0.0,0.005806935951113701,0.0
856.0,858.0,0.0,0.0,0.010230975225567818
857.0,859.0,0.012852270156145096,0.006191720254719257,0.02294161543250084
858.0,860.0,0.012346349656581879,0.006363103166222572,0.01939813420176506
859.0,861.0,0.0,0.009377519600093365,0.012717898003757
860.0,862.0,0.02505502849817276,0.0,0.01412713248282671
861.0,863.0,0.020446673035621643,0.004618776496499777,0.01123473048210144
862.0,864.0,0.01305579673498869,0.015398992225527763,0.01594443991780281
863.0,865.0,0.02479511871933937,0.002149927197024226,0.009411354549229145
864.0,866.0,0.008766913786530495,0.01193020585924387,0.006511935498565435
865.0,867.0,0.009940749034285545,0.011218298226594925,0.012332295998930931
866.0,868.0,0.020837906748056412,0.0,0.002608956303447485
867.0,869.0,0.023739952594041824,0.014406486414372921,0.014643888920545578
868.0,870.0,0.015157190151512623,0.012294669635593891,0.00689080823212862
869.0,871.0,0.00443507032468915,0.0093942666426301,0.008591548539698124
870.0,872.0,0.003541370388120413,0.012386948801577091,0.0008049909956753254
871.0,873.0,0.0011383520904928446,0.003208952257409692,0.0034524784423410892
872.0,874.0,0.0171187836676836,0.0075940294191241264,0.002451432403177023
873.0,875.0,0.01597432605922222,0.00751122459769249,0.011539597064256668
874.0,876.0,0.014426194131374359,0.0073327794671058655,0.0
875.0,877.0,0.014088934287428856,0.0012796735391020775,0.0
876.0,878.0,0.014252995140850544,0.002338145161047578,0.0
877.0,879.0,0.01299368403851986,0.005481132306158543,0.011717259883880615
878.0,880.0,0.017757536843419075,0.0013332893140614033,0.0
879.0,881.0,0.014809413813054562,0.012629427947103977,0.009358440525829792
880.0,882.0,0.007229228504002094,0.004375697113573551,0.013327784836292267
881.0,883.0,0.002614454133436084,0.005555462092161179,0.016288843005895615
882.0,884.0,0.011197658255696297,0.0,0.011855671182274818
883.0,885.0,0.0165097713470459,0.0,0.0
884.0,886.0,0.029521364718675613,0.0003144722431898117,0.0
885.0,887.0,0.025143679231405258,0.0,0.0045396569184958935
886.0,888.0,0.021124083548784256,0.0,0.004750005900859833
887.0,889.0,0.012109187431633472,0.012991360388696194,0.0057357437908649445
888.0,890.0,0.0020508719608187675,0.033214110881090164,0.008367069065570831
889.0,891.0,0.004470727406442165,0.01878768764436245,0.0
890.0,892.0,0.016280660405755043,0.012913351878523827,0.008003756403923035
891.0,893.0,0.022994890809059143,0.0,0.008933070115745068
892.0,894.0,0.01692911982536316,0.0,0.006926405243575573
893.0,895.0,0.010746747255325317,0.0,0.003994180355221033
894.0,896.0,0.004084505140781403,0.013275275938212872,0.02327706292271614
895.0,897.0,0.0010001565096899867,0.020396295934915543,0.01057937741279602
896.0,898.0,0.0015926726628094912,0.00630658445879817,0.0
897.0,899.0,0.01852034032344818,0.004563959315419197,0.01280968077480793
898.0,900.0,0.026826074346899986,0.0,0.00669337622821331
899.0,901.0,0.014950813725590706,0.00882495567202568,9.293854236602783e-05
900.0,902.0,0.00940762646496296,0.014252739027142525,0.009559456259012222
901.0,903.0,0.003380589885637164,0.015672245994210243,0.003827241249382496
902.0,904.0,0.014664370566606522,0.011853429488837719,0.0
903.0,905.0,0.019923657178878784,0.00382606266066432,0.005489096511155367
904.0,906.0,0.0029888416174799204,0.0001652296632528305,0.01068028062582016
905.0,907.0,0.0165138877928257,0.0,0.0025359559804201126
906.0,908.0,0.023193705826997757,0.0,0.0
907.0,909.0,0.024837307631969452,0.0,0.0023270221427083015
908.0,910.0,0.01583852618932724,0.0014944544527679682,0.0
909.0,911.0,0.019400255754590034,0.0,0.000258556567132473
910.0,912.0,0.013412287458777428,0.005270666442811489,0.0021176752634346485
911.0,913.0,0.008430328220129013,0.010602228343486786,0.013474317267537117
912.0,914.0,0.0,0.013820404186844826,0.012288771569728851
913.0,915.0,0.0,0.008581787347793579,0.009231997653841972
914.0,916.0,0.0,0.004128891043365002,0.0029062111862003803
915.0,917.0,0.011592353694140911,0.005033314693719149,0.016402916982769966
916.0,918.0,0.019045118242502213,0.008042000234127045,0.01821845956146717
917.0,919.0,0.01087898574769497,0.004837406799197197,0.007972879335284233
918.0,920.0,0.004792867694050074,0.008772991597652435,0.010662754997611046
919.0,921.0,0.001497461460530758,0.01604725979268551,0.01430869847536087
920.0,922.0,0.004639727529138327,0.03244847059249878,0.020448338240385056
921.0,923.0,0.014532167464494705,0.02057654596865177,0.022034473717212677
922.0,924.0,0.01827128976583481,0.024111513048410416,0.012529084458947182
923.0,925.0,0.011556608602404594,0.008490161970257759,0.0031454507261514664
924.0,926.0,0.0056736888363957405,0.0,0.006476010195910931
925.0,927.0,0.0,0.0014469646848738194,0.011882565915584564
926.0,928.0,0.013381263241171837,0.004644657019525766,0.009319637902081013
927.0,929.0,0.006184243131428957,0.006858500186353922,0.0
928.0,930.0,0.004430744796991348,0.015624970197677612,0.003913768567144871
929.0,931.0,0.010877307504415512,0.012346900999546051,0.0010423604398965836
930.0,932.0,0.018131602555513382,0.0,0.0
931.0,933.0,0.007198941428214312,0.0,0.0
932.0,934.0,0.004192863591015339,0.004831139929592609,0.008359352126717567
933.0,935.0,0.0004091523587703705,0.019928453490138054,0.022013412788510323
934.0,936.0,0.0005305726081132889,0.017644600942730904,0.02188602276146412
935.0,937.0,0.009254030883312225,0.02190423011779785,0.018296657130122185
936.0,938.0,0.0024172712583094835,0.026069635525345802,0.004644302185624838
937.0,939.0,0.0032768785022199154,0.01726730912923813,0.0
938.0,940.0,0.01602514646947384,0.007165202405303717,0.0029573875945061445
939.0,941.0,0.015647191554307938,0.013941777870059013,0.013115125708281994
940.0,942.0,0.01256485190242529,0.010099506005644798,0.008168825879693031
941.0,943.0,0.013238778337836266,0.0,0.003168904222548008
942.0,944.0,0.019828971475362778,0.0,0.005545052234083414
943.0,945.0,0.01764094829559326,0.007692900951951742,0.005444316193461418
944.0,946.0,0.00834730640053749,0.012168736197054386,0.002377111930400133
945.0,947.0,0.008967618457973003,0.025306392461061478,0.0211869515478611
946.0,948.0,0.0,0.017309140413999557,0.011237318627536297
947.0,949.0,0.0200772974640131,0.023056061938405037,0.00680954847484827
948.0,950.0,0.024759482592344284,0.018060773611068726,0.006873180624097586
949.0,951.0,0.01307382620871067,0.010797913186252117,0.0019124476239085197
950.0,952.0,0.008709373883903027,0.010797085240483284,0.005893230438232422
951.0,953.0,0.0031837569549679756,0.0013029365800321102,0.0
952.0,954.0,0.03651827573776245,0.003881873097270727,0.005045152269303799
953.0,955.0,0.029205389320850372,0.00522629776969552,0.00742727005854249
954.0,956.0,0.026907626539468765,0.0,0.01558653637766838
955.0,957.0,0.03083493933081627,0.0015434877714142203,0.009342079982161522
956.0,958.0,0.012294578365981579,0.0,0.017680957913398743
957.0,959.0,0.018190938979387283,0.00318272621370852,0.016651533544063568
958.0,960.0,0.011753574013710022,0.0171978659927845,0.010028891265392303
959.0,961.0,0.015453804284334183,0.02187195047736168,0.016241515055298805
960.0,962.0,0.01917169988155365,0.013243727385997772,0.003682557260617614
961.0,963.0,0.016007281839847565,0.019104070961475372,0.00606707064434886
962.0,964.0,0.024517782032489777,0.0,0.001623537391424179
963.0,965.0,0.027385633438825607,0.0,0.005036008544266224
964.0,966.0,0.031900860369205475,0.0008018394000828266,0.012594195082783699
965.0,967.0,0.027671948075294495,0.0,0.0013581858947873116
966.0,968.0,0.016104329377412796,0.009347937069833279,0.000311228446662426
967.0,969.0,0.014433012343943119,0.0031245825812220573,0.004885388538241386
968.0,970.0,0.015167268924415112,0.008644483052194118,0.023915622383356094
969.0,971.0,0.006270329002290964,0.00577628705650568,0.022736594080924988
970.0,972.0,0.018337000161409378,0.009464038535952568,0.013057973235845566
971.0,973.0,0.01952330395579338,0.014861946925520897,0.010283675976097584
972.0,974.0,0.01913096010684967,0.0,0.0
973.0,975.0,0.011198766529560089,0.0,0.0
974.0,976.0,0.015499492175877094,0.004448368214070797,0.0035344460047781467
975.0,977.0,0.011990106664597988,0.001770862378180027,0.00905567780137062
976.0,978.0,0.019366860389709473,0.0,0.022246088832616806
977.0,979.0,0.0,0.02449345961213112,0.0
978.0,980.0,0.011505519039928913,0.0,0.002914507407695055
979.0,981.0,0.012966219335794449,0.0015482523012906313,0.007478533778339624
980.0,982.0,0.018365303054451942,0.0038809520192444324,0.02390233799815178
981.0,983.0,0.012895187363028526,0.022403450682759285,0.023493405431509018
982.0,984.0,0.009745582938194275,0.0066112615168094635,0.019399890676140785
983.0,985.0,0.010424182750284672,0.009469849988818169,0.010065361857414246
984.0,986.0,0.005363774951547384,0.026993360370397568,0.0
985.0,987.0,0.026870647445321083,0.011396433226764202,0.0
986.0,988.0,0.023315858095884323,0.001447649672627449,0.01944124698638916
987.0,989.0,0.008138353005051613,0.027347471565008163,0.004459272604435682
988.0,990.0,0.008206089958548546,0.0069451830349862576,0.0
989.0,991.0,0.01257138978689909,0.005681756883859634,0.009033228270709515
990.0,992.0,0.018991652876138687,0.01270638220012188,0.01768535003066063
991.0,993.0,0.01541049312800169,0.01025484036654234,0.013372668996453285
992.0,994.0,0.017962975427508354,0.0,0.0007642945274710655
993.0,995.0,0.023147067055106163,1.5159603208303452e-05,0.003034715773537755
994.0,996.0,0.010325834155082703,0.0016014175489544868,0.0
995.0,997.0,0.004109119065105915,0.009598959237337112,0.01986685022711754
996.0,998.0,0.0,0.007818671874701977,0.0
997.0,999.0,0.0,0.027087660506367683,0.00836719386279583
998.0,1000.0,0.014514314942061901,0.018090572208166122,0.000597706064581871
999.0,1001.0,0.024041853845119476,0.0,0.005099585745483637
1000.0,1002.0,0.01720729097723961,0.00803275778889656,0.007789911236613989
1001.0,1003.0,0.020034361630678177,0.0007923687808215618,0.011195143684744835
1002.0,1004.0,0.016807734966278076,0.002567226067185402,0.007046943996101618
1003.0,1005.0,0.03183872625231743,0.0,0.002433104906231165
1004.0,1006.0,0.019995972514152527,0.0,0.015849266201257706
1005.0,1007.0,0.006379515863955021,0.012286102399230003,0.009436704218387604
1006.0,1008.0,0.01532546617090702,0.008268077857792377,0.013609551824629307
1007.0,1009.0,0.018249332904815674,0.0,0.007253232877701521
1008.0,1010.0,0.006082236301153898,0.0,0.010874556377530098
1009.0,1011.0,0.0,0.024784423410892487,0.012277902103960514
1010.0,1012.0,0.0,0.02332196943461895,0.0
1011.0,1013.0,0.0,0.007707536220550537,0.0
1012.0,1014.0,0.0036042560823261738,0.0063080256804823875,0.010808385908603668
1013.0,1015.0,0.011589926667511463,0.004897844046354294,0.005717944353818893
1014.0,1016.0,0.013145474717020988,0.011303347535431385,0.0029675993137061596
1015.0,1017.0,0.017211325466632843,0.008363433182239532,0.005702413152903318
1016.0,1018.0,0.022889235988259315,0.003313262015581131,0.0
1017.0,1019.0,0.011968194507062435,0.001368474680930376,0.0
1018.0,1020.0,0.004867699462920427,0.007425600662827492,0.0
1019.0,1021.0,0.0024278219789266586,0.0,0.0
1020.0,1022.0,0.02026982791721821,0.003018166869878769,0.009010842069983482
1021.0,1023.0,0.014528676867485046,0.005538000725209713,0.027253884822130203
1022.0,1024.0,0.012020278722047806,0.0,0.012194900773465633
1023.0,1025.0,0.015748310834169388,0.0,0.0070619527250528336
1024.0,1026.0,0.013059206306934357,0.0,0.007608999963849783
1025.0,1027.0,0.009998073801398277,0.0009420327842235565,0.015207215212285519
1026.0,1028.0,0.008883774280548096,0.0010154396295547485,0.016088567674160004
1027.0,1029.0,0.002954149851575494,0.004152639769017696,0.004421164281666279
1028.0,1030.0,0.011939452961087227,0.002035047858953476,0.0006786186713725328
1029.0,1031.0,0.011498631909489632,0.0038047251291573048,0.01285292487591505
1030.0,1032.0,0.0,0.00517295952886343,0.0
1031.0,1033.0,0.0,0.007962815463542938,0.0022722999565303326
1032.0,1034.0,0.0054644085466861725,0.0,0.0
1033.0,1035.0,0.017056841403245926,0.009282978251576424,0.010595656931400299
1034.0,1036.0,0.007750094868242741,0.008480122312903404,0.010351553559303284
1035.0,1037.0,0.017273928970098495,0.013008715584874153,0.010295907966792583
1036.0,1038.0,0.03147174417972565,0.0035628497134894133,0.007857570424675941
1037.0,1039.0,0.028459031134843826,0.0,0.0
1038.0,1040.0,0.024493157863616943,0.0,0.0
1039.0,1041.0,0.023654859513044357,0.007368302904069424,0.0019891459960490465
1040.0,1042.0,0.02251163125038147,0.0036255051381886005,0.008559878915548325
1041.0,1043.0,0.015418821014463902,0.0008155079558491707,0.011504026129841805
1042.0,1044.0,0.01616714335978031,0.0003373473882675171,0.006818990223109722
1043.0,1045.0,0.021864084526896477,0.01293062325567007,0.007660674396902323
1044.0,1046.0,0.018105071038007736,0.012876477092504501,0.006055939942598343
1045.0,1047.0,0.016836069524288177,0.0,0.0
1046.0,1048.0,0.013090385124087334,0.0,0.0
1047.0,1049.0,0.006987186148762703,0.0,0.0
1048.0,1050.0,0.008808884769678116,0.0,0.0
1049.0,1051.0,0.006818416062742472,0.0,0.014577706344425678
1050.0,1052.0,0.004424886777997017,0.0,0.01409018412232399
1051.0,1053.0,0.008889448828995228,0.0,0.018227020278573036
1052.0,1054.0,0.0,0.0,0.0109476950019598
1053.0,1055.0,0.002950352383777499,0.012876896187663078,0.019306011497974396
1054.0,1056.0,0.0028373077511787415,0.02570442669093609,0.0010985732078552246
1055.0,1057.0,0.0,0.011523941531777382,0.008001505397260189
1056.0,1058.0,0.012766408734023571,0.0041525764390826225,0.006227151956409216
1057.0,1059.0,0.017117230221629143,0.0,0.0
1058.0,1060.0,0.014285460114479065,0.0,0.0012246863916516304
1059.0,1061.0,0.02367551252245903,0.0,0.0
1060.0,1062.0,0.013270724564790726,0.014088178053498268,0.0
1061.0,1063.0,0.012457994744181633,0.010598101653158665,0.004355845041573048
1062.0,1064.0,0.017516907304525375,0.004770251922309399,0.008439712226390839
1063.0,1065.0,0.018580621108412743,0.018608098849654198,0.0022322898730635643
1064.0,1066.0,0.026621216908097267,0.0,0.0
1065.0,1067.0,0.02173878625035286,0.001609879545867443,0.0
1066.0,1068.0,0.015386124141514301,0.01620635762810707,0.0
1067.0,1069.0,0.013299975544214249,0.012307267636060715,0.0
1068.0,1070.0,0.0,0.0,0.0
1069.0,1071.0,0.010630046017467976,0.006077731028199196,0.0
1070.0,1072.0,0.016723722219467163,0.0016570761799812317,0.004880198743194342
1071.0,1073.0,0.00983729213476181,0.0,0.006876909174025059
1072.0,1074.0,0.012131434865295887,0.0,0.0008467896841466427
1073.0,1075.0,0.012859567999839783,0.0,0.0
1074.0,1076.0,0.010107454843819141,0.0,0.0
1075.0,1077.0,0.01849210262298584,0.008342458866536617,0.004276413470506668
1076.0,1078.0,0.016348350793123245,0.004582670982927084,0.0
1077.0,1079.0,0.0049681467935442924,0.006087409798055887,0.002717790426686406
1078.0,1080.0,0.0118907131254673,0.0,0.0
1079.0,1081.0,0.015011612325906754,0.004307592287659645,0.0
1080.0,1082.0,0.017473312094807625,0.012384029105305672,0.0024293228052556515
1081.0,1083.0,0.00935535691678524,0.007871902547776699,0.0
1082.0,1084.0,0.014412617310881615,0.007384357042610645,0.0
1083.0,1085.0,0.01680636592209339,0.010163966566324234,0.0
1084.0,1086.0,0.01514432393014431,0.00463355565443635,0.002007073722779751
1085.0,1087.0,0.009534054435789585,0.00745211448520422,0.0
1086.0,1088.0,0.01024533249437809,0.007309968117624521,0.0021167134400457144
1087.0,1089.0,0.00851925928145647,0.007797683123499155,0.0
1088.0,1090.0,0.009799649938941002,0.006603372283279896,0.0
1089.0,1091.0,0.027286691591143608,0.00034077465534210205,0.0
1090.0,1092.0,0.017188582569360733,0.0010487418621778488,0.0
1091.0,1093.0,0.004196103662252426,0.002748312894254923,0.0
1092.0,1094.0,0.011296061798930168,0.0,0.0016496842727065086
1093.0,1095.0,0.017206374555826187,0.0,0.0
1094.0,1096.0,0.012660777196288109,0.0,0.0023189466446638107
1095.0,1097.0,0.009845162741839886,0.0,0.005055767018347979
1096.0,1098.0,0.009760224260389805,0.004835187923163176,0.0
1097.0,1099.0,0.00029586348682641983,0.010227019898593426,0.0
1098.0,1100.0,0.015023848041892052,0.003828739747405052,0.0
1099.0,1101.0,0.0063331155106425285,0.0,0.0
1100.0,1102.0,0.0,0.003928155172616243,0.0033474566880613565
1101.0,1103.0,0.0,0.026334445923566818,0.0048801531083881855
1102.0,1104.0,0.0059403604827821255,0.02453470788896084,0.0
1103.0,1105.0,0.021078523248434067,0.00790513027459383,0.0
1104.0,1106.0,0.0,0.007333862129598856,0.0
1105.0,1107.0,0.0,0.0,0.0
1106.0,1108.0,0.03062368929386139,0.005507461726665497,0.0
1107.0,1109.0,0.0062430240213871,0.0,0.01743454672396183
1108.0,1110.0,0.010249488987028599,0.0,0.013205938041210175
1109.0,1111.0,0.017273878678679466,0.003952281549572945,0.018484365195035934
1110.0,1112.0,0.004728206433355808,0.019405726343393326,0.02431267313659191
1111.0,1113.0,0.0028704856522381306,0.0,0.0025902404449880123
1112.0,1114.0,0.01280185766518116,0.0,0.005089204758405685
1113.0,1115.0,0.025424513965845108,0.0,0.016107402741909027
1114.0,1116.0,0.02696826308965683,0.0,0.00920986570417881
1115.0,1117.0,0.0037358636036515236,0.009660812094807625,0.003560270182788372
1116.0,1118.0,0.0,0.0,0.0019480343908071518
1117.0,1119.0,0.017671579495072365,0.009951215237379074,0.010345668531954288
1118.0,1120.0,0.011112501844763756,0.0,0.000558147206902504
1119.0,1121.0,0.0022578826174139977,0.0,0.0
1120.0,1122.0,0.0,0.004738645628094673,0.0
1121.0,1123.0,0.013773653656244278,0.009407720528542995,0.0029415632598102093
1122.0,1124.0,0.030262818560004234,0.0,0.0
1123.0,1125.0,0.026367438957095146,0.0014374461024999619,0.0
1124.0,1126.0,0.01983567140996456,0.013602882623672485,0.01523960568010807
1125.0,1127.0,2.69915908575058e-05,0.013166978023946285,0.006161470897495747
1126.0,1128.0,0.010773593559861183,0.0,0.009863023646175861
1127.0,1129.0,0.011323867365717888,0.0,0.00023962650448083878
1128.0,1130.0,0.01242850348353386,0.0,0.0025586197152733803
1129.0,1131.0,0.002723187441006303,0.0138158667832613,0.0013149764854460955
1130.0,1132.0,0.0005667306249961257,0.018275665119290352,0.0
1131.0,1133.0,0.0,0.024431677535176277,0.009314465336501598
1132.0,1134.0,0.010657906532287598,0.0037190821021795273,0.0
1133.0,1135.0,0.01880975253880024,0.0,0.010913539677858353
1134.0,1136.0,0.024464301764965057,0.0,0.0033136652782559395
1135.0,1137.0,0.01959139108657837,0.0,0.00863354466855526
1136.0,1138.0,0.019463643431663513,0.00260711507871747,0.006336864549666643
1137.0,1139.0,0.004020716995000839,0.0,0.0015735137276351452
1138.0,1140.0,0.005592679604887962,0.0,0.003421712899580598
1139.0,1141.0,0.007247039582580328,0.005980961956083775,0.0001319407019764185
1140.0,1142.0,0.02254793792963028,0.00978400744497776,0.009238433092832565
1141.0,1143.0,0.024261310696601868,0.022109799087047577,0.005025200080126524
1142.0,1144.0,0.013785186223685741,0.00945388711988926,0.002760640811175108
1143.0,1145.0,0.01843327283859253,0.012233351357281208,0.011477570049464703
1144.0,1146.0,0.02002507448196411,0.010017456486821175,0.011343930847942829
1145.0,1147.0,0.019134528934955597,0.013018259778618813,0.005624344106763601
1146.0,1148.0,0.009552624076604843,0.018961362540721893,0.006024290807545185
1147.0,1149.0,0.019762329757213593,0.00768919475376606,0.008360620588064194
1148.0,1150.0,0.008880699053406715,0.008254342712461948,0.013441063463687897
1149.0,1151.0,0.0056312065571546555,0.002502670744433999,0.005690026096999645
1150.0,1152.0,0.0027189829852432013,0.0045928955078125,0.005815041251480579
1151.0,1153.0,0.014073947444558144,0.0,0.0
1152.0,1154.0,0.01927463710308075,0.0,0.0
1153.0,1155.0,0.013219783082604408,0.0,0.0
1154.0,1156.0,0.025463737547397614,0.006740919314324856,0.0
1155.0,1157.0,0.02041974663734436,0.02232818678021431,0.005959205329418182
1156.0,1158.0,0.017811065539717674,0.01359059289097786,0.005825501400977373
1157.0,1159.0,0.026946157217025757,0.0,0.0
1158.0,1160.0,0.026044070720672607,0.0,0.004244559444487095
1159.0,1161.0,0.021884482353925705,0.0,0.00434340862557292
1160.0,1162.0,0.020953740924596786,0.020569216459989548,0.01244979165494442
1161.0,1163.0,0.027947980910539627,0.008340097963809967,0.007719134446233511
1162.0,1164.0,0.024768492206931114,0.00048579368740320206,0.006750438362360001
1163.0,1165.0,0.008786705322563648,0.00884922407567501,0.00943771842867136
1164.0,1166.0,0.017000067979097366,0.015247398987412453,0.020830705761909485
1165.0,1167.0,0.019535750150680542,0.00925589818507433,0.003567868610844016
1166.0,1168.0,0.010659346356987953,0.010451748967170715,0.0
1167.0,1169.0,0.013433488085865974,0.005236675031483173,0.0
1168.0,1170.0,0.015867842361330986,0.0,0.011124450713396072
1169.0,1171.0,0.021652717143297195,0.0,0.008833911269903183
1170.0,1172.0,0.015950128436088562,0.0,0.007906950078904629
1171.0,1173.0,0.004731642082333565,0.016303565353155136,0.0
1172.0,1174.0,0.0,0.011323289945721626,0.0
1173.0,1175.0,0.00419546477496624,0.0,0.008679963648319244
1174.0,1176.0,0.004147784318774939,0.0,0.01295147929340601
1175.0,1177.0,0.0,0.0,0.008613373152911663
1176.0,1178.0,0.0,0.0,0.00906383153051138
1177.0,1179.0,0.002586721908301115,0.0,0.002389479661360383
1178.0,1180.0,0.00856097787618637,0.007698494009673595,0.0036550830118358135
1179.0,1181.0,0.009675782173871994,0.016924884170293808,0.012634538114070892
1180.0,1182.0,0.014037090353667736,0.005099717993289232,0.012388725765049458
1181.0,1183.0,0.012421216815710068,0.011598477140069008,0.0013362006284296513
1182.0,1184.0,0.01978226751089096,0.0034757808316498995,0.009514319710433483
1183.0,1185.0,0.037809863686561584,0.0,0.013339322991669178
1184.0,1186.0,0.02205144241452217,0.006886745803058147,0.008869851939380169
1185.0,1187.0,0.008655473589897156,0.014242068864405155,0.008140264078974724
1186.0,1188.0,0.006030057556927204,0.017021311447024345,0.01777268573641777
1187.0,1189.0,0.029758211225271225,0.011475322768092155,0.0072702281177043915
1188.0,1190.0,0.029873104766011238,0.00999000109732151,0.0017323197098448873
1189.0,1191.0,0.010725795291364193,0.004884104244410992,0.0
1190.0,1192.0,0.0033779991790652275,0.012792795896530151,0.0
1191.0,1193.0,0.01986568421125412,0.004015447571873665,0.007222197949886322
1192.0,1194.0,0.013213837519288063,0.0,0.005417981185019016
1193.0,1195.0,0.006434501148760319,0.0,0.00598861463367939
1194.0,1196.0,0.0,0.011796345934271812,0.010332704521715641
1195.0,1197.0,0.0,0.01773613691329956,0.0010601840913295746
1196.0,1198.0,0.004129260778427124,0.008774884976446629,0.002983617363497615
1197.0,1199.0,0.016269611194729805,0.004078231751918793,0.001975245773792267
1198.0,1200.0,0.02035616897046566,0.0,0.01323233637958765
1199.0,1201.0,0.024838540703058243,0.0,0.006596416234970093
1200.0,1202.0,0.006382467690855265,0.0,0.014392969198524952
1201.0,1203.0,0.009745823219418526,0.0,0.007093449123203754
1202.0,1204.0,0.01816905476152897,0.0,0.0048730820417404175
1203.0,1205.0,0.010342303663492203,0.0,0.003365181852132082
1204.0,1206.0,0.011505466885864735,0.002237941836938262,0.009999623522162437
1205.0,1207.0,0.01621471531689167,0.0025740605778992176,0.00780898192897439
1206.0,1208.0,0.01041822787374258,0.0,0.0
1207.0,1209.0,0.007132618688046932,0.002729097381234169,0.007261684164404869
1208.0,1210.0,0.004642138257622719,0.012142295017838478,0.0
1209.0,1211.0,0.003773406147956848,0.0069463858380913734,0.0
1210.0,1212.0,0.0,0.0032712388783693314,0.0
1211.0,1213.0,0.010494082234799862,0.004319305531680584,0.0
1212.0,1214.0,0.012285610660910606,0.006188139785081148,0.0
1213.0,1215.0,0.026581190526485443,0.008552420884370804,0.00594846298918128
1214.0,1216.0,0.01619117148220539,0.0,0.0
1215.0,1217.0,0.009252267889678478,0.0,0.006770444568246603
1216.0,1218.0,0.0222441628575325,0.0,0.009271590039134026
1217.0,1219.0,0.015426458790898323,0.0,0.0022513382136821747
1218.0,1220.0,0.010586122050881386,0.0,0.0
1219.0,1221.0,0.018799420446157455,0.0,0.011382536962628365
1220.0,1222.0,0.02516625076532364,0.0,0.005963745526969433
1221.0,1223.0,0.01706898771226406,0.0,0.001989227719604969
1222.0,1224.0,0.01253434456884861,0.0,0.0
1223.0,1225.0,0.01233142800629139,0.0,0.0
1224.0,1226.0,0.016314813867211342,0.003860838245600462,0.007426708471029997
1225.0,1227.0,0.02371809631586075,0.010921088978648186,0.0038942729588598013
1226.0,1228.0,0.017567060887813568,0.0,0.0
1227.0,1229.0,0.010284841060638428,0.0017101545818150043,0.0
1228.0,1230.0,0.007477376610040665,0.009347651153802872,0.00928750541061163
1229.0,1231.0,0.012350039556622505,0.005142839625477791,0.0
1230.0,1232.0,0.02429002709686756,0.0090772844851017,0.0017551539931446314
1231.0,1233.0,0.021199744194746017,0.018026795238256454,0.0081070177257061
1232.0,1234.0,0.015390272252261639,0.011313759721815586,0.0
1233.0,1235.0,0.012287644669413567,2.6704277843236923e-05,0.0
1234.0,1236.0,0.018052976578474045,0.0,0.013417668640613556
1235.0,1237.0,0.01865905337035656,0.0,0.014758539386093616
1236.0,1238.0,0.02478598803281784,0.0,0.012047741562128067
1237.0,1239.0,0.022257080301642418,0.005258104298263788,0.0017237383872270584
1238.0,1240.0,0.016405044123530388,0.0013630888424813747,0.011949366889894009
1239.0,1241.0,0.013664734549820423,0.0,0.0005999556742608547
1240.0,1242.0,0.01736859418451786,0.0,0.0
1241.0,1243.0,0.015933915972709656,0.0,0.0047429269179701805
1242.0,1244.0,0.008350567892193794,0.00020724115893244743,0.008340520784258842
1243.0,1245.0,0.016827097162604332,0.01115550845861435,0.01239415816962719
1244.0,1246.0,0.013406321406364441,0.007460541091859341,0.013169894926249981
1245.0,1247.0,0.015002476051449776,0.0,0.007066333666443825
1246.0,1248.0,0.01733938418328762,0.0,0.006922774016857147
1247.0,1249.0,0.01607835292816162,0.0,0.0
1248.0,1250.0,0.018815772607922554,0.0,0.0
1249.0,1251.0,0.012169713154435158,0.0,0.0
1250.0,1252.0,0.0071251713670790195,0.0,0.0
1251.0,1253.0,0.01780647225677967,0.0057451073080301285,0.0027916221879422665
1252.0,1254.0,0.022261787205934525,0.0,0.0007797796279191971
1253.0,1255.0,0.011808124370872974,0.0,0.0015114685520529747
1254.0,1256.0,0.008442954160273075,0.0047774286940693855,0.008045482449233532
1255.0,1257.0,0.003123768139630556,0.028945114463567734,0.0129657331854105
1256.0,1258.0,0.016269955784082413,0.039933037012815475,0.01769479364156723
1257.0,1259.0,0.023489704355597496,0.02167939394712448,0.014735479839146137
1258.0,1260.0,0.01180675532668829,0.007940176874399185,0.007035575807094574
1259.0,1261.0,0.009530596435070038,0.0,0.0
1260.0,1262.0,0.015234271064400673,0.0,0.0005374769680202007
1261.0,1263.0,0.017124513164162636,0.0009333235211670399,0.00328831747174263
1262.0,1264.0,0.01286478154361248,0.005886629223823547,0.005799673963338137
1263.0,1265.0,0.00837944820523262,0.0156465582549572,0.016391471028327942
1264.0,1266.0,0.011341683566570282,0.023040298372507095,0.011932448484003544
1265.0,1267.0,0.015902260318398476,0.021004846319556236,0.013388353399932384
1266.0,1268.0,0.02058980241417885,0.0,0.009667037054896355
1267.0,1269.0,0.015029178000986576,0.00024303514510393143,0.00563058303669095
1268.0,1270.0,0.009140556678175926,0.016675159335136414,0.018451618030667305
1269.0,1271.0,0.0,0.015109732747077942,0.0
1270.0,1272.0,0.0,0.0051551996730268,0.0
1271.0,1273.0,0.021265676245093346,0.004278515465557575,0.015970174223184586
1272.0,1274.0,0.01513860747218132,0.004825222305953503,0.005637396592646837
1273.0,1275.0,0.022444244474172592,0.011755899526178837,0.014161918312311172
1274.0,1276.0,0.014547186903655529,0.018491515889763832,0.01356443576514721
1275.0,1277.0,0.012152740731835365,0.0006888189818710089,0.01136788073927164
1276.0,1278.0,0.01885708048939705,0.0061607686802744865,0.02147144079208374
1277.0,1279.0,0.01928286999464035,0.016942299902439117,0.022192003205418587
1278.0,1280.0,0.0,0.010310136713087559,0.0040835230611264706
1279.0,1281.0,0.0,0.009579230099916458,0.0
1280.0,1282.0,0.014295537956058979,0.016576780006289482,0.008220860734581947
1281.0,1283.0,0.01224845927208662,0.011401604861021042,0.00907849706709385
1282.0,1284.0,0.011926490813493729,0.00564951915293932,0.0019440962933003902
1283.0,1285.0,0.014325469732284546,0.010680386796593666,0.007202925626188517
1284.0,1286.0,0.018176088109612465,0.005714885890483856,0.003376503475010395
1285.0,1287.0,0.010649262927472591,0.0007263997104018927,0.0063633969984948635
1286.0,1288.0,0.009912582114338875,0.004225734155625105,0.0020016375929117203
1287.0,1289.0,0.0022766911424696445,0.007959706708788872,0.0006273728795349598
1288.0,1290.0,0.019015541300177574,0.001857856521382928,0.0
1289.0,1291.0,0.016468556597828865,0.0,0.0
1290.0,1292.0,0.017250150442123413,0.0,0.0
1291.0,1293.0,0.013897623866796494,0.006460880860686302,0.006048440933227539
1292.0,1294.0,0.0,0.00888032652437687,0.0
1293.0,1295.0,0.003955158870667219,0.0,0.0036585370544344187
1294.0,1296.0,0.004190289415419102,0.003385415766388178,0.0017960196128115058
1295.0,1297.0,0.0,0.0,0.0
1296.0,1298.0,0.008532793261110783,0.006894695572555065,0.008087199181318283
1297.0,1299.0,0.0248408205807209,0.01999027281999588,0.014075047336518764
1298.0,1300.0,0.018619544804096222,0.0,0.009214448742568493
1299.0,1301.0,0.020715847611427307,0.0,0.012074891477823257
1300.0,1302.0,0.019145434722304344,0.009157592430710793,0.016825838014483452
1301.0,1303.0,0.01631784811615944,0.0008047623559832573,0.004167407285422087
1302.0,1304.0,0.017423950135707855,0.009408552199602127,0.0
1303.0,1305.0,0.013145864009857178,0.01853202097117901,0.0069572217762470245
1304.0,1306.0,0.019271204248070717,0.005938052199780941,0.002900228835642338
1305.0,1307.0,0.025618433952331543,0.004454657435417175,0.00263791112229228
1306.0,1308.0,0.01449834555387497,0.00040721683762967587,0.005769519135355949
1307.0,1309.0,0.01930706761777401,0.0061389002948999405,0.0
1308.0,1310.0,0.008367728441953659,0.011192839592695236,0.0018017367692664266
1309.0,1311.0,0.0,0.002436708426102996,0.0004658882971853018
1310.0,1312.0,0.009458735585212708,0.010274898260831833,0.008520979434251785
1311.0,1313.0,0.015956304967403412,0.013301746919751167,0.017319705337285995
1312.0,1314.0,0.016432397067546844,0.01229529082775116,0.0068997531197965145
1313.0,1315.0,0.010561352595686913,0.0,0.005417894572019577
1314.0,1316.0,0.011665980331599712,0.0,0.008027693256735802
1315.0,1317.0,0.009615190327167511,0.009585954248905182,0.014293991960585117
1316.0,1318.0,0.0,0.0038291085511446,0.001500776968896389
1317.0,1319.0,0.006756847724318504,0.004471529275178909,0.004595770966261625
1318.0,1320.0,0.01166936382651329,0.0,0.010949814692139626
1319.0,1321.0,0.007677678484469652,0.0008744755759835243,0.014218059368431568
1320.0,1322.0,0.0009146984666585922,0.001688558841124177,0.005414858460426331
1321.0,1323.0,0.0,0.004742154851555824,0.0
1322.0,1324.0,0.0134420245885849,0.013272016309201717,0.004251603502780199
1323.0,1325.0,0.020364385098218918,0.0,0.0
1324.0,1326.0,0.011320170015096664,0.015412725508213043,0.0002700425684452057
1325.0,1327.0,0.006235377863049507,0.024775315076112747,0.013196183368563652
1326.0,1328.0,0.002959126140922308,0.02276352420449257,0.010839167982339859
1327.0,1329.0,0.008726220577955246,0.013612612150609493,0.02051091566681862
1328.0,1330.0,0.014724844135344028,0.007528585381805897,0.02493511699140072
1329.0,1331.0,0.004224714823067188,0.01734180562198162,0.03370010480284691
1330.0,1332.0,0.0018896562978625298,0.014005857519805431,0.029070712625980377
1331.0,1333.0,0.0023128660395741463,0.0,0.013136673718690872
1332.0,1334.0,0.0033108668867498636,0.0,0.0
1333.0,1335.0,0.0,0.0,0.0
1334.0,1336.0,0.009563982486724854,0.0007441253401339054,0.014673840254545212
1335.0,1337.0,0.005924311466515064,0.009449295699596405,0.01579987071454525
1336.0,1338.0,0.0011375572066754103,0.0233010184019804,0.0005494160577654839
1337.0,1339.0,0.0015872055664658546,0.0159598421305418,0.009747001342475414
1338.0,1340.0,0.023326193913817406,0.01364339143037796,0.004966407082974911
1339.0,1341.0,0.02097788080573082,0.0,0.0
1340.0,1342.0,0.009798077866435051,0.0,0.0
1341.0,1343.0,0.012074197642505169,0.004242464900016785,0.0
1342.0,1344.0,0.018130887299776077,0.002823826391249895,0.007268767338246107
1343.0,1345.0,0.020971858873963356,0.0,0.005750080570578575
1344.0,1346.0,0.014531087130308151,0.009180104359984398,0.004502425901591778
1345.0,1347.0,0.022264905273914337,0.004253976978361607,0.0
1346.0,1348.0,0.0,0.0,0.00738141406327486
1347.0,1349.0,0.0,0.0024902569130063057,0.01270020566880703
1348.0,1350.0,0.002254062332212925,0.015125584788620472,0.011866632848978043
1349.0,1351.0,0.013882075436413288,0.01278100349009037,0.01471455954015255
1350.0,1352.0,0.007132375612854958,0.02042047679424286,0.00358712300658226
1351.0,1353.0,0.00411413237452507,0.0,0.0
1352.0,1354.0,0.017482880502939224,0.0,0.009196918457746506
1353.0,1355.0,0.0124516561627388,0.0,0.006763570476323366
1354.0,1356.0,0.0,0.007780958898365498,0.015729136765003204
1355.0,1357.0,0.012622379697859287,0.0,0.0162208154797554
1356.0,1358.0,0.0,0.00596030754968524,0.011834440752863884
1357.0,1359.0,0.0,0.003901297226548195,0.0
1358.0,1360.0,0.0,0.02214263379573822,0.0
1359.0,1361.0,0.0029801269993185997,0.018322546035051346,0.01812608726322651
1360.0,1362.0,0.016649030148983,0.028352025896310806,0.0126571636646986
1361.0,1363.0,0.024846883490681648,0.0116272559389472,0.0023865560069680214
1362.0,1364.0,0.017406797036528587,0.012561041861772537,0.0092075876891613
1363.0,1365.0,0.012248569168150425,0.015310280956327915,0.0
1364.0,1366.0,0.015984218567609787,0.015951473265886307,0.0
1365.0,1367.0,0.012837636284530163,0.00627031410112977,0.0
1366.0,1368.0,0.019824041053652763,0.00218460476025939,0.013799089938402176
1367.0,1369.0,0.011542205698788166,0.0,0.01794641651213169
1368.0,1370.0,0.004568425472825766,0.0028827167116105556,0.0034330952912569046
1369.0,1371.0,0.008220545947551727,0.004943516105413437,0.002679232507944107
1370.0,1372.0,0.009816164150834084,0.0,0.00622803857550025
1371.0,1373.0,0.01983746513724327,0.0,0.012703855521976948
1372.0,1374.0,0.017408493906259537,0.0,0.0037471724208444357
1373.0,1375.0,0.006768030114471912,0.0,0.0
1374.0,1376.0,0.0,0.011308854445815086,0.0067890482023358345
1375.0,1377.0,0.007785186171531677,0.02425333671271801,0.007684359326958656
1376.0,1378.0,0.02583540976047516,0.012300875037908554,0.006276976317167282
1377.0,1379.0,0.01632876694202423,0.01429712399840355,0.002737636212259531
1378.0,1380.0,0.0077860234305262566,0.0,0.002811750862747431
1379.0,1381.0,0.0,0.0,0.0
1380.0,1382.0,0.0074853720143437386,0.0,0.0
1381.0,1383.0,0.011179541237652302,0.009430233389139175,0.005157294683158398
1382.0,1384.0,0.0116738211363554,0.0015264858957380056,0.020465534180402756
1383.0,1385.0,0.002903164364397526,0.0,0.01246872078627348
1384.0,1386.0,0.0019543918315321207,0.0,0.009896863251924515
1385.0,1387.0,0.0,0.0011981141287833452,0.0035153115168213844
1386.0,1388.0,0.018352897837758064,0.0,0.011282538995146751
1387.0,1389.0,0.022373007610440254,0.0,0.013252021744847298
1388.0,1390.0,0.0068832878023386,0.0,0.004991110414266586
1389.0,1391.0,0.012171389535069466,0.0,0.0
1390.0,1392.0,0.03170228376984596,0.006582935340702534,0.005854051094502211
1391.0,1393.0,0.028573917225003242,0.010852924548089504,0.017669018357992172
1392.0,1394.0,0.015808986499905586,0.012629671022295952,0.02588055282831192
1393.0,1395.0,0.015941761434078217,0.0011883163824677467,0.014514075592160225
1394.0,1396.0,0.0018527968786656857,0.00861294660717249,0.011308856308460236
1395.0,1397.0,0.01467854157090187,0.013287583366036415,0.0170527845621109
1396.0,1398.0,0.009733627550303936,0.01003224216401577,0.0062041496858000755
1397.0,1399.0,0.0,0.0,0.0
1398.0,1400.0,0.00022601988166570663,0.0052454834803938866,0.0
1399.0,1401.0,0.009671211242675781,0.010087025351822376,0.0
1400.0,1402.0,0.025356462225317955,0.0,0.005941995419561863
1401.0,1403.0,0.016403796151280403,0.005154729355126619,0.00012725312262773514
1402.0,1404.0,0.006846199277788401,0.006414081901311874,0.0
1403.0,1405.0,0.015131933614611626,0.007380984723567963,0.011732768267393112
1404.0,1406.0,0.006839928682893515,0.018111474812030792,0.006716395728290081
1405.0,1407.0,0.007733361795544624,0.023082228377461433,0.0064726825803518295
1406.0,1408.0,0.016696393489837646,0.013733817264437675,0.010001970455050468
1407.0,1409.0,0.015384153462946415,0.011964215897023678,0.007724952418357134
1408.0,1410.0,0.015179239213466644,0.027547083795070648,0.014420103281736374
1409.0,1411.0,0.019597720354795456,0.0007308702915906906,0.00498708663508296
1410.0,1412.0,0.014417514204978943,0.0,0.0
1411.0,1413.0,0.024731973186135292,0.0,0.0
1412.0,1414.0,0.005361099261790514,0.006500796880573034,0.0
1413.0,1415.0,0.00794648565351963,0.01318775862455368,0.0
1414.0,1416.0,0.014497192576527596,0.006055173929780722,0.005103986710309982
1415.0,1417.0,0.02380186691880226,0.0080135278403759,0.0024575134739279747
1416.0,1418.0,0.025318067520856857,0.0036392109468579292,0.0
1417.0,1419.0,0.0,0.0017778165638446808,0.0
1418.0,1420.0,0.006820765323936939,0.00046234577894210815,0.011837556958198547
1419.0,1421.0,0.020023440942168236,0.020237363874912262,0.017870113253593445
1420.0,1422.0,0.023333415389060974,0.022534145042300224,0.004852789454162121
1421.0,1423.0,0.006192135624587536,0.018154606223106384,0.004336535930633545
1422.0,1424.0,0.006574543192982674,0.005102016031742096,0.016179358586668968
1423.0,1425.0,0.007991177961230278,0.0,0.016966668888926506
1424.0,1426.0,0.002018557395786047,0.011682103388011456,0.0
1425.0,1427.0,0.003159613348543644,0.00583855714648962,0.0
1426.0,1428.0,0.011867817491292953,0.009085545316338539,0.0
1427.0,1429.0,0.014200950972735882,0.025105847045779228,0.004498247988522053
1428.0,1430.0,0.011470800265669823,0.028965093195438385,0.006480563431978226
1429.0,1431.0,0.008551076054573059,0.009697118774056435,0.005431300960481167
1430.0,1432.0,0.0,0.0,0.004002741537988186
1431.0,1433.0,0.006338422652333975,0.01780100166797638,0.009319104254245758
1432.0,1434.0,0.01663059927523136,0.015168746002018452,0.006150953937321901
1433.0,1435.0,0.013417286798357964,0.0,0.0
1434.0,1436.0,0.007962431758642197,0.00994013249874115,0.0002606592606753111
1435.0,1437.0,0.005458828527480364,0.02262897789478302,0.008621055632829666
1436.0,1438.0,0.005515723954886198,0.02688528038561344,0.015468856319785118
1437.0,1439.0,0.009566969238221645,0.012130732648074627,0.009883890859782696
1438.0,1440.0,0.015542449429631233,0.0,3.242306411266327e-05
1439.0,1441.0,0.00901871733367443,4.3606385588645935e-05,0.0
1440.0,1442.0,0.00024774501798674464,0.0,0.0018733940087258816
1441.0,1443.0,0.016816359013319016,0.01964382268488407,0.0
1442.0,1444.0,0.009026113897562027,0.02104610949754715,0.0
1443.0,1445.0,0.003334741573780775,0.000681750476360321,0.0
1444.0,1446.0,0.0017627310007810593,0.0,0.0
1445.0,1447.0,0.009832342155277729,0.005513734184205532,0.0
1446.0,1448.0,0.0004488108679652214,0.00645226426422596,0.004684108309447765
1447.0,1449.0,0.00011761579662561417,0.0006793886423110962,0.006993946619331837
1448.0,1450.0,0.0049084085039794445,0.0,0.0
1449.0,1451.0,0.004335323348641396,0.017699260264635086,0.0
1450.0,1452.0,0.016030609607696533,0.011454330757260323,0.0
1451.0,1453.0,0.01583920791745186,0.0,0.0
1452.0,1454.0,0.010078657418489456,0.010121154598891735,0.0
1453.0,1455.0,0.004717829637229443,0.023603135719895363,0.005406560376286507
1454.0,1456.0,0.011518377810716629,0.02132466994225979,0.018053069710731506
1455.0,1457.0,0.009588189423084259,0.021279430016875267,0.018470104783773422
1456.0,1458.0,0.01175694353878498,0.020208051428198814,0.010504224337637424
1457.0,1459.0,0.020673204213380814,0.017445828765630722,0.019515924155712128
1458.0,1460.0,0.020586445927619934,0.009416060522198677,0.008558283559978008
1459.0,1461.0,0.016378842294216156,0.005677271168678999,9.46875661611557e-05
1460.0,1462.0,0.00666771037504077,0.0027615344151854515,0.005333254113793373
1461.0,1463.0,0.0025838427245616913,0.007160148583352566,0.008766988292336464
1462.0,1464.0,0.016627591103315353,0.0,0.007226994261145592
1463.0,1465.0,0.02484486624598503,0.0,0.0
1464.0,1466.0,0.025102786719799042,0.0,0.00391986733302474
1465.0,1467.0,0.01882804185152054,0.009580157697200775,0.031821057200431824
1466.0,1468.0,0.02126241847872734,0.013699013739824295,0.018143100664019585
1467.0,1469.0,0.0012994257267564535,0.03492598980665207,0.007515271659940481
1468.0,1470.0,0.0,0.026410948485136032,0.010341303423047066
1469.0,1471.0,0.003460494801402092,0.015158272348344326,0.026626303791999817
1470.0,1472.0,0.005397410597652197,0.007361541502177715,0.009645499289035797
1471.0,1473.0,0.005966500379145145,0.0020820023491978645,0.0043370467610657215
1472.0,1474.0,0.00960987713187933,0.005011734552681446,0.004442430101335049
1473.0,1475.0,0.002766850171610713,0.021647242829203606,0.01289617083966732
1474.0,1476.0,0.0,0.023430027067661285,0.020104723051190376
1475.0,1477.0,0.0030227715615183115,0.008708443492650986,0.01493137702345848
1476.0,1478.0,0.0122637078166008,0.013346034102141857,0.02045322023332119
1477.0,1479.0,0.01104681845754385,0.00971242506057024,0.02217564731836319
1478.0,1480.0,0.012561790645122528,0.0028759764973074198,0.015100788325071335
1479.0,1481.0,0.010745675303041935,0.0,0.0049764737486839294
1480.0,1482.0,0.012836146168410778,0.007861841470003128,0.011805815622210503
1481.0,1483.0,0.01945137232542038,0.01590908318758011,0.0055398838594555855
1482.0,1484.0,0.01896735094487667,0.00636812299489975,0.004632005468010902
1483.0,1485.0,0.024275222793221474,0.0044446224346756935,0.0
1484.0,1486.0,0.013045274652540684,0.0053466083481907845,0.0
1485.0,1487.0,0.0,0.017544636502861977,0.0
1486.0,1488.0,0.002928678411990404,0.007525602355599403,0.0
1487.0,1489.0,0.017853528261184692,0.0033516325056552887,0.003567480482161045
1488.0,1490.0,0.015866558998823166,0.001950616599060595,0.0067291357554495335
1489.0,1491.0,0.006722115911543369,0.0030337045900523663,0.0
1490.0,1492.0,0.016067154705524445,0.0052861482836306095,0.0
1491.0,1493.0,0.009126035496592522,0.009222625754773617,0.0
1492.0,1494.0,0.008134480565786362,0.009977372363209724,0.0006640143692493439
1493.0,1495.0,0.01423908956348896,0.0024287556298077106,0.013587452471256256
1494.0,1496.0,0.021399620920419693,0.0012240069918334484,0.015701791271567345
1495.0,1497.0,0.010914910584688187,0.0003594169393181801,0.0014445860870182514
1496.0,1498.0,0.007240637205541134,0.0,0.01335064321756363
1497.0,1499.0,0.0,0.007033153902739286,0.015171349048614502
1498.0,1500.0,0.0,0.013522341847419739,0.006883028894662857
1499.0,1501.0,0.00044211000204086304,0.02614520862698555,0.017416056245565414
1500.0,1502.0,0.00819564051926136,0.013341200537979603,0.01524764858186245
1501.0,1503.0,0.021629441529512405,0.0039034741930663586,0.009986013174057007
1502.0,1504.0,0.03476016968488693,0.0,0.01215742900967598
1503.0,1505.0,0.0183493010699749,0.0,0.0
1504.0,1506.0,0.006256754510104656,0.0,0.0012012594379484653
1505.0,1507.0,0.01488257385790348,0.016180535778403282,0.014745460823178291
1506.0,1508.0,0.0405103862285614,0.006392157636582851,0.01863381639122963
1507.0,1509.0,0.028628595173358917,0.00045968987978994846,0.014439531601965427
1508.0,1510.0,0.012514659203588963,0.006562218070030212,0.0
1509.0,1511.0,0.011732418090105057,0.003008367959409952,0.0
1510.0,1512.0,0.012021413072943687,0.0001362822949886322,0.0
1511.0,1513.0,0.003377387532964349,0.0,0.0
1512.0,1514.0,0.005851749796420336,0.019756801426410675,0.0036891107447445393
1513.0,1515.0,0.005068016238510609,0.024873126298189163,0.0062180464155972
1514.0,1516.0,0.011826964095234871,0.0,0.012648248113691807
1515.0,1517.0,0.011589264497160912,0.0,0.009031107649207115
1516.0,1518.0,0.013014775700867176,0.0,0.00454074377194047
1517.0,1519.0,0.023230554535984993,0.0007604029960930347,0.007011649664491415
1518.0,1520.0,0.023603780195116997,0.010752541013062,0.0017118628602474928
1519.0,1521.0,0.021584652364253998,0.011561648920178413,0.0
1520.0,1522.0,0.02096441388130188,0.0,0.0
1521.0,1523.0,0.0101612638682127,0.0,0.012948860414326191
1522.0,1524.0,0.01517023891210556,0.0,0.017630618065595627
1523.0,1525.0,0.015168113633990288,0.0,0.011382730677723885
1524.0,1526.0,0.00865102931857109,0.0,0.0
1525.0,1527.0,0.01605541631579399,0.0029999136459082365,0.006400313228368759
1526.0,1528.0,0.025326497852802277,0.02201157994568348,0.012023498304188251
1527.0,1529.0,0.011858070269227028,0.01225237362086773,0.00252181151881814
1528.0,1530.0,0.01750272512435913,0.01696130633354187,0.0
1529.0,1531.0,0.021013634279370308,0.014772139489650726,0.0
1530.0,1532.0,0.008466207422316074,0.0,0.0
1531.0,1533.0,0.01019226759672165,0.0,0.0
1532.0,1534.0,0.013200395740568638,0.0,0.0
1533.0,1535.0,0.014952498488128185,0.0,0.0029174149967730045
1534.0,1536.0,0.010070916265249252,0.0,0.011710169725120068
1535.0,1537.0,0.007494457997381687,0.01642799563705921,0.009204551577568054
1536.0,1538.0,0.007620743475854397,0.013982154428958893,0.011624136008322239
1537.0,1539.0,0.006292009260505438,0.012338042259216309,0.006227276287972927
1538.0,1540.0,0.0,0.002932947129011154,0.013390977866947651
1539.0,1541.0,0.0,0.0,0.0
1540.0,1542.0,0.0,0.00395757332444191,0.0
1541.0,1543.0,0.010231750085949898,0.018713515251874924,0.0
1542.0,1544.0,0.0252852626144886,0.011159947142004967,0.0
1543.0,1545.0,0.027836784720420837,0.001558265881612897,0.002978414064273238
1544.0,1546.0,0.02129106968641281,0.016887275502085686,0.014656088314950466
1545.0,1547.0,0.00828508473932743,0.003932534717023373,0.009389868006110191
1546.0,1548.0,0.02213205024600029,0.0029517407529056072,0.003204050473868847
1547.0,1549.0,0.015297350473701954,0.014891257509589195,0.0
1548.0,1550.0,0.0,0.02899671345949173,0.0
1549.0,1551.0,0.010899165645241737,0.016168413683772087,0.00037790718488395214
1550.0,1552.0,0.025821711868047714,0.0023398753255605698,0.005676138214766979
1551.0,1553.0,0.011893168091773987,0.00031534628942608833,0.0
1552.0,1554.0,0.012006405740976334,0.003059722948819399,0.0011373853776603937
1553.0,1555.0,0.024629412218928337,0.0,0.0
1554.0,1556.0,0.015663402155041695,0.0,0.0027722963131964207
1555.0,1557.0,0.005565355531871319,0.007464651018381119,0.0017023214604705572
1556.0,1558.0,0.0001154942438006401,0.01573263853788376,0.004984225612133741
1557.0,1559.0,0.0026781074702739716,0.017435312271118164,0.002319448161870241
1558.0,1560.0,0.012113877572119236,0.008867352269589901,0.0008742366917431355
1559.0,1561.0,0.020228765904903412,0.01245938055217266,0.004092763178050518
1560.0,1562.0,0.02330666035413742,0.009127374738454819,0.005896099377423525
1561.0,1563.0,0.01990610361099243,0.01696675270795822,0.0035163434222340584
1562.0,1564.0,0.02525990642607212,0.0041488166898489,0.0035354774445295334
1563.0,1565.0,0.012738455086946487,0.0,0.00804448127746582
1564.0,1566.0,0.007897144183516502,0.0,0.001400203094817698
1565.0,1567.0,0.0072697424329817295,0.011413855478167534,0.004558775573968887
1566.0,1568.0,0.009172923862934113,0.013842999003827572,0.006821099668741226
1567.0,1569.0,0.0,0.0018482385203242302,0.0
1568.0,1570.0,0.0,0.003701455658301711,0.0
1569.0,1571.0,0.009582849219441414,0.008224953897297382,0.009241795167326927
1570.0,1572.0,0.012032095342874527,0.008164231665432453,0.03337454795837402
1571.0,1573.0,0.007725824601948261,0.003593490459024906,0.0
1572.0,1574.0,0.007509240880608559,0.014491264708340168,0.009088338352739811
1573.0,1575.0,0.009008899331092834,0.005772459786385298,0.00023072166368365288
1574.0,1576.0,0.007182602304965258,0.0030100117437541485,0.0
1575.0,1577.0,0.009720899164676666,0.018067259341478348,0.01066945306956768
1576.0,1578.0,0.0072535183280706406,0.014239013195037842,0.01133638434112072
1577.0,1579.0,0.014095211401581764,0.0,0.006722476799041033
1578.0,1580.0,0.010148677043616772,0.015600644052028656,0.007252419833093882
1579.0,1581.0,0.002872517565265298,0.004645345266908407,0.009320717304944992
1580.0,1582.0,0.0,0.0,0.0
1581.0,1583.0,0.012135590426623821,0.0,0.0
1582.0,1584.0,0.0,0.0,0.010260622948408127
1583.0,1585.0,0.0,0.003042309544980526,0.0010506082326173782
1584.0,1586.0,0.009236535057425499,0.001804468920454383,0.011408446356654167
1585.0,1587.0,0.014080723747611046,0.0,0.007790176197886467
1586.0,1588.0,0.010340368375182152,0.0,0.005812495946884155
1587.0,1589.0,0.009016871452331543,0.0,0.0
1588.0,1590.0,0.008347093127667904,0.00010327587369829416,0.003145265858620405
1589.0,1591.0,0.011980694718658924,0.004618805833160877,0.0
1590.0,1592.0,0.014242896810173988,0.00017231423407793045,0.0
1591.0,1593.0,0.018227843567728996,0.0,0.0024027819745242596
1592.0,1594.0,0.008025255054235458,0.0,0.0
1593.0,1595.0,0.02039942890405655,0.0,0.0
1594.0,1596.0,0.00040887482464313507,0.0,0.0
1595.0,1597.0,0.00532814534381032,0.0,0.0
1596.0,1598.0,0.015991633757948875,0.0,0.002682196442037821
1597.0,1599.0,0.0023532994091510773,0.0,0.0
1598.0,1600.0,0.002463549841195345,0.0,0.0
1599.0,1601.0,0.004652621224522591,0.000784043688327074,0.0
1600.0,1602.0,0.0033347667194902897,0.0,0.006035401485860348
1601.0,1603.0,0.0,0.001635801512748003,0.010275490581989288
1602.0,1604.0,0.019023288041353226,0.003960057627409697,0.0
1603.0,1605.0,0.018949799239635468,0.0,0.0069845132529735565
1604.0,1606.0,0.01424763910472393,0.0014549652114510536,0.016176894307136536
1605.0,1607.0,0.006660044193267822,0.0,0.0
1606.0,1608.0,0.007113747764378786,0.0,0.0
1607.0,1609.0,0.002209533005952835,0.0006426528561860323,0.0
1608.0,1610.0,0.013413447886705399,0.0,0.004483423195779324
1609.0,1611.0,0.028197480365633965,0.0,0.005561365745961666
1610.0,1612.0,0.020716361701488495,0.0,0.00930020958185196
1611.0,1613.0,0.005958932917565107,0.009366019628942013,0.009203074499964714
1612.0,1614.0,0.0,0.026334524154663086,0.011085539124906063
1613.0,1615.0,0.013267505913972855,0.002115248702466488,0.0
1614.0,1616.0,0.01409098505973816,0.020147308707237244,0.0
1615.0,1617.0,0.01770307496190071,0.012690549716353416,0.010041791945695877
1616.0,1618.0,0.017530158162117004,0.0001721782609820366,0.007812906987965107
1617.0,1619.0,0.008933216333389282,0.00571857113391161,4.1857361793518066e-05
1618.0,1620.0,0.005192406475543976,0.0034789564087986946,0.0
1619.0,1621.0,0.01649629883468151,0.005799632519483566,0.009433075785636902
1620.0,1622.0,0.026407096534967422,0.003385745221748948,0.0006582920905202627
1621.0,1623.0,0.016822941601276398,0.008933614008128643,0.0
1622.0,1624.0,0.004388517700135708,0.013876562006771564,0.00606716750189662
1623.0,1625.0,0.005226833745837212,0.007749529555439949,0.008573127910494804
1624.0,1626.0,0.004511145409196615,0.0,0.005787529516965151
1625.0,1627.0,0.009859079495072365,0.0,0.0
1626.0,1628.0,0.003566761501133442,0.0,0.0
1627.0,1629.0,0.0,0.0011460110545158386,0.0
1628.0,1630.0,0.0032701250165700912,0.008310714736580849,0.0
1629.0,1631.0,0.019002743065357208,0.006457970477640629,0.008564530871808529
1630.0,1632.0,0.02674500271677971,0.0,0.0012579308822751045
1631.0,1633.0,0.018404342234134674,0.00390508770942688,0.008437080308794975
1632.0,1634.0,0.005531372502446175,0.011712625622749329,0.01151992753148079
1633.0,1635.0,0.005682375282049179,0.024538828060030937,0.014171188697218895
1634.0,1636.0,0.0003730505704879761,0.03078676387667656,0.016960272565484047
1635.0,1637.0,0.009136417880654335,0.006763581186532974,0.009378648363053799
1636.0,1638.0,0.007390174083411694,0.0,0.011734314262866974
1637.0,1639.0,0.016314733773469925,0.015165014192461967,0.009166136384010315
1638.0,1640.0,0.023999348282814026,0.017683569341897964,0.016822928562760353
1639.0,1641.0,0.023260153830051422,0.007295012939721346,0.0
1640.0,1642.0,0.014080232940614223,0.0,0.006063208915293217
1641.0,1643.0,0.009322217665612698,0.002659118501469493,0.00878002680838108
1642.0,1644.0,0.010249665938317776,0.003658940549939871,0.0011767251417040825
1643.0,1645.0,0.004846103023737669,0.0049184104427695274,0.005351858213543892
1644.0,1646.0,0.005764330737292767,0.00846313126385212,0.005827447399497032
1645.0,1647.0,0.0006343349814414978,0.005826104432344437,0.0
1646.0,1648.0,0.008348682895302773,0.002626812784001231,0.0011708126403391361
1647.0,1649.0,0.02356576919555664,0.011163604445755482,0.003141197841614485
1648.0,1650.0,0.014954328536987305,0.0,0.0
1649.0,1651.0,0.01590394228696823,0.0,0.0
1650.0,1652.0,0.026240384206175804,0.0,0.001542003359645605
1651.0,1653.0,0.017175335437059402,0.0,0.01899646408855915
1652.0,1654.0,0.014781711623072624,0.01562426146119833,0.009964283555746078
1653.0,1655.0,0.012768122367560863,0.015815995633602142,0.008630819618701935
1654.0,1656.0,0.01669103279709816,0.007578473072499037,0.011569445952773094
1655.0,1657.0,0.00885283388197422,0.006685187108814716,0.020738419145345688
1656.0,1658.0,0.0,0.0,0.004272863268852234
1657.0,1659.0,0.015029575675725937,0.0004508672282099724,0.010111304931342602
1658.0,1660.0,0.009735910221934319,0.0035599670372903347,0.016801802441477776
1659.0,1661.0,0.0,0.00636768713593483,0.009782491251826286
1660.0,1662.0,0.0,0.009488904848694801,0.0005017486400902271
1661.0,1663.0,0.012988491915166378,0.015673205256462097,0.000952176284044981
1662.0,1664.0,0.012007474899291992,0.0,0.006039910949766636
1663.0,1665.0,0.02004670538008213,0.0,0.0026446632109582424
1664.0,1666.0,0.01026671752333641,0.005332335829734802,0.0
1665.0,1667.0,0.006560512352734804,0.008364471606910229,0.0006802496500313282
1666.0,1668.0,0.012829482555389404,0.009041833691298962,0.0026505370624363422
1667.0,1669.0,0.013389475643634796,0.0031277425587177277,0.0
1668.0,1670.0,0.013117978349328041,0.0,0.0
1669.0,1671.0,0.006246959790587425,0.0,0.0019190467428416014
1670.0,1672.0,0.0038115368224680424,0.0,0.004247885197401047
1671.0,1673.0,0.010845744982361794,0.008860163390636444,0.0
1672.0,1674.0,0.008100766688585281,0.016382401809096336,0.004159237258136272
1673.0,1675.0,0.00928079430013895,0.012632159516215324,0.010697189718484879
1674.0,1676.0,0.00915483571588993,0.01123743411153555,0.0070635355077683926
1675.0,1677.0,0.0018056249246001244,0.005071710795164108,0.0013579889200627804
1676.0,1678.0,0.016360122710466385,0.0,0.008556057699024677
1677.0,1679.0,0.01795656606554985,0.0,0.0019372543320059776
1678.0,1680.0,0.012016169726848602,0.006802970543503761,0.0
1679.0,1681.0,0.006882151588797569,0.007911416701972485,0.01091006025671959
1680.0,1682.0,0.002959639299660921,0.011862291023135185,0.01495986059308052
1681.0,1683.0,0.006004785653203726,0.0032243486493825912,0.016293387860059738
1682.0,1684.0,0.008585079573094845,0.015482923947274685,0.01041170209646225
1683.0,1685.0,0.00937316007912159,0.003552295034751296,0.018051087856292725
1684.0,1686.0,0.005961940623819828,0.0,0.01813608407974243
1685.0,1687.0,0.01148918829858303,0.008053962141275406,0.010926760733127594
1686.0,1688.0,0.006206808611750603,0.00852157175540924,0.009012533351778984
1687.0,1689.0,0.0018887438345700502,0.0,0.005770823452621698
1688.0,1690.0,0.004435018636286259,0.0004664594307541847,0.004041173495352268
1689.0,1691.0,0.00911286287009716,0.015627454966306686,0.01466706208884716
1690.0,1692.0,0.009798994287848473,0.02005406841635704,0.010600040666759014
1691.0,1693.0,0.017550460994243622,0.0024561546742916107,0.0
1692.0,1694.0,0.02539549209177494,0.0009196962928399444,0.0034030983224511147
1693.0,1695.0,0.01673712581396103,0.0038289688527584076,0.007875746116042137
1694.0,1696.0,0.01617518812417984,0.006854061037302017,0.0032347869127988815
1695.0,1697.0,0.017047502100467682,0.0115181440487504,0.011538675054907799
1696.0,1698.0,0.017617225646972656,0.0,0.013926206156611443
1697.0,1699.0,0.011950558051466942,0.0,0.01087139081209898
1698.0,1700.0,0.021115263924002647,0.01954602263867855,0.021934010088443756
1699.0,1701.0,0.03720972687005997,0.007953155785799026,0.01457376591861248
1700.0,1702.0,0.030193649232387543,0.009850789792835712,0.010874362662434578
1701.0,1703.0,0.020014164969325066,0.00985562615096569,0.015138504095375538
1702.0,1704.0,0.020650286227464676,0.0,0.003284882288426161
1703.0,1705.0,0.015233797952532768,0.0,0.0
1704.0,1706.0,0.029962388798594475,0.0,0.0
1705.0,1707.0,0.013096610084176064,0.0,0.002562128473073244
1706.0,1708.0,0.011516931466758251,0.019396640360355377,0.008308080025017262
1707.0,1709.0,0.011653518304228783,0.008512435480952263,0.015869643539190292
1708.0,1710.0,0.014644168317317963,0.0,0.011415330693125725
1709.0,1711.0,0.004681233782321215,0.0,0.003352624364197254
1710.0,1712.0,0.0020362045615911484,0.0011794865131378174,0.0
1711.0,1713.0,0.005680207163095474,0.001013895496726036,0.0
1712.0,1714.0,0.0,0.0,0.006055349018424749
1713.0,1715.0,0.0,0.0018615578301250935,0.0
1714.0,1716.0,0.0027633975259959698,0.016676615923643112,0.01013632770627737
1715.0,1717.0,0.0,0.009071972221136093,0.010921567678451538
1716.0,1718.0,0.008580857887864113,0.0,0.0
1717.0,1719.0,0.02088095247745514,0.0,0.002398733515292406
1718.0,1720.0,0.016782023012638092,0.0,0.01403719186782837
1719.0,1721.0,0.012821530923247337,0.004456961527466774,0.009571051225066185
1720.0,1722.0,2.3297499865293503e-05,0.0,0.011084397323429585
1721.0,1723.0,0.004684207495301962,0.0,0.004865527153015137
1722.0,1724.0,0.013034967705607414,0.0,0.024741269648075104
1723.0,1725.0,0.015214236453175545,0.03199008107185364,0.002892225980758667
1724.0,1726.0,0.001346435397863388,0.0,0.011339116841554642
1725.0,1727.0,0.007084718905389309,0.0,0.011078732088208199
1726.0,1728.0,0.005420958157628775,0.0,0.0029593901708722115
1727.0,1729.0,0.0,0.0,0.0
1728.0,1730.0,0.012877659872174263,0.01174113992601633,0.0
1729.0,1731.0,0.01199202612042427,0.012399467639625072,0.0
1730.0,1732.0,0.022924283519387245,0.0,0.013218073174357414
1731.0,1733.0,0.02374197728931904,0.0030369325540959835,0.015196288004517555
1732.0,1734.0,0.00932364258915186,0.0010313838720321655,0.007875042967498302
1733.0,1735.0,0.007097162771970034,0.0037740846164524555,0.01031544990837574
1734.0,1736.0,0.01055257860571146,0.0,0.01181164663285017
1735.0,1737.0,0.008709147572517395,0.00856069102883339,0.006069386377930641
1736.0,1738.0,0.008773524314165115,0.0036293137818574905,0.0
1737.0,1739.0,0.0,0.01159000676125288,0.0
1738.0,1740.0,0.016450200229883194,0.010261815041303635,0.0
1739.0,1741.0,0.024651257321238518,0.008332271128892899,0.0
1740.0,1742.0,0.02727927640080452,0.0,0.0
1741.0,1743.0,0.013533909805119038,0.0,0.0
1742.0,1744.0,0.01559380441904068,0.021371211856603622,0.0
1743.0,1745.0,0.005227831192314625,0.017057793214917183,0.0
1744.0,1746.0,0.009999724105000496,0.0,0.0
1745.0,1747.0,0.01069546863436699,0.0025700549595057964,0.0
1746.0,1748.0,0.018371913582086563,0.0,0.00016242871060967445
1747.0,1749.0,0.014221535995602608,0.011513602919876575,0.0017675324343144894
1748.0,1750.0,0.019578957930207253,0.03968767076730728,0.01788155548274517
1749.0,1751.0,0.013397449627518654,0.021660154685378075,0.0015277601778507233
1750.0,1752.0,0.004971896298229694,0.006708156317472458,0.006132782436907291
1751.0,1753.0,0.010361513122916222,0.01000039093196392,0.0
1752.0,1754.0,0.01396950799971819,0.008208733052015305,0.0
1753.0,1755.0,0.007657869718968868,0.009588098153471947,0.0072345673106610775
1754.0,1756.0,0.009489665739238262,0.011183314025402069,0.01193060539662838
1755.0,1757.0,0.011918116360902786,0.0,0.0060720848850905895
1756.0,1758.0,0.007969072088599205,0.0026481840759515762,0.0
1757.0,1759.0,0.007191991433501244,0.007687053643167019,0.0
1758.0,1760.0,0.0024225162342190742,0.0,0.0
1759.0,1761.0,0.01310201920568943,0.0,0.0
1760.0,1762.0,0.012867002747952938,0.0005787285044789314,0.0
1761.0,1763.0,0.01887797936797142,0.0,0.008251585066318512
1762.0,1764.0,0.009931175038218498,0.0,0.009781558997929096
1763.0,1765.0,0.004480825737118721,0.0,0.0
1764.0,1766.0,0.0114035215228796,0.0,0.005105193704366684
1765.0,1767.0,0.0003182860091328621,0.0,0.012777406722307205
1766.0,1768.0,0.016936346888542175,0.009562484920024872,0.005275947041809559
1767.0,1769.0,0.013880827464163303,0.011577906087040901,0.0
1768.0,1770.0,0.008152398280799389,0.017942996695637703,0.006669641472399235
1769.0,1771.0,0.01846509799361229,0.0,0.020125679671764374
1770.0,1772.0,0.002736793365329504,0.0,0.00020622601732611656
1771.0,1773.0,0.03031275048851967,0.0,0.004490181803703308
1772.0,1774.0,0.03599945083260536,0.0004995976923964918,0.014028684236109257
1773.0,1775.0,0.023105405271053314,0.0074370745569467545,0.019727367907762527
1774.0,1776.0,0.008696475066244602,0.0,0.0007235580123960972
1775.0,1777.0,0.027747610583901405,0.0,0.005155485589057207
1776.0,1778.0,0.024743245914578438,0.0,0.0
1777.0,1779.0,0.0006365524604916573,0.0,0.0
1778.0,1780.0,0.016204247251152992,0.007219555787742138,0.0
1779.0,1781.0,0.008303772658109665,0.017956780269742012,0.0
1780.0,1782.0,6.705848500132561e-05,0.007171092089265585,0.0
1781.0,1783.0,0.0051961131393909454,0.0,0.0
1782.0,1784.0,0.013913261704146862,0.0034230544697493315,0.0
1783.0,1785.0,0.0,0.0007052840664982796,0.0
1784.0,1786.0,0.008066201582551003,0.004871121142059565,0.002111743437126279
1785.0,1787.0,0.015557659789919853,0.002290412550792098,0.010711994022130966
1786.0,1788.0,0.018457142636179924,0.010325551964342594,0.009964809753000736
1787.0,1789.0,0.004942523781210184,0.006083299871534109,0.013573043048381805
1788.0,1790.0,0.0,0.0011324863880872726,0.012912409380078316
1789.0,1791.0,0.0,0.012220124714076519,0.018780767917633057
1790.0,1792.0,0.0033862870186567307,0.011855386197566986,0.01951461285352707
1791.0,1793.0,0.008950280025601387,0.0005154062528163195,0.011726578697562218
1792.0,1794.0,0.009265536442399025,0.0,0.0008425107225775719
1793.0,1795.0,0.008271199651062489,0.0,0.00014766817912459373
1794.0,1796.0,0.0004012277349829674,0.014356303960084915,0.002474301727488637
1795.0,1797.0,0.0,0.018667135387659073,0.009129242040216923
1796.0,1798.0,0.0060109589248895645,0.009654555469751358,0.011838667094707489
1797.0,1799.0,0.005297732539474964,0.019225679337978363,0.0062642404809594154
1798.0,1800.0,0.0071843452751636505,0.016096895560622215,0.006105158478021622
1799.0,1801.0,0.008338326588273048,0.0,0.005651208572089672
1800.0,1802.0,0.008376287296414375,0.0,0.0026787524111568928
1801.0,1803.0,0.015490459278225899,0.008088071830570698,0.009492995217442513
1802.0,1804.0,0.010399257764220238,0.02349940687417984,0.029098019003868103
1803.0,1805.0,0.019182613119482994,0.017241371795535088,0.029226232320070267
1804.0,1806.0,0.0,0.0,0.010970547795295715
1805.0,1807.0,0.0,0.0006448908243328333,0.0
1806.0,1808.0,0.0003776883240789175,0.007692837156355381,0.006729833781719208
1807.0,1809.0,0.009072119370102882,0.006568425334990025,0.0031079386826604605
1808.0,1810.0,0.012208777479827404,0.005955624859780073,0.0004218984395265579
1809.0,1811.0,0.009277146309614182,0.0,0.006827238947153091
1810.0,1812.0,0.015430387109518051,0.0,0.011559385806322098
1811.0,1813.0,0.021004529669880867,0.001135522499680519,0.01472487673163414
1812.0,1814.0,0.019142592325806618,0.0,0.007129891775548458
1813.0,1815.0,0.0033685974776744843,0.00024056574329733849,0.01522317249327898
1814.0,1816.0,0.010941486805677414,0.003291667439043522,0.009488895535469055
1815.0,1817.0,0.0,0.0053732190281152725,0.0
1816.0,1818.0,0.000456969253718853,0.001393794547766447,0.0
1817.0,1819.0,0.007730746641755104,0.0,0.00947939045727253
1818.0,1820.0,0.012007156386971474,0.0014163169544190168,0.012729106470942497
1819.0,1821.0,0.01736217550933361,0.0026226667687296867,0.005459867417812347
1820.0,1822.0,0.02522055245935917,0.0,0.008108451962471008
1821.0,1823.0,0.020418725907802582,0.0,0.005345645360648632
1822.0,1824.0,0.00795641541481018,0.005089121870696545,0.0009145992808043957
1823.0,1825.0,0.0,0.0031456020660698414,0.0010915230959653854
1824.0,1826.0,0.015638405457139015,0.00783474650233984,0.012525564059615135
1825.0,1827.0,0.004326253198087215,0.009793552570044994,0.009543444029986858
1826.0,1828.0,0.0,0.02457045391201973,0.010296794585883617
1827.0,1829.0,0.0,0.008327294141054153,0.014545697718858719
1828.0,1830.0,0.0051183318719267845,0.0,0.0
1829.0,1831.0,0.011568189598619938,0.0,0.0
1830.0,1832.0,0.012770725414156914,0.0,0.009266635403037071
1831.0,1833.0,0.02155270054936409,0.0007593451300635934,0.012442631646990776
1832.0,1834.0,0.02435806766152382,0.012234741821885109,0.01318255066871643
1833.0,1835.0,0.01452168170362711,0.017358548939228058,0.02599318139255047
1834.0,1836.0,0.001198477577418089,0.0036452915519475937,0.0005648373626172543
1835.0,1837.0,0.0,0.008489429950714111,0.0024819928221404552
1836.0,1838.0,0.016889380291104317,0.019506853073835373,0.00907201785594225
1837.0,1839.0,0.021932143718004227,0.01396896317601204,0.011151522397994995
1838.0,1840.0,0.014009052887558937,0.01435352023690939,0.014362668618559837
1839.0,1841.0,0.008088860660791397,0.01675437018275261,0.009742026217281818
1840.0,1842.0,0.004035266116261482,0.0034242640249431133,0.0024508233182132244
1841.0,1843.0,0.012886791490018368,0.0,0.0027548344805836678
1842.0,1844.0,0.018600478768348694,0.0,0.013560906052589417
1843.0,1845.0,0.018681969493627548,0.0019063653890043497,0.013459800742566586
1844.0,1846.0,0.005343744531273842,0.015477094799280167,0.01440423633903265
1845.0,1847.0,0.005961336195468903,0.014634893275797367,0.007197468541562557
1846.0,1848.0,0.02128821238875389,0.011785081587731838,0.0
1847.0,1849.0,0.025681279599666595,0.0,0.0
1848.0,1850.0,0.01365664228796959,0.0,0.0067591071128845215
1849.0,1851.0,0.006985709071159363,0.007107071112841368,0.004468201659619808
1850.0,1852.0,0.01235823892056942,0.004262802191078663,0.013529556803405285
1851.0,1853.0,0.009437981061637402,0.0,0.012277889996767044
1852.0,1854.0,0.0,0.0012109531089663506,0.0
1853.0,1855.0,0.018243134021759033,0.011290415190160275,0.0
1854.0,1856.0,0.018379902467131615,0.0,0.0
1855.0,1857.0,0.01104451809078455,0.005313350819051266,0.0
1856.0,1858.0,0.002518541645258665,0.011722465977072716,0.011815806850790977
1857.0,1859.0,0.019510405138134956,0.0,0.01586921140551567
1858.0,1860.0,0.014463342726230621,0.004252070561051369,0.014728976413607597
1859.0,1861.0,0.012728922069072723,0.0,0.001690658275038004
1860.0,1862.0,0.015344444662332535,0.003336206078529358,0.0
1861.0,1863.0,0.014188775792717934,0.0051103918813169,0.006528262980282307
1862.0,1864.0,0.01749069057404995,0.001232390757650137,0.008420913480222225
1863.0,1865.0,0.0,0.0005010892637073994,0.006546542048454285
1864.0,1866.0,0.0,0.0,0.0041238730773329735
1865.0,1867.0,0.00421207956969738,0.0015368107706308365,0.009243211708962917
1866.0,1868.0,0.023513752967119217,0.00667501101270318,0.019222978502511978
1867.0,1869.0,0.0,0.022353343665599823,0.0012219198979437351
1868.0,1870.0,0.01057080365717411,0.020806971937417984,0.003713143989443779
1869.0,1871.0,0.013779920525848866,0.019238866865634918,0.003315908368676901
1870.0,1872.0,0.012311858125030994,0.02853154018521309,0.001575394649989903
1871.0,1873.0,0.01150524988770485,0.006753712892532349,0.011385912075638771
1872.0,1874.0,0.01158541813492775,0.0,0.0009519034065306187
1873.0,1875.0,0.025605231523513794,0.0,0.0
1874.0,1876.0,0.013275885954499245,0.0,0.003889236832037568
1875.0,1877.0,0.010787113569676876,0.0,0.0065828291699290276
1876.0,1878.0,0.016588907688856125,0.0,0.003882206976413727
1877.0,1879.0,0.02630547061562538,0.002247932832688093,0.00893700122833252
1878.0,1880.0,0.01966691017150879,0.013865584507584572,0.020070798695087433
1879.0,1881.0,0.008038985542953014,0.0182901993393898,0.015069441869854927
1880.0,1882.0,0.006449702195823193,0.011872602626681328,5.83442160859704e-05
1881.0,1883.0,0.0,0.011615064926445484,0.002293549245223403
1882.0,1884.0,0.0,0.015995139256119728,0.014336039312183857
1883.0,1885.0,0.011502271518111229,0.012653992511332035,0.0203244611620903
1884.0,1886.0,0.008442144840955734,0.008038196712732315,0.0120098190382123
1885.0,1887.0,0.009555378928780556,0.0,0.0
1886.0,1888.0,0.010857008397579193,0.005188144277781248,0.0
1887.0,1889.0,0.0005593118257820606,0.009659666568040848,0.0
1888.0,1890.0,0.01853179559111595,0.02980862930417061,0.003976718056946993
1889.0,1891.0,0.006167012732475996,0.009072018787264824,0.01593180187046528
1890.0,1892.0,0.0012310382444411516,0.0,0.0028636979404836893
1891.0,1893.0,0.0,0.0,0.010682548396289349
1892.0,1894.0,0.008154286071658134,0.005692668724805117,0.024367336183786392
1893.0,1895.0,0.0,0.022103028371930122,0.0
1894.0,1896.0,0.011683380231261253,0.013035977259278297,0.004796518944203854
1895.0,1897.0,0.008063173852860928,0.023807480931282043,0.0032999138347804546
1896.0,1898.0,0.020241983234882355,0.007460474036633968,0.0
1897.0,1899.0,0.027402954176068306,0.0,0.005569217726588249
1898.0,1900.0,0.010468019172549248,0.005770755000412464,0.013855048455297947
1899.0,1901.0,0.023348039016127586,0.00972757674753666,0.020000897347927094
1900.0,1902.0,0.01501030195504427,0.012545885518193245,0.007536797318607569
1901.0,1903.0,0.0043380968272686005,0.010394113138318062,0.00999424234032631
1902.0,1904.0,0.008108208887279034,0.015542074106633663,0.015854544937610626
1903.0,1905.0,0.014745306223630905,0.001246907515451312,0.01384065579622984
1904.0,1906.0,0.02126028575003147,0.0,0.010794900357723236
1905.0,1907.0,0.005177715793251991,0.0,0.0
1906.0,1908.0,0.0,0.005883868783712387,0.0
1907.0,1909.0,0.00042941723950207233,0.02172810770571232,0.008171613328158855
1908.0,1910.0,0.012690965086221695,0.01869923248887062,0.021298028528690338
1909.0,1911.0,0.031804852187633514,0.01480135042220354,0.023460542783141136
1910.0,1912.0,0.03420577198266983,0.002969048684462905,0.018045280128717422
1911.0,1913.0,0.01624070107936859,0.0024521725717931986,0.00044284015893936157
1912.0,1914.0,0.0012385838199406862,0.00013672001659870148,0.0
1913.0,1915.0,0.00927351787686348,0.007107785902917385,0.005712402518838644
1914.0,1916.0,0.008587036281824112,0.004454202950000763,0.007262557279318571
1915.0,1917.0,0.011478567495942116,0.006851505488157272,0.016294341534376144
1916.0,1918.0,0.019800515845417976,0.0,0.012772651389241219
1917.0,1919.0,0.0049219815991818905,0.011386174708604813,0.010629426687955856
1918.0,1920.0,0.018647121265530586,0.0016610175371170044,0.011602498590946198
1919.0,1921.0,0.018065569922327995,0.0022254986688494682,0.0012918226420879364
1920.0,1922.0,0.014334587380290031,0.010310406796634197,0.003823708277195692
1921.0,1923.0,0.018731651827692986,0.005372700747102499,0.0017381873913109303
1922.0,1924.0,0.012932496145367622,0.00013152509927749634,0.0
1923.0,1925.0,0.026143837720155716,0.002690951805561781,0.011729635298252106
1924.0,1926.0,0.035393256694078445,0.016009066253900528,0.02068309113383293
1925.0,1927.0,0.01949361525475979,0.02850591391324997,0.03361720219254494
1926.0,1928.0,0.012206893414258957,0.006894814781844616,0.005070297047495842
1927.0,1929.0,0.021663930267095566,0.0,0.0053343018516898155
1928.0,1930.0,0.01203928329050541,0.0,0.0036335475742816925
1929.0,1931.0,0.005637617781758308,0.0,0.0024512875825166702
1930.0,1932.0,0.017744233831763268,0.0,0.014242932200431824
1931.0,1933.0,0.018863148987293243,0.011506736278533936,0.012639009393751621
1932.0,1934.0,0.011903596110641956,0.0,0.007675650529563427
1933.0,1935.0,0.013318332843482494,0.0,0.010819882154464722
1934.0,1936.0,0.0023494309280067682,0.0,0.006597382947802544
1935.0,1937.0,0.0010488657280802727,0.004799775779247284,0.012835144996643066
1936.0,1938.0,0.022418925538659096,0.00908074714243412,0.01730167120695114
1937.0,1939.0,0.0179043747484684,0.0,0.009098360314965248
1938.0,1940.0,0.021077217534184456,0.0,0.0059245554730296135
1939.0,1941.0,0.018394634127616882,0.0,0.0
1940.0,1942.0,0.014379752799868584,6.721261888742447e-05,0.0
1941.0,1943.0,0.009114767424762249,0.02034621685743332,0.0028828002978116274
1942.0,1944.0,0.03409156948328018,0.006822996772825718,0.0
1943.0,1945.0,0.026953199878335,0.010702427476644516,0.012995556928217411
1944.0,1946.0,0.014002673327922821,0.016568966209888458,0.010958012193441391
1945.0,1947.0,0.01881302148103714,0.003898570081219077,0.013052400201559067
1946.0,1948.0,0.009696359746158123,0.002926276996731758,0.009969541803002357
1947.0,1949.0,0.0008984189480543137,0.00507729547098279,0.0070869456976652145
1948.0,1950.0,0.015155240893363953,0.0012704730033874512,0.0027885781601071358
1949.0,1951.0,0.01548414584249258,0.0,0.0
1950.0,1952.0,0.019831128418445587,0.002034197561442852,0.0008801184594631195
1951.0,1953.0,0.024866774678230286,0.0,0.00867714174091816
1952.0,1954.0,0.0143632423132658,0.0,0.006415625102818012
1953.0,1955.0,0.016412103548645973,0.0,0.0
1954.0,1956.0,0.014832500368356705,0.0,0.000745363300666213
1955.0,1957.0,0.01805873215198517,0.0,0.0
1956.0,1958.0,0.017733966931700706,0.0,0.0
1957.0,1959.0,0.016743073239922523,0.0,0.0
1958.0,1960.0,0.0073983315378427505,0.0006534825079143047,0.0
1959.0,1961.0,0.02701527625322342,0.020103178918361664,0.0030841510742902756
1960.0,1962.0,0.018881049007177353,0.001161530613899231,0.0
1961.0,1963.0,0.009230727329850197,0.0,0.0
1962.0,1964.0,0.02243887633085251,0.0,0.005905777215957642
1963.0,1965.0,0.024188311770558357,0.005477672442793846,0.006427417509257793
1964.0,1966.0,0.01979871653020382,0.00741974962875247,0.009460607543587685
1965.0,1967.0,0.014873262494802475,0.008891962468624115,0.007921385578811169
1966.0,1968.0,0.01215538289397955,0.010570656508207321,0.008656801655888557
1967.0,1969.0,0.017655961215496063,0.0020240084268152714,0.008143103681504726
1968.0,1970.0,0.020653869956731796,0.0,0.02952788770198822
1969.0,1971.0,0.026849105954170227,0.005688928533345461,0.03257635980844498
1970.0,1972.0,0.01646861992776394,0.008294561877846718,0.030373405665159225
1971.0,1973.0,0.004411483183503151,0.0,0.010187797248363495
1972.0,1974.0,0.013510970398783684,0.017846543341875076,0.011919263750314713
1973.0,1975.0,0.0057866377755999565,0.017708424478769302,0.019417185336351395
1974.0,1976.0,0.0034762052819132805,0.021663598716259003,0.0
1975.0,1977.0,0.01940207928419113,0.018828045576810837,0.003469519317150116
1976.0,1978.0,0.0,0.002935135969892144,0.01406712457537651
1977.0,1979.0,0.018580161035060883,0.007560284808278084,0.006024238653481007
1978.0,1980.0,0.020144719630479813,0.021073345094919205,0.005164218135178089
1979.0,1981.0,0.01381070725619793,0.011719168163836002,0.018190883100032806
1980.0,1982.0,0.0023760925978422165,0.0,0.015822116285562515
1981.0,1983.0,0.006025184411555529,0.0,0.011283627711236477
1982.0,1984.0,0.0143850427120924,0.0,0.006843443959951401
1983.0,1985.0,0.011768558993935585,0.0,0.011204944923520088
1984.0,1986.0,0.010826632380485535,0.0,0.005684230476617813
1985.0,1987.0,0.010834990069270134,0.0,0.0
1986.0,1988.0,0.010186318308115005,0.0,0.0003016907721757889
1987.0,1989.0,0.019897708669304848,0.0015710634179413319,0.0022685625590384007
1988.0,1990.0,0.014422556385397911,0.0,0.0007478394545614719
1989.0,1991.0,0.005182189866900444,0.0007301731966435909,0.011479588225483894
1990.0,1992.0,0.006647290196269751,0.002622842788696289,0.0
1991.0,1993.0,0.018196450546383858,0.0018335077911615372,0.0
1992.0,1994.0,0.02975766733288765,6.0080550611019135e-05,0.002211532089859247
1993.0,1995.0,0.015107695013284683,0.0,0.008025364018976688
1994.0,1996.0,0.015336168929934502,0.0,0.0007894895970821381
1995.0,1997.0,0.010911057703197002,0.0,0.0003790855407714844
1996.0,1998.0,0.021233726292848587,0.0,0.006519271060824394
1997.0,1999.0,0.02377334050834179,0.0,0.004688720218837261
1998.0,2000.0,0.02316528558731079,0.0,0.0
1999.0,2001.0,0.017496133223176003,0.0011354666203260422,0.0
2000.0,2002.0,0.010017862543463707,0.001875904155895114,0.0
2001.0,2003.0,0.0095621757209301,0.01693439669907093,0.016928590834140778
2002.0,2004.0,0.0152808278799057,0.0009385644225403666,0.011526581831276417
2003.0,2005.0,0.015575479716062546,0.0,0.012202202342450619
2004.0,2006.0,0.019589360803365707,0.0032351543195545673,0.017882831394672394
2005.0,2007.0,0.020522430539131165,0.0,0.002349649090319872
2006.0,2008.0,0.009512515738606453,0.0,0.0
2007.0,2009.0,0.006455364171415567,0.0,0.005400154739618301
2008.0,2010.0,0.014233790338039398,0.004501373041421175,0.015242209658026695
2009.0,2011.0,0.00408897502347827,0.0017227930948138237,0.013118396513164043
2010.0,2012.0,0.011950837448239326,0.0,0.005036776419728994
2011.0,2013.0,0.024106280878186226,0.0040381476283073425,0.01156247965991497
2012.0,2014.0,0.014184035360813141,0.003185789566487074,0.0
2013.0,2015.0,0.01208207942545414,0.00848888885229826,0.0016891127452254295
2014.0,2016.0,0.024151137098670006,0.009430146776139736,0.010216379538178444
2015.0,2017.0,0.007448740769177675,0.014115766622126102,0.010975537821650505
2016.0,2018.0,0.007741485722362995,0.0014470145106315613,0.007686133962124586
2017.0,2019.0,0.017954351380467415,0.0,0.0008506271988153458
2018.0,2020.0,0.019699539989233017,0.0,0.0
2019.0,2021.0,0.024837875738739967,0.0029594735242426395,0.009102016687393188
2020.0,2022.0,0.00030457833781838417,0.019458957016468048,0.02145923674106598
2021.0,2023.0,0.0,0.02577231265604496,0.013767537660896778
2022.0,2024.0,0.009775602258741856,0.0012741549871861935,0.013734270818531513
2023.0,2025.0,0.00529676117002964,0.0,0.014725781977176666
2024.0,2026.0,0.001570630818605423,0.0,0.01957649737596512
2025.0,2027.0,0.014986320398747921,0.016477826982736588,0.0035791732370853424
2026.0,2028.0,0.0010619012173265219,0.0,0.0022430196404457092
2027.0,2029.0,0.009475749917328358,0.0,0.006554283667355776
2028.0,2030.0,0.010239049792289734,0.0,0.014692471362650394
2029.0,2031.0,0.004814865533262491,0.01913987472653389,0.010729813016951084
2030.0,2032.0,0.007489793933928013,0.004660501144826412,0.028567757457494736
2031.0,2033.0,0.018594816327095032,0.010892677120864391,0.01798323355615139
2032.0,2034.0,0.028523357585072517,0.0,0.0011549219489097595
2033.0,2035.0,0.014187942259013653,0.0,0.0
2034.0,2036.0,0.018727624788880348,0.013631120324134827,0.0
2035.0,2037.0,0.025181293487548828,0.007826898247003555,0.0
2036.0,2038.0,0.02291271835565567,0.006785268895328045,0.0
2037.0,2039.0,0.015400918200612068,0.0,0.004755385220050812
2038.0,2040.0,0.00304398313164711,0.005954803433269262,0.007587949745357037
2039.0,2041.0,0.0,0.0,0.008255519904196262
2040.0,2042.0,0.003069693688303232,0.012488463893532753,0.006820456124842167
2041.0,2043.0,0.013596856966614723,0.006722608581185341,0.006629903335124254
2042.0,2044.0,0.015144171193242073,0.0,0.0
2043.0,2045.0,0.013261137530207634,0.004782925825566053,0.0
2044.0,2046.0,0.005357309244573116,0.0,0.0019586002454161644
2045.0,2047.0,0.0041712066158652306,0.0,0.012697086669504642
2046.0,2048.0,0.007448342628777027,0.0,0.002717492403462529
2047.0,2049.0,0.010917576029896736,0.0018367809243500233,0.0
2048.0,2050.0,0.016826510429382324,0.0,0.0
2049.0,2051.0,0.011834336444735527,0.0,0.0
2050.0,2052.0,0.007331936154514551,0.0024275360628962517,0.00149884435813874
2051.0,2053.0,0.004172986373305321,0.00326495710760355,0.0
2052.0,2054.0,0.020136145874857903,0.018343385308980942,0.00488615594804287
2053.0,2055.0,0.021796848624944687,0.025853870436549187,0.0
2054.0,2056.0,0.009157371707260609,0.017408214509487152,0.010324853472411633
2055.0,2057.0,0.009706809185445309,0.0044371215626597404,0.008231183513998985
2056.0,2058.0,0.008949637413024902,0.008659353479743004,0.0008088268805295229
2057.0,2059.0,0.004035109654068947,0.0034283134154975414,0.003006625920534134
2058.0,2060.0,0.007269285153597593,0.0,0.010511117056012154
2059.0,2061.0,0.017651604488492012,0.0,0.00018984172493219376
2060.0,2062.0,0.023908957839012146,0.0,0.0
2061.0,2063.0,0.016915718093514442,0.010243498720228672,0.0
2062.0,2064.0,0.0001132311299443245,0.017693672329187393,0.0
2063.0,2065.0,0.00715658999979496,0.0010337561834603548,0.013426544144749641
2064.0,2066.0,0.017604229971766472,0.0,0.017094358801841736
2065.0,2067.0,0.01280532218515873,0.004669730085879564,0.007969878613948822
2066.0,2068.0,0.006813067477196455,0.0,0.0
2067.0,2069.0,0.006288408301770687,0.0,0.0009289844892919064
2068.0,2070.0,0.012958904728293419,0.008775715716183186,0.01604539342224598
2069.0,2071.0,0.01720944419503212,0.009219657629728317,0.0
2070.0,2072.0,0.012104522436857224,0.016106707975268364,0.009459647350013256
2071.0,2073.0,0.0,0.003316570073366165,0.004271586891263723
2072.0,2074.0,0.001672577578574419,0.001966190990060568,0.005014409776777029
2073.0,2075.0,0.0057340869680047035,0.0,0.0062346262857317924
2074.0,2076.0,0.009402919560670853,0.0,0.0
2075.0,2077.0,0.0,0.0,0.01556464284658432
2076.0,2078.0,0.0,0.003206394612789154,0.020896539092063904
2077.0,2079.0,0.0,0.0146590331569314,0.006709224544465542
2078.0,2080.0,0.0006706453859806061,0.00956125371158123,0.0020679968874901533
2079.0,2081.0,0.0021589440293610096,0.009383780881762505,0.0
2080.0,2082.0,0.005613799672573805,0.02301952615380287,0.004304507747292519
2081.0,2083.0,0.006133127026259899,0.0236281156539917,0.015245627611875534
2082.0,2084.0,0.011047396808862686,0.0,0.01678953506052494
2083.0,2085.0,0.008794529363512993,0.002428066451102495,0.0077201854437589645
2084.0,2086.0,0.011769798584282398,0.007741560228168964,0.006650472059845924
2085.0,2087.0,0.008865599520504475,0.005663698073476553,0.0032737136352807283
2086.0,2088.0,0.0016502607613801956,0.003923632670193911,0.0
2087.0,2089.0,0.02244076505303383,0.01390338409692049,0.0011103262659162283
2088.0,2090.0,0.01647983491420746,0.00996358785778284,0.0054125855676829815
2089.0,2091.0,0.0029684039764106274,0.0,0.0
2090.0,2092.0,0.009618637152016163,0.0,0.0
2091.0,2093.0,0.009474841877818108,0.0033777516800910234,0.0073005445301532745
2092.0,2094.0,0.009085548110306263,0.0,0.0
2093.0,2095.0,0.01128652598708868,0.0,0.0
2094.0,2096.0,0.0028227847069501877,0.0,0.0
2095.0,2097.0,0.004938419908285141,0.0,0.0
2096.0,2098.0,0.03133554384112358,0.0,0.0
2097.0,2099.0,0.026800306513905525,0.0,0.004883608780801296
2098.0,2100.0,0.016355376690626144,0.0,0.0021474924869835377
2099.0,2101.0,0.0009255819022655487,0.01751020923256874,0.0
2100.0,2102.0,0.0,0.007062944583594799,0.0
2101.0,2103.0,0.007133950479328632,0.0,0.0
2102.0,2104.0,0.01203515101224184,0.01040908694267273,0.0025059778708964586
2103.0,2105.0,0.006849899888038635,0.012956864200532436,0.004834028426557779
2104.0,2106.0,0.0,0.0032168133184313774,0.0
2105.0,2107.0,0.0,0.0022228602319955826,0.0
2106.0,2108.0,0.0007246993482112885,0.0013945810496807098,0.004061523824930191
2107.0,2109.0,0.0011718487367033958,0.0,0.0
2108.0,2110.0,0.004651952534914017,0.004147275350987911,0.0
2109.0,2111.0,0.007263866253197193,0.01340394839644432,0.0
2110.0,2112.0,0.0,0.006451502442359924,0.00673909904435277
2111.0,2113.0,0.0,0.01176043413579464,0.0
2112.0,2114.0,0.000415656715631485,0.0037340978160500526,0.0023793596774339676
2113.0,2115.0,0.01822706311941147,0.0,0.0
2114.0,2116.0,0.008584326133131981,0.0,0.0
2115.0,2117.0,0.0,0.0,0.0
2116.0,2118.0,0.014676831662654877,0.0027123456820845604,0.001467738300561905
2117.0,2119.0,0.029827965423464775,0.0,0.011628314852714539
2118.0,2120.0,0.008613573387265205,0.0,0.007823094725608826
2119.0,2121.0,0.0,0.0,0.0
2120.0,2122.0,0.008681265637278557,0.0008286936208605766,0.008613117039203644
2121.0,2123.0,0.004814554005861282,0.0,0.007726803421974182
2122.0,2124.0,0.0,0.006049223709851503,0.010395449586212635
2123.0,2125.0,0.010204565711319447,0.0103274155408144,0.0011374743189662695
2124.0,2126.0,0.01507987454533577,0.0,0.0
2125.0,2127.0,0.02005324512720108,0.0,0.004038806073367596
2126.0,2128.0,0.0038912976160645485,0.0,0.0
2127.0,2129.0,0.0,0.006416283547878265,0.0
2128.0,2130.0,0.007741647306829691,0.017918195575475693,0.009262651205062866
2129.0,2131.0,0.0021561032626777887,0.00018101325258612633,0.008443566970527172
2130.0,2132.0,0.011169753968715668,0.0066074528731405735,0.0205483790487051
2131.0,2133.0,0.008417079225182533,0.011021273210644722,0.01827843487262726
2132.0,2134.0,0.0015485994517803192,0.015619058161973953,0.0042679570615291595
2133.0,2135.0,0.021045327186584473,0.006370754912495613,0.01934591867029667
2134.0,2136.0,0.026518546044826508,0.007094362750649452,0.03193466365337372
2135.0,2137.0,0.006233189254999161,0.020949698984622955,0.0
2136.0,2138.0,0.006949969567358494,0.008106463588774204,0.018745917826890945
2137.0,2139.0,0.02020406909286976,0.009568342939019203,0.0
2138.0,2140.0,0.02677716501057148,0.012023908086121082,0.009082227945327759
2139.0,2141.0,0.021658245474100113,0.004588663578033447,0.009665008634328842
2140.0,2142.0,0.004998139105737209,0.0,0.002410728484392166
2141.0,2143.0,0.011764470487833023,0.0,0.006378308869898319
2142.0,2144.0,0.02313303016126156,0.0,0.0011438713409006596
2143.0,2145.0,0.01326671615242958,0.004584093112498522,0.012835120782256126
2144.0,2146.0,0.004162093624472618,0.008109034970402718,0.005793074145913124
2145.0,2147.0,0.017639268189668655,0.0,0.0
2146.0,2148.0,0.012327861040830612,0.0,0.001998592633754015
2147.0,2149.0,0.006869534961879253,0.0,0.007753635756671429
2148.0,2150.0,0.012422234751284122,0.01663348451256752,0.00345291243866086
2149.0,2151.0,0.0,0.029196783900260925,0.003943303599953651
2150.0,2152.0,0.005936790257692337,0.013426464051008224,0.0036518084816634655
2151.0,2153.0,0.014143799431622028,0.00906437449157238,0.004819733090698719
2152.0,2154.0,0.011853091418743134,0.0,0.0026884202379733324
2153.0,2155.0,0.008690090849995613,0.0,0.0
2154.0,2156.0,0.007809271104633808,0.0,0.001396598294377327
2155.0,2157.0,0.009068076498806477,0.002287438604980707,0.0
2156.0,2158.0,0.016334647312760353,0.00032406160607934,0.004494279157370329
2157.0,2159.0,0.01325850561261177,0.004135900177061558,0.0
2158.0,2160.0,0.013464937917888165,0.008513307198882103,0.005801325663924217
2159.0,2161.0,0.00036818417720496655,0.004803365562111139,0.013606972992420197
2160.0,2162.0,0.009341681376099586,0.0001015255693346262,0.005376781336963177
2161.0,2163.0,0.01916358806192875,0.0020256144925951958,0.0077136363834142685
2162.0,2164.0,0.01316249743103981,0.0,0.002814040519297123
2163.0,2165.0,0.00837695226073265,0.0023017169442027807,0.011729962192475796
2164.0,2166.0,0.006542574148625135,0.01005265861749649,0.0026505140122026205
2165.0,2167.0,0.0256749726831913,0.01751217432320118,0.00021483260206878185
2166.0,2168.0,0.015817958861589432,0.0,0.002086991909891367
2167.0,2169.0,0.008609234355390072,0.001633737701922655,0.00861092284321785
2168.0,2170.0,0.013551086187362671,0.005522632971405983,0.007882427424192429
2169.0,2171.0,0.019930053502321243,0.0029527898877859116,0.007573075592517853
2170.0,2172.0,0.0163029283285141,0.0059546069242060184,0.010607914999127388
2171.0,2173.0,0.012790603563189507,0.009547071531414986,0.0
2172.0,2174.0,0.02370287850499153,0.001929995371028781,0.0
2173.0,2175.0,0.01679399609565735,0.0008075668010860682,0.0025127287954092026
2174.0,2176.0,0.013021616265177727,0.01764713227748871,0.0
2175.0,2177.0,0.03131343424320221,0.024839458987116814,0.013806212693452835
2176.0,2178.0,0.02559637650847435,0.0035515432246029377,0.01125221699476242
2177.0,2179.0,0.002323730383068323,0.0,0.0
2178.0,2180.0,0.004758612718433142,0.0,0.0001657011453062296
2179.0,2181.0,0.006232833955436945,0.022321943193674088,0.003298529889434576
2180.0,2182.0,0.02297891676425934,0.012908780947327614,0.019112706184387207
2181.0,2183.0,0.007446072995662689,0.0,0.01169180404394865
2182.0,2184.0,0.00676521984860301,0.005528321024030447,0.010790959000587463
2183.0,2185.0,0.02386005036532879,0.017785852774977684,0.005703489296138287
2184.0,2186.0,0.022029457613825798,0.011778824031352997,0.005352676846086979
2185.0,2187.0,0.01973915472626686,0.0,0.0
2186.0,2188.0,0.015259148553013802,0.0,0.0
2187.0,2189.0,0.022855445742607117,0.0,0.0
2188.0,2190.0,0.0,0.0,0.0015836087986826897
2189.0,2191.0,0.0,0.0,0.0
2190.0,2192.0,0.01694454625248909,0.0,0.0007140431553125381
2191.0,2193.0,0.021759942173957825,0.0017726002261042595,0.005623608827590942
2192.0,2194.0,0.0,0.01664598658680916,0.0
2193.0,2195.0,0.008371316827833652,0.018821902573108673,0.009395139291882515
2194.0,2196.0,0.008113421499729156,0.001454631332308054,0.010808429680764675
2195.0,2197.0,0.00792982243001461,0.0,0.005950894206762314
2196.0,2198.0,0.015766223892569542,0.0,0.0
2197.0,2199.0,0.025098588317632675,0.0,0.0
2198.0,2200.0,0.027089999988675117,0.0,0.010526846162974834
2199.0,2201.0,0.02355828508734703,0.003030881518498063,0.011297008022665977
2200.0,2202.0,0.00926099345088005,0.00031684315763413906,0.012353959493339062
2201.0,2203.0,0.002189395949244499,0.0,0.0020070229656994343
2202.0,2204.0,0.014248288236558437,0.015437674708664417,0.0033266437239944935
2203.0,2205.0,0.016533488407731056,0.0115836001932621,0.0
2204.0,2206.0,0.012003841809928417,0.0,0.004651773255318403
2205.0,2207.0,0.014592543244361877,0.0,0.0032071855384856462
2206.0,2208.0,0.020667411386966705,6.875861436128616e-05,0.009426416829228401
2207.0,2209.0,0.015606826171278954,0.004131053574383259,0.007219668012112379
2208.0,2210.0,0.014333441853523254,0.0,0.0
2209.0,2211.0,0.013962987810373306,0.0,0.0024084066972136497
2210.0,2212.0,0.013937261886894703,0.0,0.0
2211.0,2213.0,0.018063897266983986,0.0,0.0
2212.0,2214.0,0.013704216107726097,0.0,0.0
2213.0,2215.0,0.01586943119764328,0.0,0.0
2214.0,2216.0,0.005271684844046831,0.0,0.0
2215.0,2217.0,0.004293685778975487,0.0,0.0
2216.0,2218.0,0.0064257849007844925,0.0,0.003943624906241894
2217.0,2219.0,0.0028009838424623013,0.0,0.0039572082459926605
2218.0,2220.0,0.0,0.0,0.0
2219.0,2221.0,0.0,0.0,0.0
2220.0,2222.0,0.005369801539927721,0.0,0.0006918353028595448
2221.0,2223.0,0.0025217884685844183,0.007376162335276604,0.010723805986344814
2222.0,2224.0,0.0,0.0,0.007337625604122877
2223.0,2225.0,0.0,0.006614684127271175,0.010241929441690445
2224.0,2226.0,0.003888965817168355,0.01657409965991974,0.007621790282428265
2225.0,2227.0,0.0048157814890146255,0.022452227771282196,0.005038480740040541
2226.0,2228.0,0.0017222750466316938,0.00925819668918848,0.0007614037021994591
2227.0,2229.0,0.015673771500587463,0.006743868347257376,0.012996808625757694
2228.0,2230.0,0.020264089107513428,0.012461978942155838,0.017830392345786095
2229.0,2231.0,0.02416277676820755,0.011861749924719334,0.016214601695537567
2230.0,2232.0,0.02863343246281147,0.0031729871407151222,0.028890270739793777
2231.0,2233.0,0.013131615705788136,0.012692566961050034,0.024143775925040245
2232.0,2234.0,0.003991829231381416,0.0,0.01041400246322155
2233.0,2235.0,0.006261016242206097,0.0,0.011116341687738895
2234.0,2236.0,0.005026664584875107,0.009711125865578651,0.0
2235.0,2237.0,0.01848825067281723,0.006493105087429285,0.00471442099660635
2236.0,2238.0,0.0230691060423851,0.00941824447363615,0.01280264649540186
2237.0,2239.0,0.018926579505205154,0.013367518782615662,0.020231347531080246
2238.0,2240.0,0.008360271342098713,0.0,0.013700711540877819
2239.0,2241.0,0.005655292421579361,0.003477788530290127,0.0
2240.0,2242.0,0.014134276658296585,0.00540461391210556,0.0020344252698123455
2241.0,2243.0,0.004350177012383938,0.0012549818493425846,0.006948706693947315
2242.0,2244.0,0.020936597138643265,0.004151152912527323,0.01836869865655899
2243.0,2245.0,0.018946846947073936,0.009258776903152466,0.016175422817468643
2244.0,2246.0,0.018650269135832787,0.01325097307562828,0.010184348560869694
2245.0,2247.0,0.029159467667341232,0.022984221577644348,0.01478082500398159
2246.0,2248.0,0.01236687507480383,0.01626776158809662,0.001564500853419304
2247.0,2249.0,0.0,0.013607826083898544,0.0005670599639415741
2248.0,2250.0,0.002278498839586973,0.019671013578772545,0.01395472977310419
2249.0,2251.0,0.006846272386610508,0.01055061537772417,0.013916589319705963
2250.0,2252.0,0.016061343252658844,0.0030856002122163773,0.024257749319076538
2251.0,2253.0,0.010255733504891396,0.015973569825291634,0.019349899142980576
2252.0,2254.0,0.015616847202181816,0.015004361048340797,0.02074141427874565
2253.0,2255.0,0.025968661531805992,0.017878303304314613,0.01990755833685398
2254.0,2256.0,0.015658389776945114,0.00861796922981739,0.01605371944606304
2255.0,2257.0,6.561557529494166e-05,0.015105963684618473,0.012803208082914352
2256.0,2258.0,0.008442788384854794,0.0021411501802504063,0.0
2257.0,2259.0,0.01811070553958416,0.0,0.009534096345305443
2258.0,2260.0,0.03498426079750061,0.0,0.014081347733736038
2259.0,2261.0,0.018841568380594254,0.0,0.010876733809709549
2260.0,2262.0,0.00830293633043766,0.0026496965438127518,7.047737017273903e-05
2261.0,2263.0,0.0011606225743889809,0.0011507533490657806,0.0
2262.0,2264.0,0.008038964122533798,0.013546931557357311,0.0025527155958116055
2263.0,2265.0,0.009224952198565006,0.016840968281030655,0.005913580302149057
2264.0,2266.0,0.005255842115730047,0.007027472369372845,0.01398097351193428
2265.0,2267.0,0.008058982901275158,0.0005079871043562889,0.007164573762565851
2266.0,2268.0,0.01581222005188465,0.0,0.0
2267.0,2269.0,0.009715374559164047,0.00424141064286232,0.0
2268.0,2270.0,0.0,0.004722236655652523,0.0
2269.0,2271.0,0.007582567166537046,0.01311240904033184,0.0
2270.0,2272.0,0.014698298647999763,0.0034794630482792854,0.009952258318662643
2271.0,2273.0,0.0053783077746629715,0.000637491000816226,0.011901697143912315
2272.0,2274.0,0.015354524366557598,0.003663046285510063,0.012189649976789951
2273.0,2275.0,0.015011249110102654,0.0,0.0
2274.0,2276.0,0.016695130616426468,0.0,0.0012497124262154102
2275.0,2277.0,0.012355110608041286,0.003765024710446596,0.0
2276.0,2278.0,0.004588176496326923,0.006094338838011026,0.0
2277.0,2279.0,0.011428093537688255,0.002446504309773445,0.008919548243284225
2278.0,2280.0,0.015731830149888992,0.0,0.005005166865885258
2279.0,2281.0,0.012381212785840034,0.0,0.009749899618327618
2280.0,2282.0,0.007841675542294979,0.0,0.008143309503793716
2281.0,2283.0,0.00836082175374031,0.0047542499378323555,0.0062477439641952515
2282.0,2284.0,0.007930067367851734,0.011964279226958752,0.0004023520741611719
2283.0,2285.0,0.003291461616754532,0.019546909257769585,0.0
2284.0,2286.0,0.0,0.015590962022542953,0.0
2285.0,2287.0,0.009216958656907082,0.005002288147807121,0.003840923774987459
2286.0,2288.0,0.014265131205320358,0.006874846760183573,0.006085680797696114
2287.0,2289.0,0.015871478244662285,0.002873768098652363,0.0
2288.0,2290.0,0.012859839014708996,0.0018810625188052654,0.0
2289.0,2291.0,0.007865961641073227,0.0,0.0
2290.0,2292.0,0.015356362797319889,0.0,0.0067734550684690475
2291.0,2293.0,0.008023513481020927,0.0,0.008428000845015049
2292.0,2294.0,0.0,0.0060499925166368484,0.0
2293.0,2295.0,0.0,0.02081340178847313,0.0
2294.0,2296.0,0.0,0.020641449838876724,0.0
2295.0,2297.0,0.006503606680780649,0.0,0.0011681816540658474
2296.0,2298.0,0.01878020539879799,0.0,0.0012066247873008251
2297.0,2299.0,0.01991351693868637,0.0,0.00389214139431715
2298.0,2300.0,0.02132280357182026,0.0,0.0
2299.0,2301.0,0.01851397007703781,0.0,0.0
2300.0,2302.0,0.013587728142738342,0.0,0.0
2301.0,2303.0,0.01557309553027153,0.0,0.002146630547940731
2302.0,2304.0,0.014582379721105099,0.012293245643377304,0.0032901240047067404
2303.0,2305.0,0.0,0.023649880662560463,0.002624809043481946
2304.0,2306.0,0.00340650649741292,0.0048788441345095634,0.0036477516405284405
2305.0,2307.0,0.014319151639938354,0.0,0.009929562918841839
2306.0,2308.0,0.02017311379313469,0.0,0.0013884403742849827
2307.0,2309.0,0.014376525767147541,0.0,0.0023263106122612953
2308.0,2310.0,0.014734694734215736,0.002093580085784197,0.008637604303658009
2309.0,2311.0,0.015317663550376892,0.008998035453259945,0.015244845300912857
2310.0,2312.0,0.017368830740451813,0.0,0.009476935490965843
2311.0,2313.0,0.014883453026413918,0.009669378399848938,0.005077571142464876
2312.0,2314.0,0.0,0.002341571496799588,0.0
2313.0,2315.0,0.00856919027864933,0.0,0.0
2314.0,2316.0,0.028746841475367546,0.0035390693228691816,0.0
2315.0,2317.0,0.011662296019494534,0.0,0.0
2316.0,2318.0,0.0006821537972427905,0.007957852445542812,0.010153788141906261
2317.0,2319.0,0.012926043942570686,0.0,0.0037188336718827486
2318.0,2320.0,0.020467009395360947,0.0,0.0
2319.0,2321.0,0.023730017244815826,0.00831469614058733,0.009217167273163795
2320.0,2322.0,0.025883853435516357,0.0,0.008050395175814629
2321.0,2323.0,0.015696700662374496,0.0,0.0010537274647504091
2322.0,2324.0,0.007382450625300407,0.0,0.0
2323.0,2325.0,0.008165672421455383,0.0,0.007010802626609802
2324.0,2326.0,0.010195581242442131,0.003766417969018221,0.01409949455410242
2325.0,2327.0,0.00566959660500288,0.0029626754112541676,0.008578074164688587
2326.0,2328.0,0.0033289394341409206,0.013415933586657047,0.022188428789377213
2327.0,2329.0,0.006922018714249134,0.003679753514006734,0.004819826688617468
2328.0,2330.0,0.012368636205792427,0.0,0.007541832514107227
2329.0,2331.0,0.015325836837291718,0.0,0.012255623936653137
2330.0,2332.0,0.014348478056490421,0.005444764159619808,0.0
2331.0,2333.0,0.02018471248447895,0.0,0.0
2332.0,2334.0,0.012990322895348072,0.0,0.0
2333.0,2335.0,0.008550752885639668,0.0,8.334708400070667e-05
2334.0,2336.0,0.010746327228844166,0.00021663401275873184,0.010690581053495407
2335.0,2336.86,0.005296355579048395,0.0038148374296724796,0.015624326653778553
2336.0,2336.86,0.011645577847957611,0.027438320219516754,0.016485080122947693
