start,end,arousal,valence,dominance
0.0,2.0,0.026160256937146187,0.0014032421167939901,0.022119838744401932
1.0,3.0,0.025060907006263733,0.009358501061797142,0.019369151443243027
2.0,4.0,0.01567559689283371,0.004324325360357761,0.012368258088827133
3.0,5.0,0.016839081421494484,0.004149202723056078,0.014548721723258495
4.0,6.0,0.021160900592803955,0.007803401909768581,0.021338099613785744
5.0,7.0,0.009204956702888012,0.006792305503040552,0.012476038187742233
6.0,8.0,0.0013818724546581507,0.004294128622859716,0.005315589718520641
7.0,9.0,0.004070421680808067,0.0007662232965230942,0.0072034187614917755
8.0,10.0,0.017389994114637375,0.0,0.012880632653832436
9.0,11.0,0.0,0.0,0.011030689813196659
10.0,12.0,0.004633072763681412,0.0,0.01666107028722763
11.0,13.0,0.017258767038583755,0.010102201253175735,0.022265732288360596
12.0,14.0,0.0028217658400535583,0.00445768516510725,0.01603781431913376
13.0,15.0,4.388904199004173e-05,0.009068632498383522,0.002332119271159172
14.0,16.0,0.012928633950650692,0.0,0.018965641036629677
15.0,17.0,0.00719872722402215,0.0016603729454800487,0.0077846236526966095
16.0,18.0,0.003456669393926859,0.0006345666479319334,0.010859722271561623
17.0,19.0,0.010576847940683365,0.0,0.00775805301964283
18.0,20.0,0.02095053717494011,0.004865007009357214,0.01536240428686142
19.0,21.0,0.006254296749830246,0.0,0.0
20.0,22.0,0.0006163241341710091,0.0,0.0
21.0,23.0,0.0004948368296027184,0.0,0.0
22.0,24.0,0.013311123475432396,0.0,0.00991200003772974
23.0,25.0,0.015462680719792843,0.0,0.009603227488696575
24.0,26.0,0.006507416255772114,0.0,0.0
25.0,27.0,0.007908301427960396,0.0,0.006982018239796162
26.0,28.0,0.008906464092433453,0.0031352865044027567,0.027320127934217453
27.0,29.0,0.0,0.0134220439940691,0.0
28.0,30.0,0.010703708976507187,0.014021364971995354,0.015486052259802818
29.0,31.0,0.020342973992228508,0.013721887953579426,0.015972014516592026
30.0,32.0,0.0172332301735878,0.01601662114262581,0.010457945987582207
31.0,33.0,0.03617115318775177,0.006767648737877607,0.010961958207190037
32.0,34.0,0.03187181055545807,0.006722958758473396,0.012446826323866844
33.0,35.0,0.017486415803432465,0.002753001172095537,0.019276119768619537
34.0,36.0,0.016712909564375877,0.0016624133568257093,0.02044820226728916
35.0,37.0,0.026137404143810272,0.004257953725755215,0.019926609471440315
36.0,38.0,0.022036246955394745,0.005701948888599873,0.025126269087195396
37.0,39.0,0.007004597224295139,0.0054502529092133045,0.0115225650370121
38.0,40.0,0.018233317881822586,0.014979477040469646,0.008729744702577591
39.0,41.0,0.024309735745191574,0.01677832566201687,0.03082946129143238
40.0,42.0,0.0,0.008822894655168056,0.015956897288560867
41.0,43.0,0.010986680164933205,0.0,0.015389482490718365
42.0,44.0,0.01575302705168724,0.0,0.0048154667019844055
43.0,45.0,0.022026030346751213,0.00404294952750206,0.0003160277847200632
44.0,46.0,0.01880130171775818,0.002253296785056591,0.006212302017956972
45.0,47.0,0.02099643275141716,0.0,0.0020825595129281282
46.0,48.0,0.020635241642594337,0.0,0.007880054414272308
47.0,49.0,0.020574042573571205,0.0,0.004359975922852755
48.0,50.0,0.01619558595120907,0.0,0.000330896582454443
49.0,51.0,0.0076502286829054356,0.0,0.005286398809403181
50.0,52.0,0.01102050207555294,0.005572530906647444,0.008439525030553341
51.0,53.0,0.011604920960962772,0.011490721255540848,0.015383703634142876
52.0,54.0,0.01589890569448471,0.01024799607694149,0.010714637115597725
53.0,55.0,0.009710906073451042,0.009047801606357098,0.013743994757533073
54.0,56.0,0.013240502215921879,0.0,0.011001108214259148
55.0,57.0,0.022833405062556267,0.0,0.00936469342559576
56.0,58.0,0.02439534291625023,0.000718108844012022,0.00317490566521883
57.0,59.0,0.025228817015886307,0.003652897197753191,0.0033149044029414654
58.0,60.0,0.014837069436907768,0.010055582039058208,0.004685411229729652
59.0,61.0,0.017933348193764687,0.006731727160513401,0.003488553687930107
60.0,62.0,0.02609313279390335,0.003115152707323432,0.016280516982078552
61.0,63.0,0.017885658890008926,0.01419004239141941,0.010326948948204517
62.0,64.0,0.012031514197587967,0.0056223031133413315,0.011099386028945446
63.0,65.0,0.015002982690930367,0.004647869151085615,0.012135178782045841
64.0,66.0,0.024363558739423752,0.0,0.0038993824273347855
65.0,67.0,0.02210497297346592,0.00317249889485538,0.004751285072416067
66.0,68.0,0.02326980233192444,0.007470979820936918,0.0038450835272669792
67.0,69.0,0.03151504695415497,0.009925593622028828,0.011979249306023121
68.0,70.0,0.025397898629307747,0.0063947695307433605,0.008632669225335121
69.0,71.0,0.009647650644183159,0.0022990284487605095,0.011966687627136707
70.0,72.0,0.01148945465683937,0.00518839294090867,0.0023811524733901024
71.0,73.0,0.012276261113584042,0.0017074912320822477,0.0
72.0,74.0,0.01754743605852127,0.0,0.0010694805532693863
73.0,75.0,0.015897437930107117,0.0,0.0
74.0,76.0,0.0036997823044657707,0.0,0.0
75.0,77.0,0.01737627573311329,0.01636543683707714,0.0
76.0,78.0,0.019414398819208145,0.008843671530485153,0.005502563901245594
77.0,79.0,0.027172673493623734,0.002354705473408103,0.0038542363326996565
78.0,80.0,0.016592949628829956,0.005470095202326775,0.0029099690727889538
79.0,81.0,0.010381342843174934,0.013401036150753498,0.011637058109045029
80.0,82.0,0.0,0.011508108116686344,0.0
81.0,83.0,0.010272745043039322,0.003287038067355752,0.001662081340327859
82.0,84.0,0.01912827044725418,0.0,0.011332781985402107
83.0,85.0,0.01902601681649685,0.0,0.008139310404658318
84.0,86.0,0.03117084875702858,0.0,0.0048650093376636505
85.0,87.0,0.025529351085424423,0.016296137124300003,0.007985524833202362
86.0,88.0,0.019335301592946053,0.004102778621017933,0.0075639719143509865
87.0,89.0,0.016050273552536964,0.0,0.0
88.0,90.0,0.014026464894413948,0.003265766892582178,0.009220019914209843
89.0,91.0,0.008604170754551888,0.001681279158219695,0.013598008081316948
90.0,92.0,0.021472793072462082,0.013973713852465153,0.021032623946666718
91.0,93.0,0.018604077398777008,0.010447265580296516,0.0174160897731781
92.0,94.0,0.002796821529045701,0.00021324632689356804,0.0013390402309596539
93.0,95.0,0.01287336926907301,0.010623365640640259,0.010470671579241753
94.0,96.0,0.01182020828127861,0.009124526754021645,0.019991226494312286
95.0,97.0,0.020017139613628387,0.011158831417560577,0.01707383617758751
96.0,98.0,0.01725512184202671,0.026952873915433884,0.0056789712980389595
97.0,99.0,0.021900832653045654,0.014347685500979424,0.008482790552079678
98.0,100.0,0.01785389706492424,0.008404722437262535,0.021494269371032715
99.0,101.0,0.015474810265004635,0.0,0.015531486831605434
100.0,102.0,0.015868203714489937,0.0,0.0
101.0,103.0,0.029672719538211823,0.0028474440332502127,0.003192299511283636
102.0,104.0,0.024512100964784622,0.010140197351574898,0.009018521755933762
103.0,105.0,0.009817223064601421,0.0,0.007034624461084604
104.0,106.0,0.013734344393014908,0.0,0.014209821820259094
105.0,107.0,0.01865299604833126,0.016471832990646362,0.01053762249648571
106.0,108.0,0.013837834820151329,0.013885930180549622,0.013705390505492687
107.0,109.0,0.012602046132087708,0.00676800636574626,0.0167121309787035
108.0,110.0,0.013558649457991123,0.005403921939432621,0.014909745194017887
109.0,111.0,0.008271344006061554,0.0,0.003249595407396555
110.0,112.0,0.017779026180505753,0.0,0.01001664251089096
111.0,113.0,0.02839270420372486,0.0009075445123016834,0.002374413888901472
112.0,114.0,0.02791547402739525,0.0,0.0
113.0,115.0,0.023022469133138657,0.0034943167120218277,0.005216287449002266
114.0,116.0,0.0280744805932045,0.019651755690574646,0.0077027250081300735
115.0,117.0,0.020952239632606506,0.009897291660308838,0.009332452900707722
116.0,118.0,0.013911999762058258,0.0,0.016101256012916565
117.0,119.0,0.0019216204527765512,0.00989892240613699,0.005616488866508007
118.0,120.0,0.0,0.009292133152484894,0.00040773116052150726
119.0,121.0,0.019121559336781502,0.0,0.0018568623345345259
120.0,122.0,0.027436843141913414,0.012472235597670078,0.010091136209666729
121.0,123.0,0.016536105424165726,0.0029024682007730007,0.0
122.0,124.0,0.004495500586926937,0.012037168256938457,0.015475398860871792
123.0,125.0,0.0070035578683018684,0.014068282209336758,0.003217938356101513
124.0,126.0,0.011223070323467255,0.007317590992897749,0.005670124664902687
125.0,127.0,0.023294460028409958,0.006570195779204369,0.01750156655907631
126.0,128.0,0.013268674723803997,0.0,0.005552302580326796
127.0,129.0,0.012060342356562614,0.0,0.0027757100760936737
128.0,130.0,0.011111648753285408,0.008053863421082497,0.015142100863158703
129.0,131.0,0.006661008112132549,0.001049482962116599,0.017702052369713783
130.0,132.0,0.01584319770336151,0.0,0.0025244452990591526
131.0,133.0,0.02554887719452381,0.0,0.005885032005608082
132.0,134.0,0.0191727876663208,0.0017300588078796864,0.004686473403126001
133.0,135.0,0.029496371746063232,0.003478746861219406,0.004600611515343189
134.0,136.0,0.029560908675193787,0.014386655762791634,0.016218971461057663
135.0,137.0,0.010583164170384407,0.0037999579217284918,0.012314645573496819
136.0,138.0,0.01935570500791073,0.0068888310343027115,0.017597779631614685
137.0,139.0,0.02346426621079445,0.009702950716018677,0.023932311683893204
138.0,140.0,0.013789191842079163,0.0049278391525149345,0.019009657204151154
139.0,141.0,0.013989107683300972,0.0,0.009946322999894619
140.0,142.0,0.012233966030180454,0.006077833008021116,0.011250360868871212
141.0,143.0,0.012448878958821297,0.009487922303378582,0.015592689625918865
142.0,144.0,0.018637578934431076,0.02001524530351162,0.03003409504890442
143.0,145.0,0.015746809542179108,0.016210492700338364,0.0201260969042778
144.0,146.0,0.01661086454987526,0.012037090957164764,0.016924632713198662
145.0,147.0,0.019156279042363167,0.000540064531378448,0.009491197764873505
146.0,148.0,0.013707216829061508,0.0,0.008493209257721901
147.0,149.0,0.013010352849960327,0.0,0.006252510938793421
148.0,150.0,0.02190273441374302,0.0039883763529360294,0.0034264959394931793
149.0,151.0,0.02633114904165268,0.0029401706997305155,0.0010622981935739517
150.0,152.0,0.025825388729572296,0.0,0.0
151.0,153.0,0.02509862743318081,0.0013458135072141886,0.004051531665027142
152.0,154.0,0.020255103707313538,0.009111741557717323,0.01622612215578556
153.0,155.0,0.01880083978176117,0.010178903117775917,0.00931716151535511
154.0,156.0,0.02137850597500801,0.0,0.006630136631429195
155.0,157.0,0.017291836440563202,0.0,0.028716247528791428
156.0,158.0,0.001950759207829833,0.021629363298416138,0.014348343946039677
157.0,159.0,0.015622268430888653,0.008059474639594555,0.008905205875635147
158.0,160.0,0.01689201407134533,0.0,0.0
159.0,161.0,0.023092247545719147,0.0,0.0
160.0,162.0,0.015525609254837036,0.010205376893281937,0.0
161.0,163.0,0.01441739872097969,0.008206532336771488,0.0012919367291033268
162.0,164.0,0.012260792776942253,0.004234193824231625,0.005915591027587652
163.0,165.0,0.0037667343858629465,0.0004909951239824295,0.00020519993267953396
164.0,166.0,0.011380205862224102,0.011380726471543312,0.00734302680939436
165.0,167.0,0.0,0.020501121878623962,0.002093053422868252
166.0,168.0,0.028037970885634422,0.005725590977817774,0.013937784358859062
167.0,169.0,0.03564498573541641,0.006630918011069298,0.0065659452229738235
168.0,170.0,0.03056877851486206,0.0046501923352479935,0.0
169.0,171.0,0.027710771188139915,0.004302062559872866,0.0
170.0,172.0,0.01915036141872406,0.008305391296744347,0.0
171.0,173.0,0.018334686756134033,0.0,0.0034266840666532516
172.0,174.0,0.014603370800614357,0.0,0.004754778929054737
173.0,175.0,0.020398125052452087,0.0019172073807567358,0.013235308229923248
174.0,176.0,0.021662961691617966,0.0,0.01220710203051567
175.0,177.0,0.018152575939893723,0.0,0.0010364395566284657
176.0,178.0,0.0013811346143484116,0.005269896704703569,0.0003135048318654299
177.0,179.0,0.006047060247510672,0.0,0.0
178.0,180.0,0.012206349521875381,0.005596513394266367,0.0
179.0,181.0,0.012798023410141468,0.0,0.0
180.0,182.0,0.008045416325330734,0.0,0.0014325780794024467
181.0,183.0,0.010592222213745117,0.013883906416594982,0.011354074813425541
182.0,184.0,0.01021184865385294,0.007010350935161114,0.0
183.0,185.0,0.021419651806354523,0.003297956893220544,0.0
184.0,186.0,0.025056220591068268,0.0,0.009607251733541489
185.0,187.0,0.029779955744743347,0.010965459980070591,0.005654748994857073
186.0,188.0,0.029848895967006683,0.007836324162781239,0.00028366968035697937
187.0,189.0,0.037396982312202454,0.003464885288849473,0.005003693513572216
188.0,190.0,0.021809034049510956,0.006428770255297422,0.002151133958250284
189.0,191.0,0.016679761931300163,0.005639749579131603,0.0023832821752876043
190.0,192.0,0.016180764883756638,0.004069015383720398,0.0012191524729132652
191.0,193.0,0.01300274021923542,0.0007093076128512621,0.0
192.0,194.0,0.011647501960396767,0.0,0.00023384066298604012
193.0,195.0,0.01737804338335991,0.0,0.01364944688975811
194.0,196.0,0.009280438534915447,0.006975085008889437,0.016534442082047462
195.0,197.0,0.00758447777479887,0.015367843210697174,0.01729753613471985
196.0,198.0,0.009136106818914413,0.02117007039487362,0.02052180841565132
197.0,199.0,0.028498822823166847,0.008648370392620564,0.021476956084370613
198.0,200.0,0.028000010177493095,0.0,0.01785513386130333
199.0,201.0,0.01655803620815277,0.006088949739933014,0.01266026683151722
200.0,202.0,0.014519600197672844,0.009711993858218193,0.026520635932683945
201.0,203.0,0.005723310634493828,0.008145956322550774,0.014566024765372276
202.0,204.0,0.018651627004146576,0.004735135473310947,0.006726217921823263
203.0,205.0,0.030629441142082214,0.008037090301513672,0.003121625166386366
204.0,206.0,0.016126733273267746,0.01243671402335167,0.012247314676642418
205.0,207.0,0.017150651663541794,0.0,0.010582346469163895
206.0,208.0,0.011691093444824219,0.0,0.001541739795356989
207.0,209.0,0.010209767147898674,0.0,0.0
208.0,210.0,0.010926414281129837,0.018308741971850395,4.339194856584072e-05
209.0,211.0,0.02584831789135933,0.013589964248239994,0.018485568463802338
210.0,212.0,0.018444133922457695,0.0,0.016396470367908478
211.0,213.0,0.008348912000656128,0.0,0.0012848253827542067
212.0,214.0,0.019107505679130554,0.0013025016523897648,0.006669670343399048
213.0,215.0,0.027325162664055824,0.0,0.0
214.0,216.0,0.023718027397990227,0.0,0.0
215.0,217.0,0.024794699624180794,0.0030313213355839252,0.009615547955036163
216.0,218.0,0.02669106051325798,0.0,0.0036396710202097893
217.0,219.0,0.01868891343474388,0.0,0.0
218.0,220.0,0.02092600427567959,0.0,0.005769688636064529
219.0,221.0,0.020495407283306122,0.0,0.02009855955839157
220.0,222.0,0.0033038617111742496,0.0,0.009434731677174568
221.0,223.0,0.01606832817196846,0.0071474481374025345,0.004346328787505627
222.0,224.0,0.019495530053973198,0.0004952569724991918,0.0011672782711684704
223.0,225.0,0.02702363394200802,0.0,0.006313324440270662
224.0,226.0,0.01863216795027256,0.0,0.0
225.0,227.0,0.02181411348283291,0.0,0.0
226.0,228.0,0.019865578040480614,0.0019444944337010384,0.007447339128702879
227.0,229.0,0.0057082464918494225,0.0025186827406287193,0.0012635770253837109
228.0,230.0,0.0037956261076033115,0.022068452090024948,0.0054972292855381966
229.0,231.0,0.01741020381450653,0.00024003488942980766,0.00617893086746335
230.0,232.0,0.028774579986929893,0.0,0.007912088185548782
231.0,233.0,0.01669955812394619,0.0,0.008841333910822868
232.0,234.0,0.013369198888540268,0.0,0.0
233.0,235.0,0.018305964767932892,0.002373538911342621,0.0
234.0,236.0,0.01735762320458889,0.0,0.0
235.0,237.0,0.011260658502578735,0.00372511800378561,0.0
236.0,238.0,0.031556930392980576,0.0,0.009558679535984993
237.0,239.0,0.023441514000296593,0.0,0.00718682911247015
238.0,240.0,0.028167538344860077,0.0,0.021285174414515495
239.0,241.0,0.02183309756219387,0.01948196440935135,0.023141395300626755
240.0,242.0,0.012961216270923615,0.02259492501616478,0.012751022353768349
241.0,243.0,0.020411811769008636,0.01291399635374546,0.007613250985741615
242.0,244.0,0.012995898723602295,0.013258099555969238,0.00442884024232626
243.0,245.0,0.014558710157871246,0.022485002875328064,0.007383569143712521
244.0,246.0,0.008021265268325806,0.021893642842769623,0.015585465356707573
245.0,247.0,0.012584313750267029,0.0013788596261292696,0.006566851399838924
246.0,248.0,0.017890678718686104,0.0,0.0
247.0,249.0,0.014898216351866722,0.0,0.0
248.0,250.0,0.006901254411786795,0.0012186509557068348,0.0
249.0,251.0,0.0205465666949749,0.0,0.0
250.0,252.0,0.015354431234300137,0.0008893203921616077,0.011363240890204906
251.0,253.0,0.013797360472381115,0.00832746084779501,0.02498546987771988
252.0,254.0,0.01978353224694729,0.007105496246367693,0.0044831447303295135
253.0,255.0,0.017975512892007828,0.0038867811672389507,0.009331049397587776
254.0,256.0,0.015276273712515831,0.0,0.005404279567301273
255.0,257.0,0.0029365119989961386,0.0,0.009586483240127563
256.0,258.0,0.0065703969448804855,0.0,0.010105449706315994
257.0,259.0,0.032365188002586365,0.003255946096032858,0.0025160391815006733
258.0,260.0,0.033263109624385834,0.015790825709700584,0.013603116385638714
259.0,261.0,0.007377968169748783,0.0027993200346827507,0.0038276328705251217
260.0,262.0,0.0131271593272686,0.0,0.004381314851343632
261.0,263.0,0.028232064098119736,0.0,0.0
262.0,264.0,0.02219008095562458,0.0,0.004409682471305132
263.0,265.0,0.014510034583508968,0.0022243077401071787,0.013832522556185722
264.0,266.0,0.001442600041627884,0.0,0.012221687473356724
265.0,267.0,0.0,0.018946830183267593,0.0
266.0,268.0,0.013531430624425411,0.0013493180740624666,0.017247356474399567
267.0,269.0,0.018095072358846664,0.0,0.01883172243833542
268.0,270.0,0.022072628140449524,0.009443995542824268,0.02858896553516388
269.0,271.0,0.015146810561418533,0.010135774500668049,0.01266369316726923
270.0,272.0,0.022181760519742966,0.005651635583490133,0.0
271.0,273.0,0.022596221417188644,0.005268462933599949,0.002622297266498208
272.0,274.0,0.028007246553897858,0.0,0.0008500298717990518
273.0,275.0,0.013093361631035805,0.0,0.015352960675954819
274.0,276.0,0.0066725509241223335,0.0017085578292608261,0.016680121421813965
275.0,277.0,0.013246426358819008,0.0,0.00024192407727241516
276.0,278.0,0.01779153011739254,0.0,0.0
277.0,279.0,0.016912857070565224,0.003285632934421301,0.0035276394337415695
278.0,280.0,0.011306030675768852,0.0,0.010215800255537033
279.0,281.0,0.01397959515452385,0.002239479450508952,0.01325482688844204
280.0,282.0,0.011083871126174927,0.020416058599948883,0.021392520517110825
281.0,283.0,0.019902905449271202,0.022407062351703644,0.02408735640347004
282.0,284.0,0.023987513035535812,0.009047291241586208,0.018414095044136047
283.0,285.0,0.03181857243180275,0.0031166216358542442,0.001473529962822795
284.0,286.0,0.03114376962184906,0.019620928913354874,0.00031806575134396553
285.0,287.0,0.028320543467998505,0.0,0.008082534186542034
286.0,288.0,0.01920938305556774,0.0,0.0
287.0,289.0,0.015105189755558968,0.0,0.004232532344758511
288.0,290.0,0.010018362663686275,0.0,0.0028645778074860573
289.0,291.0,0.012283844873309135,0.003251007292419672,0.01695391535758972
290.0,292.0,0.007285485044121742,0.007959019392728806,0.011951552703976631
291.0,293.0,0.010246687568724155,0.0038113573100417852,0.012457666918635368
292.0,294.0,0.016342053189873695,0.0007601547986268997,0.0051913876086473465
293.0,295.0,0.010564482770860195,0.01577994041144848,0.004487845115363598
294.0,296.0,0.010832756757736206,0.016028225421905518,0.018415894359350204
295.0,297.0,0.0056849815882742405,0.0026252372190356255,0.003737455466762185
296.0,298.0,0.021122805774211884,0.002969305031001568,0.004438505042344332
297.0,299.0,0.020864691585302353,0.013110576197504997,0.016211695969104767
298.0,300.0,0.00470614992082119,0.002382742939516902,0.011021008715033531
299.0,301.0,0.011139104142785072,0.001987912692129612,0.013915345072746277
300.0,302.0,0.013227537274360657,0.022572262212634087,0.018281765282154083
301.0,303.0,0.011449847370386124,0.013292072340846062,0.006256365682929754
302.0,304.0,0.019370682537555695,0.0,0.004503816831856966
303.0,305.0,0.006714322604238987,0.0034212199971079826,0.012245304882526398
304.0,306.0,0.0023670531809329987,0.010704828426241875,0.016772259026765823
305.0,307.0,0.004901847802102566,0.0,0.016723506152629852
306.0,308.0,0.01634060963988304,0.0020167315378785133,0.02102050930261612
307.0,309.0,0.021614741533994675,0.003035931382328272,0.01089971698820591
308.0,310.0,0.011670581996440887,0.009825694374740124,0.005806389264762402
309.0,311.0,0.013787302188575268,0.01342462282627821,0.01224188320338726
310.0,312.0,0.021602638065814972,0.007527782116085291,0.011462378315627575
311.0,313.0,0.025451963767409325,0.0043335407972335815,0.010689547285437584
312.0,314.0,0.018563680350780487,0.0,0.0
313.0,315.0,0.008925896137952805,0.0,0.00296853668987751
314.0,316.0,0.011791200377047062,0.0,0.01615091599524021
315.0,317.0,0.016983775421977043,0.0,0.01856241188943386
316.0,318.0,0.021232152357697487,0.0,0.01716022752225399
317.0,319.0,0.009665795601904392,0.001941129332408309,0.004966127686202526
318.0,320.0,0.017935384064912796,0.00953685212880373,0.008995508775115013
319.0,321.0,0.021678470075130463,0.011945687234401703,0.006563122849911451
320.0,322.0,0.011760488152503967,0.001400580396875739,0.011335782706737518
321.0,323.0,0.0018404878210276365,0.01699148118495941,0.012820735573768616
322.0,324.0,0.005033453460782766,0.0006283430848270655,0.009636199101805687
323.0,325.0,0.01043970137834549,0.0,0.009617778472602367
324.0,326.0,0.00833048950880766,0.005648885853588581,0.014782825484871864
325.0,327.0,0.0004144988488405943,0.009869790636003017,0.010707888752222061
326.0,328.0,0.022740762680768967,0.003895740956068039,0.011019331403076649
327.0,329.0,0.027243047952651978,0.0,0.013232637196779251
328.0,330.0,0.022427843883633614,0.0039443159475922585,0.014696055091917515
329.0,331.0,0.014586902223527431,0.006521323695778847,0.010344198904931545
330.0,332.0,0.00995053630322218,0.0011191878002136946,0.0
331.0,333.0,0.016115451231598854,0.0,0.003604989033192396
332.0,334.0,0.01887998916208744,0.0024140160530805588,0.021826349198818207
333.0,335.0,0.002346188761293888,0.0052015227265655994,0.010465925559401512
334.0,336.0,0.019798140972852707,0.003739581909030676,0.008098901249468327
335.0,337.0,0.023981958627700806,0.0,0.0029294537380337715
336.0,338.0,0.020225871354341507,0.0,0.0
337.0,339.0,0.019118696451187134,0.0014299354515969753,0.0023005371913313866
338.0,340.0,0.026609621942043304,0.0,0.0054490938782691956
339.0,341.0,0.015605826862156391,0.0056046717800199986,0.0065473890863358974
340.0,342.0,0.023217754438519478,0.003806457156315446,0.0
341.0,343.0,0.024806274101138115,0.0001517843920737505,0.0
342.0,344.0,0.024956338107585907,0.0,0.002997090108692646
343.0,345.0,0.016574032604694366,0.0,0.00759449927136302
344.0,346.0,0.0018542311154305935,0.017385069280862808,0.011453390121459961
345.0,347.0,0.017459526658058167,0.021844275295734406,0.02100921981036663
346.0,348.0,0.01677718386054039,0.012004494667053223,0.02297225594520569
347.0,349.0,0.01693800650537014,0.012174883857369423,0.004685768857598305
348.0,350.0,0.013577819801867008,0.015179401263594627,0.0
349.0,351.0,0.014781325124204159,0.0,0.00033424561843276024
350.0,352.0,0.0118921659886837,0.0,0.00249085808172822
351.0,353.0,0.01759251207113266,0.019506093114614487,0.010098392143845558
352.0,354.0,0.018697243183851242,0.010353239253163338,0.00709432503208518
353.0,355.0,0.011121516115963459,0.006795652210712433,0.002902592532336712
354.0,356.0,0.029050428420305252,0.0,0.005503919906914234
355.0,357.0,0.03422941640019417,0.0,0.01306525245308876
356.0,358.0,0.03261448070406914,0.014254768379032612,0.0190532598644495
357.0,359.0,0.015178906731307507,0.014599006623029709,0.002691954839974642
358.0,360.0,0.011614515446126461,0.013312436640262604,0.012648660689592361
359.0,361.0,0.014782466925680637,0.0008376173209398985,0.007558497600257397
360.0,362.0,0.013355208560824394,0.0,0.013088434934616089
361.0,363.0,0.01014004461467266,0.0,0.00042694341391324997
362.0,364.0,0.016427915543317795,0.0,0.005568265449255705
363.0,365.0,0.0182255357503891,0.006880707107484341,0.010797369293868542
364.0,366.0,0.015928855165839195,0.010505164042115211,0.008147595450282097
365.0,367.0,0.008074595592916012,0.004995284602046013,0.00013881013728678226
366.0,368.0,0.01727110892534256,0.0,0.0
367.0,369.0,0.03327134996652603,0.00136817735619843,0.012994736433029175
368.0,370.0,0.033091481775045395,0.007311132270842791,0.011673862114548683
369.0,371.0,0.021709710359573364,0.005633764900267124,0.016046835109591484
370.0,372.0,0.01634800247848034,0.00654575414955616,0.022260572761297226
371.0,373.0,0.01625281386077404,0.0,0.01752236858010292
372.0,374.0,0.012180445715785027,0.010944181121885777,0.012926731258630753
373.0,375.0,0.008726404048502445,0.009333627298474312,0.019697049632668495
374.0,376.0,0.00020405324175953865,0.011216901242733002,0.0
375.0,377.0,0.0056939637288451195,0.009974459186196327,0.0
376.0,378.0,0.01817120611667633,0.0,0.010657839477062225
377.0,379.0,0.019804343581199646,0.007560351863503456,0.025639299303293228
378.0,380.0,0.02145574614405632,0.007566358428448439,0.028504032641649246
379.0,381.0,0.018733378499746323,0.005554087460041046,0.01756967045366764
380.0,382.0,0.009976908564567566,0.00531177269294858,0.0
381.0,383.0,0.015822749584913254,0.0,0.005430482793599367
382.0,384.0,0.011236586607992649,0.0037200693041086197,0.00930109154433012
383.0,385.0,0.013794575817883015,0.010290272533893585,0.0
384.0,386.0,0.017895536497235298,0.005737928673624992,0.013550790026783943
385.0,387.0,0.02219930663704872,0.0,0.030475029721856117
386.0,388.0,0.0,0.007388826459646225,0.0
387.0,389.0,0.013051110319793224,0.0,0.0042577930726110935
388.0,390.0,0.0183692779392004,0.0,0.0
389.0,391.0,0.02608663961291313,0.0,0.0
390.0,392.0,0.01929398812353611,0.01124810241162777,0.007097896654158831
391.0,393.0,0.009581263177096844,0.0,0.008524563163518906
392.0,394.0,0.01073908805847168,0.0,0.0
393.0,395.0,0.016541510820388794,0.0,0.01136244460940361
394.0,396.0,0.027562152594327927,0.0,0.008372951298952103
395.0,397.0,0.022172149270772934,0.0,0.022046448662877083
396.0,398.0,0.01548964623361826,0.0,0.015391077846288681
397.0,399.0,0.004619140177965164,0.0,0.005813753232359886
398.0,400.0,0.01399302389472723,0.0,0.0
399.0,401.0,0.020855193957686424,0.005103872623294592,0.00017626676708459854
400.0,402.0,0.024768266826868057,0.011199669912457466,0.0066183460876345634
401.0,403.0,0.020814161747694016,0.010355833917856216,0.026629656553268433
402.0,404.0,0.012377370148897171,0.006296571344137192,0.017545897513628006
403.0,405.0,0.01765386387705803,0.0,0.0
404.0,406.0,0.01588457264006138,0.0,0.0
405.0,407.0,0.02048444375395775,0.008202440105378628,0.009441240690648556
406.0,408.0,0.01894233748316765,0.0020955391228199005,0.0033274409361183643
407.0,409.0,0.013163803145289421,0.008402404375374317,0.00949854776263237
408.0,410.0,0.008394237607717514,0.0060302563942968845,0.00791007000952959
409.0,411.0,0.0006359294056892395,0.011100754141807556,0.017448952421545982
410.0,412.0,0.009399195201694965,0.024225011467933655,0.002184458076953888
411.0,413.0,0.018862448632717133,0.001331196166574955,0.0
412.0,414.0,0.020876478403806686,0.0018313080072402954,0.015945089980959892
413.0,415.0,0.02369135245680809,0.0,0.010314255952835083
414.0,416.0,0.010512043721973896,0.0020529460161924362,0.0
415.0,417.0,0.014215279370546341,0.015471074730157852,0.011503292247653008
416.0,418.0,0.0,0.01818728819489479,0.0
417.0,419.0,0.011852482333779335,0.016685180366039276,0.007938103750348091
418.0,420.0,0.009462321177124977,0.004140461795032024,0.0014750370755791664
419.0,421.0,0.0026750979013741016,0.0,0.0
420.0,422.0,0.02878953516483307,0.003040473908185959,0.0
421.0,423.0,0.02017490193247795,0.0,0.0
422.0,424.0,0.018275640904903412,0.0008831480517983437,0.004132658243179321
423.0,425.0,0.041875794529914856,0.0,0.017910614609718323
424.0,426.0,0.02924051508307457,0.0,0.007515913341194391
425.0,427.0,0.003400517627596855,0.0,0.004458685405552387
426.0,428.0,0.018089625984430313,0.019346904009580612,0.012851981446146965
427.0,429.0,0.025853760540485382,0.007691875100135803,0.00045624328777194023
428.0,430.0,0.017159679904580116,3.397651016712189e-05,0.016744505614042282
429.0,431.0,0.0,0.0136122927069664,0.0
430.0,432.0,0.015627581626176834,0.0,0.012124092318117619
431.0,433.0,0.017179755493998528,0.0,0.008374622091650963
432.0,434.0,0.024221420288085938,0.0,0.014479007571935654
433.0,435.0,0.008682386949658394,0.004494553431868553,0.011164877563714981
434.0,436.0,0.007647191174328327,0.0,0.005041781812906265
435.0,437.0,0.024720069020986557,0.0,0.017143072560429573
436.0,438.0,0.02382751554250717,0.0,0.011356181465089321
437.0,439.0,0.02317328006029129,0.0,0.003283921629190445
438.0,440.0,0.019266221672296524,0.005261844955384731,0.005171097349375486
439.0,441.0,0.02575073391199112,0.010942553170025349,0.009646438993513584
440.0,442.0,0.03369258716702461,0.008871706202626228,0.026017431169748306
441.0,443.0,0.013368385843932629,0.001128658652305603,0.019268373027443886
442.0,444.0,0.017566218972206116,0.007740923203527927,0.007984619587659836
443.0,445.0,0.01651408150792122,0.0,0.0013259686529636383
444.0,446.0,0.01160489022731781,0.0,0.003977665677666664
445.0,447.0,0.01198757067322731,0.0,0.009950777515769005
446.0,448.0,0.007872319780290127,0.0,0.0
447.0,449.0,0.009632138535380363,0.0,0.0
448.0,450.0,0.019929442554712296,0.0011442953255027533,0.009873607195913792
449.0,451.0,0.01930771768093109,0.0,0.01142919436097145
450.0,452.0,0.023258738219738007,0.0,0.006257802248001099
451.0,453.0,0.023603787645697594,0.0,0.0056002577766776085
452.0,454.0,0.013094894587993622,0.00019459426403045654,0.004676466342061758
453.0,455.0,0.015326377935707569,0.0,0.007893765345215797
454.0,456.0,0.015246005728840828,0.0,0.00931626372039318
455.0,457.0,0.016626812517642975,0.0,0.005098383873701096
456.0,458.0,0.01862352341413498,0.001702542882412672,0.007236138451844454
457.0,459.0,0.02493426576256752,0.0,0.0061692302115261555
458.0,460.0,0.026502501219511032,0.0,0.006476440466940403
459.0,461.0,0.021936863660812378,0.0,0.014732033014297485
460.0,462.0,0.01355663314461708,0.01325654424726963,0.029251063242554665
461.0,463.0,0.0015459787100553513,0.011343427002429962,0.011972486972808838
462.0,464.0,0.00694655254483223,0.00865236483514309,0.0
463.0,465.0,0.025843732059001923,0.0,0.009932683780789375
464.0,466.0,0.027657583355903625,0.0,0.005224486812949181
465.0,467.0,0.013216517865657806,0.0,0.0009471680968999863
466.0,468.0,0.013677632436156273,0.0001881433418020606,0.009292143397033215
467.0,469.0,0.014118023216724396,0.0,0.008791767060756683
468.0,470.0,0.010665159672498703,0.00969621166586876,0.0
469.0,471.0,0.01035754382610321,0.018937427550554276,0.00459416164085269
470.0,472.0,0.007771859876811504,0.005053112283349037,0.016089949756860733
471.0,473.0,0.0,0.01997588947415352,0.0
472.0,474.0,0.0031085899099707603,0.018616098910570145,0.01716011017560959
473.0,475.0,0.004360798746347427,0.01629212498664856,0.018281135708093643
474.0,476.0,0.013271171599626541,0.02109283208847046,0.025329146534204483
475.0,477.0,0.015097779221832752,0.018901361152529716,0.012217608280479908
476.0,478.0,0.018645862117409706,0.02582406811416149,0.008557287976145744
477.0,479.0,0.021452324464917183,0.0101509690284729,0.011314230039715767
478.0,480.0,0.01540367305278778,0.00864996388554573,0.014297633431851864
479.0,481.0,0.013924285769462585,0.008893659338355064,0.007255398668348789
480.0,482.0,0.013167815282940865,0.010762404650449753,0.009087161161005497
481.0,483.0,0.012277643196284771,0.017082368955016136,0.011724898591637611
482.0,484.0,0.002401235280558467,0.020773494616150856,0.006484612822532654
483.0,485.0,0.02161317504942417,0.008648070506751537,0.011577912606298923
484.0,486.0,0.028618579730391502,0.006217419635504484,0.011197078973054886
485.0,487.0,0.02988487482070923,0.007133654784411192,0.003185534616932273
486.0,488.0,0.022559912875294685,0.009722700342535973,0.01613479107618332
487.0,489.0,0.018357297405600548,0.00861956737935543,0.017399311065673828
488.0,490.0,0.016576362773776054,0.025014415383338928,0.0
489.0,491.0,0.013018057681620121,0.008575360290706158,0.0
490.0,492.0,0.017158683389425278,0.0077680000104010105,0.0064848121255636215
491.0,493.0,0.018444333225488663,0.008193494752049446,0.009586113505065441
492.0,494.0,0.019368963316082954,0.013633131049573421,0.0028641200624406338
493.0,495.0,0.016728661954402924,0.011346535757184029,0.019417837262153625
494.0,496.0,0.013218393549323082,0.0066872332245111465,0.03230978921055794
495.0,497.0,0.004132665693759918,0.006494165863841772,0.0075387232936918736
496.0,498.0,0.013053560629487038,0.011344165541231632,0.0074611082673072815
497.0,499.0,0.021141905337572098,0.004154710099101067,0.0072394851595163345
498.0,500.0,0.01594267599284649,0.0025514056906104088,0.009126427583396435
499.0,501.0,0.020373035222291946,0.014169208705425262,0.01214800775051117
500.0,502.0,0.01245042122900486,0.01436210423707962,0.016596719622612
501.0,503.0,0.013058981858193874,0.005622975528240204,0.009227174334228039
502.0,504.0,0.019749924540519714,0.01121226605027914,0.01166219636797905
503.0,505.0,0.01354769617319107,0.005765894427895546,0.003912799991667271
504.0,506.0,0.020999768748879433,0.008096877485513687,0.004531465005129576
505.0,507.0,0.02743787318468094,0.018294133245944977,0.00502757728099823
506.0,508.0,0.019831812009215355,0.019847631454467773,0.0
507.0,509.0,0.028948191553354263,0.01394696719944477,0.016533926129341125
508.0,510.0,0.021319817751646042,0.013220476917922497,0.01664612628519535
509.0,511.0,0.017525147646665573,0.0,0.0
510.0,512.0,0.018835939466953278,0.008209416642785072,0.006293371319770813
511.0,513.0,0.0228209737688303,0.006051355041563511,0.007061849348247051
512.0,514.0,0.013630702160298824,0.00793866254389286,0.018809517845511436
513.0,515.0,0.01412968710064888,0.019395731389522552,0.021273337304592133
514.0,516.0,0.015647675842046738,0.015903107821941376,0.029810698702931404
515.0,517.0,0.009240579791367054,0.006227931939065456,0.011170641519129276
516.0,518.0,0.0,0.006895757745951414,0.0
517.0,519.0,0.0074716610834002495,0.0,0.01892843469977379
518.0,520.0,0.004957010503858328,0.007692862767726183,0.009381911717355251
519.0,521.0,0.013001959770917892,0.011168766766786575,0.012280297465622425
520.0,522.0,0.010913034901022911,0.0,0.00392628088593483
521.0,523.0,0.011616285890340805,0.0,0.0005836901254951954
522.0,524.0,0.01486529316753149,0.013694701716303825,0.004418339114636183
523.0,525.0,0.027529530227184296,0.014233618043363094,0.0030556623823940754
524.0,526.0,0.0149156479164958,0.007685153279453516,0.018269095569849014
525.0,527.0,0.014108274132013321,0.0,0.01781442016363144
526.0,528.0,0.019833076745271683,0.008399756625294685,0.0
527.0,529.0,0.026473650708794594,0.0,0.0006798598915338516
528.0,530.0,0.01972268335521221,0.0,0.0003268166910856962
529.0,531.0,0.017865918576717377,0.0038543345872312784,0.004677704535424709
530.0,532.0,0.013360419310629368,0.0,0.004492216743528843
531.0,533.0,0.025059251114726067,0.00022876355797052383,0.003816362004727125
532.0,534.0,0.02019662968814373,0.0008061114349402487,0.001383001683279872
533.0,535.0,0.010512994602322578,0.008548210375010967,0.013191919773817062
534.0,536.0,0.021371543407440186,0.02206738106906414,0.017308387905359268
535.0,537.0,0.01586630567908287,0.02409590780735016,0.007883784361183643
536.0,538.0,0.021468106657266617,0.02180890366435051,0.010700060985982418
537.0,539.0,0.015758758410811424,0.012064727023243904,0.0046363333240151405
538.0,540.0,0.025447769090533257,0.008596168830990791,0.009457048028707504
539.0,541.0,0.023669254034757614,0.013424117118120193,0.01398446038365364
540.0,542.0,0.007250489667057991,0.007285624276846647,0.0006637673359364271
541.0,543.0,0.004933302290737629,0.008715223520994186,0.0
542.0,544.0,0.012396074831485748,0.0,0.0
543.0,545.0,0.004124308004975319,0.0026891236193478107,0.007060816511511803
544.0,546.0,0.009728578850626945,0.010953132063150406,0.018558703362941742
545.0,547.0,0.017122045159339905,0.0181210208684206,0.010108761489391327
546.0,548.0,0.015386288985610008,0.012099310755729675,0.0009370073676109314
547.0,549.0,0.014879741705954075,0.0013163560070097446,0.0
548.0,550.0,0.018217813223600388,0.004422278143465519,0.0034747570753097534
549.0,551.0,0.03765849769115448,0.005933424923568964,0.010454680770635605
550.0,552.0,0.03274955227971077,0.01181485690176487,0.008764960803091526
551.0,553.0,0.014510911889374256,0.019322970882058144,0.0
552.0,554.0,0.012119325809180737,0.01379783172160387,0.00484337005764246
553.0,555.0,0.009629872627556324,0.013690662570297718,0.01407717913389206
554.0,556.0,0.004874061793088913,0.004951521288603544,0.0022825992200523615
555.0,557.0,0.011502636596560478,0.009417054243385792,0.0
556.0,558.0,0.01856483891606331,0.006929085589945316,0.0013802041066810489
557.0,559.0,0.011149771511554718,0.0015750974416732788,0.0031947579700499773
558.0,560.0,0.014091726392507553,0.0,0.0
559.0,561.0,0.023327700793743134,0.01663736253976822,0.00366006325930357
560.0,562.0,0.02718297392129898,0.0,0.004287133924663067
561.0,563.0,0.027060670778155327,0.0,0.0021435432136058807
562.0,564.0,0.02456369251012802,0.0,0.010903551243245602
563.0,565.0,0.016320623457431793,0.00013112137094140053,0.016871342435479164
564.0,566.0,0.011556217446923256,0.012858792208135128,0.008062763139605522
565.0,567.0,0.01998955011367798,0.003384903073310852,0.008948586881160736
566.0,568.0,0.02336430735886097,0.005711755715310574,0.007144770119339228
567.0,569.0,0.018694061785936356,0.004107234068214893,0.000654968898743391
568.0,570.0,0.01883114129304886,0.0,0.005979624576866627
569.0,571.0,0.01771344617009163,0.0,0.004899744875729084
570.0,572.0,0.020142430439591408,0.0,0.0
571.0,573.0,0.014400957152247429,0.0,0.010688673704862595
572.0,574.0,0.02196703851222992,0.0,0.009288902394473553
573.0,575.0,0.028220845386385918,0.0,0.0038902212399989367
574.0,576.0,0.027930697426199913,0.0,0.0004879126790910959
575.0,577.0,0.013865424320101738,0.0,0.0021555600687861443
576.0,578.0,0.0001800523605197668,0.001807859167456627,0.009548747912049294
577.0,579.0,0.0,0.019584082067012787,0.011591308750212193
578.0,580.0,0.013816265389323235,0.01776812970638275,0.02056821808218956
579.0,581.0,0.011746817268431187,0.013987298123538494,0.018444139510393143
580.0,582.0,0.02236827276647091,0.00905187800526619,0.010911413468420506
581.0,583.0,0.01874598115682602,0.007108959369361401,9.732460603117943e-05
582.0,584.0,0.023128950968384743,0.015486232936382294,0.009521011263132095
583.0,585.0,0.03486509993672371,0.01764141581952572,0.01109204813838005
584.0,586.0,0.03474622219800949,0.012445708736777306,0.009771664626896381
585.0,587.0,0.013541068881750107,0.014416562393307686,7.983390241861343e-05
586.0,588.0,0.012548187747597694,0.009633486159145832,0.0
587.0,589.0,0.030394455417990685,0.015636663883924484,0.008704063482582569
588.0,590.0,0.02239980176091194,0.011368239298462868,0.0065738242119550705
589.0,591.0,0.012286990880966187,0.0,0.001524889376014471
590.0,592.0,0.009996323846280575,0.0,0.0
591.0,593.0,0.0073517607524991035,0.011113055050373077,0.0
592.0,594.0,0.016833405941724777,0.0015983019256964326,0.017810935154557228
593.0,595.0,0.024312078952789307,0.009156601503491402,0.019680416211485863
594.0,596.0,0.0013500279746949673,0.012606995180249214,0.0009505096822977066
595.0,597.0,0.011489581316709518,0.009523190557956696,0.0
596.0,598.0,0.025577543303370476,0.004287339746952057,0.001208771951496601
597.0,599.0,0.021588411182165146,0.0051734293811023235,0.01371125690639019
598.0,600.0,0.005468292161822319,0.004440715070813894,0.007098387461155653
599.0,601.0,0.007318360731005669,0.003864239202812314,0.006013501435518265
600.0,602.0,0.011331104673445225,0.012392299249768257,0.012147380039095879
601.0,603.0,0.011771906167268753,0.0,0.0
602.0,604.0,0.018893316388130188,0.0027045418974012136,0.008552010171115398
603.0,605.0,0.018596280366182327,0.010164335370063782,0.014963668771088123
604.0,606.0,0.003436629194766283,0.009812482632696629,0.008674215525388718
605.0,607.0,0.007201685570180416,0.0,0.0011894551571458578
606.0,608.0,0.01309469435364008,0.0,0.007686774246394634
607.0,609.0,0.021555114537477493,0.0,0.017786184325814247
608.0,610.0,0.016227591782808304,0.009234186261892319,0.0028989952988922596
609.0,611.0,0.020878437906503677,0.003060772316530347,0.0
610.0,612.0,0.020416591316461563,0.0,0.004665296524763107
611.0,613.0,0.005739620886743069,0.010105254128575325,0.009394905529916286
612.0,614.0,0.009531987830996513,0.010928903706371784,0.008929346688091755
613.0,615.0,0.001792178489267826,0.014398478902876377,0.008459667675197124
614.0,616.0,0.008085690438747406,0.009135745465755463,0.02085280232131481
615.0,617.0,0.010969830676913261,0.010549748316407204,0.005267474800348282
616.0,618.0,0.014030045829713345,0.008773645386099815,0.008678842335939407
617.0,619.0,0.01585283875465393,0.0,0.011537350714206696
618.0,620.0,0.027862947434186935,0.0,0.0014372398145496845
619.0,621.0,0.018937068060040474,0.0,0.0
620.0,622.0,0.01620556227862835,0.0029686945490539074,0.000261146342381835
621.0,623.0,0.018582742661237717,0.0,0.008947203867137432
622.0,624.0,0.0213499553501606,0.004331682808697224,0.013228913769125938
623.0,625.0,0.009014338254928589,0.006456051953136921,0.0
624.0,626.0,0.01676282100379467,0.01567908748984337,0.009536497294902802
625.0,627.0,0.017461128532886505,0.013916208408772945,0.014352554455399513
626.0,628.0,0.03241022676229477,0.005747497081756592,0.007896890863776207
627.0,629.0,0.029680291190743446,0.024724381044507027,0.016824791207909584
628.0,630.0,0.018496254459023476,0.018421867862343788,0.018545934930443764
629.0,631.0,0.018519293516874313,0.0,0.0007377341389656067
630.0,632.0,0.010717539116740227,0.0031901621259748936,0.0
631.0,633.0,0.002919930499047041,0.0004711237270385027,0.0001992420293390751
632.0,634.0,0.014592334628105164,0.0072268350049853325,0.00814977940171957
633.0,635.0,0.004631091374903917,0.024847127497196198,0.01622188836336136
634.0,636.0,0.018499918282032013,0.020727910101413727,0.007219370454549789
635.0,637.0,0.023549441248178482,0.003079697722569108,0.011966079473495483
636.0,638.0,0.014905830845236778,0.0,0.0014237556606531143
637.0,639.0,0.006218096241354942,0.0,0.0
638.0,640.0,0.02004910632967949,0.0,0.011916061863303185
639.0,641.0,0.012650039978325367,0.002231940161436796,0.010095765814185143
640.0,642.0,0.009788287803530693,0.00839606299996376,0.001278164447285235
641.0,643.0,0.0,0.0,0.009476616978645325
642.0,644.0,0.00821775570511818,0.0,0.0018599135801196098
643.0,645.0,0.015299752354621887,0.003177438396960497,0.0
644.0,646.0,0.018171517178416252,0.008108959533274174,0.009486082009971142
645.0,647.0,0.010518249124288559,0.017813485115766525,0.01296820119023323
646.0,648.0,0.012182595208287239,0.009645624086260796,0.009699562564492226
647.0,649.0,0.011359332129359245,0.008118106052279472,0.010406127199530602
648.0,650.0,0.0026815615128725767,0.007105743512511253,0.016219476237893105
649.0,651.0,0.019891809672117233,0.0004618382081389427,0.025181656703352928
650.0,652.0,0.017268106341362,0.00974234938621521,0.02107802778482437
651.0,653.0,0.0,0.01183328777551651,0.00019527273252606392
652.0,654.0,0.01161202136427164,0.0,0.0
653.0,655.0,0.009569934569299221,0.0,0.0
654.0,656.0,0.017934799194335938,0.01631009764969349,0.020274735987186432
655.0,657.0,0.014152404852211475,0.0,0.025272758677601814
656.0,658.0,0.014848140068352222,0.005014083813875914,0.01032306905835867
657.0,659.0,0.024719029664993286,0.002333062468096614,0.003134380094707012
658.0,660.0,0.0007581370882689953,0.005605762358754873,0.0
659.0,661.0,0.002367516979575157,0.001783509273082018,0.006337146274745464
660.0,662.0,0.00934086088091135,0.00431395135819912,0.009429935365915298
661.0,663.0,0.0,0.01808871701359749,0.009841659106314182
662.0,664.0,0.011186333373188972,0.0051000360399484634,0.011026473715901375
663.0,665.0,0.009732617065310478,0.0,0.011126413941383362
664.0,666.0,0.009810554794967175,0.0,0.0021887049078941345
665.0,667.0,0.025645243003964424,0.0,0.0008174472022801638
666.0,668.0,0.022006439045071602,0.0,0.019421279430389404
667.0,669.0,0.013809040188789368,0.0,0.025468099862337112
668.0,670.0,0.015738463029265404,0.0,0.002518880646675825
669.0,671.0,0.017974404618144035,0.0128825968131423,0.014250013045966625
670.0,672.0,0.021954983472824097,0.011321070604026318,0.013036491349339485
671.0,673.0,0.01532695535570383,0.004328723065555096,0.015422901138663292
672.0,674.0,0.014886487275362015,0.0,0.008248213678598404
673.0,675.0,0.02433684840798378,0.002013440942391753,0.0008312663994729519
674.0,676.0,0.01378227025270462,0.0011902903206646442,0.0
675.0,677.0,0.0068607451394200325,0.0,0.0
676.0,678.0,0.01554609090089798,0.0058460962027311325,0.014649136923253536
677.0,679.0,0.012916767969727516,0.014161529950797558,0.020617764443159103
678.0,680.0,0.009698625653982162,0.01618576981127262,0.009447005577385426
679.0,681.0,0.011696074157953262,0.01610366441309452,0.0
680.0,682.0,0.021199524402618408,0.012487471103668213,0.007566089276224375
681.0,683.0,0.024904686957597733,0.015391767024993896,0.011169420555233955
682.0,684.0,0.027044594287872314,0.010750445537269115,0.0032183434814214706
683.0,685.0,0.021706029772758484,0.0,0.0
684.0,686.0,0.019596796482801437,0.0026269531808793545,0.003845721483230591
685.0,687.0,0.004912219941616058,0.0,0.0
686.0,688.0,0.007781782187521458,0.0,0.018035653978586197
687.0,689.0,0.01966434344649315,0.013363796286284924,0.02929992973804474
688.0,690.0,0.018916552886366844,0.0017496361397206783,0.0161628145724535
689.0,691.0,0.02432248927652836,0.0,0.0031964469235390425
690.0,692.0,0.010566264390945435,0.005348465405404568,0.0026847331319004297
691.0,693.0,0.027069270610809326,0.006709657609462738,0.0
692.0,694.0,0.028050512075424194,0.009861445985734463,0.009160982444882393
693.0,695.0,0.0177314355969429,0.008153876289725304,0.0
694.0,696.0,0.010668854229152203,0.007416492328047752,0.0
695.0,697.0,0.012003181502223015,0.005286362953484058,0.013975303620100021
696.0,698.0,0.008712567389011383,0.00667565455660224,0.012264973483979702
697.0,699.0,0.012777193449437618,0.001250158529728651,0.0
698.0,700.0,0.016577444970607758,0.00220681494101882,0.0
699.0,701.0,0.008959250524640083,0.0031672504264861345,0.0
700.0,702.0,0.013279197737574577,0.01285741850733757,0.007130071520805359
701.0,703.0,0.006254823878407478,0.013815030455589294,0.013399532064795494
702.0,704.0,0.004914088174700737,0.004145515151321888,0.0
703.0,705.0,0.018156006932258606,0.0,0.0
704.0,706.0,0.023275697603821754,0.0,0.007289024069905281
705.0,707.0,0.011473885737359524,0.0,0.003230045549571514
706.0,708.0,0.01115662232041359,0.008851062506437302,0.004024026915431023
707.0,709.0,0.007699943613260984,0.006785071920603514,0.01802394725382328
708.0,710.0,0.01652931608259678,0.008907217532396317,0.014714667573571205
709.0,711.0,0.012258843518793583,0.014912819489836693,0.012868814170360565
710.0,712.0,0.018088022246956825,0.02747541293501854,0.004578179679811001
711.0,713.0,0.023886529728770256,0.009309032000601292,0.008211007341742516
712.0,714.0,0.020048610866069794,0.0,0.008041119202971458
713.0,715.0,0.012646837159991264,0.0,0.011143172159790993
714.0,716.0,0.010553131811320782,0.0028397408314049244,0.004916921723634005
715.0,717.0,0.02753288671374321,0.013193625956773758,0.0034770071506500244
716.0,718.0,0.016412386670708656,0.004077668767422438,0.006685434840619564
717.0,719.0,0.015220725908875465,0.0,0.003835042007267475
718.0,720.0,0.01484164409339428,0.01098533347249031,0.02255234308540821
719.0,721.0,0.004765620455145836,0.0064500500448048115,0.018484458327293396
720.0,722.0,0.010537243448197842,0.0048647690564394,0.01165810227394104
721.0,723.0,0.023588845506310463,0.0,0.010725844651460648
722.0,724.0,0.023899082094430923,0.0037304339930415154,0.006804572883993387
723.0,725.0,0.00967249646782875,0.0004963065730407834,0.002473014174029231
724.0,726.0,0.012731737457215786,0.00012241676449775696,0.0
725.0,727.0,0.015788011252880096,0.010186131112277508,0.0
726.0,728.0,0.017459355294704437,0.0020525879226624966,0.0008637732826173306
727.0,729.0,0.014360658824443817,0.004912723787128925,0.0
728.0,730.0,0.017181366682052612,0.0032312734983861446,0.006391302216798067
729.0,731.0,0.0,0.007428400684148073,0.007969199679791927
730.0,732.0,0.012182194739580154,0.002714498434215784,0.0034206914715468884
731.0,733.0,0.014546597376465797,0.006671552546322346,0.010393338277935982
732.0,734.0,0.016935154795646667,0.012407597154378891,0.0029215975664556026
733.0,735.0,0.011496300809085369,0.012801467441022396,0.00860326737165451
734.0,736.0,0.014772031456232071,0.016648538410663605,0.011816788464784622
735.0,737.0,0.014493517577648163,0.011348613537847996,0.010718507692217827
736.0,738.0,0.021125897765159607,0.00041365716606378555,0.015635158866643906
737.0,739.0,0.02183603309094906,0.004707954823970795,0.008966500870883465
738.0,740.0,0.023966137319803238,0.012263438664376736,0.006840765476226807
739.0,741.0,0.017861057072877884,0.013424803502857685,0.014250905252993107
740.0,742.0,0.014148004353046417,0.009519030340015888,0.002473404398187995
741.0,743.0,0.014195898547768593,0.007816912606358528,0.006040256470441818
742.0,744.0,0.018859779462218285,0.0,0.0
743.0,745.0,0.019886188209056854,0.005534044466912746,0.001953691942617297
744.0,746.0,0.02542215585708618,0.011710827238857746,0.0
745.0,747.0,0.03462015464901924,0.021118290722370148,0.0
746.0,748.0,0.02834419161081314,0.004341192077845335,0.005541861057281494
747.0,749.0,0.02700844034552574,0.006253842264413834,0.016552189365029335
748.0,750.0,0.0,0.023440374061465263,0.005104740150272846
749.0,751.0,0.018281616270542145,0.006485800724476576,0.008740978315472603
750.0,752.0,0.04123307392001152,0.0030405111610889435,0.011816592887043953
751.0,753.0,0.0036397473886609077,0.003191663883626461,0.0
752.0,754.0,0.014125441201031208,0.00847663264721632,0.004841580055654049
753.0,755.0,0.016833491623401642,0.0010189283639192581,0.007985193282365799
754.0,756.0,0.0148385064676404,0.0,0.0025041988119482994
755.0,757.0,0.024079181253910065,0.007954644039273262,0.0007613059133291245
756.0,758.0,0.029480287805199623,0.010581799782812595,0.004871133249253035
757.0,759.0,0.029179275035858154,0.008159661665558815,0.022680174559354782
758.0,760.0,0.020211003720760345,0.0,0.009534560143947601
759.0,761.0,0.020110229030251503,0.004933907184749842,0.0
760.0,762.0,0.015665177255868912,0.0022314393427222967,0.0
761.0,763.0,0.01212424598634243,0.00480225682258606,0.0167801883071661
762.0,764.0,0.003789186477661133,0.01129035372287035,0.014641257002949715
763.0,765.0,0.021841097623109818,0.0194405410438776,0.018041299656033516
764.0,766.0,0.02181156352162361,0.0014423937536776066,0.001114305341616273
765.0,767.0,0.010785671882331371,0.0,0.0
766.0,768.0,0.014919553883373737,0.013147788122296333,0.011313632130622864
767.0,769.0,0.01814931631088257,0.018349269405007362,0.0
768.0,770.0,0.01493677869439125,0.006183605175465345,0.009565254673361778
769.0,771.0,0.004946001339703798,0.018977906554937363,0.012332558631896973
770.0,772.0,0.0,0.0194743350148201,0.008213581517338753
771.0,773.0,0.0,0.01095221471041441,0.0
772.0,774.0,0.00029533449560403824,0.012915914878249168,0.004041808657348156
773.0,775.0,0.012757810764014721,0.006052018608897924,0.004732572939246893
774.0,776.0,0.023694418370723724,0.00954393856227398,0.00975760817527771
775.0,777.0,0.012904341332614422,0.006591011304408312,0.0031214761547744274
776.0,778.0,0.011451296508312225,0.008115023374557495,0.02295752614736557
777.0,779.0,0.026644185185432434,0.006598892621695995,0.011069864965975285
778.0,780.0,0.019035357981920242,0.0,0.0
779.0,781.0,0.01905132457613945,0.00537528283894062,0.0026414557360112667
780.0,782.0,0.01507562305778265,0.010786818340420723,0.0063550169579684734
781.0,783.0,0.006368749774992466,0.004609438590705395,0.0
782.0,784.0,0.008915049955248833,0.0,0.0
783.0,785.0,0.004790609702467918,0.013608725741505623,0.004996582865715027
784.0,786.0,0.019474802538752556,0.01079221535474062,0.007638573180884123
785.0,787.0,0.017016584053635597,0.0088341124355793,0.011449065990746021
786.0,788.0,0.00815846398472786,0.00037661846727132797,0.013530666008591652
787.0,789.0,0.015868429094552994,0.009794475510716438,0.026403699070215225
788.0,790.0,0.013195274397730827,0.013984855264425278,0.006459290161728859
789.0,791.0,0.005067920312285423,0.013150361366569996,0.004106778651475906
790.0,792.0,0.011724559590220451,0.010934681631624699,0.001262238947674632
791.0,793.0,0.014799654483795166,0.010464103892445564,0.003389911726117134
792.0,794.0,0.016321446746587753,0.0012992462143301964,0.0
793.0,795.0,0.015002476051449776,0.002641507890075445,0.0
794.0,796.0,0.016162153333425522,0.002865358954295516,0.000346397515386343
795.0,797.0,0.018685290589928627,0.004901820793747902,0.0
796.0,798.0,0.013205830939114094,0.012853980995714664,0.009706031531095505
797.0,799.0,0.010953712277114391,0.005585785023868084,0.0037223766557872295
798.0,800.0,0.017564423382282257,0.0,0.0
799.0,801.0,0.020518440753221512,0.0,0.0
800.0,802.0,0.021108586341142654,0.013092531822621822,0.0008764341473579407
801.0,803.0,0.009075868874788284,0.025843635201454163,0.0017271958058699965
802.0,804.0,0.007974311709403992,0.009833624586462975,0.007529697846621275
803.0,805.0,0.0038847923278808594,0.01046197023242712,0.0037010861560702324
804.0,806.0,0.013311746530234814,0.025530334562063217,0.012971555814146996
805.0,807.0,0.020076174288988113,0.0233527310192585,0.02055756002664566
806.0,808.0,0.0,0.019875777885317802,0.0
807.0,809.0,0.012185071595013142,0.0038050864823162556,0.0069914571940898895
808.0,810.0,0.02025122568011284,0.0031402581371366978,0.017953496426343918
809.0,811.0,0.01414663065224886,0.00023124460130929947,0.009848352521657944
810.0,812.0,0.013456356711685658,0.0017164028249680996,0.004839631263166666
811.0,813.0,0.01672389730811119,0.0041161710396409035,0.01796916499733925
812.0,814.0,0.011092162691056728,0.004930146504193544,0.019222024828195572
813.0,815.0,0.002641909057274461,0.0,0.00949044805020094
814.0,816.0,0.0057813446037471294,0.003943683113902807,0.002165893092751503
815.0,817.0,0.017871122807264328,0.00111014349386096,0.002613627817481756
816.0,818.0,0.0,0.004957178607583046,0.0
817.0,819.0,0.0,0.0035385582596063614,0.0030697928741574287
818.0,820.0,0.014380569569766521,0.0,0.002913858275860548
819.0,821.0,0.002720791846513748,0.0007431507110595703,0.011543598026037216
820.0,822.0,0.015552119351923466,0.0,0.023427313193678856
821.0,823.0,0.0,0.00459620775654912,0.007025397382676601
822.0,824.0,0.016258854418992996,0.022437002509832382,0.008937396109104156
823.0,825.0,0.020509731024503708,0.012616980820894241,0.014319813810288906
824.0,826.0,0.017628097906708717,0.0,0.009693799540400505
825.0,827.0,0.029766226187348366,0.0,0.002643064595758915
826.0,828.0,0.03293154761195183,0.00893750973045826,0.008568600751459599
827.0,829.0,0.015808172523975372,0.014080167748034,0.022158470004796982
828.0,830.0,0.01359768956899643,0.011091251857578754,0.012052320875227451
829.0,831.0,0.019895318895578384,0.004433348774909973,0.009662140160799026
830.0,832.0,0.012031176127493382,0.0,0.005392833147197962
831.0,833.0,0.005671340972185135,0.010509842075407505,0.014837358146905899
832.0,834.0,0.00862120557576418,0.013820596039295197,0.014051126316189766
833.0,835.0,0.016498472541570663,0.008139892481267452,0.009298408403992653
834.0,836.0,0.013729667291045189,0.01011243648827076,0.017592838034033775
835.0,837.0,0.01049024611711502,0.004023407585918903,0.0027589427772909403
836.0,838.0,0.009796791709959507,0.008060622029006481,0.003833322785794735
837.0,839.0,0.011759370565414429,0.022104650735855103,0.012774789705872536
838.0,840.0,0.008055327460169792,0.010745152831077576,0.0
839.0,841.0,0.01615491881966591,0.004016285762190819,0.005988302640616894
840.0,842.0,0.019546184688806534,0.0,0.0127436313778162
841.0,843.0,0.018096569925546646,4.86285425722599e-05,0.00791943445801735
842.0,844.0,0.005104046314954758,0.021904438734054565,0.008019239641726017
843.0,845.0,0.012163817882537842,0.016520412638783455,0.007533364463597536
844.0,846.0,0.010658635757863522,0.007997527718544006,0.0033225370571017265
845.0,847.0,0.00042800093069672585,0.003494668984785676,0.0
846.0,848.0,0.0023521084804087877,0.010120413266122341,0.0
847.0,849.0,0.005830889102071524,0.011487646959722042,0.0
848.0,850.0,0.028007790446281433,0.00032525742426514626,0.0
849.0,851.0,0.02242334745824337,0.0031544766388833523,0.0
850.0,852.0,0.011787151917815208,0.0,0.002507469616830349
851.0,853.0,0.0,0.00942083541303873,0.01114916056394577
852.0,854.0,0.005439693108201027,0.01941736228764057,0.012701926752924919
853.0,855.0,0.013476399704813957,0.004532480146735907,0.0
854.0,856.0,0.005399392917752266,0.0,0.0
855.0,857.0,0.011685604229569435,0.0,0.0016433806158602238
856.0,858.0,0.017055928707122803,0.001061927992850542,0.0023625115863978863
857.0,859.0,0.016033049672842026,0.0,0.0
858.0,860.0,0.010200823657214642,0.005521963816136122,0.0007045404054224491
859.0,861.0,0.004034093581140041,0.012753968127071857,0.003240232588723302
860.0,862.0,0.016868777573108673,0.0,0.01709160953760147
861.0,863.0,0.002309489995241165,0.0,0.0
862.0,864.0,0.0,0.0009634948801249266,0.0
863.0,865.0,0.005624853074550629,0.0,0.003650573082268238
864.0,866.0,0.014157747849822044,0.0,0.0
865.0,867.0,0.019892092794179916,0.0,0.006531636230647564
866.0,868.0,0.021794328466057777,0.003121098503470421,0.01522185280919075
867.0,869.0,0.010020661167800426,0.001943286508321762,0.026217786595225334
868.0,870.0,0.019607586786150932,0.0,0.012213191017508507
869.0,871.0,0.02781699411571026,0.010266479104757309,0.008864800445735455
870.0,872.0,0.016618255525827408,0.004925897344946861,0.008798237890005112
871.0,873.0,0.008917146362364292,0.0,0.007339529227465391
872.0,874.0,0.012600831687450409,0.004420848563313484,0.007676747161895037
873.0,875.0,0.0017493853811174631,0.006389331538230181,0.0
874.0,876.0,0.015838684514164925,0.008115207776427269,0.0
875.0,877.0,0.008209428749978542,0.003412167774513364,0.015752529725432396
876.0,878.0,0.0047570932656526566,0.012368492782115936,0.022858407348394394
877.0,879.0,0.0107814846560359,0.006848915945738554,0.0008402611128985882
878.0,880.0,0.0,0.0037438874132931232,0.0029030106961727142
879.0,881.0,0.002410364802926779,0.006261785980314016,0.004418219439685345
880.0,882.0,0.013913678005337715,0.0028949889820069075,0.002836159896105528
881.0,883.0,0.028868746012449265,0.008789369836449623,0.005181234795600176
882.0,884.0,0.023658789694309235,0.010257121175527573,0.014410317875444889
883.0,885.0,0.013449480757117271,0.009155701845884323,0.022971147671341896
884.0,886.0,0.005733504891395569,0.007855665870010853,0.01144818589091301
885.0,887.0,0.022502439096570015,0.004000366665422916,0.006321246270090342
886.0,888.0,0.02607192099094391,0.005026597995311022,0.008472498506307602
887.0,889.0,0.01104716956615448,0.011096763424575329,0.004973134025931358
888.0,890.0,0.012190639041364193,0.009244264103472233,0.006555492524057627
889.0,891.0,0.0232246033847332,0.009873487055301666,0.013943476602435112
890.0,892.0,0.017527936026453972,0.005439877975732088,0.004471789579838514
891.0,893.0,0.017262622714042664,0.019980888813734055,0.008538903668522835
892.0,894.0,0.013722779229283333,0.01725117303431034,0.006715062540024519
893.0,895.0,0.012293935753405094,0.01992562785744667,0.022186117246747017
894.0,896.0,0.012379801832139492,0.01306068804115057,0.022169461473822594
895.0,897.0,0.01813235692679882,0.002408095635473728,0.0029457889031618834
896.0,898.0,0.033383022993803024,0.0035319500602781773,0.001920495182275772
897.0,899.0,0.03025810606777668,0.008158937096595764,0.0
898.0,900.0,0.020572999492287636,0.014127771370112896,0.0061863381415605545
899.0,901.0,0.019451601430773735,0.006960442289710045,0.002749857259914279
900.0,902.0,0.01788829267024994,0.015057113952934742,0.012069528922438622
901.0,903.0,0.02280787192285061,0.011712905019521713,0.017034761607646942
902.0,904.0,0.018515586853027344,0.005228627473115921,0.003398922737687826
903.0,905.0,0.023805882781744003,0.015791136771440506,0.014685431495308876
904.0,906.0,0.020591549575328827,0.014415610581636429,0.019542288035154343
905.0,907.0,0.024396531283855438,0.006797046400606632,0.0
906.0,908.0,0.019097566604614258,0.0004141288809478283,0.0
907.0,909.0,0.0159900039434433,0.0034317350946366787,0.001614423468708992
908.0,910.0,0.02569546177983284,0.012496424838900566,0.01541392132639885
909.0,911.0,0.01744380220770836,0.015597802586853504,0.01617075502872467
910.0,912.0,0.013320489786565304,0.009822818450629711,0.027043748646974564
911.0,913.0,0.0028249742463231087,0.01448950357735157,0.018686816096305847
912.0,914.0,0.020395319908857346,0.007902514189481735,0.008343356661498547
913.0,915.0,0.029335079714655876,0.006894338876008987,0.0025156252086162567
914.0,916.0,0.014317135326564312,0.002904546447098255,0.0036378824152052402
915.0,917.0,0.009180952794849873,0.008408227935433388,0.014877568930387497
916.0,918.0,0.015508705750107765,0.009575572796165943,0.024710936471819878
917.0,919.0,0.015445245429873466,0.0,0.01510063000023365
918.0,920.0,0.02274281531572342,0.007193593308329582,0.008608631789684296
919.0,921.0,0.0283232182264328,0.004355770070105791,0.014129718765616417
920.0,922.0,0.02253563702106476,0.00893472321331501,0.03292866796255112
921.0,923.0,0.022274624556303024,0.003877101233229041,0.01168137602508068
922.0,924.0,0.027619333937764168,0.0,7.945764809846878e-05
923.0,925.0,0.02218654192984104,0.0,0.0027785426937043667
924.0,926.0,0.023555485531687737,0.0,0.0067465901374816895
925.0,927.0,0.02902568317949772,0.0,0.002682402264326811
926.0,928.0,0.01697658561170101,0.0,0.012634661979973316
927.0,929.0,0.019314730539917946,0.01927146315574646,0.025684066116809845
928.0,930.0,0.01196969859302044,0.01161927543580532,0.010577970184385777
929.0,931.0,0.012274735607206821,0.016374822705984116,0.0
930.0,932.0,0.013276370242238045,0.020186908543109894,0.010244891978800297
931.0,933.0,0.017111357301473618,0.010633734054863453,0.019276630133390427
932.0,934.0,0.018138594925403595,0.00692765461280942,0.00806959718465805
933.0,935.0,0.02255450375378132,0.007985850796103477,0.002927239751443267
934.0,936.0,0.020170867443084717,0.006992810405790806,0.011392667889595032
935.0,937.0,0.012175267562270164,0.0004288465715944767,0.011523951776325703
936.0,938.0,0.018940219655632973,0.0,0.006637880578637123
937.0,939.0,0.017291013151407242,0.013091153465211391,0.01572515070438385
938.0,940.0,0.014506012201309204,0.013076542876660824,0.02875363454222679
939.0,941.0,0.004884807392954826,0.012731630355119705,0.022002914920449257
940.0,942.0,0.010517514310777187,0.01082252524793148,0.0
941.0,943.0,0.022076258435845375,0.014455441385507584,0.0
942.0,944.0,0.015410305932164192,0.013534034602344036,0.0015954491682350636
943.0,945.0,0.0021157751325517893,0.0011513209901750088,0.006521360017359257
944.0,946.0,0.004709465894848108,0.0059000905603170395,0.001653818297199905
945.0,947.0,0.018893517553806305,0.0,0.0
946.0,948.0,0.022128695622086525,0.0,0.007336090784519911
947.0,949.0,0.007837241515517235,0.0,0.0
948.0,950.0,0.009638044983148575,0.0024047857150435448,0.0058761416003108025
949.0,951.0,0.019391117617487907,0.0,0.0
950.0,952.0,0.02541998401284218,0.004547492600977421,0.017016174271702766
951.0,953.0,0.02520371414721012,0.0,0.01771458238363266
952.0,954.0,0.01822659932076931,0.0015521289315074682,0.014294182881712914
953.0,955.0,0.014081716537475586,0.017610076814889908,0.0049819545820355415
954.0,956.0,0.011840431950986385,0.0006895663682371378,0.0
955.0,957.0,0.017422791570425034,0.001825501210987568,0.016145620495080948
956.0,958.0,0.012979520484805107,0.012464294210076332,0.008706524968147278
957.0,959.0,0.0,0.0198838971555233,0.0
958.0,960.0,0.010201793164014816,0.013086633756756783,0.00026106229051947594
959.0,961.0,0.009665971621870995,0.0056335958652198315,0.0005252957344055176
960.0,962.0,0.01209957618266344,0.0,0.006273407489061356
961.0,963.0,0.01546112634241581,0.0,0.006098004058003426
962.0,964.0,0.005506412126123905,0.006342779844999313,0.02100047841668129
963.0,965.0,0.01351114735007286,0.009591618552803993,0.010666229762136936
964.0,966.0,0.015836626291275024,0.00132797472178936,0.010030449368059635
965.0,967.0,0.026937931776046753,0.0,0.0035513630136847496
966.0,968.0,0.027936801314353943,0.0,0.0
967.0,969.0,0.02010370045900345,0.0,0.007529539987444878
968.0,970.0,0.024186544120311737,0.0,0.0005362164229154587
969.0,971.0,0.021784203127026558,0.0,0.0
970.0,972.0,0.024460237473249435,0.0,0.006356179714202881
971.0,973.0,0.017726756632328033,0.0,0.009272507391870022
972.0,974.0,0.0022058524191379547,0.0,0.003753049299120903
973.0,975.0,0.012616087682545185,0.0,0.003983157686889172
974.0,976.0,0.013218695297837257,0.0,0.001839962787926197
975.0,977.0,0.016698645427823067,0.0,0.01918015256524086
976.0,978.0,0.0069585153833031654,0.024587292224168777,0.006760240998119116
977.0,979.0,0.0068906210362911224,0.0032286359928548336,0.01175107341259718
978.0,980.0,0.014730162918567657,0.009238483384251595,0.014867005869746208
979.0,981.0,0.01780436374247074,0.0,0.01127287931740284
980.0,982.0,0.023890983313322067,0.0,0.0030476488173007965
981.0,983.0,0.01819683238863945,0.0,0.0022496115416288376
982.0,984.0,0.02367466129362583,0.0,0.007141690235584974
983.0,985.0,0.012818335555493832,0.005346948280930519,0.002638002624735236
984.0,986.0,0.024596257135272026,0.00028795073740184307,0.0
985.0,987.0,0.026623081415891647,0.0016406341455876827,0.012924110516905785
986.0,988.0,0.013444632291793823,0.00828272383660078,0.019027382135391235
987.0,989.0,0.013449754565954208,0.015331700444221497,0.012293074280023575
988.0,990.0,0.02207929641008377,0.0,0.008627322502434254
989.0,991.0,0.025858812034130096,0.0,0.003647606587037444
990.0,992.0,0.019551731646060944,0.0027874778024852276,0.009545154869556427
991.0,993.0,0.024783164262771606,0.0,0.007798705715686083
992.0,994.0,0.02112635411322117,0.0,0.005861575715243816
993.0,995.0,0.008622843772172928,0.00018937932327389717,0.011273548007011414
994.0,996.0,0.006640048231929541,0.0,0.007948224432766438
995.0,997.0,0.008166182786226273,0.01144950557500124,0.007387928199023008
996.0,998.0,0.017448147758841515,0.0072217704728245735,0.013632794842123985
997.0,999.0,0.024780945852398872,0.0,0.0
998.0,1000.0,0.027920439839363098,0.0,0.004862887319177389
999.0,1001.0,0.030435463413596153,0.00044898188207298517,0.012809786945581436
1000.0,1002.0,0.030366744846105576,0.0,0.012950494885444641
1001.0,1003.0,0.022250287234783173,0.0,0.010465054772794247
1002.0,1004.0,0.02076505497097969,0.0,0.0013668620958924294
1003.0,1005.0,0.009644655510783195,0.0,0.01861562952399254
1004.0,1006.0,0.010924633592367172,0.004999089054763317,0.013915514573454857
1005.0,1007.0,0.0227603018283844,0.0046014850959181786,0.003888807725161314
1006.0,1008.0,0.02817833051085472,0.0,0.0
1007.0,1009.0,0.02006804570555687,0.0,0.0
1008.0,1010.0,0.022137945517897606,8.41519795358181e-05,0.0023403270170092583
1009.0,1011.0,0.018793554976582527,0.011502811685204506,0.0
1010.0,1012.0,0.004518195521086454,0.010363010689616203,0.0032092551700770855
1011.0,1013.0,0.011189880780875683,0.0,0.008275817148387432
1012.0,1014.0,0.021424010396003723,0.0016970867291092873,0.0009243646636605263
1013.0,1015.0,0.02013937570154667,0.0,0.009000968188047409
1014.0,1016.0,0.019847646355628967,0.0,0.008679872378706932
1015.0,1017.0,0.014232154935598373,0.0,0.0
1016.0,1018.0,0.016296083107590675,0.0,0.0
1017.0,1019.0,0.016892623156309128,0.0,0.0
1018.0,1020.0,0.011356896720826626,0.0068758162669837475,0.0
1019.0,1021.0,0.020721901208162308,0.0,0.005582317244261503
1020.0,1022.0,0.027035299688577652,0.0,0.00510858278721571
1021.0,1023.0,0.023124637082219124,0.0029123350977897644,0.022832132875919342
1022.0,1024.0,0.008199738338589668,0.02473817951977253,0.025512252002954483
1023.0,1025.0,0.007827622815966606,0.02206091396510601,0.017321836203336716
1024.0,1026.0,0.014924846589565277,0.006934566423296928,0.003070888575166464
1025.0,1027.0,0.009641475975513458,0.013144595548510551,0.004688890650868416
1026.0,1028.0,0.00803031399846077,0.017767425626516342,0.010565780103206635
1027.0,1029.0,0.00923387985676527,0.010541023686528206,0.009671419858932495
1028.0,1030.0,0.02178485505282879,0.0,0.005250270944088697
1029.0,1031.0,0.022922663018107414,0.0,0.004069623537361622
1030.0,1032.0,0.027498086914420128,0.0,0.0
1031.0,1033.0,0.014967815950512886,0.010621314868330956,0.00880492851138115
1032.0,1034.0,0.007272961083799601,0.0028673061169683933,0.010650960728526115
1033.0,1035.0,0.017893332988023758,0.0,0.0
1034.0,1036.0,0.023282121866941452,0.0,0.010636364109814167
1035.0,1037.0,0.017253268510103226,0.0,0.005502672400325537
1036.0,1038.0,0.011451688595116138,0.0,0.0
1037.0,1039.0,0.006201277486979961,0.005591180175542831,0.004044780973345041
1038.0,1040.0,0.01099399384111166,0.0,0.006093407515436411
1039.0,1041.0,0.018176406621932983,0.0,0.0025101094506680965
1040.0,1042.0,0.012158245779573917,0.0,0.0019090690184384584
1041.0,1043.0,0.021292177960276604,0.0,0.01737263798713684
1042.0,1044.0,0.01221929956227541,0.0043551139533519745,0.01170862466096878
1043.0,1045.0,0.012296282686293125,7.4329087510705e-05,0.0036132405512034893
1044.0,1046.0,0.01905931532382965,0.005354828201234341,0.017117727547883987
1045.0,1047.0,0.012039454653859138,0.004449421539902687,0.010428449138998985
1046.0,1048.0,0.019023999571800232,0.0,0.0173617172986269
1047.0,1049.0,0.010660452768206596,0.0,0.004509618505835533
1048.0,1050.0,0.0030347646679729223,0.0,0.00033093319507315755
1049.0,1051.0,0.0033173225820064545,0.0,0.002329831477254629
1050.0,1052.0,0.0,0.006046534515917301,0.0164591483771801
1051.0,1053.0,0.00625773286446929,0.023834895342588425,0.012008494697511196
1052.0,1054.0,0.004508648533374071,0.01449105516076088,0.005158767569810152
1053.0,1055.0,0.009416190907359123,0.02549084834754467,0.005104450508952141
1054.0,1056.0,0.008320800960063934,0.012944648042321205,0.0
1055.0,1057.0,0.01882154308259487,0.016763836145401,0.014533009380102158
1056.0,1058.0,0.021461263298988342,0.012284765020012856,0.007759494706988335
1057.0,1059.0,0.0,0.0004447053652256727,0.0
1058.0,1060.0,0.0,0.0,0.0
1059.0,1061.0,0.0034202453680336475,0.0,0.0
1060.0,1062.0,0.013373592868447304,0.0,0.0
1061.0,1063.0,0.01863197050988674,0.0,0.0
1062.0,1064.0,0.007767417002469301,0.0005967484321445227,0.0
1063.0,1065.0,0.005053596571087837,0.007633605971932411,0.0014570665080100298
1064.0,1066.0,0.005724777467548847,0.004326436668634415,0.0
1065.0,1067.0,0.012803427875041962,0.004372354596853256,0.00021432247012853622
1066.0,1068.0,0.0245814248919487,0.006042801309376955,0.002104015089571476
1067.0,1069.0,0.029422134160995483,0.002577139064669609,0.0
1068.0,1070.0,0.01776278205215931,0.0,0.0
1069.0,1071.0,0.014232248067855835,0.0,0.0
1070.0,1072.0,0.021060016006231308,0.0036195735447108746,0.0
1071.0,1073.0,0.018936604261398315,0.006592532154172659,0.003381278831511736
1072.0,1074.0,0.007395938038825989,0.0005499081453308463,0.005151417106389999
1073.0,1075.0,0.011458274908363819,0.0025497684255242348,0.0
1074.0,1076.0,0.009783608838915825,0.0008441911777481437,0.0
1075.0,1077.0,0.009136909618973732,0.0,0.01102554053068161
1076.0,1078.0,0.003342804266139865,0.0,0.005242031998932362
1077.0,1079.0,0.005445411428809166,0.0,0.0
1078.0,1080.0,0.009530177339911461,0.0,0.010702799074351788
1079.0,1081.0,0.003956153988838196,0.003577784402295947,0.0044803256168961525
1080.0,1082.0,0.0,0.007361085619777441,0.004858632571995258
1081.0,1083.0,0.0025133718736469746,0.0039056469686329365,0.0009493967518210411
1082.0,1084.0,0.010252118110656738,0.004450233653187752,0.006885644048452377
1083.0,1085.0,0.0,0.015520114451646805,0.0
1084.0,1086.0,0.009177864529192448,0.0,0.00791686587035656
1085.0,1087.0,0.012642022222280502,0.0,0.000899838050827384
1086.0,1088.0,0.02351432293653488,0.0,0.009504212066531181
1087.0,1089.0,0.0,0.0,0.02131219208240509
1088.0,1090.0,0.009456353262066841,0.0,0.013162072747945786
1089.0,1091.0,0.008268507197499275,0.0,0.00706819212064147
1090.0,1092.0,0.0,0.008549941703677177,0.00021308788564056158
1091.0,1093.0,0.007713790517300367,0.013079360127449036,0.00033440490369684994
1092.0,1094.0,0.007077714428305626,0.01285568717867136,0.00014716770965605974
1093.0,1095.0,0.01571461744606495,0.005326387006789446,0.0011226579081267118
1094.0,1096.0,0.025395452976226807,0.0,0.008369140326976776
1095.0,1097.0,0.018300212919712067,0.0,0.003991976380348206
1096.0,1098.0,0.0235547237098217,0.0,0.003207162721082568
1097.0,1099.0,0.005534724332392216,0.0,0.0
1098.0,1100.0,0.0,0.0,0.0
1099.0,1101.0,8.082226850092411e-05,0.0,0.010215021669864655
1100.0,1102.0,0.0039632124826312065,0.010299921035766602,0.015614287927746773
1101.0,1103.0,0.01454093772917986,0.03490179032087326,0.017199570313096046
1102.0,1104.0,0.0,0.020181359723210335,0.011057974770665169
1103.0,1105.0,0.010574347339570522,0.020579982548952103,0.020771589130163193
1104.0,1106.0,0.011143174022436142,0.008281717076897621,0.009538726881146431
1105.0,1107.0,0.018217645585536957,0.007547873072326183,0.006106468848884106
1106.0,1108.0,0.03386496752500534,0.011828983202576637,0.013425497338175774
1107.0,1109.0,0.030794013291597366,0.0,0.008727075532078743
1108.0,1110.0,0.019015347585082054,0.010202731937170029,0.00581473670899868
1109.0,1111.0,0.009192699566483498,0.012097759172320366,0.005370938219130039
1110.0,1112.0,0.020964723080396652,0.007462461944669485,0.018292825669050217
1111.0,1113.0,0.0010766745544970036,0.013582590967416763,0.014182198792696
1112.0,1114.0,0.011319600045681,0.025693438947200775,0.01242747437208891
1113.0,1115.0,0.011297781020402908,0.0020990974735468626,0.0099739795550704
1114.0,1116.0,0.008228469640016556,0.0,0.0069083827547729015
1115.0,1117.0,0.014737999066710472,0.0,0.0
1116.0,1118.0,0.0209149569272995,0.0,0.0
1117.0,1119.0,0.017439622431993484,0.0,0.0
1118.0,1120.0,0.017129072919487953,0.0010828538797795773,0.009670558385550976
1119.0,1121.0,0.02428196370601654,0.007726063020527363,0.016556713730096817
1120.0,1122.0,0.0204058475792408,0.007190963253378868,0.010355238802731037
1121.0,1123.0,0.017062271013855934,0.016552168875932693,0.020376544445753098
1122.0,1124.0,0.023610688745975494,0.015789374709129333,0.019011665135622025
1123.0,1125.0,0.006387968547642231,0.01749255880713463,0.019460931420326233
1124.0,1126.0,0.013965845108032227,0.006968869362026453,0.013182519935071468
1125.0,1127.0,0.014081550762057304,0.0,0.004835319239646196
1126.0,1128.0,0.024859696626663208,0.002900452585890889,0.0
1127.0,1129.0,0.03311247006058693,0.002582600573077798,0.0
1128.0,1130.0,0.018653109669685364,0.0,0.005584546364843845
1129.0,1131.0,0.015066428110003471,0.0,0.0011253254488110542
1130.0,1132.0,0.013123728334903717,0.0,0.0
1131.0,1133.0,0.0222703218460083,0.0,0.008239522576332092
1132.0,1134.0,0.02904627099633217,0.0,0.01180804893374443
1133.0,1135.0,0.02566637098789215,0.013808268122375011,0.00047656428068876266
1134.0,1136.0,0.01449589990079403,0.003795753698796034,0.0
1135.0,1137.0,0.020576108247041702,0.002522908616811037,0.001724068308249116
1136.0,1138.0,0.018414538353681564,0.0051378533244132996,0.009879183024168015
1137.0,1139.0,0.015557087026536465,0.004343288950622082,0.013399184681475163
1138.0,1140.0,0.01098540984094143,0.016022149473428726,0.011669829487800598
1139.0,1141.0,0.021159132942557335,0.008093608543276787,0.017194654792547226
1140.0,1142.0,0.013664517551660538,0.0026028563734143972,0.025749966502189636
1141.0,1143.0,0.0127330981194973,0.005871771369129419,0.018943054601550102
1142.0,1144.0,0.009096544235944748,0.00673166336491704,0.021552231162786484
1143.0,1145.0,0.0,0.012213671579957008,0.0
1144.0,1146.0,0.008655221201479435,0.007141951005905867,0.0
1145.0,1147.0,0.007067745551466942,0.005523358471691608,0.016276370733976364
1146.0,1148.0,0.0,0.0198829285800457,0.008846264332532883
1147.0,1149.0,0.0,0.008143633604049683,0.010680323466658592
1148.0,1150.0,0.011456871405243874,0.01206916756927967,0.0
1149.0,1151.0,0.009404022246599197,0.005982640199363232,0.020539499819278717
1150.0,1152.0,0.022060228511691093,0.00659429794177413,0.019812922924757004
1151.0,1153.0,0.03259875997900963,0.00801284983754158,0.00907289981842041
1152.0,1154.0,0.01866811513900757,0.004895820282399654,0.0010019829496741295
1153.0,1155.0,0.014219437725841999,0.018836090341210365,0.011370829306542873
1154.0,1156.0,0.02338857389986515,0.017957504838705063,0.01471281610429287
1155.0,1157.0,0.017935607582330704,0.006876485422253609,0.0025460903998464346
1156.0,1158.0,0.007041848264634609,0.0,0.0023703565821051598
1157.0,1159.0,1.111859455704689e-05,0.006316100247204304,0.0029508951120078564
1158.0,1160.0,0.0,0.019355036318302155,0.0
1159.0,1161.0,0.0,0.01086915098130703,0.006026566494256258
1160.0,1162.0,0.010804884135723114,0.008598219603300095,0.008432704955339432
1161.0,1163.0,0.022802529856562614,0.006877017207443714,0.007772428449243307
1162.0,1164.0,0.008162006735801697,0.007979984395205975,0.019673453643918037
1163.0,1165.0,0.009448050521314144,0.0009838913101702929,0.022500572726130486
1164.0,1166.0,0.017665501683950424,0.0,0.012910626828670502
1165.0,1167.0,0.02938995696604252,0.0,0.0
1166.0,1168.0,0.017890140414237976,0.0,0.0
1167.0,1169.0,0.012520499527454376,0.007150620222091675,0.013796281069517136
1168.0,1170.0,0.017878353595733643,0.0003978186286985874,0.014592062681913376
1169.0,1171.0,0.005287481006234884,0.00046736886724829674,0.00676293671131134
1170.0,1172.0,0.010763279162347317,0.00030878977850079536,0.012100886553525925
1171.0,1173.0,0.025202006101608276,0.0,0.015125972218811512
1172.0,1174.0,0.021261369809508324,0.005092409439384937,0.011360672302544117
1173.0,1175.0,0.015611398033797741,0.002767107915133238,0.007105350960046053
1174.0,1176.0,0.019416015595197678,0.0027701971121132374,0.007566114421933889
1175.0,1177.0,0.018642667680978775,0.016345199197530746,0.019485075026750565
1176.0,1178.0,0.01992173120379448,0.023577790707349777,0.023240957409143448
1177.0,1179.0,0.013560863211750984,0.020109722390770912,0.0
1178.0,1180.0,0.0068886904045939445,0.012327170930802822,0.008218666538596153
1179.0,1181.0,0.0,0.003930945880711079,0.0025747567415237427
1180.0,1182.0,0.012875393964350224,0.0016374671831727028,0.002847723662853241
1181.0,1183.0,0.007818356156349182,0.0,0.008507849648594856
1182.0,1184.0,0.00859295204281807,0.0,0.0
1183.0,1185.0,0.0037265275605022907,0.0014559549745172262,0.0018577035516500473
1184.0,1186.0,0.002482615178450942,0.009018152952194214,0.013342565856873989
1185.0,1187.0,0.004285324364900589,0.010016572661697865,0.01832367107272148
1186.0,1188.0,0.009047243744134903,0.012762080878019333,0.015779592096805573
1187.0,1189.0,0.029032807797193527,0.013383555226027966,0.017799248918890953
1188.0,1190.0,0.014639820903539658,0.011208843439817429,0.011684054508805275
1189.0,1191.0,0.022241517901420593,0.0026510325260460377,0.012798125855624676
1190.0,1192.0,0.02055180072784424,0.007783187553286552,0.013743573799729347
1191.0,1193.0,0.0,0.016654105857014656,0.0
1192.0,1194.0,0.0,0.0,0.0
1193.0,1195.0,0.009813510812819004,0.0,0.005339316092431545
1194.0,1196.0,0.008743937127292156,0.00022073043510317802,0.007156915031373501
1195.0,1197.0,0.005000781267881393,0.022872138768434525,0.013443006202578545
1196.0,1198.0,0.010782581754028797,0.022131189703941345,0.014459116384387016
1197.0,1199.0,0.0,0.01915718987584114,0.015537369064986706
1198.0,1200.0,0.006560745649039745,0.008221061900258064,0.010653023608028889
1199.0,1201.0,0.006706906948238611,0.0,0.008163276128470898
1200.0,1202.0,0.006943073123693466,0.003335403511300683,0.002791488543152809
1201.0,1203.0,0.0003771778428927064,0.005247798748314381,0.010604647919535637
1202.0,1204.0,0.012698214501142502,0.0035564377903938293,0.019038600847125053
1203.0,1205.0,0.015620377846062183,0.00048245443031191826,0.0178565364331007
1204.0,1206.0,0.0009973663836717606,0.006103804800659418,0.0
1205.0,1207.0,0.00048288237303495407,0.005896067246794701,0.008419916033744812
1206.0,1208.0,0.013836322352290154,0.009396418929100037,0.01040132436901331
1207.0,1209.0,0.015070191584527493,0.007306440267711878,0.013376131653785706
1208.0,1210.0,0.020108141005039215,0.004186721984297037,0.0
1209.0,1211.0,0.006717548705637455,0.0,0.0034739351831376553
1210.0,1212.0,0.01408391259610653,0.0022735795937478542,0.004361637402325869
1211.0,1213.0,0.02022271230816841,0.007633206434547901,0.011675909161567688
1212.0,1214.0,0.001490152208134532,0.0005211876705288887,0.008914108388125896
1213.0,1215.0,0.004723186604678631,0.0,0.002567823976278305
1214.0,1216.0,0.0,0.013081726618111134,0.0066153509542346
1215.0,1217.0,0.0,0.026421260088682175,0.013922588899731636
1216.0,1218.0,0.014521063305437565,0.004412826616317034,0.02149580419063568
1217.0,1219.0,0.005608831532299519,8.111633360385895e-05,0.015370653010904789
1218.0,1220.0,0.001016600290313363,0.0039445082657039165,0.018536975607275963
1219.0,1221.0,0.025752687826752663,0.0024972057435661554,0.00838424451649189
1220.0,1222.0,0.016181088984012604,0.019021503627300262,0.0028828498907387257
1221.0,1223.0,0.016467373818159103,0.022231969982385635,0.009945690631866455
1222.0,1224.0,0.0162027720361948,0.015075812116265297,0.013222847133874893
1223.0,1225.0,0.0028004623018205166,0.0009735787753015757,0.004069746471941471
1224.0,1226.0,0.012098036706447601,0.0,0.003080356400460005
1225.0,1227.0,0.011917714029550552,0.011614091694355011,0.007363505195826292
1226.0,1228.0,0.01603614166378975,0.014282150194048882,0.019867556169629097
1227.0,1229.0,0.0115338284522295,0.0038077677600085735,0.003607001155614853
1228.0,1230.0,0.013440597802400589,0.001609928673133254,0.0
1229.0,1231.0,0.011906196363270283,0.01120014674961567,0.0
1230.0,1232.0,0.016584686934947968,0.021096382290124893,0.009655768983066082
1231.0,1233.0,0.01710260659456253,0.0030573636759072542,0.006245684809982777
1232.0,1234.0,0.012891185469925404,0.01379998866468668,0.0091863963752985
1233.0,1235.0,0.008112889714539051,0.010640136897563934,0.015526498667895794
1234.0,1236.0,0.0037954868748784065,0.021770577877759933,0.0044170645996928215
1235.0,1237.0,0.006728931795805693,0.005035274662077427,0.008859108202159405
1236.0,1238.0,0.014263682998716831,0.0059676580131053925,0.007119235582649708
1237.0,1239.0,0.006539409514516592,0.007362986449152231,0.021584002301096916
1238.0,1240.0,0.017119165509939194,0.0,0.015285424888134003
1239.0,1241.0,0.014042816124856472,0.004072430077940226,0.010007403790950775
1240.0,1242.0,0.007818521931767464,0.006882843095809221,0.012203606776893139
1241.0,1243.0,0.004896293394267559,0.0112301642075181,0.0061577060259878635
1242.0,1244.0,0.014280256815254688,0.0071099745109677315,0.010529464110732079
1243.0,1245.0,0.012510204687714577,0.0015927846543490887,0.0
1244.0,1246.0,0.007514448370784521,0.0,0.0
1245.0,1247.0,0.0020238193683326244,0.0026173631194978952,0.0
1246.0,1248.0,0.0,0.013858677819371223,0.0009063323959708214
1247.0,1249.0,0.012612244114279747,0.010083057917654514,0.013566568493843079
1248.0,1250.0,0.018746063113212585,0.006077062804251909,0.018755950033664703
1249.0,1251.0,0.011249253526329994,0.020154636353254318,0.007386473007500172
1250.0,1252.0,0.025005966424942017,0.024268241599202156,0.0022451519034802914
1251.0,1253.0,0.023839501664042473,0.020627163350582123,0.013014350086450577
1252.0,1254.0,0.018888477236032486,0.0,0.00860721804201603
1253.0,1255.0,0.008388113230466843,0.0,0.01694364659488201
1254.0,1256.0,0.014953551813960075,0.00876566395163536,0.013617151416838169
1255.0,1257.0,0.010209421627223492,0.017701439559459686,0.0
1256.0,1258.0,0.009295806288719177,0.006932693533599377,0.0
1257.0,1259.0,0.013441300019621849,0.01676706038415432,0.00024392246268689632
1258.0,1260.0,0.010343244299292564,0.01370956189930439,0.0014282348565757275
1259.0,1261.0,0.006698617711663246,0.01985812559723854,0.003291322384029627
1260.0,1262.0,0.008215575478971004,0.01362868957221508,0.0
1261.0,1263.0,0.003806116059422493,0.010318507440388203,0.0
1262.0,1264.0,0.0,0.015829775482416153,0.00928032398223877
1263.0,1265.0,0.007283530198037624,0.01589244417846203,0.01816646195948124
1264.0,1266.0,0.019253332167863846,0.007639322895556688,0.014569707214832306
1265.0,1267.0,0.029088646173477173,0.0028568869456648827,0.007266610860824585
1266.0,1268.0,0.019344035536050797,0.006690445356070995,0.0021515050902962685
1267.0,1269.0,0.007531583774834871,0.015335006639361382,0.0
1268.0,1270.0,0.0005194270052015781,0.002392485272139311,0.0
1269.0,1271.0,0.002314317272976041,0.0,0.0
1270.0,1272.0,0.010482224635779858,0.015705736353993416,0.006880910601466894
1271.0,1273.0,0.02151085063815117,0.023482630029320717,0.00572566594928503
1272.0,1274.0,0.0,0.022381477057933807,0.010300287045538425
1273.0,1275.0,0.0,0.023738812655210495,0.001569459680467844
1274.0,1276.0,0.0,0.027612250298261642,0.000398966483771801
1275.0,1277.0,0.0032512731850147247,0.0036530678626149893,0.017067957669496536
1276.0,1278.0,0.027237243950366974,0.008688095957040787,0.0010345224291086197
1277.0,1279.0,0.027239251881837845,0.02089179866015911,0.006112535018473864
1278.0,1280.0,0.006214682012796402,0.0,0.003736546728760004
1279.0,1281.0,0.012828061357140541,0.0024517783895134926,0.010551141574978828
1280.0,1282.0,0.006063695065677166,0.0,0.007244585081934929
1281.0,1283.0,0.003881399054080248,0.009746154770255089,0.003855269867926836
1282.0,1284.0,0.01062304712831974,0.0027589236851781607,0.008908148854970932
1283.0,1285.0,0.025913018733263016,0.0,0.012044497765600681
1284.0,1286.0,0.012839814648032188,0.0,0.005371424835175276
1285.0,1287.0,0.0,0.0007888723630458117,0.0
1286.0,1288.0,0.0,0.009306508116424084,0.0059020305052399635
1287.0,1289.0,0.016632724553346634,0.016777798533439636,0.023965977132320404
1288.0,1290.0,0.00871227402240038,0.016768928617239,0.016301145777106285
1289.0,1291.0,0.008895101957023144,0.0013760090805590153,0.004096631892025471
1290.0,1292.0,0.0072698695585131645,0.0,0.0
1291.0,1293.0,0.018017183989286423,0.015366531908512115,0.0
1292.0,1294.0,0.017553336918354034,5.329400300979614e-05,0.0
1293.0,1295.0,0.020425762981176376,0.0,0.004443146754056215
1294.0,1296.0,0.014602861367166042,0.002671794965863228,0.009894688613712788
1295.0,1297.0,0.008765787817537785,0.013733427971601486,0.017835184931755066
1296.0,1298.0,0.012476606294512749,0.0192116592079401,0.010408568195998669
1297.0,1299.0,0.019169721752405167,0.016908854246139526,0.006939595565199852
1298.0,1300.0,0.011666599661111832,0.0028743084985762835,0.008203747682273388
1299.0,1301.0,0.009700141847133636,0.006183413788676262,0.006790162529796362
1300.0,1302.0,0.007146729156374931,0.003702435176819563,0.011620108038187027
1301.0,1303.0,0.016372546553611755,0.0,0.007569832261651754
1302.0,1304.0,0.01779225841164589,0.01084519736468792,0.004471981897950172
1303.0,1305.0,0.01658400520682335,0.004559020511806011,0.00975303165614605
1304.0,1306.0,0.022649379447102547,0.0,0.011329565197229385
1305.0,1307.0,0.02931419014930725,0.0,0.025290347635746002
1306.0,1308.0,0.00041104666888713837,0.018518807366490364,0.0228180643171072
1307.0,1309.0,0.012969897128641605,0.009987764991819859,0.010300371795892715
1308.0,1310.0,0.019459495320916176,0.0,0.007261909544467926
1309.0,1311.0,0.02735978737473488,0.0,0.005608315579593182
1310.0,1312.0,0.012968947179615498,0.0,0.0003706086426973343
1311.0,1313.0,0.01692654937505722,0.0030909040942788124,0.0
1312.0,1314.0,0.0026811775751411915,0.01069420762360096,0.0
1313.0,1315.0,0.0036680223420262337,0.014733104966580868,0.0
1314.0,1316.0,0.023375313729047775,0.013513362035155296,0.007591813337057829
1315.0,1317.0,0.02449062280356884,0.008209394291043282,0.008199108764529228
1316.0,1318.0,0.021249178797006607,0.0,0.008570014499127865
1317.0,1319.0,0.019321030005812645,0.009529981762170792,0.005747229792177677
1318.0,1320.0,0.013556752353906631,0.010003725066781044,0.0033123912289738655
1319.0,1321.0,0.013775065541267395,0.011007938534021378,0.013051898218691349
1320.0,1322.0,0.014678530395030975,0.002154163084924221,0.0030771209858357906
1321.0,1323.0,0.011583017185330391,0.008140101097524166,0.01135639101266861
1322.0,1324.0,0.021096695214509964,0.0,0.007402942981570959
1323.0,1325.0,0.0043887365609407425,0.0,0.0059392633847892284
1324.0,1326.0,0.006178431212902069,0.0,0.002054793294519186
1325.0,1327.0,0.011707404628396034,0.0,0.0
1326.0,1328.0,0.013382842764258385,0.003385294694453478,0.009245485067367554
1327.0,1329.0,0.015322498977184296,0.0037384317256510258,0.02601327747106552
1328.0,1330.0,0.012394915334880352,0.013206563889980316,0.01285717822611332
1329.0,1331.0,0.002245430601760745,0.0,0.0
1330.0,1332.0,0.005261790938675404,0.006197595037519932,0.006404374726116657
1331.0,1333.0,0.004481257870793343,0.009745240211486816,0.002786039374768734
1332.0,1334.0,0.0055617885664105415,0.009601912461221218,0.01443924568593502
1333.0,1335.0,0.010530965402722359,0.011836137622594833,0.014022685587406158
1334.0,1336.0,0.016324663534760475,0.010358169674873352,0.003195058787241578
1335.0,1337.0,0.015317288227379322,0.014876841567456722,0.0
1336.0,1338.0,0.005282436031848192,0.018649570643901825,0.0
1337.0,1339.0,0.01048278622329235,0.0058196852914988995,0.0
1338.0,1340.0,0.019176671281456947,0.0009332913905382156,0.011717362329363823
1339.0,1341.0,0.017139945179224014,0.0,0.0
1340.0,1342.0,0.010930556803941727,0.009925774298608303,0.009312335401773453
1341.0,1343.0,0.019843604415655136,0.01581445522606373,0.00621892511844635
1342.0,1344.0,0.018707621842622757,0.018792767077684402,0.0
1343.0,1345.0,0.0,0.026963401585817337,0.0
1344.0,1346.0,0.0,0.0035040026996284723,0.0
1345.0,1347.0,0.01399923674762249,0.01276498194783926,0.01896933652460575
1346.0,1348.0,0.012200898490846157,0.0048236846923828125,0.01529280561953783
1347.0,1349.0,0.0066997455433011055,0.009441223926842213,0.009669305756688118
1348.0,1350.0,0.0,0.016752712428569794,0.015739774331450462
1349.0,1351.0,0.0,0.013958181254565716,0.015760358422994614
1350.0,1352.0,0.020631231367588043,0.019772540777921677,0.00879131630063057
1351.0,1353.0,0.021275633946061134,0.0,0.0
1352.0,1354.0,0.005284040234982967,0.0013766409829258919,0.0
1353.0,1355.0,0.0,0.0034129854757338762,0.014632548205554485
1354.0,1356.0,0.0,0.004332105163484812,0.008003391325473785
1355.0,1357.0,0.0023356706369668245,0.0,0.014546209946274757
1356.0,1358.0,0.012018517591059208,0.0,0.013204790651798248
1357.0,1359.0,0.009256534278392792,0.0,0.010951552540063858
1358.0,1360.0,0.0077728088945150375,0.008971533738076687,0.018681298941373825
1359.0,1361.0,0.016543621197342873,0.015200329944491386,0.007406461983919144
1360.0,1362.0,0.0,0.021405406296253204,0.008197251707315445
1361.0,1363.0,0.013531768694519997,0.014205774292349815,0.0261395201086998
1362.0,1364.0,0.013270309194922447,0.0,0.011590370908379555
1363.0,1365.0,0.019591283053159714,0.0034147994592785835,0.021430229768157005
1364.0,1366.0,0.010794646106660366,0.012299747206270695,0.013796040788292885
1365.0,1367.0,0.013693258166313171,0.011206457391381264,0.008096037432551384
1366.0,1368.0,0.02251133695244789,0.011667958460748196,0.005147464573383331
1367.0,1369.0,0.019346944987773895,0.02972087636590004,0.00767689710482955
1368.0,1370.0,0.007290839217603207,0.025444652885198593,0.00981592945754528
1369.0,1371.0,0.020947616547346115,0.004898647777736187,0.012174511328339577
1370.0,1372.0,0.02551315352320671,0.007691501639783382,0.008567262440919876
1371.0,1373.0,0.00760149210691452,0.0073791625909507275,0.0
1372.0,1374.0,0.014552077278494835,0.0017869900912046432,0.0
1373.0,1375.0,0.01383846066892147,0.011941598728299141,0.009176550433039665
1374.0,1376.0,0.007228019181638956,0.0063035194762051105,0.009947896003723145
1375.0,1377.0,0.011283406987786293,0.008619796484708786,0.008762503042817116
1376.0,1378.0,0.024845940992236137,0.02388543263077736,0.010552600957453251
1377.0,1379.0,0.024929499253630638,0.01660003885626793,0.017495136708021164
1378.0,1380.0,0.02390323206782341,0.0148958470672369,0.02270067110657692
1379.0,1381.0,0.011800115928053856,0.007163314614444971,0.015683764591813087
1380.0,1382.0,0.003213844494894147,0.0021697035990655422,0.023579489439725876
1381.0,1383.0,0.015842903405427933,0.024509888142347336,0.001279226504266262
1382.0,1384.0,0.016658660024404526,0.004552425816655159,0.017179451882839203
1383.0,1385.0,0.007710236590355635,0.019034821540117264,0.018297839909791946
1384.0,1386.0,0.012915369123220444,0.015990545973181725,0.02126631699502468
1385.0,1387.0,0.011537987738847733,0.010499931871891022,0.017226791009306908
1386.0,1388.0,0.01315127220004797,0.00043469807133078575,0.01644396223127842
1387.0,1389.0,0.012650375254452229,0.0038703924510627985,0.01813117414712906
1388.0,1390.0,0.015910757705569267,0.0,0.020959801971912384
1389.0,1391.0,0.00018125399947166443,0.0,0.011911832727491856
1390.0,1392.0,0.0,0.0,0.020002368837594986
1391.0,1393.0,0.0,0.0004587811417877674,0.01259875763207674
1392.0,1394.0,0.02775334194302559,0.018380342051386833,0.002697903197258711
1393.0,1395.0,0.010673515498638153,0.0,0.012646347284317017
1394.0,1396.0,0.004245432559400797,0.005557141732424498,0.007591365836560726
1395.0,1397.0,0.0,0.008406821638345718,0.0
1396.0,1398.0,0.011536909267306328,0.000681866891682148,0.0
1397.0,1399.0,0.012557899579405785,0.0,0.0
1398.0,1400.0,0.0015928791835904121,0.0,0.0
1399.0,1401.0,0.011599835008382797,0.0,0.0022303592413663864
1400.0,1402.0,0.01985153928399086,0.0036488063633441925,0.007499188184738159
1401.0,1403.0,0.007930009625852108,0.0,0.005872012116014957
1402.0,1404.0,0.005259915255010128,0.0,0.0017074346542358398
1403.0,1405.0,0.0,0.0,0.0
1404.0,1406.0,0.0,0.0,0.0
1405.0,1407.0,0.00656207837164402,0.005426465533673763,0.011968766339123249
1406.0,1408.0,0.017390776425600052,0.0030855918303132057,0.010741702280938625
1407.0,1409.0,0.01689869537949562,0.0,0.0
1408.0,1410.0,0.0047235735692083836,0.0,0.0
1409.0,1411.0,0.004037589766085148,0.0,0.0
1410.0,1412.0,0.01685471087694168,0.0,0.0
1411.0,1413.0,0.020602576434612274,0.000969726825132966,0.0
1412.0,1414.0,0.009426828473806381,0.0,0.0
1413.0,1415.0,0.009981324896216393,0.0,0.0
1414.0,1416.0,0.015631671994924545,0.005595885217189789,0.0005602219607681036
1415.0,1417.0,0.0,0.01680484227836132,0.0
1416.0,1418.0,0.0,0.010405508801341057,0.0
1417.0,1419.0,0.009622970595955849,0.01881849393248558,0.0
1418.0,1420.0,0.014776126481592655,0.00013282150030136108,0.002994770184159279
1419.0,1421.0,0.0061901649460196495,0.0,0.0
1420.0,1422.0,0.0037929173558950424,0.003840731456875801,0.0
1421.0,1423.0,0.006515645422041416,0.0,0.0
1422.0,1424.0,0.0,0.007791814394295216,0.0
1423.0,1425.0,0.014579289592802525,0.014992620795965195,0.0
1424.0,1426.0,0.015454950742423534,0.0006585191003978252,0.0
1425.0,1427.0,0.01412191241979599,0.014757067896425724,0.0022932507563382387
1426.0,1428.0,0.009904671460390091,0.011946355924010277,0.01013265922665596
1427.0,1429.0,0.007417468354105949,0.002587286289781332,0.017771633341908455
1428.0,1430.0,0.001305723562836647,0.0,0.007916337810456753
1429.0,1431.0,0.0,0.004131382796913385,0.011739391833543777
1430.0,1432.0,0.0024415806401520967,0.016485195606946945,0.017922431230545044
1431.0,1433.0,0.0013811932876706123,0.026759279891848564,0.009217191487550735
1432.0,1434.0,0.0,0.009431784972548485,0.007194692734628916
1433.0,1435.0,0.014637201093137264,0.009356681257486343,0.011754920706152916
1434.0,1436.0,0.020598702132701874,0.0,0.020587963983416557
1435.0,1437.0,0.019658444449305534,0.002311853226274252,0.01866636425256729
1436.0,1438.0,0.009181899018585682,0.017318228259682655,0.011684895493090153
1437.0,1439.0,0.0,0.013661830686032772,0.012881753034889698
1438.0,1440.0,0.013139093294739723,0.005434088408946991,0.0014450885355472565
1439.0,1441.0,0.015724414959549904,0.0014279959723353386,0.007881605066359043
1440.0,1442.0,0.011396866291761398,0.0020666425116360188,0.019483281299471855
1441.0,1443.0,0.015818530693650246,0.010381493717432022,0.013628300279378891
1442.0,1444.0,0.008474152535200119,0.005063786171376705,0.0
1443.0,1445.0,0.010091371834278107,0.011570881120860577,0.010888713411986828
1444.0,1446.0,0.014437137171626091,0.015104157850146294,0.012165140360593796
1445.0,1447.0,0.014494374394416809,0.006554475985467434,0.007499010767787695
1446.0,1448.0,0.012516571208834648,0.0,0.009110757149755955
1447.0,1449.0,0.013384740799665451,0.0038608016911894083,0.01560521125793457
1448.0,1450.0,0.017481137067079544,0.00345288566313684,0.005177220795303583
1449.0,1451.0,0.007661815267056227,0.0,0.0
1450.0,1452.0,0.0,0.0,0.0
1451.0,1453.0,0.0034035579301416874,0.0037996084429323673,0.0102451853454113
1452.0,1454.0,0.004020106513053179,0.0023813778534531593,0.007162257097661495
1453.0,1455.0,0.006852613762021065,0.0,0.00464301323518157
1454.0,1456.0,0.018238911405205727,0.0,0.011488119140267372
1455.0,1457.0,0.009038727730512619,0.006475677713751793,0.020491458475589752
1456.0,1458.0,0.001753130927681923,0.012207240797579288,0.021630417555570602
1457.0,1459.0,0.022697564214468002,0.012667054310441017,0.0026618714910000563
1458.0,1460.0,0.018655747175216675,0.009888838976621628,0.0
1459.0,1461.0,0.017536982893943787,0.005721028428524733,0.0
1460.0,1462.0,0.011663105338811874,0.0,0.0023254104889929295
1461.0,1463.0,0.017018688842654228,0.010448584333062172,0.00853736326098442
1462.0,1464.0,0.009599720127880573,0.012793555855751038,0.004933672025799751
1463.0,1465.0,0.01602274924516678,0.010331585071980953,0.0009951971005648375
1464.0,1466.0,0.01806807890534401,0.010979428887367249,0.0018630735576152802
1465.0,1467.0,0.012227941304445267,0.007988601922988892,0.0007699315901845694
1466.0,1468.0,0.017994031310081482,0.005695248953998089,0.014835820533335209
1467.0,1469.0,0.01765414886176586,0.00027746520936489105,0.014748191460967064
1468.0,1470.0,0.01216674130409956,0.010054376907646656,0.0034061288461089134
1469.0,1471.0,0.006852337624877691,0.015114875510334969,0.00625172583386302
1470.0,1472.0,0.009147192351520061,0.01868564635515213,0.003508136607706547
1471.0,1473.0,0.013800489716231823,0.013914931565523148,0.002251002937555313
1472.0,1474.0,0.01475341897457838,0.0,0.0
1473.0,1475.0,0.013777125626802444,0.004239852540194988,0.016947301104664803
1474.0,1476.0,0.007998288609087467,0.010763510130345821,0.022419894114136696
1475.0,1477.0,0.01783936843276024,0.0075439345091581345,0.00233536958694458
1476.0,1478.0,0.015252050012350082,0.011197240091860294,0.006677919998764992
1477.0,1479.0,0.01704365387558937,0.00982513464987278,0.0009699267684482038
1478.0,1480.0,0.01686619408428669,0.0100660789757967,0.008537075482308865
1479.0,1481.0,0.013952147215604782,0.017872901633381844,0.008234423585236073
1480.0,1482.0,0.014715638011693954,0.013222308829426765,0.007022682577371597
1481.0,1483.0,0.013576526194810867,0.018792307004332542,0.002491618972271681
1482.0,1484.0,0.00661525409668684,0.005954639054834843,0.002139981370419264
1483.0,1485.0,0.01638106070458889,0.00018423039000481367,0.007909024134278297
1484.0,1486.0,0.018888209015130997,0.0,0.018894853070378304
1485.0,1487.0,0.020889919251203537,0.0009938138537108898,0.018101777881383896
1486.0,1488.0,0.010259021073579788,0.008617712184786797,0.002054152311757207
1487.0,1489.0,0.010598311200737953,0.0077660707756876945,0.0060931118205189705
1488.0,1490.0,0.00683891586959362,0.016959603875875473,0.02015397697687149
1489.0,1491.0,0.0033881301060318947,0.01703815348446369,0.02312645874917507
1490.0,1492.0,0.01604842022061348,0.0,0.005855664610862732
1491.0,1493.0,0.018257858231663704,0.0,0.0
1492.0,1494.0,0.027985064312815666,0.010487021878361702,0.0048942831344902515
1493.0,1495.0,0.025861473754048347,0.0,0.0064971488900482655
1494.0,1496.0,0.026909178122878075,0.000934358686208725,0.0
1495.0,1497.0,0.022180192172527313,0.010388029739260674,0.0
1496.0,1498.0,0.02098959870636463,0.002044198801741004,3.2304320484399796e-05
1497.0,1499.0,0.016975320875644684,0.0,0.005313456058502197
1498.0,1500.0,0.007318861782550812,0.0003649445716291666,0.011733748018741608
1499.0,1501.0,0.002890404313802719,0.03134577348828316,0.022716999053955078
1500.0,1502.0,0.0044015636667609215,0.018414456397294998,0.01028851605951786
1501.0,1503.0,0.014225849881768227,0.012399646453559399,0.0052430154755711555
1502.0,1504.0,0.0228885468095541,0.015389559790492058,0.010175681672990322
1503.0,1505.0,0.020165566354990005,0.014870771206915379,0.016195083037018776
1504.0,1506.0,0.024499695748090744,0.0,0.002625914290547371
1505.0,1507.0,0.028943266719579697,0.0,0.0
1506.0,1508.0,0.009928718209266663,0.0,0.0066925352439284325
1507.0,1509.0,0.013020241633057594,0.01663246750831604,0.03025740571320057
1508.0,1510.0,0.014476463198661804,0.02855113334953785,0.01455286331474781
1509.0,1511.0,0.011019188910722733,0.010015634819865227,0.0
1510.0,1512.0,0.015027452260255814,0.015336205251514912,0.0
1511.0,1513.0,0.009397115558385849,0.017963066697120667,0.0004415889270603657
1512.0,1514.0,0.011574181728065014,0.0,0.01118676271289587
1513.0,1515.0,0.014007852412760258,0.005043096840381622,0.013061991892755032
1514.0,1516.0,0.010148872621357441,0.021439123898744583,0.011154312640428543
1515.0,1517.0,0.0029627783223986626,0.026343822479248047,0.013599307276308537
1516.0,1518.0,0.0015247631818056107,0.006273704115301371,0.009040817618370056
1517.0,1519.0,0.005002417601644993,0.0,0.007881911471486092
1518.0,1520.0,0.01729223132133484,0.005562234669923782,0.012250136584043503
1519.0,1521.0,0.01556288544088602,0.004677245393395424,0.014076724648475647
1520.0,1522.0,0.010318439453840256,0.0,0.009411823004484177
1521.0,1523.0,0.016275834292173386,0.0,0.013972781598567963
1522.0,1524.0,0.026212600991129875,0.007707931101322174,0.020769206807017326
1523.0,1525.0,0.0,0.007189074531197548,0.007231398485600948
1524.0,1526.0,0.003115460742264986,0.005927612539380789,0.0030420715920627117
1525.0,1527.0,0.02092566527426243,0.0003835447132587433,0.009915012866258621
1526.0,1528.0,0.017455190420150757,0.011952127330005169,0.012319615110754967
1527.0,1529.0,0.020754653960466385,0.020435810089111328,0.011831382289528847
1528.0,1530.0,0.01804405078291893,0.0,0.006959093734622002
1529.0,1531.0,0.020630482584238052,0.0,0.013804440386593342
1530.0,1532.0,0.021939240396022797,0.0005464208079501987,0.021729156374931335
1531.0,1533.0,0.014919837936758995,0.021779149770736694,0.010844537056982517
1532.0,1534.0,0.012217139825224876,0.021422211080789566,0.00655200332403183
1533.0,1535.0,0.010394014418125153,0.010743995197117329,0.0014140442945063114
1534.0,1536.0,0.014637555927038193,0.0012180746998637915,0.0013289828784763813
1535.0,1537.0,0.024453770369291306,0.0,0.0
1536.0,1538.0,0.010422538965940475,0.0001684478484094143,0.0
1537.0,1539.0,0.012605685740709305,0.01564810797572136,0.003852683585137129
1538.0,1540.0,0.013756338506937027,0.00831333827227354,0.0
1539.0,1541.0,0.0072164530865848064,0.014330511912703514,0.006229490041732788
1540.0,1542.0,0.013662412762641907,0.0009253043681383133,0.0
1541.0,1543.0,0.027604874223470688,0.017063815146684647,0.0
1542.0,1544.0,0.018179450184106827,0.02153317630290985,0.0
1543.0,1545.0,0.0026650894433259964,0.018383298069238663,0.0
1544.0,1546.0,0.011853287927806377,0.011906822212040424,0.0
1545.0,1547.0,0.011417746543884277,0.010128805413842201,0.0
1546.0,1548.0,0.011703910306096077,0.018828805536031723,0.0
1547.0,1549.0,0.020793788135051727,0.01647004298865795,0.0049913860857486725
1548.0,1550.0,0.008056068792939186,0.023026086390018463,0.0038729028310626745
1549.0,1551.0,0.0,0.006576300598680973,0.005376271903514862
1550.0,1552.0,0.0016695037484169006,0.00940685160458088,0.010663310065865517
1551.0,1553.0,0.018128346651792526,0.02388358674943447,0.006043137051165104
1552.0,1554.0,0.00837232731282711,0.01480166707187891,0.0087614506483078
1553.0,1555.0,0.0,0.005088277161121368,0.014480836689472198
1554.0,1556.0,0.012117716483771801,0.0,0.012994762510061264
1555.0,1557.0,0.02141079306602478,0.0,0.007162230554968119
1556.0,1558.0,0.014265228062868118,0.0,0.0053263697773218155
1557.0,1559.0,0.020063772797584534,0.0,0.010355919599533081
1558.0,1560.0,0.03526046872138977,0.0,0.0016552507877349854
1559.0,1561.0,0.022379547357559204,0.012575292959809303,0.0012059733271598816
1560.0,1562.0,0.011875802651047707,0.003933812491595745,0.0
1561.0,1563.0,0.012794021517038345,0.0,0.0
1562.0,1564.0,0.0109446682035923,0.0,0.0
1563.0,1565.0,0.011216876097023487,0.00322885625064373,0.0010715597309172153
1564.0,1566.0,0.007119589950889349,0.0068911719135940075,0.0060305786319077015
1565.0,1567.0,0.004714109003543854,0.0,0.002079332247376442
1566.0,1568.0,0.013838852755725384,0.008859245106577873,0.0
1567.0,1569.0,0.018607135862112045,0.010642074048519135,0.011786782182753086
1568.0,1570.0,0.011030871421098709,0.015002256259322166,0.008408118039369583
1569.0,1571.0,0.004179157316684723,0.001030856859870255,0.006654601544141769
1570.0,1572.0,0.014699422754347324,0.003582775592803955,0.005188520532101393
1571.0,1573.0,0.015656381845474243,0.0103731295093894,0.0033489002380520105
1572.0,1574.0,0.010991942137479782,0.0056117442436516285,0.00767888966947794
1573.0,1575.0,0.01823345199227333,0.0004142360994592309,0.0
1574.0,1576.0,0.026855025440454483,0.011295191943645477,0.0006333109922707081
1575.0,1577.0,0.02027401700615883,0.017383161932229996,0.00033507030457258224
1576.0,1578.0,0.014804081991314888,0.0074677541851997375,0.005308863706886768
1577.0,1579.0,0.0159335657954216,0.00877709873020649,0.009316019713878632
1578.0,1580.0,0.011809885501861572,0.019412880763411522,0.009259391576051712
1579.0,1581.0,0.019534427672624588,0.017856407910585403,0.007718275301158428
1580.0,1582.0,0.021959414705634117,0.009176181629300117,0.011667756363749504
1581.0,1583.0,0.024776622653007507,0.0,0.013441978953778744
1582.0,1584.0,0.009139172732830048,0.008464056998491287,0.014374635182321072
1583.0,1585.0,0.008345001377165318,0.001619835151359439,0.017248723655939102
1584.0,1586.0,0.018184568732976913,0.0,0.0
1585.0,1587.0,0.008007222786545753,0.007422182243317366,0.02055220678448677
1586.0,1588.0,0.014454159885644913,0.021061480045318604,0.015125788748264313
1587.0,1589.0,0.011356202885508537,0.008610057644546032,0.012050429359078407
1588.0,1590.0,0.007112808525562286,0.01104807574301958,0.0
1589.0,1591.0,0.011718913912773132,0.0068958234041929245,0.0008747617248445749
1590.0,1592.0,0.013668857514858246,0.009137986227869987,0.013375116512179375
1591.0,1593.0,0.009075596928596497,0.0070793782360851765,0.009733505547046661
1592.0,1594.0,0.004476574249565601,0.0032007270492613316,0.0
1593.0,1595.0,0.023471228778362274,0.0,0.0
1594.0,1596.0,0.029641324654221535,0.0,0.008524054661393166
1595.0,1597.0,0.033328160643577576,0.00138400262221694,0.0
1596.0,1598.0,0.03006657026708126,0.0,0.0
1597.0,1599.0,0.017203837633132935,0.0027541397139430046,0.005052480380982161
1598.0,1600.0,0.013316871598362923,0.014395873993635178,0.0031236333306878805
1599.0,1601.0,0.015981566160917282,0.008652989752590656,0.0
1600.0,1602.0,0.01481607835739851,0.0033905371092259884,0.0
1601.0,1603.0,0.026527058333158493,0.009083136916160583,0.005478058010339737
1602.0,1604.0,0.01868860051035881,0.010758240707218647,0.008655588142573833
1603.0,1605.0,0.00795837864279747,0.013104954734444618,0.021641375496983528
1604.0,1606.0,0.022550618276000023,0.00405710656195879,0.01119469478726387
1605.0,1607.0,0.017284393310546875,0.0,0.014122339896857738
1606.0,1608.0,0.016463156789541245,0.0,0.0
1607.0,1609.0,0.025540631264448166,0.0,0.008789892308413982
1608.0,1610.0,0.02669437788426876,0.0037858260329812765,0.008486433885991573
1609.0,1611.0,0.02338326908648014,0.008502292446792126,0.008001700043678284
1610.0,1612.0,0.019654644653201103,0.008610863238573074,0.002248675562441349
1611.0,1613.0,0.0013166384305804968,0.006097547709941864,0.0
1612.0,1614.0,0.005134033504873514,0.004778261296451092,0.0009131899569183588
1613.0,1615.0,0.010495242662727833,0.00724681606516242,0.011023108847439289
1614.0,1616.0,0.0019453219138085842,0.022738652303814888,0.017993111163377762
1615.0,1617.0,0.008175868541002274,0.010487917810678482,0.004329729825258255
1616.0,1618.0,0.019999369978904724,0.001864178804680705,0.0
1617.0,1619.0,0.01872076839208603,0.0,0.014269516803324223
1618.0,1620.0,0.01872173696756363,0.0,0.006604224443435669
1619.0,1621.0,0.02998298965394497,0.00037242600228637457,0.008873455226421356
1620.0,1622.0,0.024072840809822083,0.005356168374419212,0.006615018472075462
1621.0,1623.0,0.01906922459602356,0.005763872526586056,0.0006120144389569759
1622.0,1624.0,0.017597204074263573,0.004869408905506134,0.004017984960228205
1623.0,1625.0,0.007870548404753208,0.009430003352463245,0.00806494802236557
1624.0,1626.0,0.01858506165444851,0.007167065516114235,0.006843204610049725
1625.0,1627.0,0.021706443279981613,0.0011009892914444208,0.0
1626.0,1628.0,0.019546346738934517,0.013244440779089928,0.0006338716484606266
1627.0,1629.0,0.005553430411964655,0.0010013524442911148,0.0
1628.0,1630.0,0.012994194403290749,0.0,0.001966950250789523
1629.0,1631.0,0.009004659950733185,0.0,0.014415936544537544
1630.0,1632.0,0.006690632551908493,0.0011053401976823807,0.01915997825562954
1631.0,1633.0,0.008936535567045212,0.019516587257385254,0.013175337575376034
1632.0,1634.0,0.014031918719410896,0.01304544135928154,0.014117052778601646
1633.0,1635.0,0.016741789877414703,0.0,0.008243678137660027
1634.0,1636.0,0.008442001417279243,0.0,0.0
1635.0,1637.0,0.009706486016511917,0.00296605471521616,0.00515777850523591
1636.0,1638.0,0.023798862472176552,0.005939897615462542,0.010838012211024761
1637.0,1639.0,0.018317971378564835,0.004541472531855106,0.006225466728210449
1638.0,1640.0,0.02296905405819416,0.0,0.0
1639.0,1641.0,0.01609725132584572,0.0,0.0
1640.0,1642.0,0.01659509912133217,0.0,0.0
1641.0,1643.0,0.012460969388484955,0.0,0.002744984580203891
1642.0,1644.0,0.014306675642728806,0.0044895363971591,0.008108300156891346
1643.0,1645.0,0.0043715243227779865,0.007260666694492102,0.029701407998800278
1644.0,1646.0,0.0069295191206038,0.004439258947968483,0.0
1645.0,1647.0,0.010944802314043045,0.0,0.0
1646.0,1648.0,0.00014484603889286518,0.0012014308013021946,0.010254446417093277
1647.0,1649.0,0.0,0.006873202044516802,0.0
1648.0,1650.0,0.0,0.006157113704830408,0.01149758417159319
1649.0,1651.0,0.0,0.012483568862080574,0.020451590418815613
1650.0,1652.0,0.0,0.008153391070663929,0.01555302832275629
1651.0,1653.0,0.004303356632590294,0.021093960851430893,0.0
1652.0,1654.0,0.007484838366508484,0.005058886483311653,0.021322429180145264
1653.0,1655.0,0.011732500977814198,0.009972854517400265,0.008863233029842377
1654.0,1656.0,0.011131936684250832,0.007732823025435209,0.004714815877377987
1655.0,1657.0,0.007509022951126099,0.0004215235821902752,0.01505904458463192
1656.0,1658.0,0.01953773759305477,0.006209331098943949,0.005452435463666916
1657.0,1659.0,0.020417284220457077,0.0,0.014242728240787983
1658.0,1660.0,0.009888851083815098,0.0,0.013178305700421333
1659.0,1661.0,0.010001297108829021,0.001762965228408575,0.012360353954136372
1660.0,1662.0,0.014958539977669716,0.0,0.015172179788351059
1661.0,1663.0,0.015158436261117458,0.0030804695561528206,0.013649974949657917
1662.0,1664.0,0.013139268383383751,0.007268539629876614,0.009820524603128433
1663.0,1665.0,0.002619776874780655,0.004487294703722,0.0026475097984075546
1664.0,1666.0,0.0,0.0,0.0
1665.0,1667.0,0.011576584540307522,0.0,0.005448655225336552
1666.0,1668.0,0.022709229961037636,0.005872684996575117,0.004257954657077789
1667.0,1669.0,0.019638657569885254,0.008384201675653458,0.0073485164903104305
1668.0,1670.0,0.013497374020516872,0.0,0.003250580281019211
1669.0,1671.0,0.008124852553009987,0.0,0.0
1670.0,1672.0,0.008723683655261993,0.0,0.0
1671.0,1673.0,0.013302021659910679,0.008182871155440807,0.0073302146047353745
1672.0,1674.0,0.020375140011310577,0.0,0.004476871807128191
1673.0,1675.0,0.011759152635931969,0.00505972420796752,0.0
1674.0,1676.0,0.00993766076862812,0.0,0.00876013282686472
1675.0,1677.0,0.008784301578998566,0.002272248500958085,0.008358881808817387
1676.0,1678.0,0.012328789569437504,0.005208812188357115,0.0037839021533727646
1677.0,1679.0,0.012429586611688137,0.004183510784059763,0.0
1678.0,1680.0,0.0,0.004703211598098278,0.002340358681976795
1679.0,1681.0,0.0,0.0,0.002247782424092293
1680.0,1682.0,0.0071462830528616905,0.0002539993729442358,0.005060090217739344
1681.0,1683.0,0.012511509470641613,0.0,0.0005067612510174513
1682.0,1684.0,0.005260515958070755,0.021033229306340218,0.010104668326675892
1683.0,1685.0,0.004148517735302448,0.015727832913398743,0.010265233926475048
1684.0,1686.0,0.010981658473610878,0.004380770493298769,0.005757538136094809
1685.0,1687.0,0.01802336797118187,0.0012051984667778015,0.006645159795880318
1686.0,1688.0,0.007862614467740059,0.008579375222325325,0.0
1687.0,1689.0,0.0,0.0,0.0005078073590993881
1688.0,1690.0,0.004796953871846199,0.011032378301024437,0.013318901881575584
1689.0,1691.0,0.005866500083357096,0.009937835857272148,0.013031341135501862
1690.0,1692.0,0.004271693993359804,0.0010209756437689066,0.0016144304536283016
1691.0,1693.0,0.005238920450210571,0.0,0.0
1692.0,1694.0,0.0,0.0,0.002764047123491764
1693.0,1695.0,0.0,0.0,0.005874553695321083
1694.0,1696.0,0.0,0.023033976554870605,0.005984118673950434
1695.0,1697.0,0.008801981806755066,0.01663801446557045,0.0
1696.0,1698.0,0.01801498979330063,0.016138955950737,0.006169521249830723
1697.0,1699.0,0.007466037757694721,0.0020010981243103743,0.012242328375577927
1698.0,1700.0,0.011840635910630226,0.0,0.01376756839454174
1699.0,1701.0,0.019368551671504974,0.0,0.001908191479742527
1700.0,1702.0,0.03343004360795021,0.0,0.0013191001489758492
1701.0,1703.0,0.022206470370292664,0.0006629695417359471,0.0027105649933218956
1702.0,1704.0,0.016670584678649902,0.0040063108317554,0.0057074641808867455
1703.0,1705.0,0.008530570194125175,0.0,0.007554761134088039
1704.0,1706.0,0.011953657492995262,0.0,0.0047010332345962524
1705.0,1707.0,0.023476101458072662,0.0,0.0
1706.0,1708.0,0.03288695216178894,0.00010513840243220329,0.0
1707.0,1709.0,0.018675340339541435,0.005101406015455723,0.0
1708.0,1710.0,0.014239294454455376,0.0,0.0010705841705203056
1709.0,1711.0,0.014752115122973919,0.00696983840316534,0.0
1710.0,1712.0,0.0077816396951675415,0.0,0.0
1711.0,1713.0,0.007256540935486555,0.0,0.0
1712.0,1714.0,0.01832231692969799,0.0,0.019019080325961113
1713.0,1715.0,0.01435876078903675,0.0,0.0066329725086688995
1714.0,1716.0,0.007976754568517208,0.0014395974576473236,0.010023800656199455
1715.0,1717.0,0.017283286899328232,5.613546818494797e-05,0.005128883756697178
1716.0,1718.0,0.0211905837059021,0.012560786679387093,0.0
1717.0,1719.0,0.015774214640259743,0.0015539545565843582,0.004048055969178677
1718.0,1720.0,0.02000207081437111,0.0,0.0
1719.0,1721.0,0.011026578024029732,0.013507666066288948,0.0
1720.0,1722.0,0.008583614602684975,0.026468267664313316,0.005240040365606546
1721.0,1723.0,0.014792866073548794,0.009120896458625793,0.0
1722.0,1724.0,0.0055203791707754135,0.010099572129547596,0.0
1723.0,1725.0,0.012418066151440144,0.004906209651380777,0.0
1724.0,1726.0,0.009404703974723816,0.012827975675463676,0.013120494782924652
1725.0,1727.0,0.013658139854669571,0.002832807134836912,0.003800816833972931
1726.0,1728.0,0.00495305797085166,0.01437319628894329,0.010979978367686272
1727.0,1729.0,0.008246911689639091,0.005861592013388872,0.0073565347120165825
1728.0,1730.0,0.014689312316477299,0.0,0.008554610423743725
1729.0,1731.0,0.007014882750809193,0.003094902029260993,0.0
1730.0,1732.0,0.0,0.024123862385749817,0.004789984785020351
1731.0,1733.0,0.0032246289774775505,0.012433672323822975,0.010988682508468628
1732.0,1734.0,0.01411537267267704,0.0,0.007391319144517183
1733.0,1735.0,0.011077534407377243,0.0,0.0
1734.0,1736.0,0.012783925049006939,0.005802608095109463,0.0073155551217496395
1735.0,1737.0,0.007218426093459129,0.01099500060081482,0.004352031275629997
1736.0,1738.0,0.0013430947437882423,0.0,0.00905122421681881
1737.0,1739.0,0.0049966201186180115,0.005205667577683926,0.005881358869373798
1738.0,1740.0,0.00873322319239378,0.008118735626339912,0.004960922058671713
1739.0,1741.0,0.0073624723590910435,0.006652938202023506,0.006853126920759678
1740.0,1742.0,0.00235968129709363,0.011015474796295166,0.015077892690896988
1741.0,1743.0,0.010911276564002037,0.0017112060450017452,0.013159272260963917
1742.0,1744.0,0.012250017374753952,0.00048529356718063354,0.0032374695874750614
1743.0,1745.0,0.005918869748711586,0.018708324059844017,0.0
1744.0,1746.0,0.002531822305172682,0.004685517400503159,0.0039575002156198025
1745.0,1747.0,0.011258164420723915,0.0,0.01216495968401432
1746.0,1748.0,0.0021652141585946083,0.003473702585324645,0.017189878970384598
1747.0,1749.0,0.007434011436998844,0.010164596140384674,0.002514631487429142
1748.0,1750.0,0.00951052363961935,0.017653727903962135,0.007911342196166515
1749.0,1751.0,0.006817309185862541,0.008640026673674583,0.008528415113687515
1750.0,1752.0,0.01471108477562666,0.005047403275966644,0.01726287230849266
1751.0,1753.0,0.009213392622768879,0.014583594165742397,0.007979031652212143
1752.0,1754.0,0.007258456666022539,0.021003279834985733,0.012722477316856384
1753.0,1755.0,0.010794091038405895,0.014280900359153748,0.015136897563934326
1754.0,1756.0,0.025533627718687057,0.0074407490901649,0.012437408789992332
1755.0,1757.0,0.02818823792040348,0.006992276757955551,0.006554813124239445
1756.0,1758.0,0.020231284201145172,0.009121187031269073,0.015944402664899826
1757.0,1759.0,0.015710091218352318,0.0088118314743042,0.014062765054404736
1758.0,1760.0,0.011402600444853306,0.008598104119300842,0.00748500507324934
1759.0,1761.0,0.004734370857477188,0.018875785171985626,0.00691592413932085
1760.0,1762.0,0.01683647185564041,0.010227937251329422,0.009509625844657421
1761.0,1763.0,0.02280132845044136,0.0,0.004431605339050293
1762.0,1764.0,0.022567540407180786,0.006957151927053928,0.007749329321086407
1763.0,1765.0,0.0220403503626585,0.0,0.015659771859645844
1764.0,1766.0,0.019256748259067535,0.0,0.007391825783997774
1765.0,1767.0,0.0023519108071923256,0.0025753024965524673,0.001288111787289381
1766.0,1768.0,0.011272212490439415,0.006669648922979832,0.0
1767.0,1769.0,0.006908345967531204,0.0,0.0
1768.0,1770.0,0.008897539228200912,0.0030257515609264374,0.005517438054084778
1769.0,1771.0,0.020378515124320984,0.007695416919887066,0.0018067769706249237
1770.0,1772.0,0.0130736343562603,0.013770388439297676,0.0
1771.0,1773.0,0.0051904343999922276,0.011908289976418018,0.0
1772.0,1774.0,0.014823416247963905,0.017768122255802155,0.0067145200446248055
1773.0,1775.0,0.015290653333067894,0.03883136436343193,0.011778919957578182
1774.0,1776.0,0.021689854562282562,0.015004713088274002,0.009341288357973099
1775.0,1777.0,0.02536800131201744,0.0,0.016536878421902657
1776.0,1778.0,0.02359892800450325,0.00388401560485363,0.016966061666607857
1777.0,1779.0,0.013799465261399746,0.00820877030491829,0.01535891368985176
1778.0,1780.0,0.01431895699352026,0.012545160949230194,0.011756861582398415
1779.0,1781.0,0.005111985374242067,0.026000097393989563,0.00041726313065737486
1780.0,1782.0,0.0030383269768208265,0.02537156641483307,0.0
1781.0,1783.0,0.009965739212930202,0.006501343101263046,0.004675942473113537
1782.0,1784.0,0.0121154198423028,0.010050003416836262,0.015035453252494335
1783.0,1785.0,0.025611843913793564,0.007526530884206295,0.013681347481906414
1784.0,1786.0,0.01327359676361084,0.0,0.007764651905745268
1785.0,1787.0,0.014415490441024303,0.0,0.0
1786.0,1788.0,0.016339289024472237,0.0,0.0
1787.0,1789.0,0.010779318399727345,0.006486875470727682,0.0
1788.0,1790.0,0.010288503021001816,0.006324615329504013,0.01165767665952444
1789.0,1791.0,0.008481878787279129,0.006349294446408749,0.012185468338429928
1790.0,1792.0,0.005329745821654797,0.0026684384793043137,0.0
1791.0,1793.0,0.011353749781847,0.005548315122723579,0.0
1792.0,1794.0,0.001172446645796299,0.008626241236925125,0.010851094499230385
1793.0,1795.0,0.0023879825603216887,0.0021186787635087967,0.010995959863066673
1794.0,1796.0,0.011398551985621452,0.0007131276652216911,0.007620151154696941
1795.0,1797.0,0.0009664262179285288,0.0018485789187252522,0.004704291932284832
1796.0,1798.0,0.011672725901007652,0.0,0.011190494522452354
1797.0,1799.0,0.004010681062936783,0.0,0.008002346381545067
1798.0,1800.0,0.01693061739206314,0.005141614004969597,0.002191960345953703
1799.0,1801.0,0.011930002830922604,0.009345801547169685,0.009714683517813683
1800.0,1802.0,0.007082259748131037,0.0069336118176579475,0.014786380343139172
1801.0,1803.0,0.00798556674271822,0.0014850934967398643,0.0035559190437197685
1802.0,1804.0,0.004299319349229336,0.01697653718292713,0.0
1803.0,1805.0,0.025874465703964233,0.010902955196797848,0.0
1804.0,1806.0,0.028145842254161835,0.0036766682751476765,0.0
1805.0,1807.0,0.02254500240087509,0.008443813771009445,0.008663803339004517
1806.0,1808.0,0.016478300094604492,0.015115019865334034,0.02729198709130287
1807.0,1809.0,0.0,0.008346639573574066,0.01781999133527279
1808.0,1810.0,0.014390112832188606,0.015300117433071136,0.014643027447164059
1809.0,1811.0,0.02289539948105812,0.0033009974285960197,0.013988664373755455
1810.0,1812.0,0.010599296540021896,0.010911671444773674,0.012731598690152168
1811.0,1813.0,0.0,0.024859294295310974,0.012726996093988419
1812.0,1814.0,0.009335784241557121,0.021417323499917984,0.012882309034466743
1813.0,1815.0,0.01716107502579689,0.010842920280992985,0.008900747634470463
1814.0,1816.0,0.01629994809627533,0.0033017932437360287,0.011054018512368202
1815.0,1817.0,0.017835363745689392,0.01291787438094616,0.0057501839473843575
1816.0,1818.0,0.006417778320610523,0.021117212250828743,0.0014702954795211554
1817.0,1819.0,0.0,0.022024735808372498,0.002514543477445841
1818.0,1820.0,0.007493088953197002,0.012507210485637188,0.011898055672645569
1819.0,1821.0,0.002750420942902565,0.008375529199838638,0.01992759481072426
1820.0,1822.0,0.011622597463428974,0.006969957146793604,0.017623163759708405
1821.0,1823.0,0.006868282798677683,0.0068168919533491135,0.00600194139406085
1822.0,1824.0,0.006890961900353432,0.020608332008123398,0.0
1823.0,1825.0,0.008049559779465199,0.018292507156729698,0.0036925827153027058
1824.0,1826.0,0.0009286431595683098,0.0007911473512649536,0.0
1825.0,1827.0,0.0,0.007295633666217327,0.009166412986814976
1826.0,1828.0,0.0,0.011430498212575912,0.018120046705007553
1827.0,1829.0,0.012292498722672462,0.0,0.02306642010807991
1828.0,1830.0,0.011755956336855888,0.013759962283074856,0.025129303336143494
1829.0,1831.0,0.015114323236048222,0.005185892805457115,0.022519487887620926
1830.0,1832.0,0.019617166370153427,0.007380967494100332,0.015897873789072037
1831.0,1833.0,0.024963147938251495,0.008678741753101349,0.017635280266404152
1832.0,1834.0,0.017687583342194557,0.010576813481748104,0.012219544500112534
1833.0,1835.0,0.008596892468631268,0.004451137501746416,0.010972633957862854
1834.0,1836.0,0.016974003985524178,0.0,0.006051432806998491
1835.0,1837.0,0.01758739911019802,0.009542468935251236,0.00830487534403801
1836.0,1838.0,0.0026143344584852457,0.008665738627314568,0.0022333944216370583
1837.0,1839.0,0.008867466822266579,0.0,0.008397280238568783
1838.0,1840.0,0.016660204157233238,0.0,0.005427815951406956
1839.0,1841.0,0.024088336154818535,0.0,0.006945663131773472
1840.0,1842.0,0.030333733186125755,0.0028767939656972885,0.015722569078207016
1841.0,1843.0,0.023075483739376068,0.005189838353544474,0.009422733448445797
1842.0,1844.0,0.014788180589675903,0.0030132108367979527,0.01923261769115925
1843.0,1845.0,0.009408070705831051,0.021829897537827492,0.031413108110427856
1844.0,1846.0,0.00048371823504567146,0.01544972974807024,0.0234069786965847
1845.0,1847.0,0.0025261137634515762,0.010157923214137554,0.014565852470695972
1846.0,1848.0,0.007167146075516939,0.01126150693744421,0.0017802435904741287
1847.0,1849.0,0.0037765400484204292,0.007160847540944815,0.004760639742016792
1848.0,1850.0,0.0,0.0015299450606107712,0.018595758825540543
1849.0,1851.0,0.003565286286175251,0.01596744917333126,0.011038752272725105
1850.0,1852.0,0.004098709672689438,0.008057821542024612,0.009194637648761272
1851.0,1853.0,0.0003476357087492943,0.0,0.009572800248861313
1852.0,1854.0,0.0092605696991086,0.008608683943748474,0.001396936597302556
1853.0,1855.0,0.010532780550420284,0.004119628109037876,0.006729918997734785
1854.0,1856.0,0.01636921428143978,0.0,0.001974106300622225
1855.0,1857.0,0.0322880782186985,0.0,0.0
1856.0,1858.0,0.020471328869462013,0.0,0.006303830072283745
1857.0,1859.0,0.015236579813063145,0.0064564235508441925,0.009632714092731476
1858.0,1860.0,0.0,0.006463081110268831,0.009301903657615185
1859.0,1861.0,0.002365722320973873,0.0,0.0
1860.0,1862.0,0.0,0.0,0.002149384468793869
1861.0,1863.0,0.005305758677423,0.0,0.003466208465397358
1862.0,1864.0,0.012152726761996746,0.0,0.0
1863.0,1865.0,0.011430318467319012,0.0,0.005999263375997543
1864.0,1866.0,0.018905021250247955,0.0,0.0
1865.0,1867.0,0.004434100817888975,0.0,0.0
1866.0,1868.0,0.026509955525398254,0.0,0.0
1867.0,1869.0,0.017730826511979103,0.0002572271041572094,0.0
1868.0,1870.0,0.0,0.012101520784199238,0.0
1869.0,1871.0,0.006841715890914202,0.0,0.0
1870.0,1872.0,0.0,0.0,0.0
1871.0,1873.0,0.0,0.00933320913463831,0.0
1872.0,1874.0,0.014532137662172318,0.0,0.0014392214361578226
1873.0,1875.0,0.015916351228952408,0.0,0.003635641187429428
1874.0,1876.0,0.017970982939004898,0.0,0.00440705893561244
1875.0,1877.0,0.014856589958071709,0.0,0.00525214709341526
1876.0,1878.0,0.002443073783069849,0.0,0.0
1877.0,1879.0,0.00910665187984705,0.002420965116471052,0.0
1878.0,1880.0,0.00440727174282074,0.0021246569231152534,0.004103546962141991
1879.0,1881.0,0.0,0.0,0.0051484922878444195
1880.0,1882.0,0.0,0.001985488925129175,0.0023104287683963776
1881.0,1883.0,0.010838329792022705,0.009074483066797256,0.00402279244735837
1882.0,1884.0,0.0,0.00746992789208889,0.0
1883.0,1885.0,0.003432956524193287,0.00560790067538619,0.0
1884.0,1886.0,0.006165456026792526,0.009344133548438549,0.0
1885.0,1887.0,0.0,0.02729504555463791,0.0
1886.0,1888.0,0.007534209638834,0.027187533676624298,0.0
1887.0,1889.0,0.005270108114928007,0.024536237120628357,0.004375987686216831
1888.0,1890.0,0.008029979653656483,0.010324383154511452,0.0
1889.0,1891.0,0.009761479683220387,0.006543692201375961,0.02693164348602295
1890.0,1892.0,0.014578983187675476,0.0069011179730296135,0.023959502577781677
1891.0,1893.0,0.014285925775766373,0.0066920313984155655,0.012996154837310314
1892.0,1894.0,0.010816972702741623,0.016537344083189964,0.003681677859276533
1893.0,1895.0,0.006366571877151728,0.01277993619441986,0.012148220092058182
1894.0,1896.0,0.0023388774134218693,0.0067489175125956535,0.011431142687797546
1895.0,1897.0,0.0,0.0031806705519557,0.007468651048839092
1896.0,1898.0,0.0013106167316436768,0.015900367870926857,0.0058616152964532375
1897.0,1899.0,0.019717253744602203,0.026334192603826523,0.004822116810828447
1898.0,1900.0,0.016184024512767792,0.01709602214396,0.009131069295108318
1899.0,1901.0,0.014426367357373238,0.009998046793043613,0.008086241781711578
1900.0,1902.0,0.017095748335123062,0.0,0.003108919132500887
1901.0,1903.0,0.00017474545165896416,0.0044325049966573715,0.006437226198613644
1902.0,1904.0,0.0,0.01761302538216114,0.0
1903.0,1905.0,0.0,0.008871066384017467,0.0018777847290039062
1904.0,1906.0,0.01204449962824583,0.0,0.004843522794544697
1905.0,1907.0,0.014107052236795425,0.007536233402788639,0.0
1906.0,1908.0,0.004811425227671862,0.003963832277804613,0.0
1907.0,1909.0,0.010150224901735783,0.0,0.0
1908.0,1910.0,0.002873232588171959,0.0,0.0
1909.0,1911.0,0.018459562212228775,0.0005585812032222748,0.006410159636288881
1910.0,1912.0,0.02018018439412117,0.0,0.0045158229768276215
1911.0,1913.0,0.01929909735918045,0.0,0.002463150769472122
1912.0,1914.0,0.007959932088851929,0.0,0.006563321687281132
1913.0,1915.0,0.004190882667899132,0.007484191097319126,0.006094571202993393
1914.0,1916.0,0.0070529780350625515,0.017947010695934296,0.013099699281156063
1915.0,1917.0,0.012457666918635368,0.0,0.01205005869269371
1916.0,1918.0,0.010662371292710304,0.0,0.0070121679455041885
1917.0,1919.0,0.016764972358942032,0.0,0.008377726189792156
1918.0,1920.0,0.014262832701206207,0.0,0.011680647730827332
1919.0,1921.0,0.014971240423619747,0.0,0.001795994583517313
1920.0,1922.0,0.009638659656047821,0.0,0.0013315682299435139
1921.0,1923.0,0.019273314625024796,0.0,0.0
1922.0,1924.0,0.015070856548845768,0.014249945990741253,0.01470261625945568
1923.0,1925.0,0.005225048400461674,0.024251289665699005,0.012783675454556942
1924.0,1926.0,0.005950280465185642,0.026861920952796936,0.008797235786914825
1925.0,1927.0,0.005893532186746597,0.00919237919151783,0.013979011215269566
1926.0,1928.0,0.008986529894173145,0.0,0.010998830199241638
1927.0,1929.0,0.008246863260865211,0.009225286543369293,0.009058188647031784
1928.0,1930.0,0.010032188147306442,0.006448870524764061,0.010967819020152092
1929.0,1931.0,0.004720399621874094,0.02077430859208107,0.015184447169303894
1930.0,1932.0,0.0,0.01577785052359104,0.009437854401767254
1931.0,1933.0,0.0,0.016784176230430603,0.009116018190979958
1932.0,1934.0,0.0,0.007390940096229315,0.0
1933.0,1935.0,0.004404733423143625,0.0005555944517254829,0.0003209640271961689
1934.0,1936.0,0.007722857408225536,0.013224567286670208,0.0027350117452442646
1935.0,1937.0,0.0,0.007100987248122692,0.010885816067457199
1936.0,1938.0,0.004334924276918173,0.0,0.01250459160655737
1937.0,1939.0,0.006559054367244244,0.0007594635244458914,0.0071371812373399734
1938.0,1940.0,0.0075956727378070354,0.010216694325208664,0.007342140655964613
1939.0,1941.0,0.013077435083687305,0.004978884942829609,0.005717254243791103
1940.0,1942.0,0.0035615283995866776,0.0,0.007540276274085045
1941.0,1943.0,0.009000938385725021,0.0,0.013170283287763596
1942.0,1944.0,0.0067418524995446205,0.014423292130231857,0.01489412970840931
1943.0,1945.0,0.01008207444101572,0.015018085017800331,0.01329706609249115
1944.0,1946.0,0.011341651901602745,0.015185127034783363,0.018787957727909088
1945.0,1947.0,0.007066613994538784,0.0058287461288273335,0.010662704706192017
1946.0,1948.0,0.0,0.008196494542062283,0.013899282552301884
1947.0,1949.0,0.0,0.014030683785676956,0.01571585237979889
1948.0,1950.0,0.0042444136925041676,0.0,0.001517054857686162
1949.0,1951.0,0.012345142662525177,0.0034253045450896025,0.005647191312164068
1950.0,1952.0,0.0007193582132458687,0.02302822470664978,0.016089387238025665
1951.0,1953.0,0.0002244357019662857,0.019110262393951416,0.020256588235497475
1952.0,1954.0,0.008341552689671516,0.01149979792535305,0.0074232215993106365
1953.0,1955.0,0.014201503247022629,0.0,0.0015594647265970707
1954.0,1956.0,0.011919690296053886,0.0,0.01425967924296856
1955.0,1957.0,0.004222932271659374,0.004611835815012455,0.013678176328539848
1956.0,1958.0,0.013003725558519363,0.012670419178903103,0.007387456018477678
1957.0,1959.0,0.006066327448934317,0.018648508936166763,0.0026084554847329855
1958.0,1960.0,0.005377558991312981,0.021303601562976837,0.005548965185880661
1959.0,1961.0,0.0,0.02121385559439659,0.01138655561953783
1960.0,1962.0,0.01723744161427021,0.011108099482953548,0.012160658836364746
1961.0,1963.0,0.027301985770463943,0.0032246580813080072,0.009575617499649525
1962.0,1964.0,0.012853586114943027,0.002757386537268758,0.007695876993238926
1963.0,1965.0,0.008582454174757004,0.009068899787962437,0.008793193846940994
1964.0,1966.0,0.008574744686484337,0.009957563132047653,0.006719538941979408
1965.0,1967.0,0.007058007176965475,0.007924647070467472,0.0
1966.0,1968.0,0.010718989185988903,0.0,0.0
1967.0,1969.0,0.007122144103050232,0.016027173027396202,0.0
1968.0,1970.0,0.0005141589790582657,0.019096553325653076,0.0
1969.0,1971.0,0.010811805725097656,0.0,0.0
1970.0,1972.0,0.007844978012144566,0.0,0.002009293995797634
1971.0,1973.0,0.006293963640928268,0.0072240568697452545,0.0043535432778298855
1972.0,1974.0,0.0009929877705872059,0.011141876690089703,0.02212781086564064
1973.0,1975.0,0.006953428499400616,0.012622686102986336,0.01148676685988903
1974.0,1976.0,0.007963765412569046,0.010580062866210938,0.007290488108992577
1975.0,1977.0,0.018344229087233543,0.019476911053061485,0.01552940160036087
1976.0,1978.0,0.010019643232226372,0.014067718759179115,0.0042302366346120834
1977.0,1979.0,0.005398128181695938,0.0,0.0
1978.0,1980.0,0.008053509518504143,0.0,0.0
1979.0,1981.0,0.004163508769124746,0.0,0.0
1980.0,1982.0,0.018920982256531715,0.006019753869622946,0.01592876948416233
1981.0,1983.0,0.015825534239411354,0.006023359950631857,0.014125050976872444
1982.0,1984.0,0.012788579799234867,0.0036697685718536377,0.00923148263245821
1983.0,1985.0,0.014733176678419113,0.0,0.011200943030416965
1984.0,1986.0,0.011921018362045288,0.00952379684895277,0.008831921964883804
1985.0,1987.0,0.0,0.0002599814906716347,0.0049880873411893845
1986.0,1988.0,0.005787208676338196,0.004799033980816603,0.009905477985739708
1987.0,1989.0,0.0012696543708443642,0.0,0.013530396856367588
1988.0,1990.0,0.010703049600124359,0.004365427419543266,0.02884284034371376
1989.0,1991.0,0.0019847573712468147,0.010998901911079884,0.008615627884864807
1990.0,1992.0,0.004451889544725418,0.004032511729747057,0.017157182097434998
1991.0,1993.0,0.0,0.005016014911234379,0.007355149835348129
1992.0,1994.0,0.000652659684419632,0.0,0.0
1993.0,1995.0,0.0,0.00015694880858063698,0.01506816502660513
1994.0,1996.0,0.01628115586936474,0.01126877311617136,0.0
1995.0,1997.0,0.0009291147580370307,0.0,0.008204082027077675
1996.0,1998.0,0.012021400034427643,0.0,0.003318487200886011
1997.0,1999.0,0.011774063110351562,0.0,0.0007672056090086699
1998.0,2000.0,0.022257136180996895,0.0,0.013648252002894878
1999.0,2001.0,0.014565003104507923,0.0,0.0
2000.0,2002.0,0.0011521410197019577,0.0,0.0
2001.0,2003.0,0.008163457736372948,0.0,0.0
2002.0,2004.0,0.009846088476479053,0.006154501810669899,0.0
2003.0,2005.0,0.008379094302654266,0.023113545030355453,0.0
2004.0,2006.0,0.005818531848490238,0.008781456388533115,0.0
2005.0,2007.0,0.007861694321036339,0.008728006854653358,0.001974793616682291
2006.0,2008.0,0.011746997013688087,0.005499160848557949,0.013470141217112541
2007.0,2009.0,0.0032082675024867058,0.008937151171267033,0.009300604462623596
2008.0,2010.0,0.01222262904047966,0.0,0.0
2009.0,2011.0,0.0020937728695571423,0.005422677844762802,0.0
2010.0,2012.0,0.002289916155859828,0.007895687595009804,0.0
2011.0,2013.0,0.0006793206557631493,0.009221171028912067,0.0014498652890324593
2012.0,2014.0,0.0,0.003091278951615095,0.0027124066837131977
2013.0,2015.0,0.008721614256501198,0.02243144065141678,0.0068025141954422
2014.0,2016.0,0.006297987420111895,0.012295328080654144,0.0013264964800328016
2015.0,2017.0,0.004072270356118679,0.0,0.0
2016.0,2018.0,0.009808838367462158,0.019746415317058563,0.0
2017.0,2019.0,0.010395379737019539,0.014137333258986473,0.0
2018.0,2020.0,0.0,0.0,0.0
2019.0,2021.0,0.0,0.008185964077711105,0.0
2020.0,2022.0,0.0021172515116631985,0.0,0.0035013097804039717
2021.0,2023.0,0.005102094262838364,0.0,0.0012674229219555855
2022.0,2024.0,0.0066607315093278885,0.004830536898225546,0.004490163642913103
2023.0,2025.0,0.0034420695155858994,0.0038262736052274704,0.0
2024.0,2026.0,0.0009933781111612916,0.02488699182868004,0.009224845096468925
2025.0,2027.0,0.009460605680942535,0.013997809961438179,0.00905647687613964
2026.0,2028.0,0.008517823182046413,0.005645944271236658,0.004934016149491072
2027.0,2029.0,0.003921124618500471,0.011964785866439342,0.0
2028.0,2030.0,0.0,0.00607093283906579,0.009365185163915157
2029.0,2031.0,0.0016092057339847088,0.010729375295341015,0.0017738938331604004
2030.0,2032.0,0.0026337055023759604,0.00546919135376811,0.014797990210354328
2031.0,2033.0,0.020703930407762527,0.0,0.018956204876303673
2032.0,2034.0,0.008582181297242641,0.0,0.0
2033.0,2035.0,0.0,0.011601727455854416,0.0
2034.0,2036.0,0.0,0.024251660332083702,0.0
2035.0,2037.0,0.0,0.0076395561918616295,0.010243136435747147
2036.0,2038.0,0.0,0.0004502134397625923,0.016604740172624588
2037.0,2039.0,0.0052385833114385605,0.009275689721107483,0.0017395652830600739
2038.0,2040.0,6.477907299995422e-05,0.0001978192012757063,0.00635639438405633
2039.0,2041.0,0.0,0.017064880579710007,0.007672121748328209
2040.0,2042.0,0.003580547869205475,0.021810714155435562,0.0
2041.0,2043.0,0.00937164481729269,0.00468422332778573,0.025119032710790634
2042.0,2044.0,0.017224838957190514,0.009253278374671936,0.02768556773662567
2043.0,2045.0,0.010659550316631794,0.022900810465216637,0.01536797359585762
2044.0,2046.0,0.002410959219560027,0.02503163553774357,0.006799292750656605
2045.0,2047.0,0.01560337096452713,0.01623661071062088,0.0013722339645028114
2046.0,2048.0,0.020104464143514633,0.0,0.0
2047.0,2049.0,0.0186679158359766,0.0,0.0
2048.0,2050.0,0.006005467846989632,0.006564849987626076,0.0012792320922017097
2049.0,2051.0,0.006449902895838022,0.003049076534807682,0.0019916463643312454
2050.0,2052.0,0.008044413290917873,0.0,0.003158333245664835
2051.0,2053.0,0.014188999310135841,0.0,0.0
2052.0,2054.0,0.01743180677294731,0.0,0.0
2053.0,2055.0,0.0,0.0,0.0
2054.0,2056.0,0.0,0.008484586142003536,0.0
2055.0,2057.0,0.009699503891170025,0.011836903169751167,0.0008849112782627344
2056.0,2058.0,0.02272329293191433,0.008319742977619171,0.006938311271369457
2057.0,2059.0,0.01733540929853916,0.00458364374935627,0.0001874258741736412
2058.0,2060.0,0.005195011384785175,0.0,0.0
2059.0,2061.0,0.0017399722710251808,0.0020746667869389057,0.0
2060.0,2062.0,0.0027943896129727364,0.003287807572633028,0.0
2061.0,2063.0,0.00679454579949379,0.0037429702933877707,0.0
2062.0,2064.0,0.01293309684842825,0.01502920314669609,0.006347777787595987
2063.0,2065.0,0.003467416623607278,0.0018823463469743729,0.0013855393044650555
2064.0,2066.0,0.006067883688956499,0.0007228152826428413,0.0017970497719943523
2065.0,2067.0,0.01568194106221199,0.013226231560111046,0.0
2066.0,2068.0,0.017444320023059845,0.007260934449732304,0.0002892215270549059
2067.0,2069.0,0.023136842995882034,0.005147259682416916,0.00901811569929123
2068.0,2070.0,0.02508355863392353,0.0,0.005751815624535084
2069.0,2071.0,0.012901956215500832,0.0,0.002738418523222208
2070.0,2072.0,0.0017401609802618623,0.011414257809519768,0.0
2071.0,2073.0,0.016135720536112785,0.01469111256301403,0.011126218363642693
2072.0,2074.0,0.0034295599907636642,0.015966393053531647,0.01284203864634037
2073.0,2075.0,0.0,0.006792031228542328,0.014799686148762703
2074.0,2076.0,0.004237136337906122,0.0,0.009073162451386452
2075.0,2077.0,0.0,0.007272206712514162,0.010925298556685448
2076.0,2078.0,0.0,0.026145659387111664,0.00796110462397337
2077.0,2079.0,0.008941557258367538,0.02695152536034584,0.01463986374437809
2078.0,2080.0,0.011372068896889687,0.0,0.011791056022047997
2079.0,2081.0,0.018619496375322342,0.0015853107906877995,0.011671719141304493
2080.0,2082.0,0.015527266077697277,0.006442591547966003,0.006875962950289249
2081.0,2083.0,0.00844555627554655,0.0,0.0
2082.0,2084.0,0.0038377719465643167,0.0,0.007625421043485403
2083.0,2085.0,0.006417287513613701,0.0,0.00637204572558403
2084.0,2086.0,0.006966912653297186,0.0,0.0017694835551083088
2085.0,2087.0,0.008252271451056004,0.007615693379193544,0.008451871573925018
2086.0,2088.0,0.014586852863430977,0.018916040658950806,0.01322171837091446
2087.0,2089.0,0.01612009108066559,0.0,0.0
2088.0,2090.0,0.0156396571546793,0.001130654476583004,0.0
2089.0,2091.0,0.018654553219676018,0.003574483562260866,0.0
2090.0,2092.0,0.005747134331613779,0.0,0.0
2091.0,2093.0,0.010736992582678795,0.000597470672801137,0.004391897935420275
2092.0,2094.0,0.02495495043694973,0.0039807576686143875,0.003554748371243477
2093.0,2095.0,0.02590743638575077,0.0,0.0
2094.0,2096.0,0.006087032146751881,0.0,0.0
2095.0,2097.0,0.0018680826760828495,0.0,0.0
2096.0,2098.0,0.0070387376472353935,0.004190689884126186,0.0
2097.0,2099.0,0.0002177446149289608,0.016581038013100624,0.0
2098.0,2100.0,0.007779010571539402,0.004013248719274998,0.0026718461886048317
2099.0,2101.0,0.0086238794028759,0.007265156600624323,0.005860908422619104
2100.0,2102.0,0.011708652600646019,0.012846752069890499,0.0034033453557640314
2101.0,2103.0,0.015199344605207443,0.006381640210747719,0.0022563114762306213
2102.0,2104.0,0.016589537262916565,0.0,0.0032890744041651487
2103.0,2105.0,0.008497245609760284,0.0087415911257267,0.003870742628350854
2104.0,2106.0,0.0,0.02384660765528679,0.011565567925572395
2105.0,2107.0,0.019291996955871582,0.014930587261915207,0.0039312224835157394
2106.0,2108.0,0.022901766002178192,0.01844872534275055,0.011707741767168045
2107.0,2109.0,0.018316056579351425,0.017052093520760536,0.010049642063677311
2108.0,2110.0,0.01027604378759861,0.006220113020390272,0.002572133671492338
2109.0,2111.0,0.005129847675561905,0.01198815368115902,0.0
2110.0,2112.0,0.013947965577244759,0.0,0.014856923371553421
2111.0,2113.0,0.008849810808897018,0.0,0.008311845362186432
2112.0,2114.0,0.004565875045955181,0.011275634169578552,0.0006209947168827057
2113.0,2115.0,0.02524980716407299,0.0019771005026996136,0.0
2114.0,2116.0,0.0168316550552845,0.010982701554894447,0.0027092276141047478
2115.0,2117.0,0.007987270131707191,0.011697392910718918,0.005579253192991018
2116.0,2118.0,0.007377495523542166,0.010804028250277042,0.0
2117.0,2119.0,0.008551856502890587,0.014125831425189972,0.007145978510379791
2118.0,2120.0,0.014602974988520145,0.01620917022228241,0.01720498688519001
2119.0,2121.0,0.011778769083321095,0.017829252406954765,0.0137159563601017
2120.0,2122.0,0.010162552818655968,0.008197378367185593,0.0157367791980505
2121.0,2123.0,0.008503713645040989,0.0,0.013193444348871708
2122.0,2124.0,0.008156470954418182,0.0,0.003622866701334715
2123.0,2125.0,0.014056157320737839,0.003278368152678013,0.0011361493961885571
2124.0,2126.0,0.015012579038739204,0.0054588401690125465,0.012704604305326939
2125.0,2127.0,0.0,0.014190347865223885,0.01161813922226429
2126.0,2128.0,0.01490546204149723,0.0037998079787939787,0.003159498330205679
2127.0,2129.0,0.002165841171517968,0.016564980149269104,0.00753733329474926
2128.0,2130.0,0.0071378787979483604,0.007120284251868725,0.00768554350361228
2129.0,2131.0,0.016845857724547386,0.0,0.007312766741961241
2130.0,2132.0,0.019785597920417786,0.0,0.010718592442572117
2131.0,2133.0,0.01612149365246296,0.0,0.019590679556131363
2132.0,2134.0,0.009326186031103134,0.0,0.015963757410645485
2133.0,2135.0,0.0,0.0,0.011806190013885498
2134.0,2136.0,0.0006950832903385162,0.0,0.0011959897819906473
2135.0,2137.0,0.0,0.016140151768922806,0.0
2136.0,2138.0,0.00829341821372509,0.020863333716988564,0.0
2137.0,2139.0,0.006397227756679058,0.01272435113787651,0.0
2138.0,2140.0,0.003562138881534338,0.011224315501749516,0.0
2139.0,2141.0,0.0047131129540503025,0.013685621321201324,0.007316897623240948
2140.0,2142.0,0.009678389877080917,0.01601215824484825,0.01274213008582592
2141.0,2143.0,0.016431624069809914,0.014200367964804173,0.01918734237551689
2142.0,2144.0,0.01490386389195919,0.0024700742214918137,0.007606085389852524
2143.0,2145.0,0.01211651973426342,0.0,0.0
2144.0,2146.0,0.010480362921953201,0.004800849128514528,0.0
2145.0,2147.0,0.010107597336173058,0.00904359295964241,0.001905276207253337
2146.0,2148.0,0.010274877771735191,0.0,0.005890539847314358
2147.0,2149.0,0.0,0.014791760593652725,0.014123170636594296
2148.0,2150.0,0.0,0.019548367708921432,0.011935131624341011
2149.0,2151.0,0.0,0.002398193348199129,0.0
2150.0,2152.0,0.014759114012122154,0.0,0.012173566967248917
2151.0,2153.0,0.01796065643429756,0.007708383724093437,0.0131947360932827
2152.0,2154.0,0.010411782190203667,0.0,0.0
2153.0,2155.0,0.008327055722475052,0.0023391968570649624,0.0
2154.0,2156.0,0.007279038429260254,0.028751010075211525,0.018157202750444412
2155.0,2157.0,0.013364004902541637,0.025959748774766922,0.024165939539670944
2156.0,2158.0,0.009937220253050327,0.023108597844839096,0.019409872591495514
2157.0,2159.0,0.008626345545053482,0.013105060905218124,0.006139025092124939
2158.0,2160.0,0.02117050252854824,0.0,0.0
2159.0,2161.0,0.01267547719180584,0.0,0.0
2160.0,2162.0,0.007260007783770561,0.010861499235033989,0.00618949718773365
2161.0,2163.0,0.012195415794849396,0.005944933742284775,0.01088748686015606
2162.0,2164.0,0.01709706522524357,0.008631631731987,0.007551422342658043
2163.0,2165.0,0.016497008502483368,0.009801567532122135,0.006164382211863995
2164.0,2166.0,0.0199282169342041,0.0026354286819696426,0.00968077126890421
2165.0,2167.0,0.020632073283195496,0.004385554697364569,0.01645621471107006
2166.0,2168.0,0.007546587381511927,0.0024603018537163734,0.0
2167.0,2169.0,0.0037065392825752497,0.0006130344700068235,0.0007319377036765218
2168.0,2170.0,0.021822186186909676,0.005930560175329447,0.010966300033032894
2169.0,2171.0,0.018368007615208626,0.01570117101073265,0.02137671411037445
2170.0,2172.0,0.00445088604465127,0.003224257379770279,0.017238695174455643
2171.0,2173.0,0.0020125051960349083,0.019712645560503006,0.0023424862883985043
2172.0,2174.0,0.011609330773353577,0.008823568001389503,0.0
2173.0,2175.0,0.007605844177305698,0.0,0.0
2174.0,2176.0,0.011564439162611961,0.002172042615711689,0.006792877335101366
2175.0,2177.0,0.017544347792863846,0.004887822084128857,0.005424943752586842
2176.0,2178.0,0.020467739552259445,0.0054013398475945,0.005022426601499319
2177.0,2179.0,0.012724006548523903,0.0,0.0032392311841249466
2178.0,2180.0,0.01385766826570034,0.0,0.006259257439523935
2179.0,2181.0,0.011072853580117226,0.010610561817884445,0.009625203907489777
2180.0,2182.0,0.00368427368812263,0.011688852682709694,0.007501415908336639
2181.0,2183.0,0.003696285653859377,0.008899413980543613,0.005230482667684555
2182.0,2184.0,0.0,0.031407661736011505,0.0025811889208853245
2183.0,2185.0,0.0,0.024366693571209908,0.005122679751366377
2184.0,2186.0,0.0,0.006314934231340885,0.010771834291517735
2185.0,2187.0,0.00888833124190569,0.0,0.011420846916735172
2186.0,2188.0,0.010082874447107315,0.0,0.0058471630327403545
2187.0,2189.0,0.024598021060228348,0.003107666037976742,0.007019044831395149
2188.0,2190.0,0.026864750310778618,0.0,0.015632538124918938
2189.0,2191.0,0.025210529565811157,0.0,0.010874026454985142
2190.0,2192.0,0.012704488821327686,0.006288454402238131,0.0
2191.0,2193.0,0.0,0.00696389377117157,0.0028030036482959986
2192.0,2194.0,0.013353036716580391,0.012644949369132519,0.0
2193.0,2195.0,0.014570719562470913,0.0017513791099190712,0.0027069938369095325
2194.0,2196.0,0.010731659829616547,0.005587032064795494,0.0
2195.0,2197.0,0.021251598373055458,0.011879991739988327,0.013048823922872543
2196.0,2198.0,0.017113275825977325,0.00820215418934822,0.012608587741851807
2197.0,2199.0,0.015180442482233047,0.018368445336818695,0.012074475176632404
2198.0,2200.0,0.0,0.029257822781801224,0.00771201029419899
2199.0,2201.0,0.0,0.030177583917975426,0.010568113997578621
2200.0,2202.0,0.0,0.011673005297780037,0.021558737382292747
2201.0,2203.0,0.025271793827414513,0.006153300404548645,0.0
2202.0,2204.0,0.008115109987556934,0.016262507066130638,0.010189557448029518
2203.0,2205.0,0.0,0.00561902392655611,0.01148914359509945
2204.0,2206.0,0.008304528892040253,0.010322865098714828,0.024085337296128273
2205.0,2207.0,0.0,0.02281825616955757,0.01434631273150444
2206.0,2208.0,0.009314846247434616,0.012699791230261326,0.005696549080312252
2207.0,2209.0,7.485039532184601e-06,0.004854285623878241,0.0065688020549714565
2208.0,2210.0,0.00950632430613041,0.018335513770580292,0.00936730857938528
2209.0,2211.0,0.004379933699965477,0.01724403351545334,0.0038737382274121046
2210.0,2212.0,0.026217881590127945,0.010045708157122135,0.01766723394393921
2211.0,2213.0,0.029225550591945648,0.00011570844799280167,0.015350231900811195
2212.0,2214.0,0.021536704152822495,0.0015123947523534298,0.012027518823742867
2213.0,2215.0,0.016886958852410316,0.010407418012619019,0.012579793110489845
2214.0,2216.0,0.021409140899777412,0.007699411362409592,0.014977969229221344
2215.0,2217.0,0.025068487972021103,0.004629256669431925,0.002703374717384577
2216.0,2218.0,0.019558187574148178,0.0,0.005772104486823082
2217.0,2219.0,0.020550334826111794,0.007728691678494215,0.014936212450265884
2218.0,2220.0,0.025103764608502388,0.00949232280254364,0.011775815859436989
2219.0,2221.0,0.014299150556325912,0.012815497815608978,0.01130168978124857
2220.0,2222.0,0.013222978450357914,0.007938743568956852,0.009109738282859325
2221.0,2223.0,0.0026813652366399765,0.007438690867275,0.016996532678604126
2222.0,2224.0,0.0032864189706742764,0.018923096358776093,0.0
2223.0,2225.0,0.0015719286166131496,0.011397511698305607,0.017573323100805283
2224.0,2226.0,0.0,0.014534944668412209,0.008021417073905468
2225.0,2227.0,0.021649550646543503,0.006501015275716782,0.0012768039014190435
2226.0,2228.0,0.017652591690421104,0.009199489839375019,0.004795802757143974
2227.0,2229.0,0.0,0.00014649517834186554,0.014079256914556026
2228.0,2230.0,0.01649244874715805,0.0,0.01714131608605385
2229.0,2231.0,0.019412241876125336,0.0,0.006996462121605873
2230.0,2232.0,0.007575829513370991,0.0020319183822721243,0.0010976865887641907
2231.0,2233.0,0.0,0.007825175300240517,0.0
2232.0,2234.0,0.016652733087539673,0.006973273120820522,0.014333337545394897
2233.0,2235.0,0.018340211361646652,0.004913426004350185,0.015884768217802048
2234.0,2236.0,0.013592500239610672,0.0014159386046230793,0.015338012017309666
2235.0,2237.0,0.012094264850020409,0.0,0.008218111470341682
2236.0,2238.0,0.010893196798861027,0.0,0.008837388828396797
2237.0,2239.0,0.008326921612024307,0.0,0.009852279908955097
2238.0,2240.0,0.006521425675600767,0.003162105567753315,0.0
2239.0,2241.0,0.005539159290492535,0.0,0.0
2240.0,2242.0,0.007377593778073788,0.0006604583468288183,0.022191161289811134
2241.0,2243.0,0.014044610783457756,0.00560808926820755,0.021511562168598175
2242.0,2244.0,0.020212164148688316,0.0,0.010252512991428375
2243.0,2245.0,0.008617807179689407,0.007783785462379456,0.0
2244.0,2246.0,0.01388645637780428,0.003139783628284931,0.0017526103183627129
2245.0,2247.0,0.009780701249837875,0.0,0.014245115220546722
2246.0,2248.0,0.021935727447271347,0.016733244061470032,0.019116751849651337
2247.0,2249.0,0.015569181181490421,0.02612537518143654,0.010441944003105164
2248.0,2250.0,0.010251129046082497,0.009736862033605576,0.004049042239785194
2249.0,2251.0,0.014241954311728477,0.006723087280988693,0.016794463619589806
2250.0,2252.0,0.01151955220848322,0.0023977842647582293,0.013120449148118496
2251.0,2253.0,0.016682054847478867,0.00029951008036732674,0.017065074294805527
2252.0,2254.0,0.021486708894371986,0.0,0.010942364111542702
2253.0,2255.0,0.008702188730239868,0.0006962418556213379,0.011226505972445011
2254.0,2256.0,0.003656035289168358,0.0,0.003469604765996337
2255.0,2257.0,0.020544376224279404,0.0,0.0
2256.0,2258.0,0.027661584317684174,0.0,0.01401536911725998
2257.0,2259.0,0.012935533188283443,0.0007038014009594917,0.007978937588632107
2258.0,2260.0,0.006608580704778433,0.011229390278458595,0.010662490501999855
2259.0,2261.0,0.007517077028751373,0.02117796428501606,0.012250728905200958
2260.0,2262.0,0.014872418716549873,0.014497252181172371,0.01018298976123333
2261.0,2263.0,0.023487409576773643,0.0,0.0044766077771782875
2262.0,2264.0,0.0047678775154054165,0.0,0.007248825393617153
2263.0,2265.0,0.0,0.0,0.009794246405363083
2264.0,2266.0,0.006134238094091415,0.0010318858548998833,0.011399751529097557
2265.0,2267.0,0.026459435001015663,0.008824463002383709,0.01276719942688942
2266.0,2268.0,0.017042726278305054,0.01627405360341072,0.01265616063028574
2267.0,2269.0,0.007751669269055128,0.0023885529953986406,0.011825602501630783
2268.0,2270.0,0.0,0.009769092313945293,0.008502628654241562
2269.0,2271.0,0.0019790511578321457,0.0,0.015331166796386242
2270.0,2272.0,0.002528880722820759,0.0,0.015859045088291168
2271.0,2273.0,0.0,0.0,0.005796197801828384
2272.0,2274.0,0.015297969803214073,0.0009344387799501419,0.012262402102351189
2273.0,2275.0,0.011279030703008175,0.0,0.0
2274.0,2276.0,0.008821364492177963,0.0,0.0005420160014182329
2275.0,2277.0,0.0015850085765123367,0.014522443525493145,0.006699411664158106
2276.0,2278.0,0.01222989708185196,0.01716867834329605,0.00605710968375206
2277.0,2279.0,0.011671280488371849,0.0,0.0005847355350852013
2278.0,2280.0,0.015457574278116226,0.0008711232803761959,0.011684405617415905
2279.0,2281.0,0.026943780481815338,0.019278641790151596,0.02316252328455448
2280.0,2282.0,0.020947739481925964,0.03290567919611931,0.026598725467920303
2281.0,2283.0,0.0017137861577793956,0.022761017084121704,0.007607602048665285
2282.0,2284.0,0.0025445669889450073,0.006163624115288258,0.0018140727188438177
2283.0,2285.0,0.009606361389160156,0.0,0.003545088227838278
2284.0,2286.0,0.01601424440741539,0.0017091399058699608,0.004073798656463623
2285.0,2287.0,0.009048331528902054,0.0,0.0
2286.0,2288.0,0.007563610561192036,0.0,0.0
2287.0,2289.0,0.007091573439538479,0.004408547654747963,0.0
2288.0,2290.0,0.019661694765090942,0.010110024362802505,0.0017910925671458244
2289.0,2291.0,0.008814533241093159,0.00036024791188538074,0.007076933979988098
2290.0,2292.0,0.00272186566144228,0.0,0.009992605075240135
2291.0,2293.0,0.0,0.0,0.0
2292.0,2294.0,0.0,0.0,0.0
2293.0,2295.0,0.005654983222484589,0.007312303874641657,0.0
2294.0,2296.0,0.0023125475272536278,0.02039310894906521,0.0
2295.0,2297.0,0.008922776207327843,0.013348821550607681,0.0
2296.0,2298.0,0.023475540801882744,0.01736852526664734,0.0059698340483009815
2297.0,2299.0,0.011558393947780132,0.005870481953024864,0.0011854441836476326
2298.0,2300.0,0.0,0.0,0.004015149548649788
2299.0,2301.0,0.0,0.0,0.004974346607923508
2300.0,2302.0,0.0,0.0062228660099208355,0.003873542882502079
2301.0,2303.0,0.001110066194087267,0.0,0.011022521182894707
2302.0,2304.0,0.005700588226318359,0.013042776845395565,0.0
2303.0,2305.0,0.0,0.0069725485518574715,0.011034396477043629
2304.0,2306.0,0.00541225541383028,0.014884698204696178,0.021613482385873795
2305.0,2307.0,0.008563742972910404,0.0049918657168745995,0.014731505885720253
2306.0,2308.0,0.016297472640872,0.009743262082338333,0.0034025313798338175
2307.0,2309.0,0.012267174199223518,0.02572816051542759,0.011162661015987396
2308.0,2310.0,0.02358950302004814,0.03611259162425995,0.016207903623580933
2309.0,2311.0,0.021788351237773895,0.010256129316985607,0.0031333686783909798
2310.0,2312.0,0.007389852777123451,0.006877865642309189,0.0
2311.0,2313.0,0.007144850678741932,0.010572327300906181,0.0002177143469452858
2312.0,2314.0,0.006035780534148216,0.011280358768999577,0.003245019353926182
2313.0,2315.0,0.009377818554639816,0.0,0.009744207374751568
2314.0,2316.0,0.02328663319349289,0.0,0.0
2315.0,2317.0,0.027965474873781204,0.0,0.0030008135363459587
2316.0,2318.0,0.023999357596039772,0.019504161551594734,0.017172468826174736
2317.0,2319.0,0.025425121188163757,0.0016621449030935764,0.006070603616535664
2318.0,2320.0,0.018041938543319702,0.0,4.151463508605957e-05
2319.0,2321.0,0.017513053491711617,0.0019665216095745564,0.004954744130373001
2320.0,2322.0,0.0030912882648408413,0.032751694321632385,0.00550855603069067
2321.0,2323.0,0.013162671588361263,0.02439992129802704,0.0024675894528627396
2322.0,2324.0,0.02107888087630272,0.0025580404326319695,0.005559649784117937
2323.0,2325.0,0.016138892620801926,0.0,0.0
2324.0,2326.0,0.007980999536812305,0.00839023943990469,0.009782694280147552
2325.0,2327.0,0.019947879016399384,0.004473410546779633,0.016583044081926346
2326.0,2328.0,0.015543142333626747,0.0,0.014691412448883057
2327.0,2329.0,0.015748677775263786,0.007984863594174385,0.016213735565543175
2328.0,2330.0,0.01798081211745739,0.015967899933457375,0.00893652718514204
2329.0,2331.0,0.02448483183979988,0.0074686044827103615,0.0016533215530216694
2330.0,2332.0,0.021770957857370377,0.01930880732834339,0.009736262261867523
2331.0,2333.0,0.016923410817980766,0.010277760215103626,0.0
2332.0,2334.0,0.014914639294147491,0.0028739701956510544,0.0
2333.0,2335.0,0.005917758215218782,0.0,0.0047148908488452435
2334.0,2336.0,0.006290803197771311,0.0012313921470195055,0.006810183171182871
2335.0,2337.0,0.0,0.009257425554096699,0.00910672452300787
2336.0,2338.0,0.0,0.02578514628112316,0.01565992645919323
2337.0,2339.0,0.006900714244693518,0.019409533590078354,0.005681135226041079
2338.0,2340.0,0.01103365421295166,0.009433098137378693,0.015376829542219639
2339.0,2341.0,0.004894243087619543,0.01773524284362793,0.018582232296466827
2340.0,2342.0,0.016313323751091957,0.011466283351182938,0.009099164977669716
2341.0,2343.0,0.025407198816537857,0.010451264679431915,0.015842510387301445
2342.0,2344.0,0.01003684289753437,0.019078295677900314,0.011761319823563099
2343.0,2345.0,0.0012225736863911152,0.0,0.0
2344.0,2346.0,0.0,0.0,0.002645527245476842
2345.0,2347.0,0.0,0.005770067684352398,0.00468800961971283
2346.0,2348.0,0.023215215653181076,0.0,0.0004983600229024887
2347.0,2349.0,0.024754121899604797,0.0,0.009368875995278358
2348.0,2350.0,0.01376931183040142,0.0,0.0012224082602187991
2349.0,2351.0,0.010945796966552734,0.00253791781142354,0.002588546834886074
2350.0,2352.0,0.015109596773982048,0.0011134394444525242,0.011667254380881786
2351.0,2353.0,0.010222593322396278,0.0,0.0008334927260875702
2352.0,2354.0,0.010860869660973549,0.0035111894831061363,0.0
2353.0,2355.0,0.0,0.006176925264298916,0.006215163040906191
2354.0,2356.0,0.0,0.008766193874180317,0.0
2355.0,2357.0,0.00013298634439706802,0.0032471781596541405,0.0
2356.0,2358.0,0.00579421129077673,0.00017357617616653442,0.0
2357.0,2359.0,0.008497796021401882,0.004031302873045206,0.016882354393601418
2358.0,2360.0,0.029067860916256905,0.005164346192032099,0.017058564350008965
2359.0,2361.0,0.02245914936065674,0.003404343966394663,0.011783765628933907
2360.0,2362.0,0.009231816977262497,0.004465172067284584,0.0055559673346579075
2361.0,2363.0,0.0117030693218112,0.000747856916859746,0.01594904437661171
2362.0,2364.0,0.01972762867808342,0.001609140308573842,0.019981123507022858
2363.0,2365.0,0.02908656746149063,0.025729861110448837,0.030817270278930664
2364.0,2366.0,0.027592210099101067,0.015269349329173565,0.010798650793731213
2365.0,2367.0,0.013391310349106789,0.0,0.017173126339912415
2366.0,2368.0,0.005335063673555851,0.0017912820912897587,0.01964838057756424
2367.0,2369.0,0.015802692621946335,0.002446758095175028,0.004678698256611824
2368.0,2370.0,0.010057725943624973,0.0,0.008140480145812035
2369.0,2371.0,0.016120856627821922,0.0,0.013278479687869549
2370.0,2372.0,0.02527838945388794,0.012818548828363419,0.026716718450188637
2371.0,2373.0,0.016673823818564415,0.021288182586431503,0.013281427323818207
2372.0,2374.0,0.01636675000190735,0.004175480920821428,0.0
2373.0,2375.0,0.014856655150651932,0.0010621175169944763,0.0038436867762356997
2374.0,2376.0,0.014438698068261147,0.0024939116556197405,0.0
2375.0,2377.0,0.017231445759534836,0.0039024390280246735,0.0
2376.0,2378.0,0.01887366734445095,0.0010778477881103754,0.0011854162439703941
2377.0,2379.0,0.016787134110927582,0.005216566845774651,0.0057655684649944305
2378.0,2380.0,0.018843404948711395,0.0,0.00045019015669822693
2379.0,2381.0,0.013669652864336967,0.0,0.0
2380.0,2382.0,0.015998996794223785,0.00655456492677331,0.0005648682126775384
2381.0,2383.0,0.0,0.0251273512840271,0.013281498104333878
2382.0,2384.0,0.0,0.0243382565677166,0.011804879643023014
2383.0,2385.0,0.0036939396522939205,0.021529141813516617,0.0007409774698317051
2384.0,2386.0,0.023369189351797104,0.0023741081822663546,0.009899796918034554
2385.0,2387.0,0.028813263401389122,0.0,0.010005349293351173
2386.0,2388.0,0.018503829836845398,0.0,0.010400532744824886
2387.0,2389.0,0.010631878860294819,0.0,0.013226698152720928
2388.0,2390.0,0.011747093871235847,0.0019521722570061684,0.01074652373790741
2389.0,2391.0,0.012502339668571949,0.014206849038600922,0.019717104732990265
2390.0,2392.0,0.016933349892497063,0.008498703129589558,0.007969784550368786
2391.0,2393.0,0.019517451524734497,0.014403680339455605,0.001915163709782064
2392.0,2394.0,0.0168804582208395,0.011121801100671291,0.006181958131492138
2393.0,2395.0,0.015515437349677086,0.007733946666121483,0.011842373758554459
2394.0,2396.0,0.012934364378452301,0.008429024368524551,0.019297190010547638
2395.0,2397.0,0.0,0.005604004953056574,0.018744906410574913
2396.0,2398.0,0.0,0.01288500428199768,0.01720094494521618
2397.0,2399.0,0.017358964309096336,0.0,0.022502899169921875
2398.0,2400.0,0.008725989609956741,0.0,0.005584559869021177
2399.0,2401.0,0.0,0.0,0.0
2400.0,2402.0,0.0,0.0,0.0
2401.0,2403.0,5.848705768585205e-07,0.0,0.0
2402.0,2404.0,0.004831297323107719,0.00218761432915926,0.0017201895825564861
2403.0,2405.0,0.0,0.004926922731101513,0.00974281132221222
2404.0,2406.0,0.0029848553240299225,0.0,0.012534293346107006
2405.0,2407.0,0.013608049601316452,0.0020207841880619526,0.0062106577679514885
2406.0,2408.0,0.009375816211104393,0.0,0.006402375642210245
2407.0,2409.0,0.010171092115342617,0.0046079279854893684,0.003962371498346329
2408.0,2410.0,0.007855769246816635,0.005295939277857542,0.0035028550773859024
2409.0,2411.0,0.0,0.0,0.01367141306400299
2410.0,2412.0,0.009077118709683418,0.0,0.0032490622252225876
2411.0,2413.0,0.00999164767563343,0.001983177848160267,0.0
2412.0,2414.0,0.01029930915683508,0.0,0.0
2413.0,2415.0,0.023162290453910828,0.0,0.005399622954428196
2414.0,2416.0,0.01393102016299963,0.0,0.004394730553030968
2415.0,2417.0,0.0022942665964365005,0.0007561896927654743,0.0015130683314055204
2416.0,2418.0,0.00854483526200056,0.002101625083014369,0.0035257134586572647
2417.0,2419.0,0.02187381312251091,0.006112857721745968,0.0028512512799352407
2418.0,2420.0,0.0038301926106214523,0.0003528725355863571,0.0
2419.0,2421.0,0.0,0.0,0.0004250193014740944
2420.0,2422.0,0.0066393599845469,0.003995153121650219,0.004626515321433544
2421.0,2423.0,0.008707305416464806,0.0014310255646705627,0.0
2422.0,2424.0,0.002513662213459611,0.0,0.0
2423.0,2425.0,0.011260125786066055,0.010525732301175594,0.0
2424.0,2426.0,0.00986079964786768,0.013103216886520386,0.0
2425.0,2427.0,0.003759386483579874,0.0,0.0
2426.0,2428.0,0.005355049856007099,0.0,0.0030356035567820072
2427.0,2429.0,0.005927348975092173,0.004311594180762768,0.002981168683618307
2428.0,2430.0,0.0,0.0,0.0019748741760849953
2429.0,2431.0,0.007131845224648714,0.0008467920124530792,0.0016007879748940468
2430.0,2432.0,0.012785869650542736,0.001353810541331768,0.0
2431.0,2433.0,0.0073195709846913815,0.0,0.008623726665973663
2432.0,2434.0,0.0022277815733104944,0.007395355496555567,0.0
2433.0,2435.0,0.011892273090779781,0.0044739730656147,0.0
2434.0,2436.0,0.012590293772518635,0.0,0.0
2435.0,2437.0,0.011507166549563408,0.0,0.0
2436.0,2438.0,0.009773909114301205,0.00032717734575271606,0.0015703896060585976
2437.0,2439.0,0.0,0.01145064178854227,0.0
2438.0,2440.0,0.0,0.0,0.0
2439.0,2441.0,0.0,0.009609864093363285,0.0026843841187655926
2440.0,2442.0,0.007376951165497303,0.004688411019742489,0.0
2441.0,2443.0,0.006173768080770969,0.0,0.0021636453457176685
2442.0,2444.0,0.0,0.0,0.012807874009013176
2443.0,2445.0,0.0015271763550117612,0.01187520008534193,0.018306247889995575
2444.0,2446.0,0.0,0.016025297343730927,0.0
2445.0,2447.0,0.0,0.0,0.0
2446.0,2448.0,0.0,0.0,0.012732617557048798
2447.0,2449.0,0.0,0.01727864146232605,0.005526579916477203
2448.0,2450.0,0.005086531396955252,0.011624259874224663,0.007254201918840408
2449.0,2451.0,0.005818891804665327,0.013774370774626732,0.01088473666459322
2450.0,2452.0,0.004826775286346674,0.02916223369538784,0.0
2451.0,2453.0,0.008462788537144661,0.01204224955290556,0.006118644494563341
2452.0,2454.0,0.017529036849737167,0.0,0.005147404503077269
2453.0,2455.0,0.009909947402775288,0.0,0.009514424949884415
2454.0,2456.0,0.01650829240679741,0.017548881471157074,0.021370779722929
2455.0,2457.0,0.01836204342544079,0.011340117081999779,0.009047238156199455
2456.0,2458.0,0.012727891094982624,0.0,0.00010091904550790787
2457.0,2459.0,0.018439162522554398,0.004467998165637255,0.010666846297681332
2458.0,2460.0,0.018701720982789993,0.0,0.0033701846841722727
2459.0,2461.0,0.008305443450808525,0.008733334951102734,0.0
2460.0,2462.0,0.006331439130008221,0.022137757390737534,0.01259192731231451
2461.0,2463.0,0.02627224661409855,0.004286079201847315,0.004665167070925236
2462.0,2464.0,0.01792130246758461,0.004298077896237373,0.0004936880432069302
2463.0,2465.0,0.005201851017773151,0.006966757588088512,0.003904204349964857
2464.0,2466.0,0.005315619520843029,0.0018581291660666466,0.002649289555847645
2465.0,2467.0,0.018044542521238327,0.0021382085978984833,0.005889326333999634
2466.0,2468.0,0.005279650911688805,0.005913479719310999,0.003466109512373805
2467.0,2469.0,0.008617158979177475,0.019630122929811478,0.002900036284700036
2468.0,2470.0,0.022399408742785454,0.0,0.004321650601923466
2469.0,2471.0,0.021298471838235855,0.00919109582901001,0.006958398036658764
2470.0,2472.0,0.024485420435667038,0.007914749905467033,0.014467146247625351
2471.0,2473.0,0.010750367306172848,0.0007355501875281334,0.013645095750689507
2472.0,2474.0,0.012420754879713058,0.0038114115595817566,0.013951861299574375
2473.0,2475.0,0.006758484989404678,0.008790387772023678,0.005043571814894676
2474.0,2476.0,0.0,0.010232286527752876,0.00017464905977249146
2475.0,2477.0,0.004001785069704056,0.015521366149187088,0.015445481985807419
2476.0,2478.0,0.010606636293232441,0.0,0.002136483322829008
2477.0,2479.0,0.0038282270543277264,0.0,0.007936534471809864
2478.0,2480.0,0.010633587837219238,0.0,0.004166740458458662
2479.0,2481.0,0.012436187826097012,0.0,0.0
2480.0,2482.0,0.021992988884449005,0.0,0.008869286626577377
2481.0,2483.0,0.018526462838053703,0.0064407652243971825,0.015107573941349983
2482.0,2484.0,0.0116130281239748,0.00895235501229763,0.0
2483.0,2485.0,0.0046630422584712505,0.012588500045239925,0.0038098678924143314
2484.0,2486.0,0.0023911092430353165,0.004331076052039862,0.011476123705506325
2485.0,2487.0,0.014576065354049206,0.00728743989020586,0.0159701406955719
2486.0,2488.0,0.009426543489098549,0.011698368936777115,0.008132577873766422
2487.0,2489.0,0.010459745302796364,0.010188600048422813,0.01068295817822218
2488.0,2490.0,0.022143539041280746,0.0,0.003396596061065793
2489.0,2491.0,0.009635691531002522,0.0021983208134770393,0.0
2490.0,2492.0,0.015269927680492401,0.0,0.0
2491.0,2493.0,0.016169996932148933,0.003670379053801298,0.011993765830993652
2492.0,2494.0,0.0,0.010980654507875443,0.016335923224687576
2493.0,2495.0,0.002042153850197792,0.023210465908050537,0.012929605320096016
2494.0,2496.0,0.021467816084623337,0.001719629392027855,0.008848282508552074
2495.0,2497.0,0.020961090922355652,0.0,0.010135473683476448
2496.0,2498.0,0.019649386405944824,0.007724666967988014,0.004351704381406307
2497.0,2499.0,0.017789267003536224,0.011272089555859566,0.00995863601565361
2498.0,2500.0,0.009257586672902107,0.014377701096236706,0.004492851905524731
2499.0,2501.0,0.0054819826036691666,0.022763511165976524,0.0
2500.0,2502.0,0.015821928158402443,0.022808566689491272,0.0027910908684134483
2501.0,2503.0,0.011790547519922256,0.01668643206357956,0.002757791429758072
2502.0,2504.0,0.008716228418052197,0.016277272254228592,0.021348420530557632
2503.0,2505.0,0.0,0.01799168810248375,0.019561484456062317
2504.0,2506.0,0.0,0.02586471103131771,0.011517008766531944
2505.0,2507.0,0.0037815680261701345,0.012110820040106773,0.013300585560500622
2506.0,2508.0,0.020870164036750793,0.014425895176827908,0.008663471788167953
2507.0,2509.0,0.013517356477677822,0.015546509996056557,0.007117127999663353
2508.0,2510.0,0.0012825275771319866,0.014294945634901524,0.0007394058629870415
2509.0,2511.0,0.009773725643754005,0.0,0.0
2510.0,2512.0,0.007172413635998964,0.0,0.0
2511.0,2513.0,0.008795847184956074,0.0,0.0
2512.0,2514.0,0.013985881581902504,0.0,0.0027447103057056665
2513.0,2515.0,0.016282588243484497,0.0014455374330282211,0.0
2514.0,2516.0,0.010563054122030735,0.0,0.0
2515.0,2517.0,0.0,0.0027148614171892405,0.0
2516.0,2518.0,0.0,0.008630810305476189,0.00892803817987442
2517.0,2519.0,0.0,0.015043249353766441,0.0
2518.0,2520.0,0.0,0.018013495951890945,0.0
2519.0,2521.0,0.014060813933610916,0.0,0.012972075492143631
2520.0,2522.0,0.0038150204345583916,0.0,0.005855629686266184
2521.0,2523.0,0.008136698976159096,0.000866936519742012,0.006776550784707069
2522.0,2524.0,0.0,0.02565648779273033,0.014780757017433643
2523.0,2525.0,0.005683924071490765,0.022242818027734756,0.00914766825735569
2524.0,2526.0,0.017641186714172363,0.014270329847931862,0.004336799960583448
2525.0,2527.0,0.0239899680018425,0.012417895719408989,0.014294695109128952
2526.0,2528.0,0.01638549007475376,0.0,0.015737375244498253
2527.0,2529.0,0.012596726417541504,0.00023822393268346786,0.0037548060063272715
2528.0,2530.0,0.012032988481223583,0.008193260990083218,0.004126272164285183
2529.0,2531.0,0.011395297944545746,0.017447255551815033,0.016898589208722115
2530.0,2532.0,0.005640910007059574,0.013354230672121048,0.018718384206295013
2531.0,2533.0,0.007180619519203901,0.003044119104743004,0.01089530996978283
2532.0,2534.0,0.0062118456698954105,0.007693051360547543,0.015198817476630211
2533.0,2535.0,0.015329616144299507,0.0,0.0031905993819236755
2534.0,2536.0,0.017589768394827843,0.0033632852137088776,0.003679677378386259
2535.0,2537.0,0.022847458720207214,0.009780189953744411,0.004887798801064491
2536.0,2538.0,0.008301282301545143,0.014936165884137154,0.0
2537.0,2539.0,0.014872068539261818,0.004871157929301262,0.0086303586140275
2538.0,2540.0,0.017590194940567017,0.0,0.013654474169015884
2539.0,2541.0,0.01983824372291565,0.004524947609752417,0.014734000898897648
2540.0,2542.0,0.023204967379570007,0.008282986469566822,0.020253371447324753
2541.0,2543.0,0.01989602856338024,0.013487877324223518,0.013254145160317421
2542.0,2544.0,0.013121521100401878,0.010832764208316803,0.006784582976251841
2543.0,2545.0,0.021022314205765724,0.0,0.003338876646012068
2544.0,2546.0,0.009219728410243988,0.0,0.004905518144369125
2545.0,2547.0,0.00016372662503272295,0.011210841126739979,0.014077924191951752
2546.0,2548.0,0.02047024294734001,0.018044084310531616,0.01627173088490963
2547.0,2549.0,0.01597987487912178,0.011048768647015095,0.01952412910759449
2548.0,2550.0,0.014350023120641708,0.0,0.004368945956230164
2549.0,2551.0,0.02007775753736496,0.013018196448683739,0.01139178965240717
2550.0,2552.0,0.007629686035215855,0.022189147770404816,0.015433126129209995
2551.0,2553.0,0.008427735418081284,0.024845605716109276,0.010249428451061249
2552.0,2554.0,0.005107546225190163,0.022898850962519646,0.014367794618010521
2553.0,2555.0,0.020340247079730034,0.01158730499446392,0.007905786857008934
2554.0,2556.0,0.017960254102945328,0.0,0.0
2555.0,2557.0,0.008830282837152481,0.0,0.0033809607848525047
2556.0,2558.0,0.0,0.008160892874002457,0.014118206687271595
2557.0,2559.0,0.0009714146144688129,0.015548668801784515,0.01161080040037632
2558.0,2560.0,0.02280660904943943,0.0006710300222039223,0.003325848840177059
2559.0,2561.0,0.019558176398277283,0.0,0.005342650227248669
2560.0,2562.0,0.013775540515780449,0.0058446889743208885,0.013769684359431267
2561.0,2563.0,0.01678994670510292,0.0103091299533844,0.010996728204190731
2562.0,2564.0,0.029312871396541595,0.004045818001031876,0.002725592814385891
2563.0,2565.0,0.029111195355653763,0.005972292274236679,0.014590113423764706
2564.0,2566.0,0.01725545898079872,0.00800074078142643,0.014221446588635445
2565.0,2567.0,0.013956604525446892,0.0037015276029706,0.005984087474644184
2566.0,2568.0,0.010608766227960587,0.0,0.01524963416159153
2567.0,2569.0,0.010153762996196747,0.004533165600150824,0.008186431601643562
2568.0,2570.0,0.0,0.004907103255391121,0.0
2569.0,2571.0,0.0,0.010843321681022644,0.005890133790671825
2570.0,2572.0,0.0,0.006735238246619701,0.008550422266125679
2571.0,2573.0,0.012839393690228462,0.010837659239768982,0.021800588816404343
2572.0,2574.0,0.0,0.007734308019280434,0.00958216842263937
2573.0,2575.0,0.0026782783679664135,0.0,0.0013075335882604122
2574.0,2576.0,0.0002661440521478653,0.0,0.0027808845043182373
2575.0,2577.0,0.005831243470311165,0.0016846489161252975,0.00131530303042382
2576.0,2578.0,0.0,0.0022689292673021555,0.00492063257843256
2577.0,2579.0,0.0,0.02171715721487999,0.0
2578.0,2580.0,0.0,0.014569643884897232,0.006700452417135239
2579.0,2581.0,0.011984189972281456,0.008640991523861885,0.012221093289554119
2580.0,2582.0,0.00898369774222374,0.0008738536853343248,0.0
2581.0,2583.0,0.00035549711901694536,0.014366569928824902,0.004726843908429146
2582.0,2584.0,0.013699223287403584,0.022083323448896408,0.01406911201775074
2583.0,2585.0,0.024032942950725555,0.0020968797616660595,0.016467534005641937
2584.0,2586.0,0.014891102910041809,0.0,0.007247413042932749
2585.0,2587.0,0.013670425862073898,0.0,0.0006814079824835062
2586.0,2588.0,0.003425684291869402,0.00012038182467222214,0.0
2587.0,2589.0,0.0021183849312365055,0.004268137738108635,0.0
2588.0,2590.0,0.007353843655437231,0.003184237750247121,0.0
2589.0,2591.0,0.016245022416114807,0.007731632329523563,0.0014917366206645966
2590.0,2592.0,0.02306155301630497,0.001089683617465198,0.008470549248158932
2591.0,2593.0,0.017508558928966522,0.0016133332392200828,0.0026777852326631546
2592.0,2594.0,0.019853075966238976,0.0022806324996054173,0.0
2593.0,2595.0,0.013365428894758224,0.004284238908439875,0.007696253247559071
2594.0,2596.0,0.01824422925710678,0.0,0.012326434254646301
2595.0,2597.0,0.007280639372766018,0.0,0.008757741190493107
2596.0,2598.0,0.01275840774178505,0.0010063229128718376,0.008203314617276192
2597.0,2599.0,0.012068226933479309,0.0,0.0060355509631335735
2598.0,2600.0,0.008086403831839561,0.0,0.002692638896405697
2599.0,2601.0,0.023146282881498337,0.0,0.004240783397108316
2600.0,2602.0,0.014973071403801441,0.0,0.0033307410776615143
2601.0,2603.0,0.0069132051430642605,0.0,0.0022147968411445618
2602.0,2604.0,0.0113166943192482,0.0020501732360571623,0.00012073863763362169
2603.0,2605.0,0.014730576425790787,0.0,0.002151672262698412
2604.0,2606.0,0.009412662126123905,0.0,0.008885407820343971
2605.0,2607.0,0.02561640925705433,0.0,0.0010622567497193813
2606.0,2608.0,0.027141403406858444,0.0,0.0
2607.0,2609.0,0.01805058866739273,0.0,0.009747500531375408
2608.0,2610.0,0.02123115584254265,0.0,0.01197487860918045
2609.0,2611.0,0.017794135957956314,0.0,0.0046598645858466625
2610.0,2612.0,0.008845596574246883,0.0,0.0
2611.0,2613.0,0.013621270656585693,0.0027996422722935677,0.004133589565753937
2612.0,2614.0,0.012597387656569481,0.005686751566827297,0.017107274383306503
2613.0,2615.0,0.013036523014307022,0.010551096871495247,0.010213734582066536
2614.0,2616.0,0.0056030950509011745,0.016013458371162415,0.018030386418104172
2615.0,2617.0,0.005503058899194002,0.014503203332424164,0.02318941429257393
2616.0,2618.0,0.010179458186030388,0.0014791013672947884,0.022205742076039314
2617.0,2619.0,0.0023352219723165035,0.02064620889723301,0.01401115395128727
2618.0,2620.0,0.0073017459362745285,0.03486067056655884,0.013760616071522236
2619.0,2621.0,0.008657107129693031,0.01912519335746765,0.00602568406611681
2620.0,2622.0,0.009438497945666313,0.02452751249074936,0.005301504861563444
2621.0,2623.0,0.010891217738389969,0.006548133213073015,0.0075558852404356
2622.0,2624.0,0.02876259759068489,0.0006406393367797136,0.0025336574763059616
2623.0,2625.0,0.019809091463685036,0.0,0.0015777281951159239
2624.0,2626.0,0.017086083069443703,0.004469962790608406,0.01333743054419756
2625.0,2627.0,0.006047077476978302,0.006849871017038822,0.017669161781668663
2626.0,2628.0,0.012265196070075035,0.0,0.006537470035254955
2627.0,2629.0,0.014879496768116951,0.00427074171602726,0.004882374778389931
2628.0,2630.0,0.011631017550826073,0.0,0.002617947291582823
2629.0,2631.0,0.012316044420003891,0.0,0.0
2630.0,2632.0,0.005406777840107679,0.0,0.0016407747752964497
2631.0,2633.0,0.005504624918103218,0.0,0.013368035666644573
2632.0,2634.0,2.646399661898613e-05,0.009703723713755608,0.010932791978120804
2633.0,2635.0,0.0,0.026699334383010864,0.0014324515359476209
2634.0,2636.0,0.010114826261997223,0.007462440524250269,0.003085328731685877
2635.0,2637.0,0.011235585436224937,0.0,0.0
2636.0,2638.0,0.020582443103194237,0.0,0.0
2637.0,2639.0,0.016927458345890045,0.0,0.0
2638.0,2640.0,0.008063656277954578,0.00318346219137311,0.0
2639.0,2641.0,0.0008232151158154011,0.011527148075401783,0.0005205301567912102
2640.0,2642.0,0.002817300148308277,0.013789243996143341,0.01210917066782713
2641.0,2643.0,0.014844950288534164,0.0,0.0
2642.0,2644.0,0.024643484503030777,0.0,0.0
2643.0,2645.0,0.019124284386634827,0.0012553795240819454,0.004851162433624268
2644.0,2646.0,0.0189276821911335,0.003644220530986786,0.008825376629829407
2645.0,2647.0,0.004750391468405724,0.0,0.009457869455218315
2646.0,2648.0,0.0059360722079873085,0.0,0.009406398050487041
2647.0,2649.0,0.001543089747428894,0.008941746316850185,0.010608881711959839
2648.0,2650.0,0.009290199726819992,0.01682395488023758,0.004588383249938488
2649.0,2651.0,0.01891274005174637,0.0070186518132686615,0.0
2650.0,2652.0,0.027185730636119843,0.00014646956697106361,0.0
2651.0,2653.0,0.025764722377061844,0.001923462375998497,0.022291459143161774
2652.0,2654.0,0.008272398263216019,0.004535507410764694,0.016563834622502327
2653.0,2655.0,0.009948193095624447,0.0,0.0
2654.0,2656.0,0.01603812724351883,0.00024663773365318775,0.0038539241068065166
2655.0,2657.0,0.013589617796242237,0.006122133694589138,0.010706145316362381
2656.0,2658.0,0.012330210767686367,0.0,0.002890722593292594
2657.0,2659.0,0.009197755716741085,0.015815570950508118,0.010896900668740273
2658.0,2660.0,0.012687529437243938,0.013942228630185127,0.012483460828661919
2659.0,2661.0,0.010735860094428062,0.0,0.0008134529925882816
2660.0,2662.0,0.017001159489154816,0.0,0.00578176649287343
2661.0,2663.0,0.003010038286447525,0.0,0.012926767580211163
2662.0,2664.0,0.017366919666528702,0.012791696935892105,0.020437929779291153
2663.0,2665.0,0.015076454728841782,0.014865228906273842,0.01766541227698326
2664.0,2666.0,0.012207135558128357,0.0,0.01526801846921444
2665.0,2667.0,0.0008670561946928501,0.0,0.002588971983641386
2666.0,2668.0,0.008232321590185165,0.002875879406929016,0.0013025755761191249
2667.0,2669.0,0.02527318336069584,0.007722876965999603,0.009744608774781227
2668.0,2670.0,0.02552829682826996,0.0016141519881784916,0.010048279538750648
2669.0,2671.0,0.021879173815250397,0.01872064173221588,0.009653470478951931
2670.0,2672.0,0.014109976589679718,0.01235804334282875,0.005180611275136471
2671.0,2673.0,0.009175577200949192,0.003712689969688654,0.0
2672.0,2674.0,0.0,0.025866763666272163,0.007991374470293522
2673.0,2675.0,0.0,0.02843553014099598,0.010695215314626694
2674.0,2676.0,0.0245748870074749,0.022638589143753052,0.011319248005747795
2675.0,2677.0,0.01564015820622444,0.002413178328424692,0.014612546190619469
2676.0,2678.0,0.005543864332139492,0.002345320302993059,0.0027509795036166906
2677.0,2679.0,0.0030292202718555927,0.0030359437223523855,0.0
2678.0,2680.0,0.0,0.0,0.003749971743673086
2679.0,2681.0,0.0,0.020108196884393692,0.006128096021711826
2680.0,2682.0,0.014732420444488525,0.016433563083410263,0.00044064270332455635
2681.0,2683.0,0.018946921452879906,0.014473077841103077,0.017191503196954727
2682.0,2684.0,0.010020017623901367,0.004187443759292364,0.017160004004836082
2683.0,2685.0,0.0,0.020197084173560143,0.0
2684.0,2686.0,0.004257583059370518,0.0166119784116745,0.0023875627666711807
2685.0,2687.0,0.01695735938847065,0.013868680223822594,0.017764870077371597
2686.0,2688.0,0.009289798326790333,0.0,0.005566877778619528
2687.0,2689.0,0.010189828462898731,0.0,0.020676638931035995
2688.0,2690.0,0.0,0.0,0.004723518155515194
2689.0,2691.0,0.0017982989083975554,0.007612963672727346,0.016504915431141853
2690.0,2692.0,0.012009616941213608,0.0,0.004583696369081736
2691.0,2693.0,0.021557647734880447,0.0,0.003349953331053257
2692.0,2694.0,0.0064653148874640465,0.0,0.006871722172945738
2693.0,2695.0,0.0018543895566836,0.008396416902542114,0.0021846345625817776
2694.0,2696.0,0.0,0.006328871473670006,0.0015552770346403122
2695.0,2697.0,0.015133640728890896,0.0,0.027367014437913895
2696.0,2698.0,0.01958431303501129,0.0,0.022938871756196022
2697.0,2699.0,0.017577938735485077,0.0,0.011274449527263641
2698.0,2700.0,0.014525322243571281,0.0,0.015850504860281944
2699.0,2701.0,0.0,0.01001223549246788,0.0012141233310103416
2700.0,2702.0,0.0,0.009151821956038475,0.0
2701.0,2703.0,0.0033249929547309875,0.013811612501740456,0.0
2702.0,2704.0,0.0,0.01575643941760063,0.0
2703.0,2705.0,0.0,0.015493368729948997,0.002904460532590747
2704.0,2706.0,0.01423664204776287,0.02884957194328308,0.007526735309511423
2705.0,2707.0,0.02132434770464897,0.022670943289995193,0.0
2706.0,2708.0,0.026506565511226654,0.018676085397601128,0.0
2707.0,2709.0,0.02137923240661621,0.0036214040592312813,0.0035059177316725254
2708.0,2710.0,0.023747552186250687,0.0,0.007525435648858547
2709.0,2711.0,0.017476312816143036,0.0,0.0
2710.0,2712.0,0.016385618597269058,0.004050035960972309,0.004278409294784069
2711.0,2713.0,0.009142864495515823,0.00286665465682745,0.009317975491285324
2712.0,2714.0,0.005625496618449688,0.009427767246961594,0.0
2713.0,2715.0,0.020706413313746452,0.0032692423555999994,0.0
2714.0,2716.0,0.028308572247624397,0.012307293713092804,0.015373826026916504
2715.0,2717.0,0.01667623221874237,0.007454328238964081,0.00412262137979269
2716.0,2718.0,0.022338658571243286,0.011624099686741829,0.00025021377950906754
2717.0,2719.0,0.03321598097681999,0.018209803849458694,0.017116185277700424
2718.0,2720.0,0.02265305072069168,0.008431438356637955,0.019971080124378204
2719.0,2721.0,0.010683602653443813,0.026995232328772545,0.02156311273574829
2720.0,2722.0,0.0069498601369559765,0.01940688118338585,0.01333560235798359
2721.0,2723.0,0.017410404980182648,0.0,0.010634047910571098
2722.0,2724.0,0.013288192451000214,0.0,0.007127129472792149
2723.0,2725.0,0.012630869634449482,0.0024345996789634228,0.010187936946749687
2724.0,2726.0,0.0034729912877082825,0.0003339769318699837,0.0
2725.0,2727.0,0.010729373432695866,0.006091175600886345,0.011282163672149181
2726.0,2728.0,0.010226424783468246,0.012602631002664566,0.009445573203265667
2727.0,2729.0,0.00876513309776783,0.004820764064788818,0.0002621188759803772
2728.0,2730.0,0.016560131683945656,0.0,0.0
2729.0,2731.0,0.014420861378312111,0.0012269704602658749,0.007301371078938246
2730.0,2732.0,0.010651722550392151,0.0020386604592204094,0.013491826131939888
2731.0,2733.0,0.016605563461780548,0.0108998017385602,0.004199317656457424
2732.0,2734.0,0.012630905956029892,0.0184006504714489,0.0055069890804588795
2733.0,2735.0,0.021387970075011253,0.021105002611875534,0.016600655391812325
2734.0,2736.0,0.01120675541460514,0.015238801017403603,0.003146854927763343
2735.0,2737.0,0.015064926818013191,0.005095045082271099,0.0
2736.0,2738.0,0.02383209392428398,0.008494311943650246,0.0065107764676213264
2737.0,2739.0,0.021141711622476578,0.0038665570318698883,0.008154625073075294
2738.0,2740.0,0.014363175258040428,0.0028344830498099327,0.0006485264748334885
2739.0,2741.0,0.01849600300192833,0.005316448863595724,0.01512078195810318
2740.0,2742.0,0.016982655972242355,0.011014385148882866,0.0077542029321193695
2741.0,2743.0,0.006793068256229162,0.01143680140376091,0.00800054520368576
2742.0,2744.0,0.008896530605852604,0.0,0.002669154666364193
2743.0,2745.0,0.017796188592910767,0.0,0.0026097148656845093
2744.0,2746.0,0.010874487459659576,0.0,0.00695305410772562
2745.0,2747.0,0.02467595413327217,0.0009440641151741147,0.006552465260028839
2746.0,2748.0,0.01984718069434166,0.010830756276845932,0.01300837006419897
2747.0,2749.0,0.009920182637870312,0.016111599281430244,0.009973378852009773
2748.0,2750.0,0.01385248452425003,0.009492163546383381,0.002615286037325859
2749.0,2751.0,0.007436650339514017,0.01412297785282135,0.007587646134197712
2750.0,2752.0,0.013994118198752403,0.007953320629894733,0.012295532040297985
2751.0,2753.0,0.01915781944990158,0.0037249992601573467,0.0
2752.0,2754.0,0.023282071575522423,0.0034243206027895212,0.0
2753.0,2755.0,0.012261352501809597,0.01918816566467285,0.00036746286787092686
2754.0,2756.0,0.017176318913698196,0.027077097445726395,0.0019447538070380688
2755.0,2757.0,0.013339364901185036,0.025593090802431107,0.008794544264674187
2756.0,2758.0,0.009270346723496914,0.014510627835988998,0.008014705963432789
2757.0,2759.0,0.01938435062766075,0.0033652186393737793,0.014686793088912964
2758.0,2760.0,0.017190150916576385,0.012366876006126404,0.0247129388153553
2759.0,2761.0,0.021213997155427933,0.005708886310458183,0.011793420650064945
2760.0,2762.0,0.01815101131796837,0.0,0.0
2761.0,2763.0,0.01629149168729782,0.0,0.0
2762.0,2764.0,0.011162273585796356,0.0,0.0
2763.0,2765.0,0.007041720673441887,0.009826365858316422,0.0
2764.0,2766.0,0.004119665361940861,0.015773862600326538,0.006429605185985565
2765.0,2767.0,0.009038464166224003,0.0,0.012257853522896767
2766.0,2768.0,0.0042215371504426,0.010456958785653114,0.004375237971544266
2767.0,2769.0,0.004304460249841213,0.001453405013307929,0.0
2768.0,2770.0,0.008738389238715172,0.004487752914428711,0.0049987416714429855
2769.0,2771.0,0.004021491855382919,0.009216219186782837,0.01402994804084301
2770.0,2772.0,0.014980461448431015,0.0,0.006781172472983599
2771.0,2773.0,0.018130898475646973,0.0,0.014223395846784115
2772.0,2774.0,0.014709699898958206,0.01617412269115448,0.02150685340166092
2773.0,2775.0,0.01206069253385067,0.025064274668693542,0.010090525262057781
2774.0,2776.0,0.011983669362962246,0.013230633921921253,0.00346542289480567
2775.0,2777.0,0.013474476523697376,0.0,0.0
2776.0,2778.0,0.006035789847373962,0.0,0.0
2777.0,2779.0,0.009219449013471603,0.0,0.0018470119684934616
2778.0,2780.0,0.015506336465477943,0.0,0.0106107909232378
2779.0,2781.0,0.01152158435434103,0.004421939607709646,0.0013028918765485287
2780.0,2782.0,0.02119963802397251,0.0035103783011436462,0.0020754309371113777
2781.0,2783.0,0.015821781009435654,0.0,0.005416578613221645
2782.0,2784.0,0.01079200953245163,0.0,0.0
2783.0,2785.0,0.019162926822900772,0.0,0.007080404553562403
2784.0,2786.0,0.010982460342347622,0.0,0.022451505064964294
2785.0,2787.0,0.008942805230617523,0.0,0.012725228443741798
2786.0,2788.0,0.004471700172871351,0.002832369413226843,0.006245796103030443
2787.0,2789.0,0.009579513221979141,0.005763395223766565,0.006769690662622452
2788.0,2790.0,0.014604508876800537,0.0,0.0014295043656602502
2789.0,2791.0,0.01120183989405632,0.015300075523555279,0.0008567320182919502
2790.0,2792.0,0.01557418704032898,0.0009051112574525177,0.008330986835062504
2791.0,2793.0,0.012162851169705391,0.0,0.011100955307483673
2792.0,2794.0,0.009006649255752563,0.007503872271627188,0.005527222529053688
2793.0,2795.0,0.0004644577857106924,0.007465008646249771,0.008993519470095634
2794.0,2796.0,0.02054738625884056,0.010659778490662575,0.014178385026752949
2795.0,2797.0,0.010865073651075363,0.004779934883117676,0.0010971534065902233
2796.0,2798.0,0.009176841005682945,0.0041861264035105705,0.0043673282489180565
2797.0,2799.0,0.0,0.007328026928007603,0.0
2798.0,2800.0,0.0,0.00912356935441494,0.003390401601791382
2799.0,2801.0,0.0,0.0,0.003978039603680372
2800.0,2802.0,0.007481752894818783,0.007609081454575062,0.005327146966010332
2801.0,2803.0,0.02186529152095318,0.010242564603686333,0.008210169151425362
2802.0,2804.0,0.01971086487174034,0.024715058505535126,0.008952605538070202
2803.0,2805.0,0.015573417767882347,0.031300581991672516,0.012099996209144592
2804.0,2806.0,0.013623456470668316,0.02084794081747532,0.015241356566548347
2805.0,2807.0,0.006978142075240612,0.00469902204349637,0.011147581040859222
2806.0,2808.0,0.0159315038472414,0.0,0.0005274678114801645
2807.0,2809.0,0.016930637881159782,0.0011942768469452858,0.007948294281959534
2808.0,2810.0,0.01923835091292858,0.0010274946689605713,0.012165354564785957
2809.0,2811.0,0.02698412723839283,0.0,0.023617565631866455
2810.0,2812.0,0.013844001106917858,0.00514826737344265,0.021642625331878662
2811.0,2813.0,0.0,0.020732592791318893,0.01060248538851738
2812.0,2814.0,0.010435355827212334,0.007536173332482576,0.005884632933884859
2813.0,2815.0,0.024902701377868652,0.0,0.0
2814.0,2816.0,0.017906153574585915,0.0,0.0
2815.0,2817.0,0.020678147673606873,0.008431881666183472,0.0
2816.0,2818.0,0.012306843884289265,0.01663804054260254,0.0
2817.0,2819.0,0.00646916963160038,0.00947398878633976,0.01483931951224804
2818.0,2820.0,0.023180413991212845,0.0,0.0042829085141420364
2819.0,2821.0,0.0182662196457386,0.0,0.0
2820.0,2822.0,0.018173236399888992,0.0,0.0006105378270149231
2821.0,2823.0,0.0179155133664608,0.0,0.007483513094484806
2822.0,2824.0,0.018525244668126106,0.0001890989951789379,0.0
2823.0,2825.0,0.013009156100451946,0.0,0.001599674578756094
2824.0,2826.0,0.008522316813468933,0.0,0.004971488378942013
2825.0,2827.0,0.014083147048950195,0.0,0.004945927299559116
2826.0,2828.0,0.01173842791467905,0.001602489734068513,0.0
2827.0,2829.0,0.0,0.009079561568796635,0.0
2828.0,2830.0,0.0018017403781414032,0.009410940110683441,0.011304818093776703
2829.0,2831.0,0.018859339877963066,0.0,0.008356770500540733
2830.0,2832.0,0.014388879761099815,0.0,0.004429465159773827
2831.0,2833.0,0.026812082156538963,0.0,0.012325523421168327
2832.0,2834.0,0.02153574489057064,0.012722378596663475,0.013954170048236847
2833.0,2835.0,0.015025263652205467,0.0028398295398801565,0.0022912132553756237
2834.0,2836.0,0.01855437085032463,0.01224622130393982,0.010839765891432762
2835.0,2837.0,0.017058975994586945,0.014354008249938488,0.014408575370907784
2836.0,2838.0,0.005019137170165777,0.0024036040995270014,0.003310086438432336
2837.0,2839.0,0.007243732921779156,0.0013027118984609842,0.0
2838.0,2840.0,0.0012039963621646166,0.0,0.0
2839.0,2841.0,0.0,0.0,0.0
2840.0,2842.0,0.008961278013885021,0.008729147724807262,0.01948702335357666
2841.0,2843.0,0.00724934134632349,0.0,0.015058416873216629
2842.0,2844.0,0.0,0.0,0.01547700259834528
2843.0,2845.0,0.023218326270580292,0.00823894515633583,0.0
2844.0,2846.0,0.018256796523928642,0.01477679330855608,0.0
2845.0,2847.0,0.0,0.009296536445617676,0.010947655886411667
2846.0,2848.0,0.0,0.017425844445824623,2.5004148483276367e-05
2847.0,2849.0,0.009854903444647789,0.007310432381927967,0.0
2848.0,2850.0,0.02059028670191765,0.008661617524921894,0.0
2849.0,2851.0,0.00646225456148386,0.011869367212057114,0.009298129007220268
2850.0,2852.0,0.017437610775232315,0.011537891812622547,0.019699832424521446
2851.0,2853.0,0.01226870622485876,0.006976161617785692,0.007690273225307465
2852.0,2854.0,0.0015094317495822906,0.0021783923730254173,0.00024609360843896866
2853.0,2855.0,0.007938215509057045,0.013596706092357635,0.013362149707973003
2854.0,2856.0,0.018175439909100533,0.01155170239508152,0.01329926960170269
2855.0,2857.0,0.006964694708585739,0.0043802931904792786,0.003235621377825737
2856.0,2858.0,0.007335724774748087,0.011404918506741524,0.0058541204780340195
2857.0,2859.0,0.0062813544645905495,0.0026744804345071316,0.00017217430286109447
2858.0,2860.0,0.010598891414701939,0.006580207496881485,0.010515397414565086
2859.0,2861.0,0.029700662940740585,0.0077612558379769325,0.0
2860.0,2862.0,0.015519791282713413,0.016841640695929527,0.0
2861.0,2863.0,0.01218878198415041,0.019276289269328117,0.005168861243873835
2862.0,2864.0,0.015131121501326561,0.0008245580829679966,0.006423491053283215
2863.0,2865.0,0.0015290641458705068,0.0,0.0
2864.0,2866.0,0.0015014964155852795,0.0040449961088597775,0.0032918360084295273
2865.0,2867.0,0.01781010441482067,0.0,0.0036254380829632282
2866.0,2868.0,0.018003493547439575,0.0,0.0007336549460887909
2867.0,2869.0,0.0178622305393219,0.0032220545690506697,0.014900855720043182
2868.0,2870.0,0.0039084553718566895,0.0,0.0062424419447779655
2869.0,2871.0,0.006126289255917072,0.0,0.0016085868701338768
2870.0,2872.0,0.019718702882528305,0.0,0.013735111802816391
2871.0,2873.0,0.00826176069676876,0.0,0.010111693292856216
2872.0,2874.0,0.0,0.006165736820548773,0.01877063699066639
2873.0,2875.0,0.0,0.021676024422049522,0.026814449578523636
2874.0,2876.0,0.0132144745439291,0.0,0.00894024409353733
2875.0,2877.0,0.007229676470160484,0.0,0.0
2876.0,2878.0,0.005259687080979347,0.0,0.0
2877.0,2879.0,0.0,0.0,0.0
2878.0,2880.0,0.0037367588374763727,0.0,0.006078630685806274
2879.0,2881.0,0.011065086349844933,0.001230152091011405,0.01466432586312294
2880.0,2882.0,0.0011715046130120754,0.005060931667685509,0.013212369754910469
2881.0,2883.0,0.0,0.003656888846307993,0.017895735800266266
2882.0,2884.0,0.00563991442322731,0.001481615356169641,0.01824219711124897
2883.0,2885.0,0.012625734321773052,0.0013212504563853145,0.007957303896546364
2884.0,2886.0,0.020139571279287338,0.0053238822147250175,0.0
2885.0,2887.0,0.01858605444431305,0.016020940616726875,0.0
2886.0,2888.0,0.029200352728366852,0.03301258385181427,0.0025800419971346855
2887.0,2889.0,0.015759628266096115,0.015238131396472454,0.00499976659193635
2888.0,2890.0,0.008671129122376442,0.004632914438843727,0.0
2889.0,2891.0,0.013258093036711216,0.0,0.0
2890.0,2892.0,0.011865144595503807,0.0,0.008481202647089958
2891.0,2893.0,0.01713542267680168,4.787929356098175e-05,0.007171653676778078
2892.0,2894.0,0.01967095583677292,0.0,0.006370523013174534
2893.0,2895.0,0.008451251313090324,0.011818947270512581,0.010811611078679562
2894.0,2896.0,0.010271282866597176,0.006273727398365736,0.0025388856884092093
2895.0,2897.0,0.010580221191048622,0.0012140749022364616,0.0025643822737038136
2896.0,2898.0,0.0173166636377573,0.006261133588850498,0.0
2897.0,2899.0,0.015728773549199104,0.0,0.0
2898.0,2900.0,0.0068038091994822025,0.0,0.00045106682227924466
2899.0,2901.0,0.011909779161214828,0.0021902634762227535,0.0034896405413746834
2900.0,2902.0,0.013569660484790802,0.011943359859287739,0.017147988080978394
2901.0,2903.0,0.015157796442508698,0.0,0.017111072316765785
2902.0,2904.0,0.009963740594685078,0.0,0.009564965032041073
2903.0,2905.0,0.018017929047346115,0.008448125794529915,0.010514369234442711
2904.0,2906.0,0.008799445815384388,0.0012524407356977463,0.0
2905.0,2907.0,0.016841912642121315,0.0,0.015002491883933544
2906.0,2908.0,0.025318965315818787,0.005651096813380718,0.007305926643311977
2907.0,2909.0,0.025695526972413063,0.004425490275025368,0.007240771781653166
2908.0,2910.0,0.01334434561431408,0.0,0.020068040117621422
2909.0,2911.0,0.007062316406518221,0.0037611760199069977,0.0035216009709984064
2910.0,2912.0,0.009884539991617203,0.0,0.0
2911.0,2913.0,0.02297503501176834,0.012884465046226978,0.0
2912.0,2914.0,0.005154802929610014,0.023372389376163483,0.0068553779274225235
2913.0,2915.0,0.00832120981067419,0.021788708865642548,0.0003176741302013397
2914.0,2916.0,0.008272840641438961,0.01933138445019722,0.0
2915.0,2917.0,0.002758229384198785,0.017465613782405853,0.011541705578565598
2916.0,2918.0,0.013891681097447872,0.024095358327031136,0.01640414446592331
2917.0,2919.0,0.015228824689984322,0.024952035397291183,0.010374708101153374
2918.0,2920.0,0.009853731840848923,0.006802106276154518,0.008340034633874893
2919.0,2921.0,0.005251841153949499,0.008443210273981094,0.007094360422343016
2920.0,2922.0,0.015808960422873497,0.0,0.0
2921.0,2923.0,0.011061492376029491,0.009430001489818096,0.0
2922.0,2924.0,0.0075378138571977615,0.00916468445211649,0.0
2923.0,2925.0,0.0006633293814957142,0.008747783489525318,0.0
2924.0,2926.0,0.01585291512310505,0.0074671306647360325,0.012899494729936123
2925.0,2927.0,0.01808996871113777,0.004422669764608145,0.0016501571517437696
2926.0,2928.0,0.012106872163712978,0.007607894949615002,0.0
2927.0,2929.0,0.008029925636947155,0.017159057781100273,0.0
2928.0,2930.0,0.014958187006413937,0.023330872878432274,3.312341868877411e-05
2929.0,2931.0,0.007913859561085701,0.01339481957256794,0.020411400124430656
2930.0,2932.0,0.02210683375597,0.01909608021378517,0.015521000139415264
2931.0,2933.0,0.01303589716553688,0.011526953428983688,0.003792651928961277
2932.0,2934.0,0.012626485899090767,0.0,0.0013208314776420593
2933.0,2935.0,0.02335008606314659,0.0040964167565107346,0.010260184295475483
2934.0,2936.0,0.02035633474588394,0.011482363566756248,0.0
2935.0,2937.0,0.01607280783355236,0.006239444483071566,0.0
2936.0,2938.0,0.011362964287400246,0.020561235025525093,0.0
2937.0,2939.0,0.0217275470495224,0.013290869072079659,0.0
2938.0,2940.0,0.020238036289811134,0.0,0.005557308904826641
2939.0,2941.0,0.01442842185497284,0.0014048945158720016,0.002719263080507517
2940.0,2942.0,0.017593655735254288,0.0010306783951818943,0.01261959969997406
2941.0,2943.0,0.01708916760981083,0.0,0.014318304136395454
2942.0,2944.0,0.03253359720110893,0.012105119414627552,0.007252148352563381
2943.0,2945.0,0.029849644750356674,0.012690219096839428,0.010087165050208569
2944.0,2946.0,0.017908744513988495,0.008011430501937866,0.017666902393102646
2945.0,2947.0,0.008068345487117767,0.008900020271539688,0.0
2946.0,2948.0,0.01484348438680172,0.0,0.007584637962281704
2947.0,2949.0,0.024476423859596252,0.0,0.008119872771203518
2948.0,2950.0,0.030434759333729744,0.0,0.01362299732863903
2949.0,2951.0,0.02180803194642067,0.00025147455744445324,0.007795420940965414
2950.0,2952.0,0.01957782730460167,0.0,0.003411302575841546
2951.0,2953.0,0.02429817244410515,0.004736362490803003,0.01945379376411438
2952.0,2954.0,0.024347957223653793,0.032764922827482224,0.017952321097254753
2953.0,2955.0,0.013452554121613503,0.016858233138918877,0.00796583853662014
2954.0,2956.0,0.0,0.0,0.007687895558774471
2955.0,2957.0,0.0,0.009520895779132843,0.016813943162560463
2956.0,2958.0,0.0,0.017601659521460533,0.011425679549574852
2957.0,2959.0,0.0,0.021303091198205948,0.0019612498581409454
2958.0,2960.0,0.014532136730849743,0.006628595758229494,0.009991331025958061
2959.0,2961.0,0.014220417477190495,0.0,0.019993962720036507
2960.0,2962.0,0.010619144886732101,0.0010054772719740868,0.022462040185928345
2961.0,2963.0,0.0010240692645311356,0.008111929520964622,0.005481398664414883
2962.0,2964.0,0.024782147258520126,0.0,0.002428164705634117
2963.0,2965.0,0.025208016857504845,0.0,0.0007259557023644447
2964.0,2966.0,0.023999620229005814,0.0,0.0
2965.0,2967.0,0.012667585164308548,0.00471826596185565,0.004890116862952709
2966.0,2968.0,0.011188657954335213,0.017093004658818245,0.013343293219804764
2967.0,2969.0,0.018549175933003426,0.014371304772794247,0.022690655663609505
2968.0,2970.0,0.013850472867488861,0.0,0.008860930800437927
2969.0,2971.0,0.015388427302241325,0.0,0.0033622118644416332
2970.0,2972.0,0.021845508366823196,0.0,0.001732149044983089
2971.0,2973.0,0.013995879329741001,0.007870619185268879,0.0
2972.0,2974.0,0.0027013993822038174,0.0,0.011495843529701233
2973.0,2975.0,0.00027341023087501526,0.013367889449000359,0.021936636418104172
2974.0,2976.0,0.009874080307781696,0.007646337617188692,0.009832201525568962
2975.0,2977.0,0.0031903248745948076,0.0,0.0014214790426194668
2976.0,2978.0,0.0,0.01235516183078289,0.005081287585198879
2977.0,2979.0,0.0,0.016805052757263184,0.0
2978.0,2980.0,0.002174875931814313,0.008865942247211933,0.009973160922527313
2979.0,2981.0,0.0,0.005424263421446085,0.017490001395344734
2980.0,2982.0,0.009941983968019485,0.008948211558163166,0.013078855350613594
2981.0,2983.0,0.022921308875083923,0.0,0.0073163677006959915
2982.0,2984.0,0.020364858210086823,0.00816069170832634,0.015017636120319366
2983.0,2985.0,0.01676204800605774,0.00269498722627759,0.00637245737016201
2984.0,2986.0,0.019248798489570618,0.0,0.0036051839124411345
2985.0,2987.0,0.017941812053322792,0.01762652024626732,0.020957959815859795
2986.0,2988.0,0.014552827924489975,0.01767302304506302,0.013744375668466091
2987.0,2989.0,0.011460631154477596,0.0,0.0
2988.0,2990.0,0.01673509180545807,0.001051809173077345,0.0
2989.0,2991.0,0.0,0.014096030965447426,0.0
2990.0,2992.0,0.0006932960823178291,0.011697974987328053,0.0
2991.0,2993.0,0.0,0.008524836972355843,0.0
2992.0,2994.0,0.001635948196053505,0.008753347210586071,0.0013425592333078384
2993.0,2995.0,0.003580456832423806,0.004217732697725296,0.009670823812484741
2994.0,2996.0,0.006941997446119785,0.003880795557051897,0.016241436824202538
2995.0,2997.0,0.004481116309762001,0.0,0.013964131474494934
2996.0,2998.0,0.0,0.009536262601613998,0.025632694363594055
2997.0,2999.0,0.0,0.012050118297338486,0.010647935792803764
2998.0,3000.0,0.01314418762922287,0.0,0.012481614015996456
2999.0,3001.0,0.021654389798641205,0.0,0.008487386628985405
3000.0,3002.0,0.022585468366742134,0.001070511993020773,0.002639570739120245
3001.0,3003.0,0.009980743750929832,0.002155805006623268,0.0
3002.0,3004.0,0.0,0.0,0.0
3003.0,3005.0,0.0,0.0,0.0
3004.0,3006.0,0.019672702997922897,0.0,0.0
3005.0,3006.59,0.01655733585357666,0.01769612729549408,0.015444979071617126
3006.0,3006.59,0.0,0.019296083599328995,0.002862961031496525
