start,end,arousal,valence,dominance
0.0,2.0,0.021896693855524063,0.005940625444054604,0.01365832332521677
1.0,3.0,0.018177486956119537,0.0,0.014465809799730778
2.0,4.0,0.011231260374188423,0.0,0.008297211490571499
3.0,5.0,0.0009246873669326305,0.001729430165141821,0.005853993818163872
4.0,6.0,0.0069251880049705505,0.0,0.008311960846185684
5.0,7.0,0.0,0.00023892195895314217,0.008247420191764832
6.0,8.0,0.0015186276286840439,0.0,0.010221381671726704
7.0,9.0,0.004479876719415188,0.0,0.016928356140851974
8.0,10.0,0.005220813676714897,0.002051746938377619,0.0247295293956995
9.0,11.0,0.0008440455421805382,0.003948708064854145,0.016802992671728134
10.0,12.0,0.007375790271908045,0.0051711020059883595,0.008651401847600937
11.0,13.0,0.015550842508673668,0.009053305722773075,0.0
12.0,14.0,0.0045386794954538345,0.0006057582795619965,0.007982175797224045
13.0,15.0,0.0035649705678224564,0.0,0.00534041877835989
14.0,16.0,0.0074599687941372395,0.0048470450565218925,0.0017504679271951318
15.0,17.0,0.007365014404058456,0.00406014546751976,0.0
16.0,18.0,0.0,0.0,0.0
17.0,19.0,0.0,0.0,0.0
18.0,20.0,0.0,0.0,0.0057448456063866615
19.0,21.0,0.004865037277340889,0.0,0.004906794987618923
20.0,22.0,0.0032434696331620216,0.001371076563373208,0.0019244896247982979
21.0,23.0,0.0,0.0015417803078889847,0.0031377915292978287
22.0,24.0,0.012223221361637115,0.005345427431166172,0.013765238225460052
23.0,25.0,0.011569535359740257,0.01505669392645359,0.01688045635819435
24.0,26.0,0.0018020793795585632,0.022778546437621117,0.0
25.0,27.0,0.011484608054161072,0.01233203150331974,0.015860533341765404
26.0,28.0,0.014584068208932877,0.008275985717773438,0.019472362473607063
27.0,29.0,0.022986827418208122,0.007835186086595058,0.009528093039989471
28.0,30.0,0.01484991516917944,0.006933510769158602,0.010400425642728806
29.0,31.0,0.0018949084915220737,0.009152982383966446,0.012572676874697208
30.0,32.0,0.018515657633543015,1.1839787475764751e-05,0.017774971202015877
31.0,33.0,0.02184164524078369,0.0,0.009931305423378944
32.0,34.0,0.024184508249163628,0.011654718779027462,0.017509935423731804
33.0,35.0,0.014899354428052902,0.010443772189319134,0.024621613323688507
34.0,36.0,0.022356882691383362,0.0,0.01558721624314785
35.0,37.0,0.023683203384280205,0.0,0.0012934841215610504
36.0,38.0,0.018108533695340157,0.0,0.010471421293914318
37.0,39.0,0.016953691840171814,0.007503069471567869,0.0046695685014128685
38.0,40.0,0.024945661425590515,0.004498813301324844,0.005693633574992418
39.0,41.0,0.015075907111167908,0.0,0.0
40.0,42.0,0.015419917181134224,0.0060188486240804195,0.01036028191447258
41.0,43.0,0.006657354533672333,0.02111227437853813,0.010252351872622967
42.0,44.0,0.015939118340611458,0.012428861111402512,0.00033376552164554596
43.0,45.0,0.015911627560853958,0.005583832040429115,0.008484678342938423
44.0,46.0,0.012971952557563782,0.007278948090970516,0.007452220655977726
45.0,47.0,0.021212531253695488,0.0,0.007285240106284618
46.0,48.0,0.006306634284555912,0.0,0.0
47.0,49.0,0.0030599990859627724,0.0,2.413429319858551e-05
48.0,50.0,0.008674928918480873,0.0,0.00013382826000452042
49.0,51.0,0.015478850342333317,0.0019858358427882195,0.004714095965027809
50.0,52.0,0.007264318410307169,0.0009006294421851635,0.014714843593537807
51.0,53.0,0.021454308182001114,0.0,0.0023301318287849426
52.0,54.0,0.020075468346476555,0.0,0.0025079124607145786
53.0,55.0,0.026402892544865608,0.0,0.00016944995149970055
54.0,56.0,0.02077021822333336,0.0,0.0
55.0,57.0,0.026575967669487,0.0010492985602468252,0.0
56.0,58.0,0.012934302911162376,0.0032286103814840317,0.0
57.0,59.0,0.012416976504027843,0.010308146476745605,0.0017525865696370602
58.0,60.0,0.01794588565826416,0.004556741565465927,0.011991949751973152
59.0,61.0,0.009232457727193832,0.0035368488170206547,0.0
60.0,62.0,0.02014763094484806,0.003773637115955353,0.003887414699420333
61.0,63.0,0.01512526161968708,0.002320392057299614,0.020505642518401146
62.0,64.0,0.009423631243407726,0.008844601921737194,0.006548665929585695
63.0,65.0,0.009232323616743088,0.0,0.0
64.0,66.0,0.019800962880253792,0.0,0.0
65.0,67.0,0.014115305617451668,0.0014779353514313698,0.0
66.0,68.0,0.013107942417263985,0.005096089094877243,0.0
67.0,69.0,0.018374420702457428,0.009627824649214745,0.010107044130563736
68.0,70.0,0.017511818557977676,0.01442335732281208,0.014996694400906563
69.0,71.0,0.012768574059009552,0.011851189658045769,0.006378204096108675
70.0,72.0,0.01789616420865059,0.0035413424484431744,0.0037111262790858746
71.0,73.0,0.02371751330792904,0.002074454678222537,0.006508658640086651
72.0,74.0,0.019143175333738327,0.01123005524277687,0.007080049254000187
73.0,75.0,0.013169215060770512,0.0,0.001688149874098599
74.0,76.0,0.013924259692430496,0.0009688627906143665,0.004163763485848904
75.0,77.0,0.014582091942429543,0.0,0.0012381970882415771
76.0,78.0,0.018006060272455215,0.0,0.003692514030262828
77.0,79.0,0.010519139468669891,0.0,0.0
78.0,80.0,0.01608487032353878,0.0,0.0011094054207205772
79.0,81.0,0.01976003684103489,0.0029330248944461346,0.0024019451811909676
80.0,82.0,0.010825619101524353,0.0022214800119400024,0.0026367283426225185
81.0,83.0,0.007844128645956516,0.004619950894266367,0.013124646618962288
82.0,84.0,0.006796100176870823,0.0,0.019439708441495895
83.0,85.0,0.0,0.008256006985902786,0.0030522868037223816
84.0,86.0,0.0029978626407682896,0.02708037942647934,0.017768627032637596
85.0,87.0,0.01205095462501049,0.017035752534866333,0.02890157327055931
86.0,88.0,0.021615546196699142,0.0,0.012160204350948334
87.0,89.0,0.017462298274040222,0.0,0.014331074431538582
88.0,90.0,0.017497796565294266,0.004324015229940414,0.017769163474440575
89.0,91.0,0.016023188829421997,0.008259221911430359,0.017374150454998016
90.0,92.0,0.0231906920671463,0.0,0.00024130195379257202
91.0,93.0,0.01859094575047493,0.0,0.0049875942058861256
92.0,94.0,0.01242610439658165,0.005748436786234379,0.01819382607936859
93.0,95.0,0.008784797973930836,0.0,0.0043738605454564095
94.0,96.0,0.00916148629039526,0.0,0.0
95.0,97.0,0.021456975489854813,0.006340846884995699,0.005148619879037142
96.0,98.0,0.010828003287315369,0.006809630896896124,0.0050824894569814205
97.0,99.0,0.0,0.0,0.005394231528043747
98.0,100.0,0.009079302661120892,0.0,0.005819189362227917
99.0,101.0,0.01465932559221983,0.0003376789391040802,0.008114734664559364
100.0,102.0,0.012788744643330574,0.009361261501908302,0.025746315717697144
101.0,103.0,0.01711175963282585,0.008331569842994213,0.023101171478629112
102.0,104.0,0.022178584709763527,0.009643149562180042,0.008233077824115753
103.0,105.0,0.020757537335157394,0.0,0.0
104.0,106.0,0.0112915625795722,0.0,0.0
105.0,107.0,0.013720995746552944,0.0,0.0011510695330798626
106.0,108.0,0.011898400261998177,0.0,0.0
107.0,109.0,0.01983649469912052,0.0,9.965337812900543e-05
108.0,110.0,0.019480939954519272,0.0077392710372805595,0.002705545164644718
109.0,111.0,0.018904292955994606,0.012320407666265965,0.0
110.0,112.0,0.004926114808768034,0.01146189495921135,0.0016462495550513268
111.0,113.0,0.015601810067892075,0.0,0.011136790737509727
112.0,114.0,0.01350792683660984,0.008632443845272064,0.021852407604455948
113.0,115.0,0.012298377230763435,0.0034242095425724983,0.0132898623123765
114.0,116.0,0.009408295154571533,0.0005611269734799862,0.0023372198920696974
115.0,117.0,0.012192096561193466,0.0,0.0
116.0,118.0,0.03326500579714775,0.0,0.001757053192704916
117.0,119.0,0.02222525328397751,0.0,0.0
118.0,120.0,0.016174832358956337,0.0,0.0024647507816553116
119.0,121.0,0.022424031049013138,0.0,0.003994158003479242
120.0,122.0,0.01659645512700081,0.008437464013695717,0.0018315721536055207
121.0,123.0,0.021970141679048538,0.010995165444910526,0.008691266179084778
122.0,124.0,0.01282093022018671,0.0,0.024688061326742172
123.0,125.0,0.01805547997355461,0.0,0.01670023798942566
124.0,126.0,0.02358902432024479,0.0,0.010256410576403141
125.0,127.0,0.028720781207084656,0.013703018426895142,0.006015346385538578
126.0,128.0,0.01591400057077408,0.015813229605555534,0.02256510779261589
127.0,129.0,0.03538566827774048,0.0054837241768836975,0.012595378793776035
128.0,130.0,0.02688814327120781,0.001298976130783558,0.006114584393799305
129.0,131.0,0.02451937645673752,0.0,0.003106829710304737
130.0,132.0,0.01994413696229458,0.0,0.004214373417198658
131.0,133.0,0.021950075402855873,0.008766215294599533,0.005428042728453875
132.0,134.0,0.00912228599190712,0.00223278789781034,0.012579280883073807
133.0,135.0,0.014809264801442623,0.0,0.009775277227163315
134.0,136.0,0.005632923450320959,0.00643637590110302,0.014238984324038029
135.0,137.0,0.011483386158943176,0.005426423624157906,0.005747007206082344
136.0,138.0,0.007397564128041267,0.011348703876137733,0.004468410275876522
137.0,139.0,0.019784949719905853,0.0,0.0022885482758283615
138.0,140.0,0.010550644248723984,0.002552259713411331,0.0
139.0,141.0,0.02773330733180046,0.01085360161960125,0.010359696112573147
140.0,142.0,0.02270948514342308,0.008362908847630024,0.014175581745803356
141.0,143.0,0.012359892018139362,0.0,0.009534369222819805
142.0,144.0,0.010953694581985474,0.002749812323600054,0.007519641891121864
143.0,145.0,0.0027112881653010845,0.006956568453460932,0.012697454541921616
144.0,146.0,0.0074918013997375965,8.629029616713524e-05,0.009824475273489952
145.0,147.0,0.010747240856289864,0.00854993611574173,0.009584985673427582
146.0,148.0,0.02275148034095764,0.012258223257958889,0.015724385157227516
147.0,149.0,0.022201161831617355,0.002027901355177164,0.019868068397045135
148.0,150.0,0.010427545756101608,0.000343256164342165,0.014469906687736511
149.0,151.0,0.008498800918459892,0.012040780857205391,0.015892066061496735
150.0,152.0,0.002345113782212138,0.021787624806165695,0.005863551050424576
151.0,153.0,0.017491884529590607,0.012890549376606941,0.0
152.0,154.0,0.039281412959098816,0.001877575647085905,0.0
153.0,155.0,0.013162518851459026,0.0,0.0
154.0,156.0,0.013429196551442146,0.0,0.00813472829759121
155.0,157.0,0.02874072641134262,0.010111778974533081,0.01115365233272314
156.0,158.0,0.016635943204164505,0.006472676061093807,0.014220913872122765
157.0,159.0,0.020202908664941788,0.001793302595615387,0.012633695267140865
158.0,160.0,0.02253120392560959,0.003190895076841116,0.007191367447376251
159.0,161.0,0.014460866339504719,0.0032732849940657616,0.004477638751268387
160.0,162.0,0.01100156269967556,0.012589562684297562,0.008083554916083813
161.0,163.0,0.014498800039291382,0.015994513407349586,0.008201411925256252
162.0,164.0,0.0,0.01623707078397274,0.007429756224155426
163.0,165.0,0.016323186457157135,0.003903711214661598,0.021169748157262802
164.0,166.0,0.013838432729244232,0.0009306613355875015,0.02373247593641281
165.0,167.0,0.013848420232534409,0.014112359844148159,0.0025190417654812336
166.0,168.0,0.010312817990779877,0.02220703661441803,0.0027974522672593594
167.0,169.0,0.017087940126657486,0.008864560164511204,0.016939504072070122
168.0,170.0,0.016371406614780426,0.009315282106399536,0.0160052590072155
169.0,171.0,0.030348049476742744,0.0010727830231189728,0.009445027448236942
170.0,172.0,0.03181925043463707,0.003128020092844963,0.006373233161866665
171.0,173.0,0.030478518456220627,0.0015481667360290885,0.008630895055830479
172.0,174.0,0.011531844735145569,0.0,0.011497351340949535
173.0,175.0,0.015711449086666107,0.009478431195020676,0.014807356521487236
174.0,176.0,0.01814456284046173,0.00787326879799366,0.015360645949840546
175.0,177.0,0.016161425039172173,0.009024830535054207,0.01339077576994896
176.0,178.0,0.016171704977750778,0.006475971546024084,0.013499468564987183
177.0,179.0,0.012775144539773464,0.00942166056483984,0.025856846943497658
178.0,180.0,0.015083773992955685,0.016435444355010986,0.023348964750766754
179.0,181.0,0.011494861915707588,0.019167888909578323,0.01014015357941389
180.0,182.0,0.010863454081118107,0.00653813173994422,0.008415557444095612
181.0,183.0,0.014402128756046295,0.0,0.004715080372989178
182.0,184.0,0.01968250796198845,0.0003351180348545313,0.0
183.0,185.0,0.020716410130262375,0.020390618592500687,0.0
184.0,186.0,0.013273680582642555,0.019551359117031097,0.0
185.0,187.0,0.01795252598822117,0.0036177579313516617,0.0033502152655273676
186.0,188.0,0.027067553251981735,0.0072257923893630505,0.004353098571300507
187.0,189.0,0.014825190417468548,0.007992868311703205,0.01251528412103653
188.0,190.0,0.013615279458463192,0.00426882179453969,0.004818692337721586
189.0,191.0,0.003897082293406129,0.009072122164070606,0.01839650794863701
190.0,192.0,0.0044928560964763165,0.008670485578477383,0.020976461470127106
191.0,193.0,0.005628840532153845,0.0,0.008339773863554
192.0,194.0,0.01388150081038475,0.00047345273196697235,0.007269402965903282
193.0,195.0,0.024804022163152695,0.0011318738106638193,0.007491908967494965
194.0,196.0,0.03736010938882828,0.0006079515442252159,0.006944774184376001
195.0,197.0,0.0333024226129055,0.001012739259749651,0.018810424953699112
196.0,198.0,0.014723632484674454,0.0011464315466582775,0.013838609680533409
197.0,199.0,0.018735170364379883,0.004897420294582844,0.019944651052355766
198.0,200.0,0.023464195430278778,0.0,0.01821683906018734
199.0,201.0,0.011835562065243721,0.0,0.012712152674794197
200.0,202.0,0.017485830932855606,0.009360094554722309,0.015827544033527374
201.0,203.0,0.015726350247859955,0.011021452024579048,0.018186205998063087
202.0,204.0,0.015639852732419968,0.0,0.016655059531331062
203.0,205.0,0.015803245827555656,0.012111959978938103,0.007517629768699408
204.0,206.0,0.013765454292297363,0.005836845841258764,0.010523274540901184
205.0,207.0,0.02003639005124569,0.004072634968906641,0.006551939528435469
206.0,208.0,0.022792983800172806,0.0,0.0021084558684378862
207.0,209.0,0.01678318902850151,0.0030587988439947367,0.012110810726881027
208.0,210.0,0.015078689903020859,0.007427341770380735,0.009843697771430016
209.0,211.0,0.02518329955637455,0.0028045261278748512,0.005324212368577719
210.0,212.0,0.02036363072693348,0.0016590198501944542,0.0002862894907593727
211.0,213.0,0.017637578770518303,0.006933566648513079,0.006152384914457798
212.0,214.0,0.025497445836663246,0.011607078835368156,0.019467059522867203
213.0,215.0,0.02003001980483532,0.013344988226890564,0.020937321707606316
214.0,216.0,0.0217454731464386,0.0,0.025905553251504898
215.0,217.0,0.018597455695271492,0.0,0.024308377876877785
216.0,218.0,0.008862086571753025,0.014045712538063526,0.004561510868370533
217.0,219.0,0.01402481459081173,0.012256055139005184,0.0
218.0,220.0,0.01562352292239666,0.0026839054189622402,0.0
219.0,221.0,0.018160264939069748,0.0,0.004730404820293188
220.0,222.0,0.009580684825778008,0.0,0.0
221.0,223.0,0.013510780408978462,0.0,0.004342237021774054
222.0,224.0,0.0109317721799016,0.0,0.004986532032489777
223.0,225.0,0.011109537445008755,0.0,0.0
224.0,226.0,0.004899727646261454,0.0,0.0012028240598738194
225.0,227.0,0.009642417542636395,0.0070734210312366486,0.0
226.0,228.0,0.008875066414475441,0.0,0.0
227.0,229.0,0.011486722156405449,0.0076242233626544476,0.01113760843873024
228.0,230.0,0.0,0.0031823082827031612,0.0035465452820062637
229.0,231.0,0.007838994264602661,0.016674328595399857,0.008459372445940971
230.0,232.0,0.02085208147764206,0.0059082345105707645,0.008113522082567215
231.0,233.0,0.025932569056749344,0.00319734588265419,0.0036263344809412956
232.0,234.0,0.0238410085439682,0.0001611802726984024,0.015282885171473026
233.0,235.0,0.025600098073482513,0.0,0.013603284023702145
234.0,236.0,0.013337867334485054,0.006943800020962954,0.0
235.0,237.0,0.012243474833667278,0.007364196702837944,0.0
236.0,238.0,0.031247084960341454,0.0,0.0015859375707805157
237.0,239.0,0.023875895887613297,0.0,0.00768848042935133
238.0,240.0,0.013885867781937122,0.005863363388925791,0.010476874187588692
239.0,241.0,0.018003689125180244,0.004702368751168251,0.009135063737630844
240.0,242.0,0.014893846586346626,0.0,0.007727491203695536
241.0,243.0,0.01710975356400013,0.0,0.0037203794345259666
242.0,244.0,0.02256140299141407,0.0034620061051100492,0.011496542021632195
243.0,245.0,0.025054046884179115,0.0,0.008134632371366024
244.0,246.0,0.013067146763205528,0.003726429771631956,0.0
245.0,247.0,0.02441168576478958,0.0,0.0
246.0,248.0,0.026097308844327927,0.005331811495125294,0.002535257488489151
247.0,249.0,0.010600284673273563,0.005502806510776281,0.011049268767237663
248.0,250.0,0.005714399740099907,0.02156572975218296,0.005730025935918093
249.0,251.0,0.021675899624824524,0.016889620572328568,0.007598331198096275
250.0,252.0,0.012546954676508904,0.015224413946270943,0.01109409797936678
251.0,253.0,0.019581712782382965,0.012494577094912529,0.011539801955223083
252.0,254.0,0.02465035766363144,0.0019062627106904984,0.01815396174788475
253.0,255.0,0.02870103344321251,0.013101842254400253,0.014768661931157112
254.0,256.0,0.021924924105405807,0.012769918888807297,0.0276674572378397
255.0,257.0,0.0,0.00469621317461133,0.01489277370274067
256.0,258.0,0.018151111900806427,0.0,0.005917672533541918
257.0,259.0,0.01729263737797737,0.0,0.004968192428350449
258.0,260.0,0.008439702913165092,0.004756467416882515,0.00513828732073307
259.0,261.0,0.020616615191102028,0.0065876180306077,0.011714577674865723
260.0,262.0,0.01673298515379429,0.0003875955007970333,0.008980728685855865
261.0,263.0,0.008151386864483356,0.00819313433021307,0.012249791994690895
262.0,264.0,0.010462522506713867,0.0041228304617106915,0.0
263.0,265.0,0.019544437527656555,0.00987798348069191,0.0029544057324528694
264.0,266.0,0.025711800903081894,0.013384714722633362,0.010721140541136265
265.0,267.0,0.02628614753484726,0.019729668274521828,0.0049110762774944305
266.0,268.0,0.021126937121152878,0.019550316035747528,0.0036833237390965223
267.0,269.0,0.026363080367445946,0.002824174938723445,0.01002212893217802
268.0,270.0,0.022453390061855316,0.00047782110050320625,0.019624333828687668
269.0,271.0,0.0,0.0062709348276257515,0.0
270.0,272.0,0.01989092119038105,0.01734052784740925,0.0077161965891718864
271.0,273.0,0.024825192987918854,0.0065468549728393555,0.00017406209371984005
272.0,274.0,0.03472026437520981,0.0046525392681360245,0.0037731314077973366
273.0,275.0,0.030452169477939606,0.002634841250255704,0.0010631890036165714
274.0,276.0,0.03491327166557312,0.0,0.002713720314204693
275.0,277.0,0.029783908277750015,0.0,0.010954548604786396
276.0,278.0,0.011413807049393654,0.005254705436527729,0.0
277.0,279.0,0.010518636554479599,0.0,0.0
278.0,280.0,0.01366219762712717,0.0,0.0
279.0,281.0,0.01698283478617668,0.008567873388528824,0.0005140760913491249
280.0,282.0,0.017830559983849525,0.0,2.395384944975376e-05
281.0,283.0,0.01341412402689457,0.0064817690290510654,0.00934556219726801
282.0,284.0,0.003213275922462344,0.027426790446043015,0.016574766486883163
283.0,285.0,0.005020663142204285,0.023007193580269814,0.0
284.0,286.0,0.0,0.01875898241996765,0.015147833153605461
285.0,287.0,0.01165749877691269,0.0038577490486204624,0.009571671485900879
286.0,288.0,0.018823128193616867,0.0,0.0
287.0,289.0,0.03156279772520065,0.0,0.007404034025967121
288.0,290.0,0.03324537351727486,0.00229843333363533,0.019209688529372215
289.0,291.0,0.02764507383108139,0.0,0.0053360131569206715
290.0,292.0,0.027262454852461815,0.0,0.002544817980378866
291.0,293.0,0.021460536867380142,0.0,0.0
292.0,294.0,0.009604763239622116,0.004011239390820265,0.011138588190078735
293.0,295.0,0.0011667355429381132,0.009868234395980835,0.007792776450514793
294.0,296.0,0.01711719110608101,0.0,0.004003585781902075
295.0,297.0,0.02763489820063114,0.0,0.0
296.0,298.0,0.022316791117191315,0.0,0.000378649216145277
297.0,299.0,0.0193334873765707,0.0,0.0
298.0,300.0,0.01967114955186844,0.002191617153584957,0.0
299.0,301.0,0.008877824060618877,0.01522055920213461,0.0029285033233463764
300.0,302.0,0.022567378357052803,0.003170543583109975,0.006383421830832958
301.0,303.0,0.02013717032968998,0.0,0.006010310724377632
302.0,304.0,0.0164902713149786,0.0,0.010658279992640018
303.0,305.0,0.0111369788646698,0.0,0.0
304.0,306.0,0.01638130657374859,0.0,0.0
305.0,307.0,0.017215201631188393,0.0035052401944994926,0.00030131894163787365
306.0,308.0,0.021600201725959778,0.0,0.004084104206413031
307.0,309.0,0.019391486421227455,0.0,0.01150358747690916
308.0,310.0,0.025107577443122864,0.0,0.015306297689676285
309.0,311.0,0.012459198012948036,0.0,0.022123631089925766
310.0,312.0,0.011026991531252861,0.024127187207341194,0.02146740071475506
311.0,313.0,0.01059943437576294,0.02363448590040207,0.018744003027677536
312.0,314.0,0.013889024034142494,0.010970878414809704,0.0037644505500793457
313.0,315.0,0.007057364098727703,0.009280400350689888,0.018056584522128105
314.0,316.0,0.020728999748826027,0.0192148108035326,0.026018301025032997
315.0,317.0,0.014656227082014084,0.002164924517273903,0.012082468718290329
316.0,318.0,0.019668499007821083,0.0,0.0023564156144857407
317.0,319.0,0.011634301394224167,0.0,0.0
318.0,320.0,0.01574818789958954,0.0,0.0
319.0,321.0,0.018078694120049477,0.0014359201304614544,0.000522758811712265
320.0,322.0,0.0136070866137743,0.010742592625319958,0.01663973554968834
321.0,323.0,0.008718490600585938,0.017786692827939987,0.01337378565222025
322.0,324.0,0.016064682975411415,0.009315600618720055,0.007205084897577763
323.0,325.0,0.025247227400541306,0.015740901231765747,0.013050164096057415
324.0,326.0,0.013717196881771088,0.0034546146634966135,0.006808015517890453
325.0,327.0,0.0004961767699569464,0.0,0.006559270434081554
326.0,328.0,0.0088586937636137,0.009560366161167622,0.010527198202908039
327.0,329.0,0.02731058932840824,0.011500404216349125,0.0013572531752288342
328.0,330.0,0.01751209795475006,0.009078975766897202,0.001218774588778615
329.0,331.0,0.009496779181063175,0.0,0.0
330.0,332.0,0.022405894473195076,0.0,0.0
331.0,333.0,0.025251558050513268,0.0,0.009114609099924564
332.0,334.0,0.013054181821644306,0.0,0.016596956178545952
333.0,335.0,0.01604658178985119,0.008273575454950333,0.0
334.0,336.0,0.0,0.020619193091988564,0.0
335.0,337.0,0.01171570923179388,0.006035883445292711,0.010946717113256454
336.0,338.0,0.025005299597978592,0.005452580749988556,0.02247743308544159
337.0,339.0,0.034649357199668884,0.021916568279266357,0.03129813075065613
338.0,340.0,0.012341906316578388,0.023047752678394318,0.029765374958515167
339.0,341.0,0.02829931303858757,0.0162623580545187,0.015068311244249344
340.0,342.0,0.021547209471464157,0.006001640111207962,0.008674256503582
341.0,343.0,0.01726165972650051,0.0,0.0
342.0,344.0,0.022527508437633514,0.0021350812166929245,0.0
343.0,345.0,0.02163264900445938,0.0007779194274917245,0.008150633424520493
344.0,346.0,0.014418601989746094,0.0029320581816136837,0.0014777830801904202
345.0,347.0,0.025517810136079788,0.0,0.01796824485063553
346.0,348.0,0.018260274082422256,0.015111771412193775,0.010965528897941113
347.0,349.0,0.014309498481452465,0.0014308633981272578,0.013549999333918095
348.0,350.0,0.012701854109764099,0.0025522341020405293,0.006863781716674566
349.0,351.0,0.008471770212054253,0.01843767799437046,0.0029427180998027325
350.0,352.0,0.01874936930835247,0.012616179883480072,0.007718879729509354
351.0,353.0,0.02710222452878952,0.013780723325908184,0.015150184743106365
352.0,354.0,0.019980724900960922,0.007347739301621914,0.003348322119563818
353.0,355.0,0.014544081874191761,0.0012461855076253414,0.002153817331418395
354.0,356.0,0.015250243246555328,0.0,0.0
355.0,357.0,0.014681097120046616,0.001548889558762312,0.007461848668754101
356.0,358.0,0.022805634886026382,0.01174113154411316,0.018254563212394714
357.0,359.0,0.0207887701690197,0.011261079460382462,0.012855645269155502
358.0,360.0,0.02032918483018875,0.0,0.0030771102756261826
359.0,361.0,0.02028028480708599,0.0005738129839301109,0.001192205585539341
360.0,362.0,0.03153994306921959,0.010012989863753319,0.0200410857796669
361.0,363.0,0.020487211644649506,0.0036462440621107817,0.014738138765096664
362.0,364.0,0.02272680774331093,0.014270476996898651,0.02535605989396572
363.0,365.0,0.022365685552358627,0.009357288479804993,0.02251364476978779
364.0,366.0,0.017317112535238266,8.124089799821377e-05,0.00772637315094471
365.0,367.0,0.024785473942756653,0.0,0.01033282745629549
366.0,368.0,0.028305156156420708,0.0020627789199352264,0.011815248057246208
367.0,369.0,0.013036507181823254,0.010360805317759514,0.019473472610116005
368.0,370.0,0.0186846274882555,0.013030492700636387,0.0220192763954401
369.0,371.0,0.01795528642833233,0.0025376034900546074,0.005308009684085846
370.0,372.0,0.03459307178854942,0.006636940874159336,0.0027540288865566254
371.0,373.0,0.023551389575004578,0.008084502071142197,0.0033141756430268288
372.0,374.0,0.004760838113725185,0.001913675107061863,0.0012359954416751862
373.0,375.0,0.01297575980424881,0.012574261985719204,0.013261656276881695
374.0,376.0,0.014780629426240921,0.0032800789922475815,0.009110983461141586
375.0,377.0,0.028826985508203506,0.00916011817753315,0.018262390047311783
376.0,378.0,0.016107063740491867,0.01865406334400177,0.025325458496809006
377.0,379.0,0.004296871833503246,0.008526710793375969,0.0
378.0,380.0,0.010470828041434288,0.0,0.0
379.0,381.0,0.022952839732170105,0.007300533354282379,0.021960746496915817
380.0,382.0,0.01114853098988533,0.006009458564221859,0.020547160878777504
381.0,383.0,0.006745054852217436,0.0,0.02192983217537403
382.0,384.0,0.010053986683487892,0.0,0.01543631125241518
383.0,385.0,0.021928910166025162,0.007246517576277256,0.007680191658437252
384.0,386.0,0.0223651472479105,0.0,0.0023768830578774214
385.0,387.0,0.029659200459718704,0.0,0.0023371954448521137
386.0,388.0,0.030565954744815826,0.0021742512471973896,0.003360794624313712
387.0,389.0,0.016123563051223755,0.006226302590221167,0.011956069618463516
388.0,390.0,0.019268345087766647,0.0050740852020680904,0.020957745611667633
389.0,391.0,0.027337929233908653,0.005817701108753681,0.011453374288976192
390.0,392.0,0.021604057401418686,0.01607901230454445,0.007253349758684635
391.0,393.0,0.012113467790186405,0.008723285049200058,0.00668913871049881
392.0,394.0,0.02140137553215027,0.008684657514095306,0.02036886289715767
393.0,395.0,0.026264462620019913,0.014685959555208683,0.01845395565032959
394.0,396.0,0.007018505595624447,0.0036653010174632072,0.014066953212022781
395.0,397.0,0.0,0.010710691101849079,0.005714665167033672
396.0,398.0,0.001746872439980507,0.017543118447065353,0.0
397.0,399.0,0.019089344888925552,0.017977848649024963,0.0024271178990602493
398.0,400.0,0.0313330702483654,0.010559577494859695,0.002805076539516449
399.0,401.0,0.024778258055448532,0.0,0.012422369793057442
400.0,402.0,0.023449279367923737,0.0022428552620112896,0.02360423468053341
401.0,403.0,0.02368365041911602,0.0037121959030628204,0.022265100851655006
402.0,404.0,0.00979753490537405,0.007806849665939808,0.013459199108183384
403.0,405.0,0.006826738361269236,0.0,0.008116332814097404
404.0,406.0,0.02279328927397728,0.0,0.007114380598068237
405.0,407.0,0.021707631647586823,0.003968308679759502,0.0032964334823191166
406.0,408.0,0.012377063743770123,0.0016094313468784094,0.017814723774790764
407.0,409.0,0.015800628811120987,0.0,0.00752799678593874
408.0,410.0,0.03003508597612381,0.0,0.014718571677803993
409.0,411.0,0.024710504338145256,0.0005271572154015303,0.027658598497509956
410.0,412.0,0.0,0.01068400964140892,0.01482424046844244
411.0,413.0,0.0,0.01496689673513174,0.0
412.0,414.0,0.013702538795769215,0.03223329782485962,0.02521771937608719
413.0,415.0,0.02190244011580944,0.014694556593894958,0.026129871606826782
414.0,416.0,0.013078614138066769,0.005521733313798904,0.00244721258059144
415.0,417.0,0.010522723197937012,0.004267497919499874,0.0
416.0,418.0,0.014220669865608215,0.011833937838673592,0.009161265566945076
417.0,419.0,0.017079375684261322,0.0066022309474647045,0.004318582825362682
418.0,420.0,0.028401069343090057,0.0,0.01455419696867466
419.0,421.0,0.013506103307008743,0.0,0.023686515167355537
420.0,422.0,0.012063609436154366,0.011049953289330006,0.01773427054286003
421.0,423.0,0.022961050271987915,0.0,0.0
422.0,424.0,0.026687655597925186,0.0,0.0016931828577071428
423.0,425.0,0.025945458561182022,0.0,0.0
424.0,426.0,0.021726397797465324,0.0,0.005932834465056658
425.0,427.0,0.025410301983356476,0.0,0.008478187955915928
426.0,428.0,0.03472043573856354,0.0,0.012456545606255531
427.0,429.0,0.021251188591122627,0.007605700753629208,0.0016391230747103691
428.0,430.0,0.017680130898952484,0.0006425909232348204,0.01275540143251419
429.0,431.0,0.00638100178912282,0.0,0.014338233508169651
430.0,432.0,0.012991832569241524,0.0,0.017862049862742424
431.0,433.0,0.019754845649003983,0.015392706729471684,0.010874173603951931
432.0,434.0,0.023877758532762527,0.0,0.0064003183506429195
433.0,435.0,0.031115612015128136,0.0,0.0
434.0,436.0,0.03060777112841606,0.005012570880353451,0.0
435.0,437.0,0.004245264455676079,0.015014974400401115,0.0
436.0,438.0,0.0007461209315806627,0.010086584836244583,0.0014531216584146023
437.0,439.0,0.010978994891047478,0.007195507641881704,0.009819845668971539
438.0,440.0,0.01734461821615696,0.023539047688245773,0.021202171221375465
439.0,441.0,0.0,0.02402525581419468,0.003115073312073946
440.0,442.0,0.012383255176246166,0.0,0.013702881522476673
441.0,443.0,0.014181800186634064,0.0,0.0036016092635691166
442.0,444.0,0.020691193640232086,0.0018888519844040275,0.01093289814889431
443.0,445.0,0.02301103249192238,0.015218080952763557,0.004162725061178207
444.0,446.0,0.025942005217075348,0.009480118751525879,0.0
445.0,447.0,0.011276191100478172,0.0,0.0036099543794989586
446.0,448.0,0.0021661000791937113,0.007370811887085438,0.011905167251825333
447.0,449.0,0.01623307727277279,0.0,0.010265283286571503
448.0,450.0,0.019005535170435905,0.0,0.008442586287856102
449.0,451.0,0.018698252737522125,0.0,0.0228780098259449
450.0,452.0,0.0,0.006637007463723421,0.00344296358525753
451.0,453.0,0.0,0.010546747595071793,0.003228330984711647
452.0,454.0,0.015452748164534569,0.0010429155081510544,0.0
453.0,455.0,0.024341940879821777,0.0003991371486335993,0.009741595014929771
454.0,456.0,0.013965306803584099,0.009056301787495613,0.008487078361213207
455.0,457.0,0.0005553155206143856,0.012054461985826492,0.0014119804836809635
456.0,458.0,0.011019157245755196,0.010794030502438545,0.010739535093307495
457.0,459.0,0.009261758998036385,0.005809886381030083,0.0017817574553191662
458.0,460.0,0.006449636071920395,0.0002998681738972664,0.0014438387006521225
459.0,461.0,0.00588923878967762,0.0031133342999964952,0.01611470617353916
460.0,462.0,0.0,0.022509966045618057,0.008901313878595829
461.0,463.0,0.0079554608091712,0.01648753136396408,0.010395496152341366
462.0,464.0,0.023511603474617004,0.0045310999266803265,0.011401657946407795
463.0,465.0,0.02129441685974598,0.0,0.0020040245726704597
464.0,466.0,0.021265659481287003,0.003436299506574869,0.0
465.0,467.0,0.02193061262369156,0.009569194167852402,0.004187266808003187
466.0,468.0,0.021019481122493744,0.0041310228407382965,0.007270382717251778
467.0,469.0,0.01705757901072502,0.0,0.00022981874644756317
468.0,470.0,0.0027891648933291435,0.00032210350036621094,0.012616545893251896
469.0,471.0,0.004991123452782631,0.010358075611293316,0.027133677154779434
470.0,472.0,0.01274686586111784,0.020492039620876312,0.0
471.0,473.0,0.021096810698509216,0.0,0.0119307367131114
472.0,474.0,0.02195245772600174,0.0,0.008657857775688171
473.0,475.0,0.029133524745702744,0.004882636480033398,0.01756601780653
474.0,476.0,0.017507724463939667,0.0,0.0023475801572203636
475.0,477.0,0.022483021020889282,0.0,0.003853004891425371
476.0,478.0,0.019850604236125946,0.004248639568686485,0.01015715766698122
477.0,479.0,0.013170450925827026,0.0,0.008269494399428368
478.0,480.0,0.014144299551844597,0.0,0.00985610019415617
479.0,481.0,0.012861957773566246,0.0033566211350262165,0.01635325513780117
480.0,482.0,0.01648050546646118,0.00958528183400631,0.018618006259202957
481.0,483.0,0.014435112476348877,0.0020475133787840605,0.012445049360394478
482.0,484.0,0.008711201138794422,0.0,0.0
483.0,485.0,0.008436976931989193,0.0,0.0
484.0,486.0,0.008577950298786163,0.0,0.0
485.0,487.0,0.008100736886262894,0.0,0.0
486.0,488.0,0.021123047918081284,0.004600869491696358,0.01680958829820156
487.0,489.0,0.015441549941897392,0.0,0.01740545779466629
488.0,490.0,0.02161371521651745,0.0,0.019374191761016846
489.0,491.0,0.021567074581980705,0.0,0.008301005698740482
490.0,492.0,0.0166053157299757,0.0,0.003784660715609789
491.0,493.0,0.008851173333823681,0.008241231553256512,0.0054775127209723
492.0,494.0,0.017442697659134865,0.0,0.0
493.0,495.0,0.011912724003195763,0.0021281284280121326,0.015249243006110191
494.0,496.0,0.0,0.01905634254217148,0.009371326304972172
495.0,497.0,0.002258917083963752,0.012028122320771217,0.00926956720650196
496.0,498.0,0.01162510085850954,0.0,0.013113000430166721
497.0,499.0,0.018565282225608826,0.01010536402463913,0.010228984989225864
498.0,500.0,0.019875017926096916,0.0024842084385454655,0.010569406673312187
499.0,501.0,0.02616387978196144,0.0,0.012125851586461067
500.0,502.0,0.025299059227108955,0.0,0.007834160700440407
501.0,503.0,0.021345000714063644,0.004594314843416214,0.00986181665211916
502.0,504.0,0.02062232978641987,0.009723760187625885,0.019016940146684647
503.0,505.0,0.0,0.009762175381183624,0.0
504.0,506.0,0.006671465002000332,0.01490284875035286,0.0003164906520396471
505.0,507.0,0.026507485657930374,0.0,0.002631142735481262
506.0,508.0,0.03053239732980728,0.0,0.0
507.0,509.0,0.014203906990587711,0.0,9.29608941078186e-05
508.0,510.0,0.022873302921652794,0.0020012729801237583,0.003513377159833908
509.0,511.0,0.027769122272729874,0.018789775669574738,0.018261868506669998
510.0,512.0,0.025949660688638687,0.015681926161050797,0.018122438341379166
511.0,513.0,0.010563072748482227,0.004533279687166214,0.0015139575116336346
512.0,514.0,0.002068847417831421,0.0280904620885849,0.013279804959893227
513.0,515.0,0.0,0.018388856202363968,0.0
514.0,516.0,0.009409211575984955,0.005317900329828262,0.005826682783663273
515.0,517.0,0.017885927110910416,0.0059629445895552635,0.010528478771448135
516.0,518.0,0.01763540506362915,0.019869364798069,0.02920864336192608
517.0,519.0,0.019300557672977448,0.019085487350821495,0.02349718287587166
518.0,520.0,0.021258167922496796,0.022484587505459785,0.00831680465489626
519.0,521.0,0.02599674090743065,0.008889669552445412,0.012284920550882816
520.0,522.0,0.024115493521094322,0.0025164736434817314,0.010167641565203667
521.0,523.0,0.020054126158356667,0.009022007696330547,0.0
522.0,524.0,0.017947521060705185,0.001440009567886591,0.018692566081881523
523.0,525.0,0.015937693417072296,0.01647227071225643,0.013768428936600685
524.0,526.0,0.009667119942605495,0.01773965172469616,0.0143619105219841
525.0,527.0,0.0223812498152256,0.010622480884194374,0.015469267033040524
526.0,528.0,0.024700626730918884,0.014659392647445202,3.784545697271824e-05
527.0,529.0,0.016328031197190285,0.010364069603383541,0.01213596947491169
528.0,530.0,0.025836626067757607,0.0070237936452031136,0.013652252033352852
529.0,531.0,0.012224962934851646,0.013043612241744995,0.0
530.0,532.0,0.0066932812333106995,0.015706419944763184,0.0
531.0,533.0,0.011545740067958832,0.006834274157881737,0.0
532.0,534.0,0.01639728620648384,0.015976034104824066,0.004095462150871754
533.0,535.0,0.011325051076710224,0.012975629419088364,0.006736394017934799
534.0,536.0,0.013152863830327988,0.016406645998358727,0.010876087471842766
535.0,537.0,0.009632114320993423,0.007604989223182201,0.0
536.0,538.0,0.02095046080648899,0.014740952290594578,0.017276523634791374
537.0,539.0,0.02182392030954361,0.013031195849180222,0.014656804502010345
538.0,540.0,0.01372389867901802,0.011141614988446236,0.0018816615920513868
539.0,541.0,0.016649914905428886,0.007563440594822168,0.002142318757250905
540.0,542.0,0.017544981092214584,0.01642453297972679,0.02917100116610527
541.0,543.0,0.011210130527615547,0.013286959379911423,0.017849057912826538
542.0,544.0,0.010759728029370308,0.01167379878461361,0.009557928889989853
543.0,545.0,0.005443483591079712,0.007420821115374565,0.008420887403190136
544.0,546.0,0.018062636256217957,0.011813286691904068,0.007456091698259115
545.0,547.0,0.02331162616610527,0.011389931663870811,0.013606477528810501
546.0,548.0,0.021928906440734863,0.006256443914026022,0.004539872519671917
547.0,549.0,0.015379734337329865,0.0036117134150117636,0.006106919143348932
548.0,550.0,0.008781660348176956,0.0161789208650589,0.01394581701606512
549.0,551.0,0.0,0.0201562587171793,0.007383064366877079
550.0,552.0,0.01482472475618124,0.017614811658859253,0.007720918394625187
551.0,553.0,0.025580812245607376,0.010280855000019073,0.010582935065031052
552.0,554.0,0.0319206640124321,0.007210492622107267,0.0024012611247599125
553.0,555.0,0.031093236058950424,0.00558309443295002,0.006990750785917044
554.0,556.0,0.024608749896287918,0.00015389733016490936,0.014308486133813858
555.0,557.0,0.02336455136537552,0.0037373173981904984,0.014357537031173706
556.0,558.0,0.007495551835745573,0.007130663841962814,0.0021256497129797935
557.0,559.0,0.011869960464537144,0.0,0.0
558.0,560.0,0.029824409633874893,0.005778859369456768,0.004459811374545097
559.0,561.0,0.026684317737817764,0.015786437317728996,0.010167754255235195
560.0,562.0,0.024226848036050797,0.004273928236216307,0.013413719832897186
561.0,563.0,0.01585029996931553,0.004299595486372709,0.019921671599149704
562.0,564.0,0.00982719473540783,0.006343137007206678,0.03039155714213848
563.0,565.0,0.007601093500852585,0.0,0.008290950208902359
564.0,566.0,0.009414443746209145,0.0,0.0
565.0,567.0,0.02247580885887146,0.0,0.0
566.0,568.0,0.020120829343795776,0.0005802186205983162,0.00807008147239685
567.0,569.0,0.022460734471678734,0.0049576107412576675,0.010895333252847195
568.0,570.0,0.01708056777715683,0.0022696712985634804,0.0022640619426965714
569.0,571.0,0.016058985143899918,0.0,0.0
570.0,572.0,0.011779151856899261,0.0,0.0
571.0,573.0,0.00803571566939354,0.0027917171828448772,0.007259024307131767
572.0,574.0,0.0023674783296883106,0.007964691147208214,0.016452731564641
573.0,575.0,0.013518746010959148,0.0,0.020302198827266693
574.0,576.0,0.01932203397154808,0.014380436390638351,0.01739245466887951
575.0,577.0,0.0,0.015829388052225113,0.02705187350511551
576.0,578.0,0.00603116862475872,0.014683764427900314,0.016149764880537987
577.0,579.0,0.01730852574110031,0.01458896603435278,0.0032328013330698013
578.0,580.0,0.012643302790820599,0.003033798886463046,0.0038354629650712013
579.0,581.0,0.020155588164925575,0.0,0.0
580.0,582.0,0.012545374222099781,0.009869653731584549,0.00455471733585
581.0,583.0,0.011211848817765713,0.0023771340493112803,0.0
582.0,584.0,0.01348497811704874,0.0018701553344726562,0.0
583.0,585.0,0.020339272916316986,0.015710940584540367,0.011105502024292946
584.0,586.0,0.009681993164122105,0.015368138439953327,0.01598428189754486
585.0,587.0,0.029288973659276962,0.006299587897956371,0.01243901252746582
586.0,588.0,0.036465395241975784,0.0,0.0004373439587652683
587.0,589.0,0.03269046172499657,0.0008196381386369467,0.007375949993729591
588.0,590.0,0.01020414661616087,0.0037967406678944826,0.00637283269315958
589.0,591.0,0.023489635437726974,0.0044597601518034935,0.012405005283653736
590.0,592.0,0.015074512921273708,0.010259587317705154,0.010312079451978207
591.0,593.0,0.010034660808742046,0.010583974421024323,0.011466427706182003
592.0,594.0,0.006596890743821859,0.015399962663650513,0.019637087360024452
593.0,595.0,0.009261677972972393,0.013891292735934258,0.026136066764593124
594.0,596.0,0.020867545157670975,0.020242840051651,0.027474522590637207
595.0,597.0,0.02784542366862297,0.010480702854692936,0.009956937283277512
596.0,598.0,0.03403199836611748,0.00042045197915285826,0.0
597.0,599.0,0.015528745017945766,0.0,0.0
598.0,600.0,0.022860035300254822,0.0028292720671743155,0.0
599.0,601.0,0.01898336224257946,0.00475744204595685,0.0
600.0,602.0,0.016026213765144348,0.0,0.0
601.0,603.0,0.02529332973062992,0.0,0.0
602.0,604.0,0.01817287504673004,0.0,0.0015464829048141837
603.0,605.0,0.010422294028103352,0.0,0.0068596117198467255
604.0,606.0,0.0123788733035326,0.003805479733273387,2.8782058507204056e-05
605.0,607.0,0.014330093748867512,0.005508470349013805,0.0
606.0,608.0,0.015290021896362305,0.0,0.003815197851508856
607.0,609.0,0.024057522416114807,0.008180868811905384,0.0029451679438352585
608.0,610.0,0.01585627719759941,0.00785799976438284,0.004890505690127611
609.0,611.0,0.015307959169149399,0.0018746927380561829,0.006143842823803425
610.0,612.0,0.013177948072552681,0.009331232868134975,0.012790570966899395
611.0,613.0,0.0048276702873408794,0.011175788938999176,0.018625902011990547
612.0,614.0,0.009101854637265205,0.02130858600139618,0.0
613.0,615.0,0.013025308959186077,0.015727851539850235,0.013445255346596241
614.0,616.0,0.01537206582725048,0.01640256494283676,0.01953381486237049
615.0,617.0,0.01922784373164177,0.017462441697716713,0.0185066107660532
616.0,618.0,0.008203755132853985,0.014496071264147758,0.003624811302870512
617.0,619.0,0.019190074875950813,0.010161354206502438,0.006080546882003546
618.0,620.0,0.024754351004958153,0.0011974317021667957,0.007322890684008598
619.0,621.0,0.02641211822628975,0.0,0.00023776758462190628
620.0,622.0,0.012998221442103386,0.0,0.004882833920419216
621.0,623.0,0.010381650179624557,0.006521578412503004,0.012349909171462059
622.0,624.0,0.01365104503929615,0.016878020018339157,0.009025057777762413
623.0,625.0,0.0071565923281013966,0.006508510094136,0.0
624.0,626.0,0.020245172083377838,0.0,0.0
625.0,627.0,0.0247512124478817,0.0012090355157852173,0.005035386420786381
626.0,628.0,0.022752586752176285,0.015405628830194473,0.020362261682748795
627.0,629.0,0.026153039187192917,0.014309095218777657,0.01602552831172943
628.0,630.0,0.020605381578207016,0.0031244244892150164,0.006558970082551241
629.0,631.0,0.016185320913791656,0.0018739299848675728,0.0
630.0,632.0,0.004845422692596912,0.0,0.0
631.0,633.0,0.002477559493854642,0.0,0.0017947870073840022
632.0,634.0,0.007844777777791023,0.006352345924824476,0.006318316794931889
633.0,635.0,0.021822048351168633,0.0053988490253686905,0.0
634.0,636.0,0.025687217712402344,0.0006504650227725506,0.003957204055041075
635.0,637.0,0.017809897661209106,0.006649520248174667,0.007524273823946714
636.0,638.0,0.01359596662223339,0.013059857301414013,0.005991481710225344
637.0,639.0,0.0231856107711792,8.656736463308334e-05,0.01066261250525713
638.0,640.0,0.022849440574645996,0.0,0.014368448406457901
639.0,641.0,0.021304473280906677,0.0,0.007884273305535316
640.0,642.0,0.029679805040359497,0.00947262067347765,0.004908298142254353
641.0,643.0,0.021010812371969223,0.0005290643312036991,0.0
642.0,644.0,0.02203407883644104,0.0072800153866410255,0.013863631524145603
643.0,645.0,0.0010115429759025574,0.009603466838598251,0.012824664823710918
644.0,646.0,0.015238216146826744,0.002425870858132839,0.010479038581252098
645.0,647.0,0.011427885852754116,0.0,0.0
646.0,648.0,0.017879465594887733,0.0,0.0
647.0,649.0,0.01980247162282467,0.0,0.01183394156396389
648.0,650.0,0.010799935087561607,0.0,0.007120680063962936
649.0,651.0,0.015173600055277348,0.0,0.013924293220043182
650.0,652.0,0.02276221476495266,0.0,0.012990633957087994
651.0,653.0,0.02881038375198841,0.0008848684374243021,0.0073409308679401875
652.0,654.0,0.015584849752485752,0.0,0.0
653.0,655.0,0.0024600576143711805,0.0,0.008213602006435394
654.0,656.0,0.0,0.015049900859594345,0.0
655.0,657.0,0.012789471074938774,0.008500861935317516,0.0010575305204838514
656.0,658.0,0.005258836783468723,0.008792756125330925,0.002637488069012761
657.0,659.0,0.009605465456843376,0.0015288437716662884,0.004683839622884989
658.0,660.0,0.013127574697136879,0.0130308847874403,0.009116333909332752
659.0,661.0,0.0006438582204282284,0.02402813360095024,0.0
660.0,662.0,0.006253723055124283,0.022811975330114365,0.00039518484845757484
661.0,663.0,0.02271307446062565,0.004821802489459515,0.002755747176706791
662.0,664.0,0.019862353801727295,0.0,0.0002234312705695629
663.0,665.0,0.008591914549469948,0.008762764744460583,0.005975800100713968
664.0,666.0,0.004387296736240387,0.00480607058852911,0.0021352143958210945
665.0,667.0,0.007859570905566216,0.0,0.005898510105907917
666.0,668.0,0.008287187665700912,0.009794277139008045,0.01731811836361885
667.0,669.0,0.02043421007692814,0.0025252467021346092,0.01957392506301403
668.0,670.0,0.019941136240959167,0.0,0.010548285208642483
669.0,671.0,0.007771185599267483,0.0010872045531868935,0.0
670.0,672.0,0.004456452094018459,0.0,0.0
671.0,673.0,0.006311451084911823,0.001988610252737999,0.007829203270375729
672.0,674.0,0.013326939195394516,0.0,0.0
673.0,675.0,0.01371197309345007,0.0,0.0
674.0,676.0,0.024583512917160988,0.0,0.0
675.0,677.0,0.02873130887746811,0.0,0.014832668006420135
676.0,678.0,0.015474461019039154,0.0032172496430575848,0.025387752801179886
677.0,679.0,0.014473740942776203,0.013213856145739555,0.012828274630010128
678.0,680.0,0.015951141715049744,0.00972452200949192,0.007921287789940834
679.0,681.0,0.01880825310945511,0.007884442806243896,0.014004719443619251
680.0,682.0,0.019436024129390717,0.00164351228158921,0.0024932578671723604
681.0,683.0,0.006460460834205151,0.008893812075257301,0.0
682.0,684.0,0.01800507679581642,0.0016822721809148788,0.0013500703498721123
683.0,685.0,0.0164986290037632,0.004973725415766239,0.013860114850103855
684.0,686.0,0.02031165547668934,0.014631037600338459,0.011960091069340706
685.0,687.0,0.015233203768730164,0.0007423367351293564,0.013267414644360542
686.0,688.0,0.010412856936454773,0.0,0.024715445935726166
687.0,689.0,0.016790013760328293,0.004467137157917023,0.004334529861807823
688.0,690.0,0.010982880368828773,0.010480627417564392,0.0014974601799622178
689.0,691.0,0.0097974743694067,0.015281163156032562,0.01064128428697586
690.0,692.0,0.024087082594633102,0.002572499681264162,0.0
691.0,693.0,0.015595676377415657,0.0,0.0
692.0,694.0,0.024343784898519516,0.004785213619470596,0.003929559141397476
693.0,695.0,0.018036428838968277,0.0,0.0023953216150403023
694.0,696.0,0.0025715536903589964,0.0,0.012600438669323921
695.0,697.0,0.0036266385577619076,0.013931811787188053,0.01668981835246086
696.0,698.0,0.006019603461027145,0.013032992370426655,0.0
697.0,699.0,0.01602979749441147,0.0,0.0
698.0,700.0,0.02185707911849022,0.0,0.009144886396825314
699.0,701.0,0.019763324409723282,0.0,0.023991992697119713
700.0,702.0,0.008106643334031105,0.0,0.01099693775177002
701.0,703.0,0.008391721174120903,0.0027290950529277325,0.01863042637705803
702.0,704.0,0.0,0.0,0.008079047314822674
703.0,705.0,0.02049603872001171,0.018559090793132782,0.005842502228915691
704.0,706.0,0.024624651297926903,0.005942658055573702,0.007832568138837814
705.0,707.0,0.02201656810939312,0.0013142451643943787,0.019126854836940765
706.0,708.0,0.013986079022288322,0.006886095739901066,0.0021958572324365377
707.0,709.0,0.004533648490905762,0.0,0.010485019534826279
708.0,710.0,0.017701031640172005,0.0062502543441951275,0.01550694927573204
709.0,711.0,0.0175766721367836,0.019212353974580765,0.02275044098496437
710.0,712.0,0.0081169493496418,0.011704089120030403,0.012156432494521141
711.0,713.0,0.014880423434078693,0.0,0.008336145430803299
712.0,714.0,0.013944788835942745,8.561485446989536e-05,0.020038045942783356
713.0,715.0,0.0052671972662210464,0.0,0.02013354003429413
714.0,716.0,0.010346490889787674,0.004650215618312359,0.019864719361066818
715.0,717.0,0.016139216721057892,0.0,0.020266208797693253
716.0,718.0,0.01816575974225998,0.0,0.010680889710783958
717.0,719.0,0.012872935272753239,0.0023640438448637724,0.0073778084479272366
718.0,720.0,0.012849085032939911,0.008747062645852566,0.011898109689354897
719.0,721.0,0.008636770769953728,0.006760981399565935,0.004428193438798189
720.0,722.0,0.014803895726799965,0.0029119704850018024,0.003718291176483035
721.0,723.0,0.021617639809846878,0.009484759531915188,0.0
722.0,724.0,0.01558651588857174,0.009805863723158836,0.0036265142261981964
723.0,725.0,0.026200272142887115,0.011216250248253345,0.019076433032751083
724.0,726.0,0.0144602470099926,0.0043877242133021355,0.01939011923968792
725.0,727.0,0.030540866777300835,0.001995618687942624,0.014405136927962303
726.0,728.0,0.017073998227715492,0.0,0.0
727.0,729.0,0.009132834151387215,0.004486491438001394,0.0007976391352713108
728.0,730.0,0.020105380564928055,0.010568417608737946,0.008849531412124634
729.0,731.0,0.02061055228114128,0.0,0.004666398279368877
730.0,732.0,0.019842851907014847,0.0,0.004099000245332718
731.0,733.0,0.032048843801021576,0.008791003376245499,0.013182498514652252
732.0,734.0,0.016194339841604233,0.019818473607301712,0.011183084920048714
733.0,735.0,0.014412498101592064,0.0184103325009346,0.012357236817479134
734.0,736.0,0.013294272124767303,0.0034704580903053284,0.00444408692419529
735.0,737.0,0.015694625675678253,0.005222892388701439,0.016018832102417946
736.0,738.0,0.0,0.01017448864877224,0.0
737.0,739.0,0.008520799688994884,0.009141935035586357,0.012560146860778332
738.0,740.0,0.02878662571310997,0.0,0.005176208447664976
739.0,741.0,0.02715511992573738,0.0,0.0031608883291482925
740.0,742.0,0.0012962077744305134,0.0,0.0
741.0,743.0,0.011208939366042614,0.008616969920694828,0.010621448047459126
742.0,744.0,0.00924356747418642,0.0017235991545021534,0.0006933407858014107
743.0,745.0,0.010688826441764832,0.0,0.00210768124088645
744.0,746.0,0.01905771531164646,0.012370210140943527,0.012845316901803017
745.0,747.0,0.008713740855455399,0.009058344177901745,0.0
746.0,748.0,0.02992599830031395,0.00876663438975811,0.009037666022777557
747.0,749.0,0.027414724230766296,0.005936293862760067,0.029958268627524376
748.0,750.0,0.026614243164658546,0.0,0.014518050476908684
749.0,751.0,0.02168475091457367,0.005520190577954054,0.0
750.0,752.0,0.02463509514927864,0.014592841267585754,0.00285425060428679
751.0,753.0,0.014999421313405037,0.01569867692887783,0.014158842153847218
752.0,754.0,0.01620657928287983,0.008858408778905869,0.020519688725471497
753.0,755.0,0.028261076658964157,0.011428255587816238,0.023451708257198334
754.0,756.0,0.028125200420618057,0.007547059096395969,0.01663263328373432
755.0,757.0,0.014805875718593597,2.055428922176361e-05,0.008818045258522034
756.0,758.0,0.016883041709661484,0.0,0.0003676912747323513
757.0,759.0,0.012072695419192314,0.0053635346703231335,0.011609228327870369
758.0,760.0,0.005933343432843685,0.012916776351630688,0.00864329468458891
759.0,761.0,0.015275634825229645,0.0,0.0
760.0,762.0,0.018919620662927628,0.010518801398575306,0.013096909038722515
761.0,763.0,0.015809016302227974,0.011150158010423183,0.016817482188344002
762.0,764.0,0.0,0.02363891527056694,0.0
763.0,765.0,0.006901527754962444,0.017130261287093163,0.013522934168577194
764.0,766.0,0.010047375224530697,0.02343207225203514,0.0027882587164640427
765.0,767.0,0.02393580600619316,0.005894559435546398,0.005720771849155426
766.0,768.0,0.023539293557405472,0.010997764766216278,0.005483871791511774
767.0,769.0,0.014322908595204353,0.008978517726063728,0.0039682150818407536
768.0,770.0,0.010950112715363503,0.009173568338155746,0.007228140253573656
769.0,771.0,0.01068015955388546,0.004412149079144001,0.010496423579752445
770.0,772.0,0.007472731173038483,0.016964493319392204,0.01132718101143837
771.0,773.0,0.006812190171331167,0.01580078713595867,0.013427520170807838
772.0,774.0,0.013772211968898773,0.018436575308442116,0.010892827063798904
773.0,775.0,0.025646274909377098,0.0034604091197252274,0.01844187267124653
774.0,776.0,0.01639394462108612,0.0,0.014971079304814339
775.0,777.0,0.015199976041913033,0.007586679887026548,0.00776644004508853
776.0,778.0,0.01834573596715927,0.0,0.0017359331250190735
777.0,779.0,0.020749785006046295,0.0,0.0
778.0,780.0,0.03183240443468094,0.0,0.0005855795461684465
779.0,781.0,0.029644470661878586,0.004974566865712404,0.007153965532779694
780.0,782.0,0.014024578034877777,0.0,0.0
781.0,783.0,0.008457767777144909,0.007369915954768658,0.005189108662307262
782.0,784.0,0.02001642994582653,0.016107259318232536,0.004314146004617214
783.0,785.0,0.01660032756626606,0.016965599730610847,0.0
784.0,786.0,0.021064631640911102,0.015019834972918034,0.00369201204739511
785.0,787.0,0.024067778140306473,0.021142305806279182,0.019213389605283737
786.0,788.0,0.01921568065881729,0.010236525908112526,0.01619851402938366
787.0,789.0,0.022286809980869293,0.014093671925365925,0.007067256141453981
788.0,790.0,0.02346748858690262,0.010767387226223946,0.006697435397654772
789.0,791.0,0.011415500193834305,0.008251979947090149,0.0070749251171946526
790.0,792.0,0.00829939916729927,0.021520141512155533,0.00398491695523262
791.0,793.0,0.012297142297029495,0.012648177333176136,0.004302697256207466
792.0,794.0,0.028137624263763428,0.007210657931864262,0.010084930807352066
793.0,795.0,0.026371965184807777,0.012542545795440674,0.008185923099517822
794.0,796.0,0.028250746428966522,0.011927264742553234,0.005914114881306887
795.0,797.0,0.012843770906329155,0.006232046987861395,0.0
796.0,798.0,0.019472554326057434,0.009469117969274521,0.005760540254414082
797.0,799.0,0.020126212388277054,0.005382723640650511,0.018292564898729324
798.0,800.0,0.018529657274484634,0.0016371780075132847,0.005683613941073418
799.0,801.0,0.010212216526269913,0.0061739590018987656,0.0
800.0,802.0,0.015086887404322624,0.0026567988097667694,0.0
801.0,803.0,0.02084212563931942,0.004214945249259472,0.013577079400420189
802.0,804.0,0.024194467812776566,0.004619427025318146,0.00787266343832016
803.0,805.0,0.010522482916712761,0.007974003441631794,0.01716069132089615
804.0,806.0,0.008518639020621777,0.0,0.0
805.0,807.0,0.007689528167247772,0.008382182568311691,0.0
806.0,808.0,0.018810156732797623,0.006416534073650837,0.0022802725434303284
807.0,809.0,0.016167202964425087,0.014193614944815636,0.007241794373840094
808.0,810.0,0.014794891700148582,0.011189136654138565,0.0
809.0,811.0,0.015920182690024376,0.0032256804406642914,0.015184733085334301
810.0,812.0,0.0194258876144886,0.016199760138988495,0.013858411461114883
811.0,813.0,0.013286715373396873,0.028154797852039337,0.022901684045791626
812.0,814.0,0.003606704529374838,0.011213168501853943,0.007391502149403095
813.0,815.0,0.017862726002931595,0.005652096122503281,0.006356383673846722
814.0,816.0,0.0216166190803051,0.0,0.01958845928311348
815.0,817.0,0.01739700511097908,0.0,0.005766702815890312
816.0,818.0,0.0167777631431818,0.0,0.008952908217906952
817.0,819.0,0.01667805016040802,0.0057583702728152275,0.013270040042698383
818.0,820.0,0.015445640310645103,0.01130959764122963,0.014309434220194817
819.0,821.0,0.011702444404363632,0.0,0.0025364551693201065
820.0,822.0,0.012277557514607906,0.0,0.0018365876749157906
821.0,823.0,0.015849962830543518,0.004773137159645557,0.002568871947005391
822.0,824.0,0.007780902553349733,0.0,0.0
823.0,825.0,0.021372569724917412,0.0,0.0
824.0,826.0,0.006499782204627991,0.0,0.0
825.0,827.0,0.0006542259361594915,0.0,0.020483365282416344
826.0,828.0,0.013876711949706078,0.0,0.016423020511865616
827.0,829.0,0.014507511630654335,0.013380011543631554,0.01133666466921568
828.0,830.0,0.019988253712654114,0.02594548463821411,0.017152780666947365
829.0,831.0,0.019461410120129585,0.010429760441184044,0.0
830.0,832.0,0.019382484257221222,0.004988816101104021,0.0
831.0,833.0,0.01793159730732441,0.0,0.0
832.0,834.0,0.026904597878456116,0.0,0.0
833.0,835.0,0.028205201029777527,0.0012274421751499176,0.010756867937743664
834.0,836.0,0.020121565088629723,0.018330387771129608,0.004660668782889843
835.0,837.0,0.019717009738087654,0.017633531242609024,0.0066447993740439415
836.0,838.0,0.011738596484065056,0.01880583167076111,0.0
837.0,839.0,0.01883196458220482,0.01974751427769661,0.0008916105143725872
838.0,840.0,0.0181692186743021,0.0,0.0
839.0,841.0,0.01852789707481861,0.0,0.0
840.0,842.0,0.0122371856123209,0.0064399354159832,0.0
841.0,843.0,0.024442674592137337,0.0,0.004360327031463385
842.0,844.0,0.015185194090008736,0.001488599693402648,0.01170867495238781
843.0,845.0,0.0062457602471113205,0.010977227240800858,0.014931087382137775
844.0,846.0,0.013781921938061714,0.029504016041755676,0.014264523983001709
845.0,847.0,0.008971868082880974,0.011377817019820213,0.007924837060272694
846.0,848.0,0.013559238985180855,0.011125635355710983,0.0
847.0,849.0,0.010104396380484104,0.009045397862792015,0.0
848.0,850.0,0.01198968943208456,0.014384105801582336,0.0006524845957756042
849.0,851.0,0.021258696913719177,0.012126470915973186,0.005221849773079157
850.0,852.0,0.015039216727018356,0.00862205307930708,0.0016707079485058784
851.0,853.0,0.01830218732357025,0.016673892736434937,0.006605808157473803
852.0,854.0,0.017358556389808655,0.015616429038345814,0.002271548379212618
853.0,855.0,0.009608155116438866,0.006392698269337416,0.0
854.0,856.0,0.009373338893055916,0.0,0.0
855.0,857.0,0.02294715866446495,0.008054746314883232,0.007688052952289581
856.0,858.0,0.017971370369195938,0.012084795162081718,0.0033249964471906424
857.0,859.0,0.013818996027112007,0.009178705513477325,0.010128363966941833
858.0,860.0,0.006754833739250898,0.011266362853348255,0.009573496878147125
859.0,861.0,0.00898764468729496,0.015858039259910583,0.01031490508466959
860.0,862.0,0.0011669313535094261,0.015592293813824654,0.01053264457732439
861.0,863.0,0.012472357600927353,0.0,0.0
862.0,864.0,0.0017892103642225266,0.0,0.0
863.0,865.0,0.004055047407746315,0.0,0.0
864.0,866.0,0.01173592172563076,0.0,0.00563257560133934
865.0,867.0,0.014712607488036156,0.001300540752708912,0.0002815583720803261
866.0,868.0,0.005168306175619364,0.0059653157368302345,0.0
867.0,869.0,0.009913938120007515,0.005434319376945496,0.0037868903018534184
868.0,870.0,0.007164609618484974,0.002772721229121089,0.019940193742513657
869.0,871.0,0.017037473618984222,0.013440033420920372,0.0
870.0,872.0,0.0,0.01441269926726818,0.0
871.0,873.0,0.0,0.010739699006080627,0.0
872.0,874.0,0.017669677734375,0.0,0.010834328830242157
873.0,875.0,0.01812928542494774,0.0,0.008691268041729927
874.0,876.0,0.02127058431506157,0.0,0.016614820808172226
875.0,877.0,0.030810697004199028,0.00364679261110723,0.028904061764478683
876.0,878.0,0.018769536167383194,0.0,0.01542294304817915
877.0,879.0,0.011146402917802334,0.0,0.0008173137903213501
878.0,880.0,0.025616798549890518,0.0,0.0
879.0,881.0,0.030180640518665314,0.0,0.0
880.0,882.0,0.01456506922841072,0.0,0.02000124752521515
881.0,883.0,0.008124470710754395,0.011936474591493607,0.012295125052332878
882.0,884.0,0.02834698185324669,0.0,0.009425617754459381
883.0,885.0,0.036713216453790665,0.0,0.0004873410798609257
884.0,886.0,0.013651126995682716,0.0,0.005750252399593592
885.0,887.0,0.01027420163154602,0.0,0.008381151594221592
886.0,888.0,0.0115139689296484,0.010442006401717663,0.0025612737517803907
887.0,889.0,0.00490504689514637,0.004603642970323563,0.005159761756658554
888.0,890.0,0.008621564134955406,0.010972654446959496,0.012511626817286015
889.0,891.0,0.010101723484694958,0.005833092145621777,0.008851725608110428
890.0,892.0,0.013258039951324463,0.00369960255920887,0.007218960672616959
891.0,893.0,0.013557221740484238,0.011844516731798649,0.006349955685436726
892.0,894.0,0.01689319871366024,0.008108251728117466,0.005411176010966301
893.0,895.0,0.017162863165140152,0.0023108981549739838,0.00338135682977736
894.0,896.0,0.023811299353837967,0.01195456925779581,0.02083296701312065
895.0,897.0,0.007789410650730133,0.014642237685620785,0.011762542650103569
896.0,898.0,0.019771721214056015,0.021828576922416687,0.001919521950185299
897.0,899.0,0.018052872270345688,0.009564443491399288,0.0
898.0,900.0,0.03029407560825348,0.0010072976583614945,0.0032758149318397045
899.0,901.0,0.018872976303100586,0.004693854134529829,0.0
900.0,902.0,0.016576144844293594,0.0028769702184945345,0.0
901.0,903.0,0.0063562854193151,0.008516877889633179,0.002236912725493312
902.0,904.0,0.0006052218377590179,0.012536050751805305,0.008988196030259132
903.0,905.0,0.016237255185842514,0.0139137152582407,0.009769810363650322
904.0,906.0,0.010219045914709568,0.011069510132074356,0.008689945563673973
905.0,907.0,0.016140244901180267,0.011481215246021748,0.024280091747641563
906.0,908.0,0.020891185849905014,0.0,0.017557725310325623
907.0,909.0,0.026356622576713562,0.0008604368194937706,0.010037518106400967
908.0,910.0,0.019237644970417023,0.009905161336064339,0.01662573777139187
909.0,911.0,0.01964697428047657,0.021698886528611183,0.0013656516093760729
910.0,912.0,0.020414751023054123,0.014808546751737595,0.0018736445344984531
911.0,913.0,0.01933927834033966,0.01888837292790413,0.025348782539367676
912.0,914.0,0.021340465173125267,0.02011360600590706,0.031844399869441986
913.0,915.0,0.017997905611991882,0.00806553103029728,0.020751265808939934
914.0,916.0,0.025221411138772964,0.00815123226493597,0.011568605899810791
915.0,917.0,0.032271526753902435,0.006516114808619022,0.0
916.0,918.0,0.01526828482747078,0.006423972547054291,0.0011313774157315493
917.0,919.0,0.01875867135822773,0.0,0.00027525611221790314
918.0,920.0,0.020678386092185974,0.007468240335583687,0.005190411116927862
919.0,921.0,0.013836759142577648,0.013323633931577206,0.008730717934668064
920.0,922.0,0.015331316739320755,0.005785673391073942,0.004910786170512438
921.0,923.0,0.015170675702393055,0.014788706786930561,0.016571076586842537
922.0,924.0,0.024487225338816643,0.029133876785635948,0.012284556403756142
923.0,925.0,0.011936403810977936,0.02425587922334671,0.002265679184347391
924.0,926.0,0.0125114219263196,0.01798449084162712,0.0
925.0,927.0,0.023542404174804688,0.013125465251505375,0.005875696893781424
926.0,928.0,0.01567506045103073,0.008219316601753235,0.011919020675122738
927.0,929.0,0.02614406868815422,0.0,0.007686643861234188
928.0,930.0,0.03517333045601845,0.0011998037807643414,0.0
929.0,931.0,0.026340413838624954,0.005081361159682274,0.0008861091919243336
930.0,932.0,0.02159188687801361,0.0033150161616504192,0.009112990461289883
931.0,933.0,0.011493051424622536,0.007992910221219063,0.01180332526564598
932.0,934.0,0.015092174522578716,0.019521597772836685,0.017301354557275772
933.0,935.0,0.004949832335114479,0.008217744529247284,0.021847831085324287
934.0,936.0,0.030309725552797318,0.008411582559347153,0.017836784943938255
935.0,937.0,0.024012491106987,0.0,0.0025225237477570772
936.0,938.0,0.01193152740597725,0.0,0.0
937.0,939.0,0.013721326366066933,0.0027791205793619156,0.004778267815709114
938.0,940.0,0.019627315923571587,0.01983591914176941,0.017025001347064972
939.0,941.0,0.0,0.023489367216825485,0.0
940.0,942.0,0.014244799502193928,0.013835160061717033,0.0016444679349660873
941.0,943.0,0.0289049930870533,0.015698932111263275,0.01763707958161831
942.0,944.0,0.025248490273952484,0.0018191668204963207,0.02651321329176426
943.0,945.0,0.02097572386264801,0.0,0.002127348445355892
944.0,946.0,0.017476897686719894,0.002072731265798211,0.006883625872433186
945.0,947.0,0.01801462285220623,0.0,0.0027017088141292334
946.0,948.0,0.01088784821331501,0.0,0.0
947.0,949.0,0.016050545498728752,0.004293173551559448,0.0
948.0,950.0,0.013465029187500477,0.015888413414359093,0.012629400938749313
949.0,951.0,0.022447427734732628,0.009624699130654335,0.004449609667062759
950.0,952.0,0.029273124411702156,0.0,0.0
951.0,953.0,0.018492983654141426,0.0,0.0032400256022810936
952.0,954.0,0.011616526171565056,0.0,0.0031850594095885754
953.0,955.0,0.01213536411523819,0.0,0.002132995054125786
954.0,956.0,0.018406087532639503,0.005225039552897215,0.0010813348926603794
955.0,957.0,0.012058285064995289,0.017549103125929832,0.010508932173252106
956.0,958.0,0.017598722130060196,0.003439048072323203,0.00812913291156292
957.0,959.0,0.024724561721086502,0.0,0.0
958.0,960.0,0.025954753160476685,0.0,0.007411057595163584
959.0,961.0,0.03173869103193283,0.0,0.006686091423034668
960.0,962.0,0.030178958550095558,0.0,0.0036185625940561295
961.0,963.0,0.03002573736011982,0.0,0.007182683330029249
962.0,964.0,0.025053560733795166,0.002827373333275318,0.010603779926896095
963.0,965.0,0.015273717232048512,0.010630916804075241,0.02316422201693058
964.0,966.0,0.0221687164157629,0.0,0.004996456205844879
965.0,967.0,0.032241884618997574,0.0,0.0
966.0,968.0,0.02183983288705349,0.0,0.0003044772893190384
967.0,969.0,0.023407677188515663,0.0,0.0
968.0,970.0,0.020291374996304512,0.0018888742197304964,0.0
969.0,971.0,0.0,0.01478668488562107,0.0
970.0,972.0,0.011419430375099182,0.001966771436855197,0.013709894381463528
971.0,973.0,0.014943643473088741,0.0019811755046248436,0.007592745125293732
972.0,974.0,0.01735641062259674,0.00016732420772314072,0.0032888096757233143
973.0,975.0,0.014939796179533005,0.0,0.007884102873504162
974.0,976.0,0.017047416418790817,0.0,0.0
975.0,977.0,0.016190815716981888,0.0,0.0018150019459426403
976.0,978.0,0.021827979013323784,0.0,0.009532500058412552
977.0,979.0,0.024875041097402573,0.0,0.007971024140715599
978.0,980.0,0.017510168254375458,0.0,0.0010480093769729137
979.0,981.0,0.016289684921503067,0.0,0.0171294454485178
980.0,982.0,0.015855856239795685,0.017259832471609116,0.021422652527689934
981.0,983.0,0.012700112536549568,0.025539373978972435,0.015148868784308434
982.0,984.0,0.01608051359653473,0.005305164959281683,0.0076775201596319675
983.0,985.0,0.014844653196632862,0.006656448356807232,0.006009263452142477
984.0,986.0,0.014842747710645199,0.01759023219347,0.013934019953012466
985.0,987.0,0.013580887578427792,0.016539374366402626,0.008744250051677227
986.0,988.0,0.01520927157253027,0.0,0.007092040032148361
987.0,989.0,0.02053956687450409,0.0005294941365718842,0.004940596874803305
988.0,990.0,0.02699519321322441,0.0,0.01170274242758751
989.0,991.0,0.020417118445038795,0.0,0.011445358395576477
990.0,992.0,0.01663130521774292,0.0038019041530787945,0.011013440787792206
991.0,993.0,0.017661981284618378,0.0,0.0033460974227637053
992.0,994.0,0.02876249887049198,0.0,0.0
993.0,995.0,0.0209373626857996,0.0,0.0
994.0,996.0,0.005884404759854078,0.0031539013143628836,0.0
995.0,997.0,0.009490296244621277,0.0,0.002690544817596674
996.0,998.0,0.02057325281202793,0.0,0.005710983648896217
997.0,999.0,0.021199211478233337,0.0,0.0015919690486043692
998.0,1000.0,0.017282379791140556,0.0,0.0029061262030154467
999.0,1001.0,0.01849159225821495,0.00041542970575392246,0.02741553634405136
1000.0,1002.0,0.005679660476744175,0.01722220703959465,0.007774134166538715
1001.0,1003.0,0.000271983677521348,0.01637117750942707,0.014962462708353996
1002.0,1004.0,0.016631262376904488,0.006638041231781244,0.011131713166832924
1003.0,1005.0,0.01428750529885292,0.02092720940709114,0.016692081466317177
1004.0,1006.0,0.008327806368470192,0.02712835557758808,0.0039785816334187984
1005.0,1007.0,0.009370163083076477,0.0,0.013584593310952187
1006.0,1008.0,0.00016514165326952934,0.0,0.0
1007.0,1009.0,0.0,0.005042793229222298,0.0
1008.0,1010.0,0.0,0.00420580618083477,0.010436677373945713
1009.0,1011.0,0.0,0.009175676852464676,0.01655188761651516
1010.0,1012.0,0.005607405677437782,0.020958291366696358,0.003881005570292473
1011.0,1013.0,0.0,0.012453276664018631,0.0
1012.0,1014.0,0.0,0.006626670248806477,0.0
1013.0,1015.0,0.006871385499835014,0.01246773824095726,0.006220672745257616
1014.0,1016.0,0.015570512972772121,0.0017743846401572227,0.0
1015.0,1017.0,0.011955109424889088,0.0,0.0
1016.0,1018.0,0.016917157918214798,0.0,0.0
1017.0,1019.0,0.007313281763345003,0.0,0.0
1018.0,1020.0,0.00688091479241848,0.0,0.0
1019.0,1021.0,0.004820552654564381,0.0,0.0
1020.0,1022.0,0.015393918380141258,0.0,0.0
1021.0,1023.0,0.010781986638903618,0.0,0.0
1022.0,1024.0,0.01454264298081398,0.0001839832402765751,0.0
1023.0,1025.0,0.01882626675069332,0.0,0.0
1024.0,1026.0,0.016347015276551247,0.0,0.0
1025.0,1027.0,0.01642228662967682,0.0,0.0
1026.0,1028.0,0.008933404460549355,0.007411030121147633,0.006009899079799652
1027.0,1029.0,0.021068857982754707,0.0051864152774214745,0.0016148765571415424
1028.0,1030.0,0.005000034347176552,0.013770608231425285,0.0
1029.0,1031.0,0.011252854019403458,0.028188180178403854,0.0
1030.0,1032.0,0.027700379490852356,0.008996669203042984,0.004316746722906828
1031.0,1033.0,0.01796572282910347,0.0,0.005993694998323917
1032.0,1034.0,0.007698956876993179,0.0,0.0
1033.0,1035.0,0.0,0.0,0.0
1034.0,1036.0,0.0,0.0,0.003022335935384035
1035.0,1037.0,0.0018730945885181427,0.0,0.0
1036.0,1038.0,0.00725893210619688,0.023400891572237015,0.0
1037.0,1039.0,0.020823884755373,0.0082117710262537,0.0
1038.0,1040.0,0.02805192396044731,0.0021033957600593567,0.0
1039.0,1041.0,0.030958987772464752,0.010821727104485035,0.001550318906083703
1040.0,1042.0,0.014008978381752968,0.0,0.0
1041.0,1043.0,0.0,0.0,0.0013317228294909
1042.0,1044.0,0.008149934932589531,0.0,0.0034855660051107407
1043.0,1045.0,0.0,0.0,0.0
1044.0,1046.0,0.0012226903345435858,0.019632240757346153,0.0
1045.0,1047.0,0.008276032283902168,0.018655475229024887,0.0
1046.0,1048.0,0.015689633786678314,0.0,0.004657446406781673
1047.0,1049.0,0.015463513322174549,0.0013334471732378006,0.0
1048.0,1050.0,0.025998592376708984,0.01760370284318924,0.0
1049.0,1051.0,0.024290744215250015,0.00679748086258769,0.009343000128865242
1050.0,1052.0,0.01108035072684288,0.0,0.001776331104338169
1051.0,1053.0,0.014370598830282688,0.0,0.0
1052.0,1054.0,0.0043579405173659325,0.006300550885498524,0.0
1053.0,1055.0,0.013557241298258305,0.004263640381395817,0.0010478105396032333
1054.0,1056.0,0.0026042903773486614,0.0083162821829319,0.0038857501931488514
1055.0,1057.0,0.0025832236278802156,0.0056505827233195305,0.003298726864159107
1056.0,1058.0,0.0022456739097833633,0.00402231328189373,0.014372000470757484
1057.0,1059.0,0.0,0.005893699359148741,0.010674767196178436
1058.0,1060.0,0.004485794343054295,0.025958351790905,0.0
1059.0,1061.0,0.010956750251352787,0.021874360740184784,0.026199106127023697
1060.0,1062.0,0.01604187861084938,0.02708582580089569,0.022175198420882225
1061.0,1063.0,0.020892951637506485,0.014120746403932571,0.007407842203974724
1062.0,1064.0,0.0217002984136343,0.014633017592132092,0.0146756861358881
1063.0,1065.0,0.014038674533367157,0.023294543847441673,0.01686057075858116
1064.0,1066.0,0.014341373927891254,0.021168062463402748,0.02686808630824089
1065.0,1067.0,0.014358259737491608,0.012073283083736897,0.015357565134763718
1066.0,1068.0,0.00963500514626503,0.0003969122190028429,0.006187695078551769
1067.0,1069.0,0.01451105810701847,0.003252957947552204,0.005853468552231789
1068.0,1070.0,0.012852082028985023,0.0030942028388381004,0.011142822913825512
1069.0,1071.0,0.013958672061562538,0.0,0.004698220640420914
1070.0,1072.0,0.01633686199784279,0.0,0.0
1071.0,1073.0,0.01218913123011589,0.0,0.0047310409136116505
1072.0,1074.0,0.013533709570765495,0.007493542041629553,0.0
1073.0,1075.0,0.006658970378339291,0.01496737077832222,0.012685487046837807
1074.0,1076.0,0.005739309825003147,0.020011061802506447,0.003819507546722889
1075.0,1077.0,0.01765531301498413,0.001065993681550026,0.007380850613117218
1076.0,1078.0,0.015076383017003536,0.0,0.011705133132636547
1077.0,1079.0,0.006743097677826881,0.004418558441102505,0.00764804519712925
1078.0,1080.0,0.0,0.01582992821931839,0.006469081621617079
1079.0,1081.0,0.01792631670832634,0.027363238856196404,0.0019278908148407936
1080.0,1082.0,0.025143884122371674,0.001574397087097168,0.0
1081.0,1083.0,0.0063588665798306465,0.0,0.006959470920264721
1082.0,1084.0,0.015109602361917496,0.0062819067388772964,0.005217500030994415
1083.0,1085.0,0.0,0.005890498403459787,0.006571425125002861
1084.0,1086.0,0.003916573245078325,0.00928486231714487,0.0007370747625827789
1085.0,1087.0,0.018740566447377205,0.004923163913190365,0.0
1086.0,1088.0,0.018591178581118584,0.008861401118338108,0.008067118935286999
1087.0,1089.0,0.027961354702711105,0.0,0.003611563239246607
1088.0,1090.0,0.020821604877710342,0.0,0.0
1089.0,1091.0,0.014310721307992935,0.0,0.0
1090.0,1092.0,0.009769478812813759,0.0006649517454206944,0.0
1091.0,1093.0,0.0,0.0,0.0
1092.0,1094.0,0.0001203462015837431,0.0049409144558012486,0.009942399337887764
1093.0,1095.0,0.025563780218362808,0.013020087033510208,0.015157626941800117
1094.0,1096.0,0.031989097595214844,0.021587684750556946,0.014429464936256409
1095.0,1097.0,0.009708790108561516,0.012595401145517826,0.01838688924908638
1096.0,1098.0,0.0,0.0005395715124905109,0.01856977492570877
1097.0,1099.0,0.00790743250399828,0.003519033081829548,0.009730644524097443
1098.0,1100.0,0.018213974311947823,0.008193256333470345,0.015012441202998161
1099.0,1101.0,0.008576540276408195,0.010255969129502773,0.017527010291814804
1100.0,1102.0,0.002644854597747326,0.018202509731054306,0.00905065331608057
1101.0,1103.0,0.012078279629349709,0.00829613022506237,0.008121888153254986
1102.0,1104.0,0.020384734496474266,0.0,0.00863980408757925
1103.0,1105.0,0.02319369837641716,0.0,0.016085747629404068
1104.0,1106.0,0.018372345715761185,0.0,0.003036616602912545
1105.0,1107.0,0.013860763981938362,0.013629959896206856,0.0016787371132522821
1106.0,1108.0,0.004863415379077196,0.020450081676244736,0.006033808924257755
1107.0,1109.0,0.0112469382584095,0.01201594341546297,0.0032931643072515726
1108.0,1110.0,0.009527587331831455,0.0,0.0
1109.0,1111.0,0.012114159762859344,0.0,0.0
1110.0,1112.0,0.010048008523881435,0.0030521408189088106,0.0
1111.0,1113.0,0.011126028373837471,0.006016972474753857,0.00961034931242466
1112.0,1114.0,0.024747656658291817,0.011233710683882236,0.011907506734132767
1113.0,1115.0,0.02421509474515915,0.012063683941960335,0.006362664047628641
1114.0,1116.0,0.01820303127169609,0.012364094145596027,0.0007271312642842531
1115.0,1117.0,0.01678641140460968,0.0,0.005362832918763161
1116.0,1118.0,0.01015624962747097,0.006682461127638817,0.01688232086598873
1117.0,1119.0,0.0148918516933918,0.02364693209528923,0.01683029532432556
1118.0,1120.0,0.006305304355919361,0.011331547051668167,0.012390324845910072
1119.0,1121.0,0.0056984820403158665,0.005547734443098307,0.0129995783790946
1120.0,1122.0,0.0054481434635818005,0.017349254339933395,0.0052193268202245235
1121.0,1123.0,0.007339713163673878,0.02583128958940506,0.004883036483079195
1122.0,1124.0,0.017903214320540428,0.018193311989307404,0.013595681637525558
1123.0,1125.0,0.017518509179353714,0.0,0.0
1124.0,1126.0,0.008716432377696037,0.0,0.0
1125.0,1127.0,0.011574394069612026,0.010870288126170635,0.0
1126.0,1128.0,0.01100257970392704,0.022255320101976395,0.012941867113113403
1127.0,1129.0,0.005497056059539318,0.020926380529999733,0.010895208455622196
1128.0,1130.0,0.0,0.01854574680328369,0.005623999517410994
1129.0,1131.0,0.004579317755997181,0.007464926689863205,0.014179004356265068
1130.0,1132.0,0.015156924724578857,0.0025161094963550568,0.010140622965991497
1131.0,1133.0,0.020375465974211693,0.0,0.0005526684690266848
1132.0,1134.0,0.009633391164243221,0.009172018617391586,0.0
1133.0,1135.0,0.0016620168462395668,0.0,0.006743546109646559
1134.0,1136.0,0.005614781752228737,0.0,0.00038457533810287714
1135.0,1137.0,0.013768321834504604,0.0,0.005268199369311333
1136.0,1138.0,0.026738662272691727,0.0019427323713898659,0.010750729590654373
1137.0,1139.0,0.00865650363266468,0.003567611100152135,0.0008654079865664244
1138.0,1140.0,0.0005976785905659199,0.012306883931159973,0.00287542212754488
1139.0,1141.0,0.014621110633015633,0.014902534894645214,0.0056821927428245544
1140.0,1142.0,0.02486228011548519,0.015053080394864082,0.0
1141.0,1143.0,0.020556092262268066,0.0,0.0018021827563643456
1142.0,1144.0,0.01633770391345024,0.0,0.008409547619521618
1143.0,1145.0,0.008429013192653656,0.0011295201256871223,0.010536332614719868
1144.0,1146.0,0.019755085930228233,0.012738744728267193,0.006641685962677002
1145.0,1147.0,0.0114386435598135,0.0088376859202981,0.0
1146.0,1148.0,0.017152395099401474,0.00016659684479236603,0.0
1147.0,1149.0,0.012098858132958412,0.0,0.00572447432205081
1148.0,1150.0,0.0,0.0024694078601896763,0.012452900409698486
1149.0,1151.0,0.010941043496131897,0.0,0.0021731213200837374
1150.0,1152.0,0.014534997753798962,0.006250566802918911,0.011456905864179134
1151.0,1153.0,0.0,0.00958749558776617,0.0
1152.0,1154.0,0.0026028132997453213,0.007834924384951591,0.005285023245960474
1153.0,1155.0,0.006681651342660189,0.014185660518705845,0.0060942452400922775
1154.0,1156.0,0.008725007995963097,0.026999305933713913,0.007211492862552404
1155.0,1157.0,0.0,0.014824137091636658,0.0
1156.0,1158.0,0.0,0.018310587853193283,0.008669065311551094
1157.0,1159.0,0.0,0.029615797102451324,0.01216420903801918
1158.0,1160.0,0.024602355435490608,0.0,0.01522236131131649
1159.0,1161.0,0.023055855184793472,0.0,0.013553453609347343
1160.0,1162.0,0.013137194328010082,0.0,0.0091274818405509
1161.0,1163.0,0.00826544500887394,0.0,0.015031786635518074
1162.0,1164.0,0.016140885651111603,0.01006786897778511,0.006245298311114311
1163.0,1165.0,0.028100067749619484,0.0,0.0046468814834952354
1164.0,1166.0,0.019793972373008728,0.0,0.010161533951759338
1165.0,1167.0,0.016268260776996613,0.0,0.0027881937567144632
1166.0,1168.0,0.010164021514356136,0.006144941318780184,0.008775455877184868
1167.0,1169.0,0.01776152290403843,0.009234964847564697,0.024526376277208328
1168.0,1170.0,0.0042606559582054615,0.003664625808596611,0.009933427907526493
1169.0,1171.0,0.012220983393490314,0.0050199199467897415,0.0006443792954087257
1170.0,1172.0,0.02816360630095005,0.0011302884668111801,0.009255947545170784
1171.0,1173.0,0.034182384610176086,0.005534445866942406,0.012841024436056614
1172.0,1174.0,0.0053354064002633095,0.0,0.0
1173.0,1175.0,0.013464978896081448,0.0,0.009017612785100937
1174.0,1176.0,0.018282629549503326,0.0,0.0
1175.0,1177.0,0.006662063300609589,0.005088543053716421,0.0
1176.0,1178.0,0.004433314315974712,0.0,0.003028079867362976
1177.0,1179.0,0.011978328227996826,0.0,0.0016949856653809547
1178.0,1180.0,0.009827705100178719,0.00022048666141927242,0.0
1179.0,1181.0,0.016691990196704865,0.0007827102672308683,0.00974237360060215
1180.0,1182.0,0.021510649472475052,0.0017775396117940545,0.01556437462568283
1181.0,1183.0,0.018018033355474472,0.009009702131152153,0.019582852721214294
1182.0,1184.0,0.015662025660276413,0.010356631129980087,0.012745977379381657
1183.0,1185.0,0.019914783537387848,0.012470321729779243,0.008677192963659763
1184.0,1186.0,0.007278315722942352,0.0083021754398942,0.006593460217118263
1185.0,1187.0,0.010396832600235939,0.014724867418408394,0.0046357810497283936
1186.0,1188.0,0.0047034225426614285,0.007829776033759117,0.00018235249444842339
1187.0,1189.0,0.01106125209480524,0.0023528807796537876,0.006348636467009783
1188.0,1190.0,0.004993680864572525,0.0,0.00234666233882308
1189.0,1191.0,0.014348332770168781,0.0,0.006835638545453548
1190.0,1192.0,0.024603694677352905,0.0,0.002833341481164098
1191.0,1193.0,0.01337331160902977,0.0,0.011522239074110985
1192.0,1194.0,0.008942198008298874,0.008016505278646946,0.02043021470308304
1193.0,1195.0,0.015168072655797005,0.012058203108608723,0.01615932025015354
1194.0,1196.0,0.01598925143480301,0.01660725846886635,0.02696399763226509
1195.0,1197.0,0.016886886209249496,0.0009854587260633707,0.0
1196.0,1198.0,0.022682612761855125,0.0011684484779834747,0.00808329414576292
1197.0,1199.0,0.010477396659553051,0.012867970392107964,0.011104224249720573
1198.0,1200.0,0.009908401407301426,0.020345762372016907,0.011518081650137901
1199.0,1201.0,0.018356068059802055,0.02509419061243534,0.02167547680437565
1200.0,1202.0,0.008517776615917683,0.017005791887640953,0.012441511265933514
1201.0,1203.0,0.012847698293626308,0.00598360737785697,0.007834658026695251
1202.0,1204.0,0.014517754316329956,0.0,0.0
1203.0,1205.0,0.0022615287452936172,0.0032136961817741394,0.0019458940951153636
1204.0,1206.0,0.012955212965607643,0.02068256586790085,0.0
1205.0,1207.0,0.005383764393627644,0.025313325226306915,0.009596385061740875
1206.0,1208.0,0.005212689749896526,0.017971429973840714,0.004441545344889164
1207.0,1209.0,0.0021986979991197586,0.012796951457858086,0.004949904512614012
1208.0,1210.0,0.0,0.0,0.017799455672502518
1209.0,1211.0,0.0,0.01615278236567974,0.0
1210.0,1212.0,0.0,0.010569249279797077,0.0
1211.0,1213.0,0.008917341940104961,0.00618639076128602,0.0
1212.0,1214.0,0.00945779588073492,0.011129295453429222,0.012034709565341473
1213.0,1215.0,0.013933129608631134,0.0,0.014593403786420822
1214.0,1216.0,0.011919345706701279,0.0,0.022545669227838516
1215.0,1217.0,0.0019340994767844677,0.006113736890256405,0.01068839617073536
1216.0,1218.0,0.007561664097011089,0.0015178164467215538,0.011068609543144703
1217.0,1219.0,0.012260465882718563,0.0,0.003068275284022093
1218.0,1220.0,0.010955027304589748,0.0,0.0026842430233955383
1219.0,1221.0,0.004060571081936359,0.017930449917912483,0.0
1220.0,1222.0,0.002071936149150133,0.030127383768558502,0.0015458951238542795
1221.0,1223.0,0.0,0.03227435052394867,0.01774454116821289
1222.0,1224.0,0.0,0.03064342588186264,0.011313182301819324
1223.0,1225.0,0.014073668047785759,0.021368641406297684,0.00534335570409894
1224.0,1226.0,0.004417777061462402,0.012509159743785858,0.017848055809736252
1225.0,1227.0,0.0,0.0,0.003598761511966586
1226.0,1228.0,0.0,0.005949352867901325,0.0
1227.0,1229.0,0.007502035703510046,0.024614745751023293,0.010668440721929073
1228.0,1230.0,0.013135124929249287,0.02287491038441658,0.02411647140979767
1229.0,1231.0,0.012434017844498158,0.020170990377664566,0.026319917291402817
1230.0,1232.0,0.011376404203474522,0.020891346037387848,0.031893290579319
1231.0,1233.0,0.011679508723318577,0.0034809517674148083,0.02781660668551922
1232.0,1234.0,0.012654365971684456,0.001008524326607585,0.015445051714777946
1233.0,1235.0,0.016706880182027817,0.0,0.010613675229251385
1234.0,1236.0,0.011901368387043476,0.0,0.014165254309773445
1235.0,1237.0,0.02013346552848816,0.00825580209493637,0.016272198408842087
1236.0,1238.0,0.007528915535658598,0.005612150765955448,0.01140220183879137
1237.0,1239.0,0.011977634392678738,0.0,0.007118229288607836
1238.0,1240.0,0.008914828300476074,0.006455625873059034,0.015891127288341522
1239.0,1241.0,0.002125502796843648,0.008753327652812004,0.010352915152907372
1240.0,1242.0,0.01621328666806221,0.0,0.009861977770924568
1241.0,1243.0,0.01849880814552307,9.857048280537128e-05,0.007272957358509302
1242.0,1244.0,0.020204409956932068,0.0,0.0002918289974331856
1243.0,1245.0,0.014221328310668468,0.021859539672732353,0.004034908022731543
1244.0,1246.0,0.0252790879458189,0.007181162014603615,0.010201103053987026
1245.0,1247.0,0.025108247995376587,0.010320793837308884,0.022725239396095276
1246.0,1248.0,0.01914656162261963,0.014111091382801533,0.009137140586972237
1247.0,1249.0,0.01291518472135067,0.0005082539282739162,0.007106390781700611
1248.0,1250.0,0.012538858689367771,0.0,0.0184385497123003
1249.0,1251.0,0.009873077273368835,0.023032885044813156,0.02441823109984398
1250.0,1252.0,0.013444295153021812,0.007697992958128452,0.005333309061825275
1251.0,1253.0,0.013994073495268822,0.0,0.006959008984267712
1252.0,1254.0,0.018666081130504608,0.004413771443068981,0.003082911018282175
1253.0,1255.0,0.024873733520507812,0.0012451540678739548,0.0
1254.0,1256.0,0.020807329565286636,0.0,0.0
1255.0,1257.0,0.022947967052459717,0.0051747639663517475,0.0071647269651293755
1256.0,1258.0,0.012509670108556747,0.00814457144588232,0.015274351462721825
1257.0,1259.0,0.003147395560517907,0.005960103124380112,0.0026591732166707516
1258.0,1260.0,0.005597710609436035,0.0,0.005611201748251915
1259.0,1261.0,0.013162539340555668,0.0,0.011255181394517422
1260.0,1262.0,0.023271160200238228,0.01620122790336609,0.02717362903058529
1261.0,1263.0,0.0,0.010656889528036118,0.013744831085205078
1262.0,1264.0,0.006122182123363018,0.007003300823271275,0.009168890304863453
1263.0,1265.0,0.0,0.026570089161396027,0.0039539397694170475
1264.0,1266.0,0.0,0.024950291961431503,0.008004073984920979
1265.0,1267.0,0.006646635942161083,0.017698734998703003,0.01242411881685257
1266.0,1268.0,0.016903195530176163,0.013458790257573128,0.017572084441781044
1267.0,1269.0,0.011512461118400097,0.011626469902694225,0.003911598119884729
1268.0,1270.0,0.024384258314967155,0.009017379954457283,7.518008351325989e-05
1269.0,1271.0,0.02053815685212612,0.0017295554280281067,0.011331801302731037
1270.0,1272.0,0.01754549890756607,0.0046780286356806755,0.008739330805838108
1271.0,1273.0,0.011102480813860893,0.020690107718110085,0.005990731064230204
1272.0,1274.0,0.016227371990680695,0.021294545382261276,0.017288025468587875
1273.0,1275.0,0.021064013242721558,0.007576986216008663,0.0013744262978434563
1274.0,1276.0,0.015714207664132118,0.0025991846341639757,0.0018229205161333084
1275.0,1277.0,0.012755787931382656,0.010039417073130608,0.014759231358766556
1276.0,1278.0,0.008529549464583397,0.007543959654867649,0.006280733272433281
1277.0,1279.0,0.01306072250008583,0.007639696821570396,0.0
1278.0,1280.0,0.009518525563180447,0.014572147279977798,0.0
1279.0,1281.0,0.0037650843150913715,0.01079736091196537,0.008146635256707668
1280.0,1282.0,0.005412357859313488,0.019274983555078506,0.014564803801476955
1281.0,1283.0,0.00798808503895998,0.01721137948334217,0.0030196639709174633
1282.0,1284.0,0.024383071810007095,0.0,0.006205672863870859
1283.0,1285.0,0.01045750081539154,0.0,0.00998276099562645
1284.0,1286.0,0.007377947680652142,0.0,0.022148650139570236
1285.0,1287.0,0.011678715236485004,0.004132307134568691,0.011739286594092846
1286.0,1288.0,0.014072742313146591,0.0028518973849713802,0.014115220867097378
1287.0,1289.0,0.014954759739339352,7.82073475420475e-05,0.008763178251683712
1288.0,1290.0,0.007005317136645317,0.009678768925368786,0.009147956036031246
1289.0,1291.0,0.009760163724422455,0.006954835262149572,0.006693964824080467
1290.0,1292.0,0.002819041721522808,0.001432335004210472,0.0012990059331059456
1291.0,1293.0,0.0020634843967854977,0.011883165687322617,0.0
1292.0,1294.0,0.013159098103642464,0.011590813286602497,0.007342033088207245
1293.0,1295.0,0.016115188598632812,0.0,0.004836919717490673
1294.0,1296.0,0.02133459411561489,0.0,0.0
1295.0,1297.0,0.020067960023880005,0.005293878726661205,0.00865244958549738
1296.0,1298.0,0.012056654319167137,0.0045559341087937355,0.0
1297.0,1299.0,0.012099546380341053,0.0019705197773873806,0.0
1298.0,1300.0,0.006825967691838741,0.0,0.002299764659255743
1299.0,1301.0,0.012643968686461449,0.0,0.0033705318346619606
1300.0,1302.0,0.020309552550315857,0.0,0.01005744282156229
1301.0,1303.0,0.016535962000489235,0.00597480870783329,0.01743295229971409
1302.0,1304.0,0.0,0.016396187245845795,0.0009980062022805214
1303.0,1305.0,0.0051312632858753204,0.011040042154490948,0.005662215873599052
1304.0,1306.0,0.019780296832323074,0.0019494530279189348,0.01248585432767868
1305.0,1307.0,0.018658559769392014,0.01170271821320057,0.010182199999690056
1306.0,1308.0,0.011555271223187447,0.0032218012493103743,0.008880842477083206
1307.0,1309.0,0.014408696442842484,0.004366876557469368,0.0058585237711668015
1308.0,1310.0,0.009796409867703915,0.005410695914179087,0.00040780322160571814
1309.0,1311.0,0.011476196348667145,0.005587008781731129,0.010809660889208317
1310.0,1312.0,0.017975494265556335,0.0018194301519542933,0.0017757583409547806
1311.0,1313.0,0.012470126152038574,0.006233764812350273,0.005425477400422096
1312.0,1314.0,0.009041759185492992,0.018459416925907135,0.02226635068655014
1313.0,1315.0,0.011271875351667404,0.03477659821510315,0.024375153705477715
1314.0,1316.0,0.0043999929912388325,0.003642047755420208,0.012297581881284714
1315.0,1317.0,0.008461556397378445,0.0,0.004625167232006788
1316.0,1318.0,0.0,0.0,0.003786166664212942
1317.0,1319.0,0.0,0.010820181109011173,0.014804063364863396
1318.0,1320.0,0.0,0.029578708112239838,0.007976874709129333
1319.0,1321.0,0.00794391892850399,0.00923779234290123,0.01964302361011505
1320.0,1322.0,0.012677314691245556,0.007921192795038223,0.022337835282087326
1321.0,1323.0,0.016477368772029877,0.0,0.005512849893420935
1322.0,1324.0,0.021129844710230827,0.0,0.0
1323.0,1325.0,0.012158122844994068,0.0,0.0
1324.0,1326.0,0.01561016496270895,0.004475131165236235,0.0
1325.0,1327.0,0.009100488387048244,0.0012484658509492874,0.009136153385043144
1326.0,1328.0,0.022547461092472076,0.0056660957634449005,0.013961676508188248
1327.0,1329.0,0.019318711012601852,0.010838652029633522,0.0053267702460289
1328.0,1330.0,0.003243890590965748,0.0035179597325623035,0.0
1329.0,1331.0,0.0004482460208237171,0.0035089324228465557,0.001772501040250063
1330.0,1332.0,0.005467172246426344,0.0,0.005800241604447365
1331.0,1333.0,0.021046806126832962,0.0,0.00837191566824913
1332.0,1334.0,0.014862350188195705,0.00315678957849741,0.0003179144114255905
1333.0,1335.0,0.01637096144258976,0.0,0.0096781887114048
1334.0,1336.0,0.026781659573316574,0.0,0.00854976661503315
1335.0,1337.0,0.012182014063000679,0.0,0.008821643888950348
1336.0,1338.0,0.006078085396438837,0.0,0.003484798828139901
1337.0,1339.0,0.00947215873748064,0.0026724892668426037,0.0016224328428506851
1338.0,1340.0,0.005393245257437229,0.013418644666671753,0.00936849508434534
1339.0,1341.0,0.007048284634947777,0.01806885562837124,0.01349406037479639
1340.0,1342.0,0.0038727130740880966,0.0,0.009020581841468811
1341.0,1343.0,0.0017100333934649825,0.0,0.0017999233677983284
1342.0,1344.0,0.019334036856889725,0.014479570090770721,0.0174405500292778
1343.0,1345.0,0.02165232039988041,0.012986702844500542,0.01482097152620554
1344.0,1346.0,0.010577653534710407,0.0,0.0
1345.0,1347.0,0.0,0.0,0.0007864536601118743
1346.0,1348.0,0.0,0.0,0.008314410224556923
1347.0,1349.0,0.010196415707468987,0.0,0.0005469541065394878
1348.0,1350.0,0.0161573626101017,0.0,0.0018252693116664886
1349.0,1351.0,0.001781779807060957,0.0,0.0
1350.0,1352.0,0.006295998580753803,0.0,0.0
1351.0,1353.0,0.005349081940948963,0.0,0.0
1352.0,1354.0,0.0,0.0,0.00048508867621421814
1353.0,1355.0,0.002595528494566679,0.01217651180922985,0.0006108274683356285
1354.0,1356.0,0.0,0.012611937709152699,0.0
1355.0,1357.0,0.0,0.0,0.005239858292043209
1356.0,1358.0,0.012157788500189781,0.009924923069775105,0.018385181203484535
1357.0,1359.0,0.0,0.019975584000349045,0.0
1358.0,1360.0,0.0,0.00580705888569355,0.0012118376325815916
1359.0,1361.0,0.0074997893534600735,0.004330030642449856,0.0031218640506267548
1360.0,1362.0,0.0,0.0030796751379966736,0.0037899550516158342
1361.0,1363.0,0.0,0.014401854015886784,0.0035656592808663845
1362.0,1364.0,0.0,0.008120618760585785,0.0031894193962216377
1363.0,1365.0,0.0,0.022496096789836884,0.0024404728319495916
1364.0,1366.0,0.0028565162792801857,0.00852388609200716,0.003732482437044382
1365.0,1367.0,0.0065445005893707275,0.0,0.0025299491826444864
1366.0,1368.0,0.0081828897818923,0.0,0.0005199050065129995
1367.0,1369.0,0.01329888217151165,0.0,0.010694656521081924
1368.0,1370.0,0.02017335593700409,0.0,0.00850470457226038
1369.0,1371.0,0.012958848848938942,0.014422284439206123,0.007090037222951651
1370.0,1372.0,0.00013673631474375725,0.02031349390745163,0.0010126088745892048
1371.0,1373.0,0.005299244076013565,0.030268073081970215,0.009577864781022072
1372.0,1374.0,0.009013344533741474,0.01688343472778797,0.022021260112524033
1373.0,1375.0,0.007056533824652433,0.007044567726552486,0.007989723235368729
1374.0,1376.0,0.004987361840903759,0.015333859249949455,0.017946766689419746
1375.0,1377.0,0.004754240624606609,0.006104734260588884,0.007252681069076061
1376.0,1378.0,0.015916692093014717,0.007351825013756752,0.004255685023963451
1377.0,1379.0,0.01569693349301815,0.011732801795005798,0.011073931120336056
1378.0,1380.0,0.0190392155200243,0.0,0.001347135053947568
1379.0,1381.0,0.009771852754056454,0.0,0.005380978807806969
1380.0,1382.0,0.0031346254982054234,0.0036995033733546734,0.002887062495574355
1381.0,1383.0,0.01617387682199478,0.0,0.0
1382.0,1384.0,0.016224686056375504,0.0030963104218244553,0.0
1383.0,1385.0,0.012288099154829979,0.005485475063323975,0.0
1384.0,1386.0,0.01554933749139309,0.0,0.008118858560919762
1385.0,1387.0,0.011281225830316544,0.0,0.019676990807056427
1386.0,1388.0,0.01167714037001133,0.015878969803452492,0.009855962358415127
1387.0,1389.0,0.009208133444190025,0.006630970165133476,0.006908751092851162
1388.0,1390.0,0.01790812611579895,0.0008602101588621736,0.014650433324277401
1389.0,1391.0,0.020836563780903816,0.008573180064558983,0.010018016211688519
1390.0,1392.0,0.013402385637164116,0.0,0.004654583055526018
1391.0,1393.0,0.008147620595991611,0.0,0.006558662746101618
1392.0,1394.0,0.017699401825666428,0.010545053519308567,0.00821886770427227
1393.0,1395.0,0.007266063243150711,0.006792179308831692,0.02143997512757778
1394.0,1396.0,0.02264748327434063,0.0,0.017301101237535477
1395.0,1397.0,0.02547593042254448,0.0,0.014698310755193233
1396.0,1398.0,0.018434980884194374,0.00453504454344511,0.01526575069874525
1397.0,1399.0,0.012849042192101479,0.010293776169419289,0.02082560770213604
1398.0,1400.0,0.011532523669302464,0.01932244375348091,0.020576978102326393
1399.0,1401.0,0.008099676109850407,0.005128089804202318,0.01614757999777794
1400.0,1402.0,0.022940995171666145,0.0,0.012061312794685364
1401.0,1403.0,0.017089614644646645,0.0028694949578493834,0.01591102033853531
1402.0,1404.0,0.010770197957754135,0.017734285444021225,0.012294536456465721
1403.0,1405.0,0.009644690901041031,0.004224524367600679,0.011068453080952168
1404.0,1406.0,0.02077765204012394,0.0,0.009603891521692276
1405.0,1407.0,0.012648832984268665,0.0,0.0015734140761196613
1406.0,1408.0,0.013631942681968212,0.0,0.0
1407.0,1409.0,0.016100477427244186,0.01877073012292385,0.010623939335346222
1408.0,1410.0,0.01020420715212822,0.016947224736213684,0.020287413150072098
1409.0,1411.0,0.018807316198945045,0.004416371695697308,0.003869155189022422
1410.0,1412.0,0.025834105908870697,0.0,0.001700949389487505
1411.0,1413.0,0.019638575613498688,0.0,0.0
1412.0,1414.0,0.013631976209580898,0.017101086676120758,0.006816604174673557
1413.0,1415.0,0.0023275993298739195,0.01332351565361023,0.009258578531444073
1414.0,1416.0,0.00784962996840477,0.00916246883571148,0.00667651928961277
1415.0,1417.0,0.01260777935385704,0.008479549549520016,0.013164302334189415
1416.0,1418.0,0.02576201781630516,0.020668767392635345,0.016562001779675484
1417.0,1419.0,0.022400926798582077,0.015596352517604828,0.010271812789142132
1418.0,1420.0,0.018326278775930405,0.012917457148432732,0.00450516864657402
1419.0,1421.0,0.0,0.012350893579423428,0.0
1420.0,1422.0,0.0,0.007614208851009607,0.0
1421.0,1423.0,0.010353396646678448,0.030388187617063522,0.001161691965535283
1422.0,1424.0,0.020874714478850365,0.03854264318943024,0.00592411682009697
1423.0,1425.0,0.01489841565489769,0.003257384058088064,0.009314985014498234
1424.0,1426.0,0.01846037432551384,0.0,0.0049367439933121204
1425.0,1427.0,0.013736831955611706,0.005878892261534929,0.006259939633309841
1426.0,1428.0,0.0,0.008451279252767563,0.007115921005606651
1427.0,1429.0,0.014580613002181053,0.01437604334205389,0.01916218176484108
1428.0,1430.0,0.01224117074161768,0.006632859818637371,0.01629474200308323
1429.0,1431.0,0.017061540856957436,0.019774409011006355,0.004524075426161289
1430.0,1432.0,0.01067044772207737,0.021482564508914948,0.0085836760699749
1431.0,1433.0,0.01746891438961029,0.0,0.009225131943821907
1432.0,1434.0,0.012258630245923996,0.0069598238915205,0.005686700344085693
1433.0,1435.0,0.0,0.0022392948158085346,0.003861281555145979
1434.0,1436.0,0.006671220995485783,0.0,0.008750159293413162
1435.0,1437.0,0.008743243291974068,0.01377815380692482,0.008502514101564884
1436.0,1438.0,0.012836773879826069,0.010334454476833344,0.010529818013310432
1437.0,1439.0,0.017186935991048813,0.0032602897845208645,0.008893419057130814
1438.0,1440.0,0.024030886590480804,0.010738405399024487,0.007959981448948383
1439.0,1441.0,0.014964817091822624,0.022296827286481857,0.01025040727108717
1440.0,1442.0,0.0,0.017192617058753967,0.0
1441.0,1443.0,0.01653967797756195,0.0,0.01288583129644394
1442.0,1444.0,0.014354895800352097,0.0011828208807855844,0.006421532481908798
1443.0,1445.0,0.009927826002240181,0.008482802659273148,0.010997496545314789
1444.0,1446.0,0.013591112568974495,0.0052687302231788635,0.008194729685783386
1445.0,1447.0,0.015949109569191933,0.0,0.007609460037201643
1446.0,1448.0,0.02202432230114937,0.0,0.009866269305348396
1447.0,1449.0,0.010740595869719982,0.0,0.006140806246548891
1448.0,1450.0,0.014297684654593468,0.0023027434945106506,0.009480595588684082
1449.0,1451.0,0.015374340116977692,0.0,0.018484432250261307
1450.0,1452.0,0.011722385883331299,0.0,0.010994392447173595
1451.0,1453.0,0.020544445142149925,0.0,0.0031297532841563225
1452.0,1454.0,0.021117376163601875,0.0,0.012171057052910328
1453.0,1455.0,0.001375078340061009,0.01821262016892433,0.014746859669685364
1454.0,1456.0,0.007760864216834307,0.031729377806186676,0.01318657211959362
1455.0,1457.0,0.0018088379874825478,0.014371990226209164,0.0
1456.0,1458.0,0.0016846349462866783,0.006897080689668655,0.009773073717951775
1457.0,1459.0,0.0066101448610424995,0.002050762064754963,0.010696076788008213
1458.0,1460.0,0.0252439733594656,0.0,0.014692120254039764
1459.0,1461.0,0.024891119450330734,0.0,0.015791747719049454
1460.0,1462.0,0.017942802980542183,0.0,0.009400345385074615
1461.0,1463.0,0.01735861413180828,0.006808197591453791,0.001835368573665619
1462.0,1464.0,0.007777489256113768,0.004598501604050398,0.0010722861625254154
1463.0,1465.0,0.010986502282321453,0.0027771098539233208,0.0
1464.0,1466.0,0.01286992896348238,0.00977512076497078,0.015584180131554604
1465.0,1467.0,0.005738823674619198,0.0,0.01023419201374054
1466.0,1468.0,0.007445626892149448,0.004171240609139204,0.00919374916702509
1467.0,1469.0,0.002345055341720581,0.012105229310691357,0.00971502996981144
1468.0,1470.0,0.008636444807052612,0.0,0.0
1469.0,1471.0,0.0160194281488657,0.0,0.004666668828576803
1470.0,1472.0,0.01780584082007408,0.0,0.0015888987109065056
1471.0,1473.0,0.007126413751393557,0.0,0.006155536975711584
1472.0,1474.0,0.00172480009496212,0.0053009409457445145,0.007032121531665325
1473.0,1475.0,0.014258196577429771,0.002324474509805441,0.0
1474.0,1476.0,0.002381513826549053,0.0,0.0
1475.0,1477.0,0.0075752027332782745,0.0,0.012088166549801826
1476.0,1478.0,0.0033450545743107796,0.013933838345110416,0.005076092667877674
1477.0,1479.0,0.0,0.009917531162500381,0.0062333401292562485
1478.0,1480.0,0.0014125099405646324,0.009331446141004562,0.024274790659546852
1479.0,1481.0,0.0024553199764341116,0.009619083255529404,0.013677929528057575
1480.0,1482.0,0.015322284772992134,0.02186576835811138,0.013687129132449627
1481.0,1483.0,0.018676839768886566,0.03626116365194321,0.016493480652570724
1482.0,1484.0,0.012827672064304352,0.033423297107219696,0.0
1483.0,1485.0,0.013424700126051903,0.009098093956708908,0.012389756739139557
1484.0,1486.0,0.004893934819847345,0.005761359818279743,0.009366251528263092
1485.0,1487.0,0.0019445513607934117,0.015151455998420715,0.007421971298754215
1486.0,1488.0,0.0,0.004411977715790272,0.0
1487.0,1489.0,0.002847689902409911,0.009228132665157318,0.010817749425768852
1488.0,1490.0,0.007103021256625652,0.017940085381269455,0.006156153045594692
1489.0,1491.0,0.03178048133850098,0.01802043616771698,0.01246794406324625
1490.0,1492.0,0.026556555181741714,0.0,0.018025755882263184
1491.0,1493.0,0.02122957818210125,0.0,0.006143585778772831
1492.0,1494.0,0.019328463822603226,0.0,0.009644006378948689
1493.0,1495.0,0.013201506808400154,0.0,0.0023836970794945955
1494.0,1496.0,0.01797126978635788,0.0038487534038722515,0.005550064612179995
1495.0,1497.0,0.01295752264559269,0.01972595602273941,0.00879579596221447
1496.0,1498.0,0.017059706151485443,0.015464999713003635,0.006297581363469362
1497.0,1499.0,0.01823962852358818,0.003466933500021696,0.008916406892240047
1498.0,1500.0,0.011611063033342361,0.0083655109629035,0.0027567241340875626
1499.0,1501.0,0.013415046967566013,0.016561508178710938,0.013829701580107212
1500.0,1502.0,0.023912794888019562,0.0022803591564297676,0.021576983854174614
1501.0,1503.0,0.009214712306857109,0.0,0.0039046024903655052
1502.0,1504.0,0.013936052098870277,0.0,0.006431828252971172
1503.0,1505.0,0.02421346865594387,0.011466963216662407,0.005174058489501476
1504.0,1506.0,0.019106710329651833,0.0,0.003335847519338131
1505.0,1507.0,0.011120560579001904,0.0,0.0
1506.0,1508.0,0.013289283961057663,0.005408764351159334,0.0
1507.0,1509.0,0.02312280982732773,0.005014979280531406,0.005289750173687935
1508.0,1510.0,0.010811524465680122,0.0,0.01195790246129036
1509.0,1511.0,0.018313495442271233,0.0,0.0
1510.0,1512.0,0.017931122332811356,0.0,0.0039218454621732235
1511.0,1513.0,0.005570219364017248,0.004785528406500816,0.012257127091288567
1512.0,1514.0,0.004250064492225647,0.01612880453467369,0.004311369266360998
1513.0,1515.0,0.011190256103873253,0.013597657904028893,0.005858235061168671
1514.0,1516.0,0.012019818648695946,0.006385894492268562,0.007352799642831087
1515.0,1517.0,0.003467950504273176,0.0,0.0035093557089567184
1516.0,1518.0,0.0005827075801789761,0.0,0.007836222648620605
1517.0,1519.0,0.009863574057817459,0.0,0.01319040171802044
1518.0,1520.0,0.005266502499580383,0.0,0.0
1519.0,1521.0,0.006673993542790413,0.0,0.0
1520.0,1522.0,0.02542852610349655,0.0,0.002411032095551491
1521.0,1523.0,0.022059818729758263,0.0,0.0034646415151655674
1522.0,1524.0,0.01883932389318943,0.0,0.0
1523.0,1525.0,0.022327393293380737,0.0,0.0
1524.0,1526.0,0.02688521146774292,0.001545144710689783,0.01102046761661768
1525.0,1527.0,0.0012525953352451324,0.02069738134741783,0.0
1526.0,1528.0,0.0,0.006283875554800034,0.0
1527.0,1529.0,0.02340324968099594,0.009312129579484463,0.015828557312488556
1528.0,1530.0,0.014237330295145512,0.0,0.0035639251582324505
1529.0,1531.0,0.010332164354622364,0.0,0.0011625336483120918
1530.0,1532.0,0.01104442123323679,0.0,0.0
1531.0,1533.0,0.0035610643681138754,0.0021827600430697203,0.0
1532.0,1534.0,0.006654956378042698,0.007252405863255262,0.0
1533.0,1535.0,0.008798077702522278,0.0,0.01266338862478733
1534.0,1536.0,0.02410987578332424,0.0,0.008140936493873596
1535.0,1537.0,0.009612761437892914,0.010495128110051155,0.0076156738214194775
1536.0,1538.0,0.010142155922949314,0.005077792331576347,0.02067560888826847
1537.0,1539.0,0.014828440733253956,0.0005676648579537868,0.008567486889660358
1538.0,1540.0,0.01503347884863615,0.013265328481793404,0.00802280567586422
1539.0,1541.0,0.016959354281425476,0.01597183384001255,0.011227593757212162
1540.0,1542.0,0.010533299297094345,0.009989080019295216,0.01155441626906395
1541.0,1543.0,0.020517969503998756,0.012178054079413414,0.016289450228214264
1542.0,1544.0,0.007521054707467556,0.0,0.010291826911270618
1543.0,1545.0,0.005357909947633743,0.0044212331995368,0.011019625701010227
1544.0,1546.0,0.0,0.012134898453950882,0.01004723273217678
1545.0,1547.0,0.02074982225894928,0.015856146812438965,0.009819206781685352
1546.0,1548.0,0.01214912161231041,0.012178032658994198,0.009213374927639961
1547.0,1549.0,0.0030845305882394314,0.020935002714395523,0.0076260436326265335
1548.0,1550.0,0.0,0.020352613180875778,0.001451678341254592
1549.0,1551.0,0.005189958959817886,0.005137279164046049,0.003001705277711153
1550.0,1552.0,0.0027099254075437784,0.00709474878385663,0.009151523001492023
1551.0,1553.0,0.007142278365790844,0.004402967169880867,0.0001129519660025835
1552.0,1554.0,0.015068421140313148,0.01155572198331356,0.02084493637084961
1553.0,1555.0,0.013602141290903091,0.019413188099861145,0.02440737560391426
1554.0,1556.0,0.007047627121210098,0.004492247477173805,0.01688827946782112
1555.0,1557.0,0.010644546709954739,0.007703112438321114,0.010279525071382523
1556.0,1558.0,0.01686100661754608,0.005156838335096836,0.00855274684727192
1557.0,1559.0,0.018104350194334984,0.0007980805821716785,0.0
1558.0,1560.0,0.006823087576776743,0.0,0.0
1559.0,1561.0,0.0,0.005660936702042818,0.0
1560.0,1562.0,0.007104650139808655,0.013505530543625355,0.000687762163579464
1561.0,1563.0,0.012027831748127937,0.022012967616319656,0.030473187565803528
1562.0,1564.0,0.013715911656618118,0.00016518565826117992,0.006708364002406597
1563.0,1565.0,0.020601943135261536,0.0,0.011346248909831047
1564.0,1566.0,0.006983036641031504,0.018197355791926384,0.010601295158267021
1565.0,1567.0,0.0,0.02373724803328514,0.0
1566.0,1568.0,0.002727106912061572,0.020916074514389038,0.0
1567.0,1569.0,0.0074476622976362705,0.018635792657732964,0.0
1568.0,1570.0,0.008446479216217995,0.015170972794294357,0.0
1569.0,1571.0,0.010021436959505081,0.0074735176749527454,0.0017036572098731995
1570.0,1572.0,0.0,0.0,0.0
1571.0,1573.0,0.010675307363271713,0.006723444908857346,0.0
1572.0,1574.0,0.027852201834321022,0.014469637535512447,0.0014618856366723776
1573.0,1575.0,0.005772339645773172,0.014327645301818848,0.0
1574.0,1576.0,0.005457840859889984,0.004277463536709547,0.0
1575.0,1577.0,0.015308244153857231,0.0069842105731368065,0.0012050983496010303
1576.0,1578.0,0.016118254512548447,0.01896665245294571,0.005006628576666117
1577.0,1579.0,0.015578705817461014,0.023839130997657776,0.006439984310418367
1578.0,1580.0,0.006195858120918274,0.011721696704626083,0.01133810542523861
1579.0,1581.0,0.029574396088719368,0.011636783368885517,0.008413445204496384
1580.0,1582.0,0.026378478854894638,0.010872475802898407,0.00374800618737936
1581.0,1583.0,0.016757767647504807,0.007572900038212538,0.006224855314940214
1582.0,1584.0,0.019697092473506927,0.005385629832744598,0.00513422628864646
1583.0,1585.0,0.015548178926110268,0.0,0.011000742204487324
1584.0,1586.0,0.003609471721574664,0.0,0.005688181146979332
1585.0,1587.0,0.013460885733366013,0.00502338632941246,0.0
1586.0,1588.0,0.016609307378530502,0.011676901951432228,0.014895062893629074
1587.0,1589.0,0.0026908526197075844,0.02155381068587303,0.0164191871881485
1588.0,1590.0,0.006942387204617262,0.0315207913517952,0.01134718768298626
1589.0,1591.0,0.019036265090107918,0.019037924706935883,0.008872458711266518
1590.0,1592.0,0.015061452984809875,0.017090238630771637,0.0
1591.0,1593.0,0.016872111707925797,0.01564653590321541,0.0
1592.0,1594.0,0.011626441963016987,0.004100198857486248,0.0
1593.0,1595.0,0.009156517684459686,0.0026329890824854374,0.0
1594.0,1596.0,0.0028922678902745247,0.008047129958868027,0.0033610560931265354
1595.0,1597.0,0.017465025186538696,0.01366573665291071,0.013169270008802414
1596.0,1598.0,0.0,0.03382270038127899,0.019045524299144745
1597.0,1599.0,0.005034672562032938,0.010596571490168571,0.0
1598.0,1600.0,0.007293912582099438,0.0,0.0
1599.0,1601.0,0.003537014126777649,0.0,0.0
1600.0,1602.0,0.020038777962327003,0.0,0.0
1601.0,1603.0,0.00926022045314312,0.0,0.004369887989014387
1602.0,1604.0,0.012144414708018303,0.015269817784428596,0.005543103441596031
1603.0,1605.0,0.02146093174815178,0.0058939773589372635,0.0
1604.0,1606.0,0.018763653934001923,0.00348082697018981,0.0
1605.0,1607.0,0.013368459418416023,0.017825694754719734,0.009244602173566818
1606.0,1608.0,0.004713059403002262,0.007237841375172138,0.0
1607.0,1609.0,0.016602929681539536,0.007411593571305275,0.0
1608.0,1610.0,0.020841103047132492,0.0026151668280363083,0.00397000415250659
1609.0,1611.0,0.01500711590051651,0.0,0.010921956971287727
1610.0,1612.0,0.020904982462525368,0.0,0.0011048135347664356
1611.0,1613.0,0.020169172435998917,0.0003494229167699814,0.0
1612.0,1614.0,0.016846444457769394,0.0042903730645775795,0.0
1613.0,1615.0,0.01877579279243946,0.0,0.00426865741610527
1614.0,1616.0,0.012562326155602932,0.0,0.001231558620929718
1615.0,1617.0,0.009147102013230324,0.007144666742533445,0.016734622418880463
1616.0,1618.0,0.0020548412576317787,0.014957917854189873,0.025659410282969475
1617.0,1619.0,0.011375767178833485,0.020819570869207382,0.00978013128042221
1618.0,1620.0,0.01785520650446415,0.010316835716366768,0.002489185892045498
1619.0,1621.0,0.0271791722625494,0.001210649497807026,0.0023141452111303806
1620.0,1622.0,0.02589050680398941,0.0,0.007713302969932556
1621.0,1623.0,0.010534152388572693,0.01701268181204796,0.009600283578038216
1622.0,1624.0,0.0,0.011310417205095291,0.0060548181645572186
1623.0,1625.0,0.008045520633459091,0.016583038493990898,0.002557078842073679
1624.0,1626.0,0.012725606560707092,0.017170239239931107,0.009748797863721848
1625.0,1627.0,0.011408854275941849,0.0049474602565169334,0.0030738229397684336
1626.0,1628.0,0.008299460634589195,0.011102361604571342,0.0002845602575689554
1627.0,1629.0,0.014026871882379055,0.014547331258654594,0.010656229220330715
1628.0,1630.0,0.019475389271974564,0.013520151376724243,0.0025769961066544056
1629.0,1631.0,0.012781770899891853,0.01666075363755226,0.010840024799108505
1630.0,1632.0,0.017667874693870544,0.0,0.0
1631.0,1633.0,0.01233744528144598,0.0013240310363471508,0.0
1632.0,1634.0,0.010975221171975136,0.0,0.0
1633.0,1635.0,0.005258399061858654,0.0,0.0
1634.0,1636.0,0.0,0.0019904845394194126,0.0
1635.0,1637.0,0.0,0.010205665603280067,0.0
1636.0,1638.0,0.0,0.013118738308548927,0.0
1637.0,1639.0,0.012348453514277935,0.005621987394988537,0.017910325899720192
1638.0,1640.0,0.006301721557974815,0.010494722053408623,0.017731811851263046
1639.0,1641.0,0.0,0.022330259904265404,0.002669039648026228
1640.0,1642.0,0.00027127773500978947,0.0015864868182688951,0.007936857640743256
1641.0,1643.0,0.009061658754944801,0.0,0.005803375504910946
1642.0,1644.0,0.007380612660199404,0.004109422210603952,0.01674167439341545
1643.0,1645.0,0.0010120670776814222,0.00851973332464695,0.017581181600689888
1644.0,1646.0,0.0008968058973550797,0.021437281742691994,0.011374711990356445
1645.0,1647.0,0.0,0.0035251157823950052,0.018181316554546356
1646.0,1648.0,0.0,0.005800629034638405,0.01213629450649023
1647.0,1649.0,0.0,0.006503836251795292,0.002666619373485446
1648.0,1650.0,0.001548856496810913,0.00031353579834103584,0.00917913019657135
1649.0,1651.0,0.0023053549230098724,0.0,0.0
1650.0,1652.0,0.006871628109365702,0.0,0.0
1651.0,1653.0,0.015632200986146927,0.0,0.012739364057779312
1652.0,1654.0,0.020513098686933517,0.004697298165410757,0.008743837475776672
1653.0,1655.0,0.025201555341482162,0.0047854892909526825,0.0
1654.0,1656.0,0.01761404424905777,0.006959493272006512,0.0
1655.0,1657.0,0.011244000867009163,0.004662812687456608,0.0003961001057177782
1656.0,1658.0,0.01664213463664055,0.00796440802514553,0.0
1657.0,1659.0,0.019349148496985435,0.0,0.0041259657591581345
1658.0,1660.0,0.012773299589753151,0.0,0.000807550735771656
1659.0,1661.0,0.009081220254302025,0.0,0.0
1660.0,1662.0,0.0,0.0074143121019005775,0.0
1661.0,1663.0,0.002888803370296955,0.015238793566823006,0.0
1662.0,1664.0,0.010351757518947124,0.010721040889620781,0.009099825285375118
1663.0,1665.0,0.016880974173545837,0.01183276902884245,0.009914657101035118
1664.0,1666.0,0.00981246680021286,0.0,0.0
1665.0,1667.0,0.013283600099384785,0.009844307787716389,0.0031612394377589226
1666.0,1668.0,0.004047888796776533,0.006111841648817062,0.0
1667.0,1669.0,0.0,0.0006516650319099426,0.0
1668.0,1670.0,0.008581144735217094,0.0,0.0014534834772348404
1669.0,1671.0,0.006269973702728748,0.0,0.0
1670.0,1672.0,0.00862413365393877,0.00013444293290376663,0.0
1671.0,1673.0,0.007367938756942749,0.006817478686571121,0.004865976981818676
1672.0,1674.0,0.0071164825931191444,0.0,0.0
1673.0,1675.0,0.006334398873150349,0.0,0.0
1674.0,1676.0,0.011193756014108658,0.0,0.007484497036784887
1675.0,1677.0,0.007840890437364578,0.0,0.0034111998975276947
1676.0,1678.0,0.015843980014324188,0.0,0.009934304282069206
1677.0,1679.0,0.015171675942838192,0.0,0.0016841839533299208
1678.0,1680.0,0.0,0.0013437960296869278,0.0
1679.0,1681.0,0.0,0.0034770132042467594,0.0005586973857134581
1680.0,1682.0,0.0022678454406559467,0.0,0.011498208157718182
1681.0,1683.0,0.0,0.004958141129463911,0.01506008766591549
1682.0,1684.0,0.002585184294730425,0.0036177048459649086,0.004962879233062267
1683.0,1685.0,0.014156769961118698,0.0,0.0
1684.0,1686.0,0.014419333077967167,0.0,0.0
1685.0,1687.0,0.013569544069468975,0.0,0.0
1686.0,1688.0,0.007055133115500212,0.02251126617193222,0.0
1687.0,1689.0,0.0023299530148506165,0.024050716310739517,0.006300633307546377
1688.0,1690.0,0.025698266923427582,0.014886993914842606,0.0006883861497044563
1689.0,1691.0,0.029269032180309296,0.0,0.0
1690.0,1692.0,0.015443205833435059,0.0023429631255567074,0.0
1691.0,1693.0,0.014100313186645508,0.004498129244893789,0.0018311694730073214
1692.0,1694.0,0.016826394945383072,0.004138692282140255,0.010873678140342236
1693.0,1695.0,0.005615125875920057,0.0,0.0031204998958855867
1694.0,1696.0,0.0024518449790775776,0.0,0.005497688427567482
1695.0,1697.0,0.01525836531072855,0.004652544390410185,0.002528744749724865
1696.0,1698.0,0.008564559742808342,0.0,0.0
1697.0,1699.0,0.018725097179412842,0.01349139679223299,0.002923501655459404
1698.0,1700.0,0.015419526025652885,0.015164540149271488,0.0075613087974488735
1699.0,1701.0,0.014814114198088646,0.004614351782947779,0.0012797012459486723
1700.0,1702.0,0.0141711151227355,0.016482409089803696,0.0
1701.0,1703.0,0.0,0.0,0.0
1702.0,1704.0,0.0015157003654167056,0.0,0.010343978181481361
1703.0,1705.0,0.033069852739572525,0.0,0.0022538122721016407
1704.0,1706.0,0.033374447375535965,0.00974075123667717,0.010223768651485443
1705.0,1707.0,0.01568799652159214,0.026888523250818253,0.00578811252489686
1706.0,1708.0,0.0041535403579473495,0.011183997616171837,0.0
1707.0,1709.0,0.010164545848965645,0.0,0.0
1708.0,1710.0,0.02415401116013527,0.0,0.007440077606588602
1709.0,1711.0,0.020764417946338654,0.0,0.0037933033891022205
1710.0,1712.0,0.013977574184536934,0.005020990502089262,0.0058590322732925415
1711.0,1713.0,0.015832794830203056,0.00341547979041934,0.0023065502755343914
1712.0,1714.0,0.012988733127713203,0.0020737680606544018,0.0
1713.0,1715.0,0.0,0.0,0.0006568795070052147
1714.0,1716.0,0.0,0.01136631891131401,0.012523366138339043
1715.0,1717.0,0.0,0.025568321347236633,0.0
1716.0,1718.0,0.003847584594041109,0.030165202915668488,0.016727514564990997
1717.0,1719.0,0.00674039451405406,0.030647188425064087,0.01606566458940506
1718.0,1720.0,0.025525551289319992,0.02910790964961052,0.01599673554301262
1719.0,1721.0,0.027507346123456955,0.008808029815554619,0.0
1720.0,1722.0,0.0,0.005860844627022743,0.0
1721.0,1723.0,0.02692130208015442,0.011168505996465683,0.017505740746855736
1722.0,1724.0,0.026846781373023987,0.005660233087837696,0.02145456150174141
1723.0,1725.0,0.010295700281858444,0.013186763972043991,0.017569951713085175
1724.0,1726.0,0.005500629544258118,0.016901753842830658,0.01451653242111206
1725.0,1727.0,0.009717537090182304,0.02125811204314232,0.005294329486787319
1726.0,1728.0,0.00878772884607315,0.01067656185477972,0.0009171061683446169
1727.0,1729.0,0.0,0.0033309278078377247,0.0
1728.0,1730.0,0.015757111832499504,0.0,0.00343901920132339
1729.0,1731.0,0.009985029697418213,0.0,0.008834803476929665
1730.0,1732.0,0.0,0.01318870484828949,0.006964534521102905
1731.0,1733.0,0.0034377388656139374,0.016371119767427444,0.01864200085401535
1732.0,1734.0,0.0164108257740736,0.013437755405902863,0.009651128202676773
1733.0,1735.0,0.012650609016418457,0.00798182561993599,0.007688413839787245
1734.0,1736.0,0.014918582513928413,0.0032621570862829685,0.011752655729651451
1735.0,1737.0,0.013430019840598106,0.012382477521896362,0.015001889318227768
1736.0,1738.0,0.0018212143331766129,0.002059771679341793,0.006285222712904215
1737.0,1739.0,0.02095714397728443,0.001957382308319211,0.011256464757025242
1738.0,1740.0,0.019612016156315804,0.012819735333323479,0.026846734806895256
1739.0,1741.0,0.010557646863162518,0.007506226189434528,0.020873133093118668
1740.0,1742.0,0.02039671503007412,0.009528741240501404,0.009808934293687344
1741.0,1743.0,0.018619222566485405,0.00022897613234817982,0.0011102589778602123
1742.0,1744.0,0.01580045558512211,0.0,0.00638606259599328
1743.0,1745.0,0.008349819108843803,0.014799965545535088,0.014126457273960114
1744.0,1746.0,0.007800152990967035,0.015947049483656883,0.021111883223056793
1745.0,1747.0,0.012089869007468224,0.014784947037696838,0.004262491595000029
1746.0,1748.0,0.018261589109897614,0.00485985167324543,0.0
1747.0,1749.0,0.015660591423511505,0.004474584478884935,0.009763660840690136
1748.0,1750.0,0.00598823931068182,0.011218629777431488,0.007521294057369232
1749.0,1751.0,0.01161183975636959,0.012127164751291275,0.017323173582553864
1750.0,1752.0,0.010396093130111694,8.780602365732193e-05,0.015265099704265594
1751.0,1753.0,0.013398762792348862,0.002418337855488062,0.012405747547745705
1752.0,1754.0,0.018396150320768356,0.017701856791973114,0.016928810626268387
1753.0,1755.0,0.014917762950062752,0.021613745018839836,0.01819196343421936
1754.0,1756.0,0.012214959599077702,0.0007482162909582257,0.008454213850200176
1755.0,1757.0,0.008350995369255543,0.002621824387460947,0.00758808758109808
1756.0,1758.0,0.005682765506207943,0.007594638504087925,0.013416032306849957
1757.0,1759.0,0.009204268455505371,0.014116223901510239,0.020883414894342422
1758.0,1760.0,0.016318148002028465,0.007577927317470312,0.021420413628220558
1759.0,1761.0,0.014915743842720985,0.0,0.01426752284169197
1760.0,1762.0,0.0075038764625787735,0.012757967226207256,0.009998491033911705
1761.0,1763.0,0.015372119843959808,0.0022290144115686417,0.007981838658452034
1762.0,1764.0,0.01833486184477806,0.008161962032318115,0.013893341645598412
1763.0,1765.0,0.0033032407518476248,0.021271860226988792,0.0
1764.0,1766.0,0.011304400861263275,0.01098574697971344,0.008236931636929512
1765.0,1767.0,0.0015028496272861958,0.009153759106993675,0.0029256618581712246
1766.0,1768.0,0.007542687468230724,0.006283105816692114,0.009532256051898003
1767.0,1769.0,0.011917009018361568,0.006333696655929089,0.028107712045311928
1768.0,1770.0,0.00698294211179018,0.0,0.00909975916147232
1769.0,1771.0,0.005963430739939213,0.0,0.0
1770.0,1772.0,0.01090292725712061,0.0,0.00027530966326594353
1771.0,1773.0,0.019901296123862267,0.00877697579562664,0.011731373146176338
1772.0,1774.0,0.0101909339427948,0.011528272181749344,0.020278330892324448
1773.0,1775.0,0.006561800371855497,0.01531931385397911,0.01642223447561264
1774.0,1776.0,0.016832776367664337,0.0,0.01025339961051941
1775.0,1777.0,0.00746165169402957,0.0002498708199709654,0.0038417340256273746
1776.0,1778.0,0.009353213012218475,0.01789366826415062,0.014144599437713623
1777.0,1779.0,0.01526038907468319,0.013522438704967499,0.012732930481433868
1778.0,1780.0,0.019874773919582367,0.01349014975130558,0.02576928399503231
1779.0,1781.0,0.0,0.015865452587604523,0.006368023809045553
1780.0,1782.0,0.0,0.01557652372866869,0.0004858924075961113
1781.0,1783.0,0.016696114093065262,0.005481595639139414,0.0021896655671298504
1782.0,1784.0,0.011501453816890717,0.012549510225653648,0.004176045302301645
1783.0,1785.0,0.01973286084830761,0.005793997552245855,0.005070401355624199
1784.0,1786.0,0.008026673458516598,0.007719339802861214,0.015483684837818146
1785.0,1787.0,0.004124168306589127,0.0037853471003472805,0.021013718098402023
1786.0,1788.0,0.0069054532796144485,0.008668012917041779,0.0070050787180662155
1787.0,1789.0,0.009530263021588326,0.003225805005058646,0.004633973818272352
1788.0,1790.0,0.022123631089925766,0.005159614607691765,0.0029798001050949097
1789.0,1791.0,0.02096838876605034,0.014392904937267303,0.02091829665005207
1790.0,1792.0,0.014986312948167324,0.015833323821425438,0.026724308729171753
1791.0,1793.0,0.017555471509695053,0.006147690583020449,0.019877910614013672
1792.0,1794.0,0.018012693151831627,0.017547179013490677,0.015694547444581985
1793.0,1795.0,0.01645635813474655,0.02272156812250614,0.015132565051317215
1794.0,1796.0,0.01619875617325306,0.010136475786566734,0.021227817982435226
1795.0,1797.0,0.007667851634323597,0.005593897309154272,0.007187590003013611
1796.0,1798.0,0.0,0.0016265185549855232,0.008453925140202045
1797.0,1799.0,0.011292211711406708,0.01075839251279831,0.005683341063559055
1798.0,1800.0,0.028193561360239983,0.009155157953500748,0.019600309431552887
1799.0,1801.0,0.025324344635009766,0.01284758374094963,0.007289758883416653
1800.0,1802.0,0.0029316917061805725,0.01971244439482689,0.0
1801.0,1803.0,0.0,0.0,0.0036576129496097565
1802.0,1804.0,0.008422422222793102,0.007755284663289785,0.003809945425018668
1803.0,1805.0,0.004803729243576527,0.008756166324019432,0.0033827945590019226
1804.0,1806.0,0.0008809366263449192,0.021225038915872574,0.015696529299020767
1805.0,1807.0,0.006381123326718807,0.028682760894298553,0.013691483996808529
1806.0,1808.0,0.021051961928606033,0.0,0.004191723186522722
1807.0,1809.0,0.017774606123566628,0.0,0.003863799851387739
1808.0,1810.0,0.023615580052137375,0.0,0.005245667416602373
1809.0,1811.0,0.015565079636871815,0.0,0.003070057835429907
1810.0,1812.0,0.0007975089829415083,0.01665109395980835,0.005698853638023138
1811.0,1813.0,0.003120090113952756,0.021907003596425056,0.0
1812.0,1814.0,0.01104783359915018,0.014903866685926914,0.0
1813.0,1815.0,0.015741080045700073,0.010453937575221062,0.007476257160305977
1814.0,1816.0,0.01543438620865345,0.0049055712297558784,0.007022653240710497
1815.0,1817.0,0.01267162710428238,0.0,0.005233385134488344
1816.0,1818.0,0.003739661071449518,0.008913477882742882,0.0
1817.0,1819.0,0.001676903571933508,0.007966495119035244,0.0
1818.0,1820.0,0.002648998284712434,0.0035746567882597446,0.003686297684907913
1819.0,1821.0,0.013887601904571056,0.00900871492922306,0.017469078302383423
1820.0,1822.0,0.009582600556313992,0.0166489090770483,0.007358000613749027
1821.0,1823.0,0.012193848378956318,0.0,0.013771307654678822
1822.0,1824.0,0.009635765105485916,0.0008035899372771382,0.013432384468615055
1823.0,1825.0,0.0,0.0,0.014246311970055103
1824.0,1826.0,0.001074987929314375,0.0,0.0113684656098485
1825.0,1827.0,0.011142314411699772,0.009109096601605415,0.0
1826.0,1828.0,0.01596669852733612,0.008409341797232628,0.0
1827.0,1829.0,0.009338358417153358,0.0,0.003903876058757305
1828.0,1830.0,0.013403302989900112,0.0,0.007845699787139893
1829.0,1831.0,0.017190098762512207,0.0,0.0035433187149465084
1830.0,1832.0,0.0035533972550183535,0.0,0.0010483833029866219
1831.0,1833.0,0.01889888569712639,0.01309094950556755,0.0
1832.0,1834.0,0.01057958323508501,0.0,0.0
1833.0,1835.0,0.001737622544169426,0.0,0.0036349445581436157
1834.0,1836.0,0.01845380663871765,0.010007413104176521,0.011642495170235634
1835.0,1837.0,0.010765613988041878,0.0026035266928374767,0.00021345331333577633
1836.0,1838.0,0.0012926263734698296,0.0,0.0
1837.0,1839.0,0.00555411446839571,0.014050403609871864,0.003355175955221057
1838.0,1840.0,0.004556505940854549,0.02511245384812355,0.0006703529506921768
1839.0,1841.0,0.019246524199843407,0.0057565588504076,0.0
1840.0,1842.0,0.024842072278261185,0.0,0.0
1841.0,1843.0,0.022652272135019302,0.01771034300327301,0.00449901819229126
1842.0,1844.0,0.020724734291434288,0.02773979678750038,0.011794781312346458
1843.0,1845.0,0.012423951178789139,0.013775378465652466,0.002435484901070595
1844.0,1846.0,0.009712113067507744,0.013010520488023758,0.009365951642394066
1845.0,1847.0,0.01388944685459137,0.012659658677875996,0.01648501679301262
1846.0,1848.0,0.01003346685320139,0.010589953511953354,0.014768185093998909
1847.0,1849.0,0.016365883871912956,0.0087374746799469,0.006387717556208372
1848.0,1850.0,0.013788788579404354,0.0,0.006940379738807678
1849.0,1851.0,0.0,0.0,0.0068133436143398285
1850.0,1852.0,0.0,0.01348696369677782,0.012888872064650059
1851.0,1853.0,0.01122337020933628,0.015015600249171257,0.01735994592308998
1852.0,1854.0,0.007604527287185192,0.007383747957646847,0.0
1853.0,1855.0,0.00912312138825655,0.006891623139381409,0.0007946891710162163
1854.0,1856.0,0.010417080484330654,0.0,0.00854538008570671
1855.0,1857.0,0.010804778896272182,0.0,0.009884431958198547
1856.0,1858.0,0.012799005955457687,0.0,0.0012510246597230434
1857.0,1859.0,0.014667963609099388,0.010128675028681755,0.0034901173785328865
1858.0,1860.0,0.012946316972374916,0.018457600846886635,0.0
1859.0,1861.0,0.00975756999105215,0.007992992177605629,0.004922263324260712
1860.0,1862.0,0.015628322958946228,0.012098787352442741,0.02059471420943737
1861.0,1863.0,0.0,0.02466200664639473,0.0
1862.0,1864.0,0.005003002472221851,0.030026717111468315,0.0
1863.0,1865.0,0.006549024023115635,0.0,0.012210343033075333
1864.0,1866.0,0.006233680993318558,0.0,0.0
1865.0,1867.0,0.0,0.0,0.0
1866.0,1868.0,0.0,0.0,0.0
1867.0,1869.0,0.0,0.006886294111609459,0.0076787457801401615
1868.0,1870.0,0.003970094490796328,0.007168323267251253,0.011884172447025776
1869.0,1871.0,0.0032295072451233864,0.011803707107901573,0.02016485296189785
1870.0,1872.0,0.011676911264657974,0.005242765881121159,0.015847621485590935
1871.0,1873.0,0.001253985334187746,0.004349491558969021,0.0
1872.0,1874.0,0.0014191730879247189,0.000324107997585088,0.0008703833445906639
1873.0,1875.0,0.0,0.0,0.001381424954161048
1874.0,1876.0,0.006873601116240025,0.0,0.004812132101505995
1875.0,1877.0,0.00959780253469944,0.0,0.014233279973268509
1876.0,1878.0,0.018854442983865738,0.0,0.010518395341932774
1877.0,1879.0,0.007120485417544842,0.01129293441772461,0.006566148716956377
1878.0,1880.0,0.012199352495372295,0.016731329262256622,0.0009653859306126833
1879.0,1881.0,0.006505363155156374,0.0,0.0
1880.0,1882.0,0.0,0.0024513625539839268,0.0
1881.0,1883.0,0.009420540183782578,0.0,0.0026175323873758316
1882.0,1884.0,0.008512591943144798,0.0,0.011283647269010544
1883.0,1885.0,0.013624947518110275,0.0,0.0008648287039250135
1884.0,1886.0,0.010530209168791771,0.0,0.003481675172224641
1885.0,1887.0,0.014515156857669353,0.0,0.0
1886.0,1888.0,0.012242571450769901,0.0,0.00922970287501812
1887.0,1889.0,0.012627506628632545,0.0,0.012360932305455208
1888.0,1890.0,0.010514876805245876,0.0,0.0
1889.0,1891.0,0.020465470850467682,0.009347434155642986,0.009485611692070961
1890.0,1892.0,0.024030935019254684,0.0048163337633013725,0.019687067717313766
1891.0,1893.0,0.011787674389779568,0.005090369377285242,0.014400255866348743
1892.0,1894.0,0.01077831070870161,0.011669405736029148,0.0012808009050786495
1893.0,1895.0,0.010225371457636356,0.011586996726691723,0.0018328380538150668
1894.0,1896.0,0.013094475492835045,0.000645957887172699,0.008515546098351479
1895.0,1897.0,0.016089189797639847,0.0018052158411592245,0.007986451499164104
1896.0,1898.0,0.016292456537485123,0.0,0.017020944505929947
1897.0,1899.0,0.011169390752911568,0.0,0.009667310863733292
1898.0,1900.0,0.025298727676272392,0.0,0.0
1899.0,1901.0,0.013850448653101921,0.0,0.0007630903273820877
1900.0,1902.0,0.012071523815393448,0.0,0.005389040801674128
1901.0,1903.0,0.013796730898320675,0.005618260707706213,0.0
1902.0,1904.0,0.00901339016854763,0.00875918846577406,0.005174913909286261
1903.0,1905.0,0.007484516594558954,0.015587596222758293,0.006368443835526705
1904.0,1906.0,0.010562090203166008,0.013018576428294182,0.0
1905.0,1907.0,0.019521646201610565,0.012706744484603405,0.013565153814852238
1906.0,1908.0,0.020554931834340096,0.010287923738360405,0.02687951736152172
1907.0,1909.0,0.02166188508272171,0.00927155651152134,0.02003447525203228
1908.0,1910.0,0.011130418628454208,0.010324254631996155,0.02117888256907463
1909.0,1911.0,0.006214058957993984,0.01939048245549202,0.017033880576491356
1910.0,1912.0,0.007995577529072762,0.015459065325558186,0.0
1911.0,1913.0,0.010300643742084503,0.0235216673463583,0.015983041375875473
1912.0,1914.0,0.0015167323872447014,0.006353562232106924,0.00286980252712965
1913.0,1915.0,0.004578117281198502,0.013932843692600727,0.0
1914.0,1916.0,0.017322219908237457,0.012436782009899616,0.0
1915.0,1917.0,0.015834828838706017,0.0,0.0038399212062358856
1916.0,1918.0,0.01762434095144272,0.0,0.007527852430939674
1917.0,1919.0,0.015372609719634056,0.0032126381993293762,0.015870701521635056
1918.0,1920.0,0.0023383833467960358,0.01588074490427971,0.0075193908996880054
1919.0,1921.0,0.026900451630353928,0.019347289577126503,0.0
1920.0,1922.0,0.03320661932229996,0.0,0.0029359066393226385
1921.0,1923.0,0.022465800866484642,0.0,0.004191749729216099
1922.0,1924.0,0.012135581113398075,0.0,0.010592035949230194
1923.0,1925.0,0.004113982897251844,0.0,0.020078502595424652
1924.0,1926.0,0.0056444332003593445,0.0,0.013630397617816925
1925.0,1927.0,0.0203560721129179,0.0,0.007894894108176231
1926.0,1928.0,0.02394132688641548,0.005061470437794924,0.01041195634752512
1927.0,1929.0,0.004758366383612156,0.0,0.0
1928.0,1930.0,0.0003312290646135807,0.009340623393654823,0.008996587246656418
1929.0,1931.0,0.0020710895769298077,0.0,0.0006133653223514557
1930.0,1932.0,0.0019496148452162743,0.0,0.0
1931.0,1933.0,0.0,0.0,0.0
1932.0,1934.0,0.0029065513517707586,0.00013767089694738388,0.002538184868171811
1933.0,1935.0,0.0,0.016910986974835396,0.0004761745221912861
1934.0,1936.0,0.0,0.021735744550824165,0.0011526126181706786
1935.0,1937.0,0.008441177196800709,0.0,0.0
1936.0,1938.0,0.015515062026679516,0.0005661987233906984,0.0010341056622564793
1937.0,1939.0,0.012082785367965698,0.010403463616967201,0.017951875925064087
1938.0,1940.0,0.011061121709644794,0.0004941353108733892,0.0013792864046990871
1939.0,1941.0,0.01389409601688385,0.0,0.0
1940.0,1942.0,0.01867404580116272,0.0,0.006830259226262569
1941.0,1943.0,0.0017779318150132895,0.0010703369043767452,0.008844802156090736
1942.0,1944.0,0.0,0.0,0.0027937996201217175
1943.0,1945.0,0.0018872125074267387,0.0,0.0
1944.0,1946.0,0.011810804717242718,0.0,0.002054238226264715
1945.0,1947.0,0.011125477962195873,0.01334548369050026,0.0
1946.0,1948.0,0.0060014668852090836,0.012607162818312645,0.00019594456534832716
1947.0,1949.0,0.013993545435369015,0.0012694656616076827,0.0040593137964606285
1948.0,1950.0,0.013955882750451565,0.011744281277060509,0.010759662836790085
1949.0,1951.0,0.0032394693698734045,0.017473122105002403,0.01942671462893486
1950.0,1952.0,0.007349793333560228,0.0006486205384135246,0.012126646004617214
1951.0,1953.0,0.010082188993692398,0.0,0.00847402960062027
1952.0,1954.0,0.0035277637653052807,0.0,0.007138138636946678
1953.0,1955.0,0.0030246214009821415,0.0,0.006677178665995598
1954.0,1956.0,0.0,0.0,0.0
1955.0,1957.0,0.007275877054780722,0.0009019502904266119,0.0
1956.0,1958.0,0.008126404136419296,0.005131054669618607,0.005114092491567135
1957.0,1959.0,0.016415145248174667,0.015574022196233273,0.0
1958.0,1960.0,0.009156066924333572,0.008658683858811855,0.0
1959.0,1961.0,0.0,0.0008124643936753273,0.004361916799098253
1960.0,1962.0,0.0,0.005479494109749794,0.0
1961.0,1963.0,0.010977820493280888,0.0007888898253440857,0.003173170145601034
1962.0,1964.0,0.02424435317516327,0.0030660240445286036,0.013753882609307766
1963.0,1965.0,0.020157035440206528,0.0,0.023048358038067818
1964.0,1966.0,0.015940967947244644,0.0,0.0038919406943023205
1965.0,1967.0,0.0,0.0,0.0
1966.0,1968.0,0.0,0.0,0.0005317404866218567
1967.0,1969.0,0.010356683284044266,0.0,0.005529428366571665
1968.0,1970.0,0.02367660216987133,0.005646842066198587,0.021801549941301346
1969.0,1971.0,0.02286173589527607,0.008108004927635193,0.0217740535736084
1970.0,1972.0,0.018169499933719635,0.0,0.015630431473255157
1971.0,1973.0,0.012562121264636517,0.003714602207764983,0.02918192185461521
1972.0,1974.0,0.019610891118645668,0.0023233366664499044,0.025742895901203156
1973.0,1975.0,0.011977548711001873,0.006506460718810558,0.016887672245502472
1974.0,1976.0,0.007891927845776081,0.019277432933449745,0.019463181495666504
1975.0,1977.0,0.0031846859492361546,0.021364960819482803,0.009762164205312729
1976.0,1978.0,0.01409159041941166,0.009719526395201683,0.007479947991669178
1977.0,1979.0,0.015821222215890884,0.0,0.006711430381983519
1978.0,1980.0,0.013140944764018059,0.0,0.0
1979.0,1981.0,0.004080453421920538,0.0,0.0
1980.0,1982.0,0.006950201466679573,0.0035220254212617874,0.01564478687942028
1981.0,1983.0,0.01538793370127678,0.010147463530302048,0.009753345511853695
1982.0,1984.0,0.02430030331015587,0.0009746705181896687,0.00598024670034647
1983.0,1985.0,0.007082438096404076,0.0,0.0060434662736952305
1984.0,1986.0,0.007378791458904743,0.0,0.00016557471826672554
1985.0,1987.0,0.00999230332672596,0.0,0.00011146999895572662
1986.0,1988.0,0.009679297916591167,0.0,0.002211795188486576
1987.0,1989.0,0.014265237376093864,0.0001844833604991436,0.011461293324828148
1988.0,1990.0,0.013063658028841019,0.0025215870700776577,0.022881895303726196
1989.0,1991.0,0.012962681241333485,0.0026267576031386852,0.026828806847333908
1990.0,1992.0,0.016679054126143456,0.005953147076070309,0.02449137717485428
1991.0,1993.0,0.013174592517316341,0.01275822427123785,0.010692203417420387
1992.0,1994.0,0.007412034086883068,0.010834302753210068,0.004432059358805418
1993.0,1995.0,0.013332893140614033,0.0,0.004589514806866646
1994.0,1996.0,0.0,0.0,0.0
1995.0,1997.0,0.00863119401037693,0.0,0.0023543848656117916
1996.0,1998.0,0.014429774135351181,0.0,0.0
1997.0,1999.0,0.006163653917610645,0.0,0.0047207484021782875
1998.0,2000.0,0.0,0.0035556256771087646,0.018517065793275833
1999.0,2001.0,0.012981468811631203,0.01387413963675499,0.017670681700110435
2000.0,2002.0,0.02437599189579487,0.02531946450471878,0.014859829097986221
2001.0,2003.0,0.011818159371614456,0.0003773663192987442,0.0
2002.0,2004.0,0.008441485464572906,0.0,0.002695231232792139
2003.0,2005.0,0.008452762849628925,0.002859328407794237,0.0
2004.0,2006.0,0.009350241161882877,0.00047253724187612534,0.010171241126954556
2005.0,2007.0,0.01816301792860031,0.0049478719010949135,0.011579913087189198
2006.0,2008.0,0.023322608321905136,0.004725053906440735,0.005184728652238846
2007.0,2009.0,0.03238724172115326,0.002299757907167077,0.008213240653276443
2008.0,2010.0,0.016013717278838158,0.004566234070807695,0.021782614290714264
2009.0,2011.0,0.014755766838788986,0.014391595497727394,0.01800302416086197
2010.0,2012.0,0.01539099495857954,0.007333502173423767,0.0
2011.0,2013.0,0.00841209851205349,0.0,0.007080137729644775
2012.0,2014.0,0.008665957488119602,0.0,0.007124536670744419
2013.0,2015.0,0.006180205382406712,0.015563390217721462,0.0018312796019017696
2014.0,2016.0,0.0,0.005896400660276413,0.0
2015.0,2017.0,0.0004062623484060168,0.006654581055045128,0.0
2016.0,2018.0,0.013892401941120625,0.006261305417865515,0.010082715190947056
2017.0,2019.0,0.02273137867450714,0.000953675014898181,0.008874413557350636
2018.0,2020.0,0.02116115391254425,0.006452399305999279,0.012251606211066246
2019.0,2021.0,0.0284833125770092,0.011787083931267262,0.010257567279040813
2020.0,2022.0,0.012058500200510025,0.0,0.004804253112524748
2021.0,2023.0,0.004157722927629948,0.0,0.003112719627097249
2022.0,2024.0,0.005669381935149431,0.0089648999273777,0.014907391741871834
2023.0,2025.0,0.009840789251029491,0.0038538267835974693,0.01945977658033371
2024.0,2026.0,0.012381738051772118,0.0,0.012790309265255928
2025.0,2027.0,0.015843465924263,0.0,0.0032665503676980734
2026.0,2028.0,0.0039720479398965836,0.0,0.0022330600768327713
2027.0,2029.0,0.00580914132297039,0.0,0.0
2028.0,2030.0,0.009240694344043732,0.0,0.006655299104750156
2029.0,2031.0,0.012184962630271912,0.0,0.005246484652161598
2030.0,2032.0,0.013557760044932365,0.0,0.0017676155548542738
2031.0,2033.0,0.0,0.003641938790678978,0.001979844644665718
2032.0,2034.0,0.013935595750808716,0.006388488225638866,0.0
2033.0,2035.0,0.010355249047279358,5.9159938246011734e-05,0.011260192841291428
2034.0,2036.0,0.006160101853311062,0.004653250332921743,0.01798020303249359
2035.0,2037.0,0.00393684720620513,0.01839899830520153,0.016494685783982277
2036.0,2038.0,0.021350018680095673,0.015035712160170078,0.008280012756586075
2037.0,2039.0,0.018764611333608627,0.0,0.014909354969859123
2038.0,2040.0,0.017466895282268524,0.0,0.011567002162337303
2039.0,2041.0,0.011148917488753796,0.0,0.002299889223650098
2040.0,2042.0,0.003149864263832569,0.0,0.0
2041.0,2043.0,0.0016217917436733842,0.0,0.00797738041728735
2042.0,2044.0,0.0,0.0025879223830997944,0.005516790319234133
2043.0,2045.0,0.0,0.005657239351421595,0.0
2044.0,2046.0,0.0,0.00866645947098732,0.0
2045.0,2047.0,0.003658076748251915,0.005745465401560068,0.0
2046.0,2048.0,0.009196056984364986,0.0031160193029791117,0.005059998016804457
2047.0,2049.0,0.016779864206910133,0.009841373190283775,0.008179228752851486
2048.0,2050.0,0.006182393990457058,0.012297972105443478,0.01885279268026352
2049.0,2051.0,0.0,0.015495708212256432,0.0014523133868351579
2050.0,2052.0,0.01934831216931343,0.007003514561802149,0.014010200276970863
2051.0,2053.0,0.02501208521425724,0.00483262212947011,0.007953859865665436
2052.0,2054.0,0.004464274737983942,0.0021303161047399044,0.0019254242070019245
2053.0,2055.0,0.0026535147335380316,0.0,0.0
2054.0,2056.0,0.02520797774195671,0.0,0.008038739673793316
2055.0,2057.0,0.022318467497825623,0.012383160181343555,0.012262853793799877
2056.0,2058.0,0.0020940364338457584,0.0035207096952944994,0.002154654823243618
2057.0,2059.0,0.011880392208695412,0.0,0.005393170285969973
2058.0,2060.0,0.015073402784764767,0.0,0.007633424364030361
2059.0,2061.0,0.0112607441842556,0.003139900043606758,0.01756056398153305
2060.0,2062.0,0.01301336009055376,0.012769690714776516,0.003465348854660988
2061.0,2063.0,0.008938939310610294,0.00302689615637064,0.0005352827720344067
2062.0,2064.0,0.0,0.0,0.006672481540590525
2063.0,2065.0,0.009678640402853489,0.0,0.005964203737676144
2064.0,2066.0,0.0,0.0,0.0
2065.0,2067.0,0.014855973422527313,0.000796846579760313,0.014341543428599834
2066.0,2068.0,0.011418950743973255,0.014825550839304924,0.026996128261089325
2067.0,2069.0,0.0038198232650756836,0.01852351427078247,0.011076301336288452
2068.0,2070.0,0.0015285066328942776,0.0,0.0
2069.0,2071.0,0.011331668123602867,0.0,0.01005934365093708
2070.0,2072.0,0.0073979636654257774,0.008157605305314064,0.006637043319642544
2071.0,2073.0,0.0017954313661903143,0.004841033834964037,0.005115937441587448
2072.0,2074.0,0.009529043920338154,0.0,0.005706419702619314
2073.0,2075.0,0.007166204042732716,0.0,0.0005974454106763005
2074.0,2076.0,0.006185693666338921,0.0,0.005701750982552767
2075.0,2077.0,0.02484288439154625,0.0002672872506082058,0.012203123420476913
2076.0,2078.0,0.013717010617256165,0.002456067595630884,0.0007390454411506653
2077.0,2079.0,0.0,0.0,0.0046378495171666145
2078.0,2080.0,0.0,0.0,0.0
2079.0,2081.0,0.006947651039808989,0.0,0.0
2080.0,2082.0,0.0193430595099926,0.0,0.004952580668032169
2081.0,2083.0,0.01892559416592121,0.0,0.008802143856883049
2082.0,2084.0,0.013841592706739902,0.0,0.004377442877739668
2083.0,2085.0,0.005310405977070332,0.0,0.003370927181094885
2084.0,2086.0,0.019797474145889282,0.02143925055861473,0.018413342535495758
2085.0,2087.0,0.014584829099476337,0.013780763372778893,0.03357130289077759
2086.0,2088.0,0.020279834046959877,0.014117144048213959,0.0004231678321957588
2087.0,2089.0,0.015825819224119186,0.009026017040014267,0.0
2088.0,2090.0,0.015957742929458618,0.012408698908984661,0.0
2089.0,2091.0,0.007918020710349083,0.005092176143079996,0.00781834777444601
2090.0,2092.0,0.014252392575144768,0.008519613184034824,0.0011566965840756893
2091.0,2093.0,0.015162691473960876,0.0,0.013039706274867058
2092.0,2094.0,0.015196671709418297,0.0,0.012522547505795956
2093.0,2095.0,0.02069965749979019,0.0,0.006794753950089216
2094.0,2096.0,0.01844559609889984,0.0,0.0131983682513237
2095.0,2097.0,0.01486231479793787,0.0,0.006066922098398209
2096.0,2098.0,0.015459435060620308,0.0,0.00016732164658606052
2097.0,2099.0,0.016113156452775,0.005179091356694698,0.0
2098.0,2100.0,0.01977250911295414,0.0017699096351861954,7.061287760734558e-05
2099.0,2101.0,0.0034535573795437813,0.0,0.005770926363766193
2100.0,2102.0,0.012028834782540798,0.0,0.011158175766468048
2101.0,2103.0,0.02413620427250862,0.0,0.006985856220126152
2102.0,2104.0,0.014063786715269089,0.0,0.0
2103.0,2105.0,0.014471642673015594,0.0,0.010487683117389679
2104.0,2106.0,0.008397743105888367,0.005635753273963928,0.011972043663263321
2105.0,2107.0,0.004249758552759886,0.006436030846089125,0.013001399114727974
2106.0,2108.0,0.0019077109172940254,0.011921432800590992,0.014577149413526058
2107.0,2109.0,0.002107068430632353,0.022472620010375977,0.0
2108.0,2110.0,0.007931767031550407,0.0,0.01874653995037079
2109.0,2111.0,0.0,0.0,0.0
2110.0,2112.0,0.0,0.0,0.005008529406040907
2111.0,2113.0,0.006035817787051201,0.0,0.004400448873639107
2112.0,2114.0,0.0017530103214085102,0.0,0.0
2113.0,2115.0,0.0,0.007167080882936716,0.0013965568505227566
2114.0,2116.0,0.0,0.007243688218295574,0.013267097994685173
2115.0,2117.0,0.00033864565193653107,0.013256718404591084,0.0068123312667012215
2116.0,2118.0,0.004019685089588165,0.004742255434393883,0.0
2117.0,2119.0,0.002507396973669529,0.008834727108478546,0.006280960515141487
2118.0,2120.0,0.0016647640150040388,0.0,0.0026159649714827538
2119.0,2121.0,0.0053979624062776566,0.0,0.0015718578360974789
2120.0,2122.0,0.0017191350925713778,0.0,0.00342406053096056
2121.0,2123.0,0.00425148569047451,0.0,0.0009080651216208935
2122.0,2124.0,0.0024967696517705917,0.0,0.0
2123.0,2125.0,0.0,0.018119696527719498,0.0
2124.0,2126.0,0.016433142125606537,2.7462723664939404e-05,0.0
2125.0,2127.0,0.023324593901634216,0.0,0.0
2126.0,2128.0,0.014777323231101036,0.0017980129923671484,0.0
2127.0,2129.0,0.00783906877040863,0.007885959930717945,0.0
2128.0,2130.0,0.0031240007374435663,0.016441689804196358,0.0
2129.0,2131.0,0.010394206270575523,0.012946074828505516,0.0008191028609871864
2130.0,2132.0,0.007662283256649971,0.011068027466535568,0.0
2131.0,2133.0,0.011036435142159462,0.0031022196635603905,0.0
2132.0,2134.0,0.007143780589103699,0.0054229251109063625,0.0
2133.0,2135.0,0.01891603134572506,0.004053011070936918,0.0
2134.0,2136.0,0.016546744853258133,0.0,0.0
2135.0,2137.0,0.0,0.00030105747282505035,0.0
2136.0,2138.0,0.007921785116195679,0.006409797351807356,0.0
2137.0,2139.0,0.021450575441122055,0.003065867116674781,0.0
2138.0,2140.0,0.007368530612438917,0.010770244523882866,0.0
2139.0,2141.0,0.0032990470062941313,0.019381986930966377,0.0
2140.0,2142.0,0.013375149108469486,0.02149648405611515,0.006210119463503361
2141.0,2143.0,0.01197274960577488,0.014065105468034744,0.0
2142.0,2144.0,0.012383870780467987,0.007976790890097618,0.0040430366061627865
2143.0,2145.0,0.0,0.012114730663597584,0.0065010832622647285
2144.0,2146.0,0.0,0.0030623823404312134,0.006583964452147484
2145.0,2147.0,0.0035347784869372845,0.015212164260447025,0.012130020186305046
2146.0,2148.0,0.0,0.022754579782485962,0.006802606862038374
2147.0,2149.0,0.005267494358122349,0.012691084295511246,0.01080724224448204
2148.0,2150.0,0.01459839753806591,0.01365932822227478,0.003749003866687417
2149.0,2151.0,0.004293194971978664,0.009422499686479568,0.011351212859153748
2150.0,2152.0,0.0027574251871556044,0.015700742602348328,0.00801387894898653
2151.0,2153.0,0.005845935083925724,0.028260471299290657,0.018998142331838608
2152.0,2154.0,0.010495776310563087,0.017766635864973068,0.01122713927179575
2153.0,2155.0,0.020268457010388374,0.030073469504714012,0.007479434832930565
2154.0,2156.0,0.029336784034967422,0.020624741911888123,0.009221709333360195
2155.0,2157.0,0.02268415130674839,0.005125620402395725,0.012601157650351524
2156.0,2158.0,0.00922180525958538,0.017024988308548927,0.021629221737384796
2157.0,2159.0,0.011409319937229156,0.013147645629942417,0.013492269441485405
2158.0,2160.0,0.019408337771892548,0.0007785283960402012,0.0075385780073702335
2159.0,2161.0,0.017483685165643692,0.0,0.011516098864376545
2160.0,2162.0,0.016670331358909607,0.0,0.006795172113925219
2161.0,2163.0,0.0006246846169233322,0.007080137263983488,0.008209176361560822
2162.0,2164.0,0.00331738218665123,0.013289622031152248,0.001718310872092843
2163.0,2165.0,0.010717377997934818,0.008271632716059685,0.020848363637924194
2164.0,2166.0,0.0038110101595520973,0.02590126544237137,0.03149759769439697
2165.0,2167.0,0.011395007371902466,0.017308443784713745,0.01825626753270626
2166.0,2168.0,0.013811989687383175,0.0,0.011046309024095535
2167.0,2169.0,0.015391120687127113,0.0,0.009011009708046913
2168.0,2170.0,0.021922700107097626,0.00037557189352810383,0.015500886365771294
2169.0,2171.0,0.01877044141292572,0.003569521475583315,0.0049742176197469234
2170.0,2172.0,0.004858046770095825,0.007119334768503904,0.0
2171.0,2173.0,0.007046910468488932,0.0034957705065608025,0.006389986258000135
2172.0,2174.0,0.004010905511677265,0.0030462227296084166,0.00673484243452549
2173.0,2175.0,0.015001758933067322,0.015186693519353867,0.007811797317117453
2174.0,2176.0,0.020325174555182457,0.005125137977302074,0.006915479898452759
2175.0,2177.0,0.0185251347720623,0.0,0.009902768768370152
2176.0,2178.0,0.006687036715447903,0.01575094647705555,0.017004474997520447
2177.0,2179.0,0.001380356028676033,0.014697864651679993,0.015947658568620682
2178.0,2180.0,0.003747925627976656,0.0065537104383111,0.003947705030441284
2179.0,2181.0,0.011841658502817154,0.0007684100419282913,0.009633315727114677
2180.0,2182.0,0.0201406367123127,0.0,0.012419451959431171
2181.0,2183.0,0.011964485980570316,0.0,0.003622364718466997
2182.0,2184.0,0.002795336302369833,0.0034775715321302414,0.0018443944863975048
2183.0,2185.0,0.011577686294913292,0.009550325572490692,0.00011011282913386822
2184.0,2186.0,0.01693437434732914,0.009917767718434334,0.008238483220338821
2185.0,2187.0,0.01635577715933323,0.009439010173082352,0.015150636434555054
2186.0,2188.0,0.004400603473186493,0.022866982966661453,0.012350527569651604
2187.0,2189.0,0.0042669521644711494,0.01138325221836567,0.003291274653747678
2188.0,2190.0,0.0,0.02603491023182869,0.0004079928621649742
2189.0,2191.0,0.0037701567634940147,0.018907517194747925,0.0
2190.0,2192.0,0.009219149127602577,0.006622279994189739,0.007581921294331551
2191.0,2193.0,0.008641480468213558,0.019219303503632545,0.0016827607760205865
2192.0,2194.0,0.01620718277990818,0.01594422571361065,0.0028105282690376043
2193.0,2195.0,0.03078433871269226,0.003341417061164975,0.0
2194.0,2196.0,0.02927914634346962,0.006735907401889563,0.0029808972030878067
2195.0,2197.0,0.026919983327388763,0.01499228272587061,0.013825156725943089
2196.0,2198.0,0.016837382689118385,0.024588651955127716,0.006127454340457916
2197.0,2199.0,0.013234118930995464,0.024711452424526215,0.005377662368118763
2198.0,2200.0,0.018331171944737434,0.01755639910697937,0.017657820135354996
2199.0,2201.0,0.020491816103458405,0.013863122090697289,0.025099758058786392
2200.0,2202.0,0.0036547575145959854,0.0038645751774311066,0.015476450324058533
2201.0,2203.0,0.0030149279627949,0.006721820682287216,0.010077932849526405
2202.0,2204.0,0.01009953673928976,0.017240114510059357,0.003663599956780672
2203.0,2205.0,0.02843455970287323,0.0,0.0032558850944042206
2204.0,2206.0,0.023175543174147606,0.0,0.009334135800600052
2205.0,2207.0,0.010613499209284782,0.0,0.008867274969816208
2206.0,2208.0,0.009807675145566463,0.0,0.0
2207.0,2209.0,0.010393621399998665,0.021361177787184715,0.00899797398597002
2208.0,2210.0,0.004018847364932299,0.007827028632164001,0.013908338733017445
2209.0,2211.0,0.008131016045808792,0.005495444871485233,0.007147250697016716
2210.0,2212.0,0.007903525605797768,0.0016633803024888039,0.011805498041212559
2211.0,2213.0,0.012313853949308395,0.013819364830851555,0.013942977413535118
2212.0,2214.0,0.011680811643600464,0.01804831437766552,0.006494509056210518
2213.0,2215.0,0.0,0.024655453860759735,0.0015583047643303871
2214.0,2216.0,0.0,0.01563176140189171,0.0
2215.0,2217.0,0.013599228113889694,0.026275023818016052,0.019351663067936897
2216.0,2218.0,0.01903345249593258,0.030168453231453896,0.01911577582359314
2217.0,2219.0,0.007632443215698004,0.018435455858707428,0.021573927253484726
2218.0,2220.0,0.002744210883975029,0.009031143970787525,0.023696983233094215
2219.0,2221.0,0.01726449653506279,0.022262100130319595,0.018154451623558998
2220.0,2222.0,0.0237497016787529,0.011021594516932964,0.014489932917058468
2221.0,2223.0,0.022053591907024384,0.0008188802748918533,0.007529472000896931
2222.0,2224.0,0.022817861288785934,0.0012261205120012164,0.0
2223.0,2225.0,0.020681487396359444,0.002731918590143323,0.0
2224.0,2226.0,0.023388667032122612,0.008210284635424614,0.0020254580304026604
2225.0,2227.0,0.011987723410129547,0.0031380869913846254,0.0
2226.0,2228.0,0.014601049944758415,0.0075475675985217094,0.0039033719804137945
2227.0,2229.0,0.028944090008735657,0.0023364566732198,0.004021745640784502
2228.0,2230.0,0.025090353563427925,0.004691834561526775,0.008600995875895023
2229.0,2231.0,0.018839476630091667,0.0177470576018095,0.001467968337237835
2230.0,2232.0,0.017505526542663574,0.01077190786600113,0.0
2231.0,2233.0,0.009384536184370518,0.008581141009926796,0.002746397163718939
2232.0,2234.0,0.004710440523922443,0.001505585853010416,0.0
2233.0,2235.0,0.012057431973516941,0.006343684159219265,0.0
2234.0,2236.0,0.01334293931722641,0.004999958444386721,0.013161906972527504
2235.0,2237.0,0.012202203273773193,0.0,0.007591536734253168
2236.0,2238.0,0.019991043955087662,0.0,0.0
2237.0,2239.0,0.029374457895755768,0.0,0.0
2238.0,2240.0,0.014263378456234932,0.009861765429377556,0.0
2239.0,2241.0,0.02034754864871502,0.0,0.0034870535600930452
2240.0,2242.0,0.01520601101219654,0.007049376145005226,0.003488632384687662
2241.0,2243.0,0.016191799193620682,0.002862208290025592,0.0
2242.0,2244.0,0.010497644543647766,0.004478885792195797,0.0
2243.0,2245.0,0.011513756588101387,0.009275185875594616,0.008000943809747696
2244.0,2246.0,0.01575188897550106,0.00249255308881402,0.01555357500910759
2245.0,2247.0,0.012774796225130558,0.0,0.016055241227149963
2246.0,2248.0,0.00528494268655777,0.002477116882801056,0.0
2247.0,2249.0,0.015603825449943542,0.0018592383712530136,0.0
2248.0,2250.0,0.014694889076054096,0.011018170043826103,0.0
2249.0,2251.0,0.01357053779065609,0.005568004213273525,0.0
2250.0,2252.0,0.0,0.00645882124081254,0.008832314983010292
2251.0,2253.0,0.0,0.010298589244484901,0.010966084897518158
2252.0,2254.0,0.01995997689664364,0.0,0.0067029083147645
2253.0,2255.0,0.019164172932505608,0.0,0.006763181183487177
2254.0,2256.0,0.012539597228169441,0.005952978041023016,0.008016658015549183
2255.0,2257.0,0.007502608001232147,0.0,0.002595320576801896
2256.0,2258.0,0.0,0.0,0.0
2257.0,2259.0,0.0,0.005774236284196377,0.0
2258.0,2260.0,0.005700390320271254,0.003051957581192255,0.011017339304089546
2259.0,2261.0,0.014057530090212822,0.011207220144569874,0.011179852299392223
2260.0,2262.0,0.013252997770905495,0.013327676802873611,0.0
2261.0,2263.0,0.01423606276512146,0.030509736388921738,0.01110008917748928
2262.0,2264.0,0.009281524457037449,0.006523871794342995,0.011926071718335152
2263.0,2265.0,0.009453345090150833,0.011446500197052956,0.0019102874211966991
2264.0,2266.0,0.01601322367787361,0.012131466530263424,0.009452955797314644
2265.0,2267.0,0.015474623069167137,0.0009418902918696404,0.0017053200863301754
2266.0,2268.0,0.013947442173957825,0.0,0.0
2267.0,2269.0,0.0073537942953407764,0.0,0.0
2268.0,2270.0,0.005997520871460438,0.0061697401106357574,0.004549425095319748
2269.0,2271.0,0.0,0.007390072103589773,0.01070148404687643
2270.0,2272.0,0.008816155605018139,0.0,0.009622544050216675
2271.0,2273.0,0.0039904313161969185,0.0,0.004684409126639366
2272.0,2274.0,0.017301548272371292,0.007324917707592249,0.00571844819933176
2273.0,2275.0,0.0137473214417696,0.004894799552857876,0.0060891034081578255
2274.0,2276.0,0.014445995911955833,0.0015117255970835686,0.01026405580341816
2275.0,2277.0,0.01687104068696499,0.009474111720919609,0.022516440600156784
2276.0,2278.0,0.0209725983440876,0.01970304176211357,0.028507865965366364
2277.0,2279.0,0.02253018133342266,0.0,0.014745074324309826
2278.0,2280.0,0.012441297993063927,0.0,0.005016774404793978
2279.0,2281.0,0.004259936511516571,0.007280787918716669,0.004416830837726593
2280.0,2282.0,0.011407578364014626,0.011557851918041706,0.007460784167051315
2281.0,2283.0,0.016480987891554832,0.005290153902024031,0.016491884365677834
2282.0,2284.0,0.018293028697371483,0.003913921304047108,0.012522082775831223
2283.0,2285.0,0.006230618804693222,0.0,0.0
2284.0,2286.0,0.008195001631975174,0.0028316741809248924,0.007579177152365446
2285.0,2287.0,1.8144026398658752e-05,0.0039019202813506126,0.018234888091683388
2286.0,2288.0,0.012148392386734486,0.005200329702347517,0.011640684679150581
2287.0,2289.0,0.0014553926885128021,0.010307836346328259,0.0
2288.0,2290.0,0.0,0.015264439396560192,0.0
2289.0,2291.0,0.006157035939395428,0.006081367842853069,0.010453080758452415
2290.0,2292.0,0.0008669933304190636,0.013310575857758522,0.009313371032476425
2291.0,2293.0,0.008907634764909744,0.006832128390669823,0.015509340912103653
2292.0,2294.0,0.01415384653955698,0.019521165639162064,0.022763554006814957
2293.0,2295.0,0.008108412846922874,0.021973691880702972,0.004199473187327385
2294.0,2296.0,0.013673613779246807,0.03029324859380722,0.013047244399785995
2295.0,2297.0,0.007378700189292431,0.019582543522119522,0.013431936502456665
2296.0,2298.0,0.005908035673201084,0.011235106736421585,0.0222026240080595
2297.0,2299.0,0.014779574237763882,0.0070057520642876625,0.02058327943086624
2298.0,2300.0,0.006483215838670731,0.012627823278307915,0.011415388435125351
2299.0,2301.0,0.008278083056211472,0.01759450137615204,0.002446384634822607
2300.0,2302.0,0.014874845743179321,0.014580516144633293,0.006186433602124453
2301.0,2303.0,0.010425915010273457,0.015192619524896145,0.011188243515789509
2302.0,2304.0,0.009532419964671135,0.0007782349130138755,0.006166153587400913
2303.0,2305.0,0.010844290256500244,0.0,0.0
2304.0,2306.0,0.01666981168091297,0.018879355862736702,0.0048738280311226845
2305.0,2307.0,0.021364357322454453,0.017034810036420822,0.005861281417310238
2306.0,2307.76,0.014484075829386711,0.010891510173678398,0.01089318934828043
2307.0,2307.76,0.020657626911997795,0.025462204590439796,0.0119274090975523
