start,end,face_detected,person,shot_type,valence,arousal,p_neutral,p_happiness,p_sadness,p_surprise,p_fear,p_anger,p_disgust,p_contempt,au04_brow_lowerer,au12_lip_corner_puller,au24_lip_pressor
0.000,1.000,True,otro,closeup,0.468,0.026,0.233,0.572,0.015,0.054,0.009,0.034,0.019,0.063,,,
1.000,2.000,True,otro,closeup,0.556,0.018,0.108,0.730,0.011,0.028,0.013,0.013,0.056,0.041,,,
2.000,3.000,True,otro,closeup,-0.153,-0.042,0.312,0.063,0.162,0.034,0.080,0.042,0.297,0.012,,,
3.000,4.000,True,otro,closeup,0.167,0.110,0.239,0.172,0.014,0.015,0.001,0.111,0.016,0.432,,,
4.000,5.000,True,otro,closeup,0.336,0.038,0.091,0.495,0.015,0.048,0.043,0.020,0.252,0.036,,,
5.000,6.000,True,otro,closeup,-0.007,0.184,0.138,0.080,0.020,0.003,0.001,0.103,0.045,0.610,,,
6.000,7.000,True,otro,closeup,0.091,0.207,0.159,0.130,0.048,0.006,0.002,0.207,0.129,0.319,,,
7.000,8.000,True,otro,closeup,0.132,0.204,0.166,0.234,0.064,0.009,0.004,0.176,0.080,0.267,,,
8.000,9.000,True,otro,closeup,0.167,-0.043,0.259,0.356,0.070,0.023,0.012,0.074,0.109,0.097,,,
9.000,10.000,True,otro,closeup,0.201,0.094,0.199,0.502,0.022,0.063,0.009,0.063,0.013,0.128,,,
10.000,11.000,True,otro,closeup,0.431,-0.080,0.170,0.587,0.016,0.016,0.002,0.033,0.037,0.140,,,
11.000,12.000,True,otro,closeup,0.415,0.051,0.083,0.703,0.016,0.018,0.011,0.016,0.133,0.020,,,
12.000,13.000,True,otro,closeup,-0.099,0.247,0.107,0.048,0.033,0.008,0.001,0.334,0.154,0.316,,,
13.000,14.000,True,otro,closeup,0.168,0.107,0.127,0.182,0.009,0.008,0.001,0.045,0.013,0.615,,,
14.000,15.000,True,otro,closeup,0.088,0.169,0.165,0.145,0.015,0.007,0.001,0.066,0.053,0.548,,,
15.000,16.000,True,otro,closeup,0.127,0.257,0.070,0.106,0.021,0.003,0.000,0.090,0.114,0.596,,,
16.000,17.000,True,otro,closeup,-0.080,0.234,0.212,0.053,0.031,0.005,0.000,0.202,0.021,0.476,,,
17.000,18.000,True,otro,closeup,0.209,0.099,0.227,0.265,0.039,0.123,0.141,0.034,0.161,0.011,,,
18.000,19.000,True,otro,closeup,0.158,-0.017,0.453,0.170,0.047,0.044,0.010,0.127,0.059,0.090,,,
19.000,20.000,True,otro,closeup,-0.311,0.404,0.042,0.012,0.032,0.002,0.000,0.327,0.179,0.406,,,
20.000,21.000,True,otro,closeup,-0.162,0.123,0.469,0.023,0.058,0.011,0.001,0.288,0.004,0.146,,,
21.000,22.000,True,otro,closeup,0.042,0.160,0.196,0.130,0.032,0.014,0.002,0.118,0.039,0.470,,,
22.000,23.000,True,otro,closeup,-0.034,0.320,0.019,0.045,0.005,0.001,0.000,0.037,0.137,0.756,,,
23.000,24.000,True,otro,closeup,0.085,-0.081,0.576,0.087,0.078,0.074,0.095,0.038,0.041,0.010,,,
24.000,25.000,True,otro,closeup,0.017,0.271,0.280,0.058,0.036,0.018,0.002,0.431,0.059,0.116,,,
25.000,26.000,True,otro,closeup,0.025,-0.086,0.568,0.115,0.049,0.042,0.042,0.066,0.083,0.034,,,
26.000,27.000,True,otro,closeup,-0.224,0.363,0.043,0.016,0.029,0.004,0.001,0.204,0.519,0.185,,,
27.000,28.000,True,otro,closeup,0.068,0.100,0.336,0.126,0.018,0.011,0.002,0.187,0.012,0.307,,,
28.000,29.000,True,otro,closeup,0.135,0.297,0.031,0.091,0.008,0.002,0.000,0.058,0.086,0.722,,,
29.000,30.000,True,otro,closeup,0.026,0.249,0.022,0.063,0.005,0.003,0.000,0.032,0.027,0.849,,,
30.000,31.000,True,otro,closeup,-0.148,-0.056,0.492,0.032,0.149,0.014,0.036,0.081,0.165,0.031,,,
31.000,32.000,True,otro,closeup,0.198,0.040,0.308,0.245,0.041,0.015,0.004,0.155,0.039,0.193,,,
32.000,33.000,True,otro,closeup,-0.061,0.326,0.012,0.030,0.004,0.001,0.000,0.022,0.101,0.831,,,
33.000,34.000,True,otro,closeup,-0.180,0.135,0.412,0.008,0.060,0.223,0.077,0.205,0.008,0.007,,,
34.000,35.000,True,otro,closeup,0.232,-0.108,0.257,0.245,0.006,0.009,0.001,0.047,0.002,0.433,,,
35.000,36.000,True,otro,closeup,-0.233,0.086,0.471,0.012,0.106,0.040,0.076,0.181,0.102,0.011,,,
36.000,37.000,True,otro,closeup,-0.144,0.271,0.173,0.048,0.066,0.031,0.003,0.425,0.041,0.212,,,
37.000,38.000,True,otro,closeup,-0.168,0.200,0.172,0.026,0.028,0.010,0.001,0.158,0.058,0.547,,,
38.000,39.000,True,otro,closeup,-0.034,0.015,0.514,0.060,0.078,0.053,0.060,0.110,0.083,0.042,,,
39.000,40.000,True,otro,closeup,-0.325,0.299,0.210,0.008,0.120,0.010,0.005,0.407,0.140,0.100,,,
40.000,41.000,True,otro,closeup,0.240,0.083,0.329,0.310,0.011,0.079,0.068,0.056,0.102,0.045,,,
41.000,42.000,True,otro,closeup,-0.241,0.419,0.085,0.018,0.024,0.004,0.000,0.270,0.125,0.473,,,
42.000,43.000,True,otro,closeup,0.180,0.058,0.115,0.235,0.023,0.008,0.001,0.082,0.044,0.491,,,
43.000,44.000,True,otro,closeup,-0.104,0.293,0.121,0.048,0.047,0.005,0.001,0.336,0.099,0.343,,,
44.000,45.000,True,otro,closeup,0.006,0.204,0.250,0.106,0.047,0.013,0.001,0.215,0.081,0.287,,,
45.000,46.000,True,otro,closeup,0.203,0.075,0.211,0.295,0.018,0.016,0.002,0.095,0.051,0.313,,,
46.000,47.000,True,otro,closeup,0.119,0.022,0.294,0.108,0.055,0.096,0.118,0.029,0.283,0.016,,,
47.000,48.000,True,otro,closeup,0.150,0.143,0.119,0.183,0.052,0.007,0.001,0.114,0.103,0.419,,,
48.000,49.000,True,otro,closeup,-0.034,-0.006,0.577,0.046,0.046,0.075,0.047,0.165,0.017,0.028,,,
49.000,50.000,True,otro,closeup,0.344,0.180,0.058,0.476,0.015,0.099,0.118,0.043,0.179,0.012,,,
50.000,51.000,True,otro,closeup,0.161,0.259,0.086,0.352,0.019,0.027,0.008,0.066,0.153,0.290,,,
51.000,52.000,True,otro,closeup,-0.195,0.091,0.228,0.026,0.080,0.038,0.132,0.075,0.414,0.008,,,
52.000,53.000,True,otro,closeup,0.122,0.149,0.229,0.147,0.049,0.005,0.002,0.217,0.050,0.301,,,
53.000,54.000,True,otro,closeup,-0.010,0.220,0.280,0.081,0.051,0.006,0.002,0.285,0.023,0.271,,,
54.000,55.000,True,otro,closeup,0.162,0.205,0.105,0.308,0.027,0.004,0.001,0.133,0.066,0.356,,,
55.000,56.000,True,otro,closeup,0.336,0.187,0.023,0.355,0.004,0.004,0.000,0.024,0.038,0.552,,,
56.000,57.000,True,otro,closeup,0.048,0.137,0.376,0.111,0.037,0.027,0.003,0.211,0.015,0.220,,,
57.000,58.000,True,otro,closeup,-0.104,0.282,0.249,0.061,0.051,0.082,0.004,0.290,0.023,0.239,,,
58.000,59.000,True,otro,closeup,-0.003,0.294,0.252,0.058,0.053,0.008,0.002,0.471,0.030,0.127,,,
59.000,60.000,True,otro,closeup,0.189,0.323,0.037,0.169,0.010,0.008,0.001,0.073,0.048,0.654,,,
60.000,61.000,False,,wide,,,,,,,,,,,,,
61.000,62.000,False,,wide,,,,,,,,,,,,,
62.000,63.000,True,otro,closeup,-0.018,-0.040,0.358,0.053,0.073,0.148,0.074,0.124,0.057,0.113,,,
63.000,64.000,True,otro,closeup,-0.092,-0.010,0.438,0.048,0.089,0.099,0.020,0.182,0.027,0.096,,,
64.000,65.000,True,otro,closeup,0.134,0.071,0.278,0.145,0.061,0.131,0.037,0.113,0.070,0.164,,,
65.000,66.000,True,otro,closeup,0.158,-0.109,0.229,0.300,0.036,0.117,0.012,0.064,0.037,0.205,,,
66.000,67.000,True,presidenta,closeup,-0.021,0.008,0.607,0.059,0.058,0.065,0.024,0.121,0.017,0.049,,,
67.000,68.000,True,presidenta,closeup,0.330,-0.133,0.166,0.341,0.037,0.014,0.002,0.018,0.142,0.279,,,
68.000,69.000,True,presidenta,closeup,0.480,-0.024,0.084,0.575,0.008,0.041,0.005,0.018,0.052,0.217,,,
69.000,70.000,False,,wide,,,,,,,,,,,,,
70.000,71.000,False,,wide,,,,,,,,,,,,,
71.000,72.000,True,otro,closeup,0.204,-0.102,0.304,0.291,0.037,0.189,0.011,0.076,0.009,0.083,,,
72.000,73.000,True,otro,closeup,0.041,-0.115,0.512,0.084,0.053,0.208,0.013,0.085,0.006,0.039,,,
73.000,74.000,True,otro,closeup,-0.156,0.056,0.547,0.022,0.097,0.043,0.012,0.215,0.025,0.039,,,
74.000,75.000,True,otro,closeup,-0.157,0.082,0.457,0.035,0.093,0.078,0.021,0.192,0.070,0.056,,,
75.000,76.000,True,otro,closeup,-0.172,0.202,0.247,0.020,0.074,0.137,0.231,0.181,0.069,0.041,,,
76.000,77.000,True,otro,closeup,-0.300,0.095,0.151,0.007,0.178,0.061,0.160,0.165,0.274,0.004,,,
77.000,78.000,True,otro,closeup,-0.154,0.112,0.126,0.017,0.090,0.074,0.029,0.098,0.521,0.045,,,
78.000,79.000,True,otro,closeup,-0.198,0.214,0.208,0.010,0.094,0.172,0.207,0.212,0.079,0.018,,,
79.000,80.000,True,otro,closeup,-0.189,0.112,0.384,0.016,0.051,0.108,0.090,0.281,0.043,0.028,,,
80.000,81.000,True,otro,closeup,0.193,-0.040,0.324,0.244,0.033,0.135,0.019,0.077,0.026,0.142,,,
81.000,82.000,True,otro,closeup,0.137,-0.002,0.155,0.175,0.053,0.060,0.009,0.064,0.087,0.397,,,
82.000,83.000,True,otro,closeup,-0.126,0.006,0.341,0.049,0.388,0.028,0.006,0.083,0.026,0.079,,,
83.000,84.000,True,presidenta,closeup,-0.268,0.325,0.219,0.028,0.094,0.140,0.007,0.426,0.018,0.068,,,
84.000,85.000,True,presidenta,closeup,0.389,0.106,0.082,0.485,0.021,0.055,0.005,0.054,0.046,0.252,,,
85.000,86.000,True,presidenta,closeup,-0.107,0.045,0.266,0.021,0.102,0.539,0.040,0.024,0.001,0.008,,,
86.000,87.000,True,presidenta,closeup,-0.100,0.056,0.368,0.065,0.176,0.214,0.083,0.060,0.008,0.025,,,
87.000,88.000,True,presidenta,closeup,0.357,0.012,0.160,0.547,0.095,0.018,0.014,0.018,0.118,0.032,,,
88.000,89.000,True,presidenta,closeup,0.110,0.164,0.230,0.146,0.026,0.075,0.005,0.219,0.033,0.265,,,
89.000,90.000,True,presidenta,closeup,0.089,0.263,0.043,0.108,0.016,0.100,0.007,0.061,0.303,0.362,,,
90.000,91.000,True,presidenta,closeup,0.148,0.227,0.174,0.124,0.042,0.447,0.016,0.090,0.035,0.072,,,
91.000,92.000,True,presidenta,closeup,0.213,0.397,0.020,0.252,0.009,0.159,0.017,0.065,0.269,0.209,,,
92.000,93.000,True,presidenta,closeup,0.418,0.022,0.101,0.679,0.016,0.026,0.002,0.030,0.058,0.089,,,
93.000,94.000,True,presidenta,closeup,-0.112,0.190,0.312,0.018,0.073,0.478,0.073,0.034,0.005,0.007,,,
94.000,95.000,True,presidenta,closeup,-0.054,0.379,0.058,0.047,0.014,0.051,0.006,0.138,0.483,0.202,,,
95.000,96.000,True,presidenta,closeup,-0.099,0.420,0.148,0.045,0.030,0.143,0.014,0.288,0.148,0.185,,,
96.000,97.000,True,presidenta,closeup,-0.126,0.268,0.398,0.032,0.042,0.216,0.113,0.150,0.045,0.005,,,
97.000,98.000,True,presidenta,closeup,-0.054,-0.001,0.614,0.056,0.114,0.087,0.022,0.076,0.004,0.026,,,
98.000,99.000,True,presidenta,closeup,-0.236,0.190,0.373,0.011,0.070,0.240,0.082,0.185,0.034,0.005,,,
99.000,100.000,True,presidenta,closeup,0.241,0.090,0.209,0.298,0.026,0.176,0.046,0.124,0.102,0.020,,,
100.000,101.000,True,presidenta,closeup,0.090,0.540,0.117,0.070,0.025,0.654,0.050,0.080,0.003,0.002,,,
101.000,102.000,True,presidenta,closeup,0.233,0.245,0.095,0.114,0.029,0.299,0.281,0.066,0.110,0.006,,,
102.000,103.000,True,presidenta,closeup,-0.316,-0.030,0.451,0.009,0.209,0.049,0.044,0.161,0.059,0.017,,,
103.000,104.000,True,presidenta,closeup,-0.043,0.266,0.083,0.024,0.065,0.305,0.390,0.043,0.088,0.002,,,
104.000,105.000,True,presidenta,closeup,-0.026,0.199,0.367,0.061,0.036,0.206,0.073,0.148,0.097,0.012,,,
105.000,106.000,True,presidenta,closeup,-0.262,0.156,0.420,0.036,0.097,0.162,0.030,0.222,0.008,0.024,,,
106.000,107.000,True,presidenta,closeup,-0.038,0.145,0.364,0.058,0.025,0.261,0.080,0.162,0.018,0.033,,,
107.000,108.000,True,presidenta,closeup,-0.169,0.364,0.269,0.027,0.052,0.239,0.170,0.207,0.023,0.014,,,
108.000,109.000,True,presidenta,closeup,-0.238,0.048,0.417,0.017,0.141,0.138,0.087,0.172,0.011,0.018,,,
109.000,110.000,True,presidenta,closeup,-0.380,0.337,0.198,0.003,0.105,0.107,0.207,0.337,0.036,0.006,,,
110.000,111.000,True,presidenta,closeup,-0.211,0.175,0.404,0.019,0.058,0.121,0.062,0.307,0.015,0.014,,,
111.000,112.000,True,presidenta,closeup,0.163,0.373,0.034,0.054,0.026,0.359,0.304,0.055,0.162,0.007,,,
112.000,113.000,True,presidenta,closeup,-0.386,-0.116,0.230,0.011,0.345,0.183,0.162,0.051,0.008,0.009,,,
113.000,114.000,True,presidenta,closeup,-0.481,-0.144,0.209,0.004,0.543,0.074,0.057,0.059,0.045,0.009,,,
114.000,115.000,True,presidenta,closeup,-0.196,0.117,0.207,0.042,0.138,0.234,0.221,0.096,0.060,0.004,,,
115.000,116.000,True,presidenta,closeup,-0.245,0.118,0.267,0.016,0.152,0.218,0.173,0.109,0.057,0.007,,,
116.000,117.000,True,presidenta,closeup,0.060,0.233,0.235,0.083,0.020,0.210,0.046,0.109,0.282,0.016,,,
117.000,118.000,True,presidenta,closeup,0.277,0.204,0.153,0.184,0.013,0.502,0.064,0.043,0.029,0.012,,,
118.000,119.000,True,presidenta,closeup,-0.083,-0.019,0.451,0.030,0.107,0.282,0.044,0.048,0.003,0.034,,,
119.000,120.000,True,presidenta,closeup,-0.223,0.223,0.312,0.011,0.065,0.304,0.171,0.105,0.026,0.006,,,
120.000,121.000,True,presidenta,closeup,-0.187,0.269,0.260,0.024,0.063,0.204,0.123,0.179,0.140,0.006,,,
121.000,122.000,True,presidenta,closeup,-0.178,0.214,0.286,0.011,0.109,0.317,0.174,0.085,0.009,0.008,,,
122.000,123.000,True,presidenta,closeup,-0.225,0.264,0.264,0.010,0.066,0.434,0.121,0.092,0.010,0.003,,,
123.000,124.000,True,presidenta,closeup,-0.271,0.238,0.321,0.009,0.069,0.185,0.145,0.230,0.035,0.006,,,
124.000,125.000,True,presidenta,closeup,-0.069,0.385,0.138,0.032,0.016,0.345,0.178,0.216,0.071,0.005,,,
125.000,126.000,True,presidenta,closeup,-0.344,-0.077,0.429,0.012,0.220,0.014,0.011,0.192,0.011,0.110,,,
126.000,127.000,True,presidenta,closeup,-0.262,0.122,0.436,0.008,0.082,0.208,0.134,0.114,0.007,0.010,,,
127.000,128.000,True,presidenta,closeup,-0.206,0.066,0.568,0.031,0.059,0.124,0.033,0.134,0.008,0.043,,,
128.000,129.000,True,presidenta,closeup,-0.346,0.231,0.375,0.005,0.068,0.215,0.142,0.184,0.007,0.005,,,
129.000,130.000,True,presidenta,closeup,-0.285,0.044,0.136,0.024,0.208,0.133,0.187,0.129,0.171,0.011,,,
130.000,131.000,True,presidenta,closeup,-0.340,0.413,0.134,0.002,0.067,0.243,0.383,0.154,0.012,0.005,,,
131.000,132.000,True,presidenta,closeup,-0.339,0.204,0.326,0.008,0.071,0.168,0.120,0.235,0.048,0.023,,,
132.000,133.000,True,presidenta,closeup,-0.317,0.434,0.179,0.004,0.032,0.361,0.217,0.184,0.015,0.008,,,
133.000,134.000,True,presidenta,closeup,-0.300,0.501,0.146,0.005,0.026,0.271,0.269,0.208,0.072,0.003,,,
134.000,135.000,True,presidenta,closeup,-0.372,0.155,0.288,0.004,0.244,0.206,0.081,0.168,0.005,0.005,,,
135.000,136.000,True,presidenta,closeup,-0.190,0.219,0.238,0.016,0.121,0.317,0.142,0.139,0.023,0.003,,,
136.000,137.000,True,presidenta,closeup,-0.025,0.178,0.145,0.069,0.047,0.170,0.080,0.140,0.342,0.007,,,
137.000,138.000,True,presidenta,closeup,0.070,0.129,0.206,0.166,0.026,0.132,0.035,0.221,0.066,0.147,,,
138.000,139.000,True,presidenta,closeup,-0.317,0.060,0.159,0.011,0.269,0.124,0.236,0.132,0.060,0.008,,,
139.000,140.000,True,presidenta,closeup,0.341,0.175,0.184,0.304,0.011,0.271,0.065,0.051,0.099,0.016,,,
140.000,141.000,True,presidenta,closeup,-0.149,0.248,0.284,0.016,0.042,0.298,0.164,0.147,0.042,0.008,,,
141.000,142.000,True,presidenta,closeup,-0.239,0.307,0.274,0.010,0.061,0.433,0.082,0.126,0.010,0.005,,,
142.000,143.000,True,presidenta,closeup,-0.290,0.190,0.395,0.006,0.121,0.201,0.058,0.200,0.013,0.007,,,
143.000,144.000,True,presidenta,closeup,-0.332,0.197,0.429,0.010,0.081,0.186,0.052,0.220,0.011,0.012,,,
144.000,145.000,True,presidenta,closeup,-0.162,0.410,0.157,0.009,0.023,0.475,0.212,0.107,0.015,0.002,,,
145.000,146.000,True,presidenta,closeup,-0.309,0.087,0.327,0.015,0.193,0.179,0.021,0.169,0.091,0.006,,,
146.000,147.000,True,presidenta,closeup,-0.286,0.106,0.343,0.008,0.158,0.240,0.075,0.128,0.033,0.014,,,
147.000,148.000,True,presidenta,closeup,-0.162,0.255,0.270,0.012,0.053,0.395,0.153,0.089,0.024,0.004,,,
148.000,149.000,True,presidenta,closeup,-0.419,-0.145,0.264,0.002,0.489,0.070,0.125,0.040,0.007,0.003,,,
149.000,150.000,True,presidenta,closeup,-0.315,-0.219,0.233,0.014,0.525,0.109,0.081,0.025,0.003,0.010,,,
150.000,151.000,True,presidenta,closeup,-0.152,0.070,0.213,0.024,0.190,0.255,0.219,0.066,0.016,0.017,,,
151.000,152.000,True,presidenta,closeup,-0.232,0.252,0.195,0.007,0.086,0.196,0.372,0.080,0.061,0.003,,,
152.000,153.000,True,presidenta,closeup,-0.125,0.189,0.304,0.039,0.082,0.246,0.143,0.148,0.013,0.025,,,
153.000,154.000,True,presidenta,closeup,0.000,0.306,0.169,0.037,0.024,0.325,0.211,0.118,0.106,0.010,,,
154.000,155.000,True,presidenta,closeup,-0.186,0.194,0.317,0.013,0.074,0.129,0.107,0.314,0.034,0.012,,,
155.000,156.000,True,presidenta,closeup,0.039,0.270,0.232,0.062,0.026,0.294,0.168,0.138,0.063,0.018,,,
156.000,157.000,True,presidenta,closeup,-0.203,0.104,0.375,0.036,0.131,0.105,0.034,0.245,0.026,0.049,,,
157.000,158.000,True,presidenta,closeup,-0.109,0.247,0.132,0.012,0.090,0.424,0.270,0.052,0.016,0.003,,,
158.000,159.000,True,presidenta,closeup,-0.146,0.199,0.227,0.018,0.084,0.262,0.180,0.170,0.048,0.010,,,
159.000,160.000,True,presidenta,closeup,-0.462,0.065,0.192,0.011,0.297,0.180,0.045,0.171,0.101,0.003,,,
160.000,161.000,True,presidenta,closeup,-0.303,0.110,0.278,0.008,0.170,0.238,0.152,0.130,0.015,0.008,,,
161.000,162.000,True,presidenta,closeup,-0.526,-0.135,0.255,0.001,0.487,0.046,0.116,0.086,0.008,0.002,,,
162.000,163.000,True,presidenta,closeup,-0.394,-0.040,0.422,0.006,0.332,0.076,0.041,0.087,0.029,0.006,,,
163.000,164.000,True,presidenta,closeup,-0.309,0.156,0.360,0.005,0.118,0.217,0.152,0.135,0.007,0.006,,,
164.000,165.000,True,presidenta,closeup,0.087,0.227,0.187,0.141,0.035,0.322,0.118,0.106,0.070,0.020,,,
165.000,166.000,True,presidenta,closeup,-0.164,0.148,0.279,0.030,0.069,0.187,0.150,0.175,0.069,0.040,,,
166.000,167.000,True,presidenta,closeup,-0.279,0.241,0.211,0.013,0.075,0.349,0.124,0.175,0.037,0.016,,,
167.000,168.000,True,presidenta,closeup,0.134,0.380,0.038,0.064,0.031,0.313,0.404,0.059,0.086,0.004,,,
168.000,169.000,True,presidenta,closeup,-0.133,0.291,0.119,0.008,0.103,0.352,0.356,0.048,0.009,0.005,,,
169.000,170.000,True,presidenta,closeup,-0.233,0.205,0.208,0.009,0.136,0.273,0.218,0.125,0.025,0.005,,,
170.000,171.000,True,presidenta,closeup,-0.086,0.267,0.139,0.048,0.054,0.139,0.157,0.198,0.255,0.010,,,
171.000,172.000,True,presidenta,closeup,-0.247,0.169,0.298,0.010,0.174,0.155,0.153,0.186,0.016,0.009,,,
172.000,173.000,True,presidenta,closeup,-0.154,0.224,0.305,0.018,0.101,0.269,0.153,0.132,0.013,0.009,,,
173.000,174.000,True,presidenta,closeup,-0.073,0.340,0.188,0.030,0.053,0.215,0.192,0.212,0.105,0.005,,,
174.000,175.000,True,presidenta,closeup,-0.219,0.404,0.184,0.015,0.059,0.360,0.194,0.164,0.016,0.007,,,
175.000,176.000,True,presidenta,closeup,-0.100,0.330,0.208,0.028,0.036,0.252,0.172,0.196,0.100,0.008,,,
176.000,177.000,True,presidenta,closeup,-0.267,0.471,0.115,0.003,0.048,0.253,0.357,0.150,0.071,0.002,,,
177.000,178.000,True,presidenta,closeup,-0.344,0.197,0.188,0.003,0.183,0.239,0.291,0.085,0.008,0.003,,,
178.000,179.000,True,presidenta,closeup,-0.033,0.302,0.089,0.130,0.021,0.069,0.006,0.312,0.260,0.113,,,
179.000,180.000,True,presidenta,closeup,-0.279,0.438,0.046,0.004,0.055,0.264,0.471,0.120,0.039,0.001,,,
180.000,181.000,True,presidenta,closeup,-0.218,0.095,0.229,0.026,0.199,0.217,0.133,0.136,0.043,0.018,,,
181.000,182.000,True,presidenta,closeup,-0.282,0.346,0.107,0.002,0.104,0.293,0.415,0.050,0.027,0.002,,,
182.000,183.000,True,presidenta,closeup,-0.511,-0.155,0.070,0.001,0.556,0.051,0.257,0.049,0.013,0.002,,,
183.000,184.000,True,presidenta,closeup,-0.258,0.260,0.086,0.002,0.183,0.246,0.443,0.033,0.005,0.003,,,
184.000,185.000,True,presidenta,closeup,-0.339,0.106,0.294,0.014,0.220,0.225,0.085,0.130,0.008,0.024,,,
185.000,186.000,True,presidenta,closeup,-0.380,-0.064,0.197,0.003,0.471,0.104,0.134,0.062,0.022,0.008,,,
186.000,187.000,True,presidenta,closeup,-0.244,0.180,0.174,0.015,0.112,0.292,0.156,0.151,0.095,0.005,,,
187.000,188.000,True,presidenta,closeup,-0.004,0.134,0.158,0.106,0.048,0.218,0.021,0.168,0.091,0.190,,,
188.000,189.000,True,presidenta,closeup,-0.094,0.003,0.128,0.050,0.251,0.150,0.245,0.061,0.064,0.052,,,
189.000,190.000,True,presidenta,closeup,-0.051,0.318,0.092,0.020,0.053,0.474,0.321,0.025,0.011,0.003,,,
190.000,191.000,True,presidenta,closeup,-0.185,0.240,0.073,0.011,0.112,0.371,0.283,0.050,0.098,0.002,,,
191.000,192.000,True,presidenta,closeup,-0.429,0.158,0.134,0.002,0.261,0.326,0.194,0.072,0.008,0.003,,,
192.000,193.000,True,presidenta,closeup,-0.278,0.368,0.054,0.003,0.092,0.308,0.463,0.052,0.027,0.001,,,
193.000,194.000,True,presidenta,closeup,-0.293,0.053,0.226,0.012,0.309,0.195,0.159,0.060,0.028,0.009,,,
194.000,195.000,True,presidenta,closeup,-0.260,0.455,0.072,0.003,0.055,0.187,0.468,0.097,0.116,0.002,,,
195.000,196.000,True,presidenta,closeup,-0.310,0.231,0.254,0.010,0.111,0.213,0.199,0.186,0.013,0.013,,,
196.000,197.000,True,presidenta,closeup,-0.177,0.282,0.200,0.014,0.079,0.236,0.275,0.172,0.019,0.005,,,
197.000,198.000,True,presidenta,closeup,-0.262,0.113,0.278,0.007,0.222,0.186,0.179,0.104,0.017,0.007,,,
198.000,199.000,True,presidenta,closeup,-0.344,-0.082,0.352,0.014,0.373,0.123,0.034,0.066,0.006,0.032,,,
199.000,200.000,True,presidenta,closeup,-0.506,-0.164,0.196,0.003,0.659,0.029,0.021,0.075,0.007,0.011,,,
200.000,201.000,True,presidenta,closeup,-0.175,0.095,0.280,0.024,0.132,0.146,0.111,0.167,0.129,0.011,,,
201.000,202.000,True,presidenta,closeup,-0.289,0.145,0.273,0.009,0.205,0.226,0.158,0.111,0.011,0.006,,,
202.000,203.000,True,presidenta,closeup,-0.306,-0.088,0.130,0.022,0.400,0.111,0.199,0.081,0.047,0.011,,,
203.000,204.000,True,presidenta,closeup,-0.295,0.236,0.249,0.005,0.099,0.186,0.156,0.237,0.058,0.009,,,
204.000,205.000,True,presidenta,closeup,-0.277,0.223,0.297,0.021,0.097,0.178,0.071,0.304,0.012,0.020,,,
205.000,206.000,True,presidenta,closeup,-0.282,0.383,0.181,0.003,0.048,0.172,0.377,0.191,0.016,0.011,,,
206.000,207.000,True,presidenta,closeup,-0.211,0.119,0.346,0.021,0.144,0.093,0.108,0.221,0.051,0.017,,,
207.000,208.000,True,presidenta,closeup,-0.157,0.355,0.153,0.015,0.041,0.251,0.235,0.103,0.198,0.004,,,
208.000,209.000,True,presidenta,closeup,-0.268,0.251,0.150,0.010,0.114,0.430,0.188,0.082,0.011,0.014,,,
209.000,210.000,True,presidenta,closeup,-0.375,0.111,0.213,0.004,0.284,0.216,0.173,0.096,0.007,0.007,,,
210.000,211.000,True,presidenta,closeup,-0.301,0.048,0.311,0.013,0.198,0.216,0.052,0.173,0.033,0.004,,,
211.000,212.000,True,presidenta,closeup,-0.302,0.190,0.267,0.006,0.152,0.238,0.111,0.173,0.045,0.007,,,
212.000,213.000,True,presidenta,closeup,-0.256,0.292,0.164,0.003,0.129,0.171,0.371,0.131,0.029,0.002,,,
213.000,214.000,True,presidenta,closeup,-0.144,0.253,0.130,0.015,0.062,0.179,0.236,0.130,0.244,0.004,,,
214.000,215.000,True,presidenta,closeup,-0.254,0.166,0.252,0.011,0.142,0.285,0.148,0.122,0.032,0.007,,,
215.000,216.000,True,presidenta,closeup,-0.256,0.189,0.210,0.006,0.171,0.313,0.200,0.087,0.007,0.005,,,
216.000,217.000,True,presidenta,closeup,-0.303,0.121,0.138,0.002,0.214,0.367,0.256,0.017,0.003,0.002,,,
217.000,218.000,True,presidenta,closeup,-0.272,0.303,0.098,0.009,0.097,0.473,0.276,0.040,0.004,0.003,,,
218.000,219.000,True,presidenta,closeup,-0.464,-0.217,0.233,0.012,0.589,0.031,0.025,0.054,0.013,0.043,,,
219.000,220.000,True,presidenta,closeup,-0.083,0.283,0.251,0.020,0.050,0.317,0.237,0.087,0.033,0.005,,,
220.000,221.000,True,presidenta,closeup,0.168,0.052,0.195,0.308,0.135,0.198,0.039,0.074,0.037,0.013,,,
221.000,222.000,True,presidenta,closeup,-0.394,0.055,0.162,0.006,0.385,0.232,0.136,0.052,0.021,0.006,,,
222.000,223.000,True,presidenta,closeup,0.266,0.194,0.089,0.222,0.067,0.424,0.158,0.023,0.007,0.011,,,
223.000,224.000,True,presidenta,closeup,-0.381,-0.126,0.227,0.005,0.488,0.073,0.113,0.074,0.013,0.006,,,
224.000,225.000,True,presidenta,closeup,-0.353,0.162,0.203,0.001,0.237,0.215,0.257,0.079,0.004,0.004,,,
225.000,226.000,True,presidenta,closeup,-0.363,0.067,0.246,0.004,0.306,0.203,0.138,0.093,0.005,0.006,,,
226.000,227.000,True,presidenta,closeup,-0.518,-0.040,0.187,0.004,0.497,0.097,0.079,0.109,0.019,0.007,,,
227.000,228.000,True,presidenta,closeup,-0.363,0.148,0.121,0.003,0.295,0.307,0.243,0.022,0.008,0.002,,,
228.000,229.000,True,presidenta,closeup,-0.343,0.201,0.092,0.002,0.247,0.165,0.428,0.046,0.017,0.003,,,
229.000,230.000,True,presidenta,closeup,-0.303,0.222,0.100,0.002,0.169,0.263,0.420,0.035,0.010,0.001,,,
230.000,231.000,True,presidenta,closeup,-0.230,0.414,0.052,0.004,0.070,0.224,0.557,0.043,0.050,0.001,,,
231.000,232.000,True,presidenta,closeup,-0.338,0.270,0.236,0.005,0.147,0.225,0.202,0.117,0.066,0.002,,,
232.000,233.000,True,presidenta,closeup,-0.435,0.160,0.231,0.005,0.255,0.255,0.113,0.125,0.013,0.003,,,
233.000,234.000,True,presidenta,closeup,-0.246,0.169,0.275,0.019,0.160,0.175,0.139,0.163,0.050,0.019,,,
234.000,235.000,True,presidenta,closeup,-0.212,0.224,0.229,0.017,0.067,0.244,0.156,0.198,0.082,0.008,,,
235.000,236.000,True,presidenta,closeup,-0.329,0.354,0.138,0.003,0.117,0.316,0.246,0.160,0.016,0.003,,,
236.000,237.000,True,presidenta,closeup,-0.113,0.236,0.144,0.022,0.091,0.271,0.328,0.082,0.057,0.006,,,
237.000,238.000,True,presidenta,closeup,-0.185,0.347,0.091,0.011,0.078,0.310,0.398,0.060,0.050,0.003,,,
238.000,239.000,True,presidenta,closeup,-0.279,0.298,0.055,0.001,0.152,0.272,0.489,0.025,0.004,0.001,,,
239.000,240.000,True,presidenta,closeup,-0.281,0.271,0.092,0.002,0.179,0.285,0.391,0.041,0.009,0.002,,,
240.000,241.000,True,presidenta,closeup,-0.179,0.106,0.295,0.008,0.206,0.303,0.091,0.079,0.007,0.011,,,
241.000,242.000,True,presidenta,closeup,-0.418,-0.073,0.138,0.004,0.400,0.172,0.232,0.036,0.005,0.012,,,
242.000,243.000,True,presidenta,closeup,-0.232,0.169,0.195,0.011,0.201,0.206,0.306,0.051,0.023,0.007,,,
243.000,244.000,True,presidenta,closeup,-0.264,0.228,0.162,0.005,0.115,0.377,0.254,0.059,0.024,0.004,,,
244.000,245.000,True,presidenta,closeup,-0.177,0.166,0.227,0.011,0.141,0.227,0.253,0.102,0.031,0.009,,,
245.000,246.000,True,presidenta,closeup,-0.349,0.127,0.273,0.003,0.234,0.174,0.161,0.137,0.008,0.010,,,
246.000,247.000,True,presidenta,closeup,0.099,0.192,0.048,0.058,0.113,0.452,0.295,0.018,0.012,0.003,,,
247.000,248.000,True,presidenta,closeup,-0.405,-0.081,0.082,0.009,0.442,0.139,0.168,0.054,0.099,0.008,,,
248.000,249.000,True,presidenta,closeup,-0.499,-0.184,0.148,0.003,0.594,0.096,0.088,0.045,0.023,0.003,,,
249.000,250.000,True,presidenta,closeup,-0.205,0.363,0.073,0.003,0.090,0.379,0.429,0.020,0.005,0.001,,,
250.000,251.000,True,presidenta,closeup,-0.084,0.113,0.178,0.028,0.097,0.278,0.286,0.058,0.063,0.012,,,
251.000,252.000,True,presidenta,closeup,0.325,0.291,0.090,0.318,0.033,0.117,0.009,0.220,0.098,0.115,,,
252.000,253.000,True,presidenta,closeup,-0.272,0.293,0.207,0.021,0.115,0.057,0.005,0.449,0.070,0.077,,,
253.000,254.000,True,presidenta,closeup,-0.293,0.408,0.151,0.021,0.064,0.044,0.006,0.551,0.104,0.059,,,
254.000,255.000,True,presidenta,closeup,-0.174,0.240,0.137,0.003,0.126,0.255,0.432,0.040,0.005,0.002,,,
255.000,256.000,True,presidenta,closeup,-0.189,0.026,0.350,0.014,0.237,0.170,0.110,0.093,0.018,0.008,,,
256.000,257.000,True,presidenta,closeup,-0.089,0.382,0.069,0.003,0.068,0.583,0.250,0.020,0.003,0.003,,,
257.000,258.000,True,presidenta,closeup,-0.374,-0.084,0.246,0.009,0.474,0.170,0.020,0.048,0.015,0.016,,,
258.000,259.000,True,presidenta,closeup,-0.101,0.253,0.099,0.019,0.123,0.265,0.368,0.033,0.088,0.005,,,
259.000,260.000,True,presidenta,closeup,-0.190,0.180,0.216,0.008,0.125,0.329,0.198,0.091,0.027,0.006,,,
260.000,261.000,True,presidenta,closeup,-0.324,0.029,0.290,0.006,0.272,0.178,0.154,0.074,0.013,0.014,,,
261.000,262.000,True,presidenta,closeup,-0.107,0.286,0.168,0.017,0.067,0.489,0.172,0.065,0.016,0.005,,,
262.000,263.000,True,presidenta,closeup,-0.070,0.244,0.298,0.014,0.082,0.429,0.102,0.062,0.008,0.007,,,
263.000,264.000,True,presidenta,closeup,0.109,0.029,0.347,0.172,0.086,0.165,0.038,0.090,0.060,0.041,,,
264.000,265.000,True,presidenta,closeup,-0.158,-0.038,0.433,0.039,0.209,0.112,0.020,0.089,0.017,0.079,,,
265.000,266.000,True,presidenta,closeup,-0.348,-0.097,0.288,0.010,0.447,0.080,0.053,0.093,0.015,0.015,,,
266.000,267.000,True,presidenta,closeup,-0.288,0.162,0.456,0.007,0.092,0.153,0.084,0.184,0.009,0.015,,,
267.000,268.000,True,presidenta,closeup,-0.095,0.192,0.371,0.050,0.040,0.302,0.055,0.106,0.008,0.068,,,
268.000,269.000,True,presidenta,closeup,-0.223,0.176,0.392,0.011,0.074,0.241,0.032,0.220,0.011,0.020,,,
269.000,270.000,True,presidenta,closeup,-0.199,0.189,0.374,0.008,0.076,0.308,0.116,0.086,0.015,0.017,,,
270.000,271.000,True,presidenta,closeup,-0.101,0.482,0.058,0.003,0.035,0.568,0.304,0.021,0.010,0.001,,,
271.000,272.000,True,presidenta,closeup,-0.415,-0.086,0.181,0.011,0.388,0.190,0.094,0.081,0.047,0.008,,,
272.000,273.000,True,presidenta,closeup,-0.211,0.216,0.293,0.017,0.118,0.221,0.205,0.123,0.016,0.008,,,
273.000,274.000,True,presidenta,closeup,-0.225,0.109,0.303,0.014,0.152,0.199,0.147,0.138,0.031,0.015,,,
274.000,275.000,True,presidenta,closeup,-0.095,0.095,0.178,0.044,0.136,0.324,0.195,0.051,0.021,0.051,,,
275.000,276.000,True,presidenta,closeup,-0.162,0.124,0.135,0.012,0.157,0.354,0.270,0.044,0.022,0.006,,,
276.000,277.000,True,presidenta,closeup,-0.224,0.088,0.210,0.007,0.165,0.205,0.321,0.067,0.021,0.004,,,
277.000,278.000,True,presidenta,closeup,-0.121,0.060,0.320,0.027,0.164,0.265,0.095,0.098,0.017,0.015,,,
278.000,279.000,True,presidenta,closeup,-0.298,-0.053,0.220,0.015,0.399,0.148,0.038,0.110,0.049,0.021,,,
279.000,280.000,True,presidenta,closeup,-0.149,0.331,0.119,0.007,0.065,0.303,0.426,0.050,0.026,0.003,,,
280.000,281.000,True,presidenta,closeup,-0.277,-0.018,0.288,0.005,0.329,0.155,0.153,0.056,0.004,0.009,,,
281.000,282.000,True,presidenta,closeup,-0.071,0.188,0.126,0.038,0.112,0.264,0.336,0.081,0.038,0.006,,,
282.000,283.000,True,presidenta,closeup,-0.210,0.075,0.250,0.007,0.218,0.194,0.205,0.095,0.024,0.007,,,
283.000,284.000,True,presidenta,closeup,-0.182,0.271,0.169,0.014,0.088,0.306,0.264,0.111,0.044,0.005,,,
284.000,285.000,True,presidenta,closeup,0.158,0.155,0.078,0.101,0.057,0.159,0.328,0.078,0.182,0.018,,,
285.000,286.000,True,presidenta,closeup,-0.137,0.303,0.173,0.013,0.087,0.344,0.270,0.080,0.029,0.004,,,
286.000,287.000,True,presidenta,closeup,-0.267,-0.023,0.315,0.014,0.277,0.198,0.134,0.039,0.015,0.008,,,
287.000,288.000,True,presidenta,closeup,-0.091,0.086,0.244,0.018,0.156,0.390,0.132,0.041,0.005,0.014,,,
288.000,289.000,True,presidenta,closeup,-0.051,0.128,0.251,0.037,0.080,0.267,0.218,0.104,0.034,0.010,,,
289.000,290.000,True,presidenta,closeup,-0.110,0.092,0.285,0.030,0.160,0.275,0.148,0.071,0.007,0.024,,,
290.000,291.000,True,presidenta,closeup,-0.197,0.372,0.112,0.007,0.082,0.445,0.285,0.057,0.008,0.004,,,
291.000,292.000,True,presidenta,closeup,-0.232,0.135,0.290,0.008,0.134,0.288,0.168,0.092,0.014,0.005,,,
292.000,293.000,True,presidenta,closeup,-0.312,-0.056,0.199,0.008,0.456,0.120,0.161,0.040,0.005,0.011,,,
293.000,294.000,True,presidenta,closeup,-0.008,0.099,0.074,0.113,0.098,0.032,0.006,0.126,0.514,0.036,,,
294.000,295.000,True,presidenta,closeup,0.142,0.113,0.276,0.198,0.098,0.114,0.022,0.136,0.137,0.019,,,
295.000,296.000,True,presidenta,closeup,-0.227,0.298,0.173,0.004,0.077,0.211,0.379,0.122,0.030,0.004,,,
296.000,297.000,True,presidenta,closeup,-0.183,0.246,0.238,0.015,0.095,0.232,0.229,0.146,0.040,0.006,,,
297.000,298.000,True,presidenta,closeup,-0.333,-0.041,0.140,0.005,0.449,0.226,0.144,0.025,0.005,0.007,,,
298.000,299.000,True,presidenta,closeup,-0.244,0.094,0.097,0.005,0.343,0.192,0.324,0.020,0.011,0.008,,,
299.000,300.000,True,presidenta,closeup,-0.106,-0.060,0.132,0.110,0.316,0.029,0.009,0.176,0.160,0.067,,,
300.000,301.000,True,presidenta,closeup,-0.036,0.113,0.056,0.114,0.096,0.070,0.075,0.127,0.380,0.083,,,
301.000,302.000,True,presidenta,closeup,-0.197,0.230,0.066,0.008,0.181,0.282,0.424,0.023,0.012,0.003,,,
302.000,303.000,True,presidenta,closeup,-0.362,0.147,0.093,0.001,0.281,0.185,0.391,0.041,0.004,0.004,,,
303.000,304.000,True,presidenta,closeup,-0.166,0.364,0.056,0.004,0.061,0.252,0.561,0.033,0.031,0.002,,,
304.000,305.000,True,presidenta,closeup,-0.339,0.047,0.185,0.007,0.259,0.293,0.164,0.072,0.010,0.010,,,
305.000,306.000,True,presidenta,closeup,-0.200,0.278,0.094,0.007,0.117,0.434,0.299,0.028,0.020,0.003,,,
306.000,307.000,True,presidenta,closeup,-0.318,0.169,0.123,0.007,0.247,0.252,0.282,0.054,0.033,0.002,,,
307.000,308.000,True,presidenta,closeup,0.013,0.490,0.040,0.013,0.024,0.419,0.412,0.033,0.055,0.003,,,
308.000,309.000,True,presidenta,closeup,-0.210,0.277,0.195,0.004,0.099,0.360,0.278,0.052,0.008,0.003,,,
309.000,310.000,True,presidenta,closeup,-0.308,0.279,0.122,0.003,0.161,0.208,0.382,0.109,0.010,0.005,,,
310.000,311.000,True,presidenta,closeup,-0.246,0.331,0.099,0.006,0.159,0.351,0.316,0.049,0.012,0.008,,,
311.000,312.000,True,presidenta,closeup,-0.121,0.045,0.442,0.034,0.125,0.170,0.073,0.065,0.004,0.086,,,
312.000,313.000,True,presidenta,closeup,0.129,0.139,0.041,0.227,0.055,0.025,0.009,0.128,0.480,0.036,,,
313.000,314.000,True,presidenta,closeup,-0.223,0.501,0.062,0.003,0.036,0.311,0.524,0.055,0.008,0.001,,,
314.000,315.000,True,presidenta,closeup,-0.261,0.220,0.216,0.007,0.171,0.218,0.296,0.069,0.020,0.003,,,
315.000,316.000,True,presidenta,closeup,-0.213,0.121,0.207,0.012,0.243,0.269,0.215,0.038,0.007,0.010,,,
316.000,317.000,True,presidenta,closeup,-0.208,0.105,0.161,0.024,0.162,0.417,0.131,0.072,0.029,0.004,,,
317.000,318.000,True,presidenta,closeup,-0.221,0.075,0.170,0.010,0.259,0.315,0.204,0.025,0.010,0.006,,,
318.000,319.000,True,presidenta,closeup,-0.276,0.246,0.134,0.003,0.157,0.288,0.337,0.060,0.018,0.003,,,
319.000,320.000,True,presidenta,closeup,-0.149,0.436,0.070,0.009,0.053,0.369,0.436,0.045,0.015,0.003,,,
320.000,321.000,True,presidenta,closeup,-0.178,0.314,0.098,0.005,0.099,0.373,0.378,0.033,0.013,0.002,,,
321.000,322.000,True,presidenta,closeup,-0.096,-0.055,0.327,0.079,0.236,0.166,0.080,0.055,0.010,0.048,,,
322.000,323.000,True,presidenta,closeup,-0.150,0.402,0.089,0.004,0.048,0.340,0.461,0.047,0.010,0.002,,,
323.000,324.000,True,presidenta,closeup,-0.180,0.176,0.274,0.014,0.145,0.349,0.125,0.067,0.007,0.019,,,
324.000,325.000,True,presidenta,closeup,-0.154,0.442,0.098,0.003,0.037,0.370,0.425,0.056,0.010,0.001,,,
325.000,326.000,True,presidenta,closeup,-0.291,-0.009,0.201,0.015,0.306,0.221,0.147,0.080,0.020,0.010,,,
326.000,327.000,True,presidenta,closeup,-0.310,-0.000,0.220,0.005,0.286,0.151,0.203,0.096,0.031,0.008,,,
327.000,328.000,True,presidenta,closeup,-0.269,-0.016,0.205,0.010,0.243,0.176,0.232,0.069,0.058,0.008,,,
328.000,329.000,True,presidenta,closeup,-0.311,-0.066,0.310,0.009,0.342,0.124,0.106,0.079,0.018,0.012,,,
329.000,330.000,True,presidenta,closeup,-0.274,0.306,0.181,0.008,0.099,0.275,0.281,0.127,0.027,0.004,,,
330.000,331.000,True,presidenta,closeup,-0.232,0.118,0.259,0.007,0.167,0.192,0.233,0.105,0.033,0.004,,,
331.000,332.000,True,presidenta,closeup,-0.235,0.104,0.102,0.013,0.215,0.318,0.276,0.050,0.021,0.006,,,
332.000,333.000,True,presidenta,closeup,-0.261,-0.223,0.128,0.047,0.497,0.070,0.139,0.043,0.053,0.023,,,
333.000,334.000,True,presidenta,closeup,-0.383,0.032,0.218,0.008,0.284,0.141,0.204,0.094,0.037,0.015,,,
334.000,335.000,True,presidenta,closeup,-0.221,0.174,0.202,0.010,0.127,0.241,0.268,0.086,0.061,0.007,,,
335.000,336.000,True,presidenta,closeup,-0.208,0.161,0.228,0.005,0.190,0.284,0.212,0.069,0.006,0.006,,,
336.000,337.000,True,presidenta,closeup,-0.352,-0.044,0.316,0.005,0.321,0.152,0.099,0.086,0.013,0.006,,,
337.000,338.000,True,presidenta,closeup,-0.074,0.241,0.190,0.026,0.064,0.434,0.216,0.051,0.013,0.006,,,
338.000,339.000,True,presidenta,closeup,-0.137,0.242,0.219,0.009,0.092,0.352,0.192,0.111,0.020,0.006,,,
339.000,340.000,True,presidenta,closeup,-0.408,-0.101,0.186,0.003,0.467,0.048,0.150,0.097,0.044,0.005,,,
340.000,341.000,True,presidenta,closeup,-0.320,0.214,0.155,0.003,0.198,0.166,0.258,0.143,0.075,0.002,,,
341.000,342.000,True,presidenta,closeup,-0.234,0.220,0.197,0.006,0.122,0.245,0.292,0.078,0.056,0.003,,,
342.000,343.000,True,presidenta,closeup,-0.279,0.192,0.108,0.001,0.179,0.363,0.302,0.039,0.005,0.002,,,
343.000,344.000,True,presidenta,closeup,-0.431,-0.036,0.184,0.003,0.446,0.151,0.124,0.068,0.018,0.005,,,
344.000,345.000,True,presidenta,closeup,-0.210,0.036,0.230,0.022,0.229,0.319,0.122,0.059,0.007,0.012,,,
345.000,346.000,True,presidenta,closeup,-0.212,0.154,0.174,0.009,0.215,0.309,0.211,0.050,0.019,0.012,,,
346.000,347.000,True,presidenta,closeup,-0.171,0.254,0.149,0.011,0.113,0.346,0.325,0.043,0.011,0.003,,,
347.000,348.000,True,presidenta,closeup,-0.137,0.217,0.171,0.004,0.119,0.295,0.354,0.046,0.008,0.004,,,
348.000,349.000,True,presidenta,closeup,-0.209,-0.049,0.187,0.021,0.296,0.203,0.207,0.039,0.035,0.012,,,
349.000,350.000,True,presidenta,closeup,-0.365,0.042,0.194,0.007,0.323,0.247,0.146,0.060,0.014,0.009,,,
350.000,351.000,True,presidenta,closeup,-0.269,-0.032,0.290,0.030,0.272,0.184,0.085,0.079,0.014,0.047,,,
351.000,352.000,True,presidenta,closeup,-0.225,0.297,0.171,0.010,0.068,0.264,0.334,0.091,0.058,0.005,,,
352.000,353.000,True,presidenta,closeup,-0.259,-0.105,0.164,0.020,0.376,0.131,0.194,0.049,0.054,0.011,,,
353.000,354.000,True,presidenta,closeup,-0.001,0.311,0.068,0.036,0.064,0.506,0.267,0.044,0.012,0.003,,,
354.000,355.000,True,presidenta,closeup,0.098,0.494,0.038,0.024,0.019,0.451,0.408,0.024,0.034,0.002,,,
355.000,356.000,True,presidenta,closeup,-0.198,0.119,0.184,0.023,0.163,0.203,0.141,0.099,0.183,0.004,,,
356.000,357.000,True,presidenta,closeup,-0.470,-0.051,0.103,0.004,0.428,0.183,0.199,0.047,0.032,0.003,,,
357.000,358.000,True,presidenta,closeup,-0.280,0.114,0.155,0.006,0.232,0.264,0.263,0.049,0.023,0.009,,,
358.000,359.000,True,presidenta,closeup,-0.129,0.137,0.158,0.029,0.157,0.156,0.239,0.153,0.088,0.020,,,
359.000,360.000,True,presidenta,closeup,-0.103,0.242,0.179,0.028,0.092,0.360,0.209,0.090,0.023,0.018,,,
360.000,361.000,True,presidenta,closeup,0.001,0.505,0.038,0.011,0.018,0.656,0.231,0.027,0.015,0.003,,,
361.000,362.000,True,presidenta,closeup,-0.140,0.073,0.095,0.049,0.174,0.116,0.319,0.087,0.129,0.032,,,
362.000,363.000,True,presidenta,closeup,-0.054,0.129,0.288,0.031,0.070,0.190,0.233,0.116,0.049,0.023,,,
363.000,364.000,True,presidenta,closeup,-0.240,0.247,0.346,0.016,0.082,0.250,0.149,0.128,0.024,0.005,,,
364.000,365.000,True,presidenta,closeup,-0.240,-0.077,0.254,0.041,0.337,0.051,0.060,0.166,0.060,0.032,,,
365.000,366.000,True,presidenta,closeup,-0.090,0.197,0.206,0.049,0.088,0.372,0.176,0.072,0.020,0.016,,,
366.000,367.000,True,presidenta,closeup,-0.307,0.063,0.217,0.008,0.244,0.287,0.106,0.082,0.049,0.006,,,
367.000,368.000,True,presidenta,closeup,-0.089,0.535,0.083,0.011,0.013,0.619,0.221,0.047,0.005,0.002,,,
368.000,369.000,True,presidenta,closeup,0.073,0.325,0.146,0.081,0.028,0.496,0.118,0.088,0.035,0.008,,,
369.000,370.000,True,presidenta,closeup,-0.248,0.215,0.092,0.019,0.103,0.303,0.178,0.205,0.097,0.004,,,
370.000,371.000,True,presidenta,closeup,-0.111,0.255,0.143,0.030,0.078,0.540,0.133,0.059,0.012,0.006,,,
371.000,372.000,True,presidenta,closeup,-0.305,0.132,0.187,0.007,0.275,0.269,0.172,0.063,0.011,0.016,,,
372.000,373.000,True,presidenta,closeup,-0.240,-0.090,0.273,0.040,0.360,0.131,0.039,0.095,0.027,0.035,,,
373.000,374.000,True,presidenta,closeup,-0.121,0.119,0.276,0.022,0.131,0.311,0.170,0.046,0.026,0.017,,,
374.000,375.000,True,presidenta,closeup,-0.210,0.110,0.274,0.012,0.181,0.277,0.149,0.084,0.014,0.009,,,
375.000,376.000,True,presidenta,closeup,-0.152,0.046,0.348,0.039,0.126,0.205,0.068,0.146,0.040,0.028,,,
376.000,377.000,True,presidenta,closeup,-0.078,0.169,0.329,0.027,0.079,0.417,0.079,0.052,0.010,0.008,,,
377.000,378.000,True,presidenta,closeup,-0.288,-0.056,0.335,0.012,0.334,0.152,0.055,0.073,0.027,0.013,,,
378.000,379.000,True,presidenta,closeup,-0.231,0.190,0.264,0.012,0.147,0.373,0.125,0.065,0.006,0.008,,,
379.000,380.000,True,presidenta,closeup,-0.403,-0.071,0.167,0.005,0.457,0.167,0.148,0.043,0.006,0.008,,,
380.000,381.000,True,presidenta,closeup,-0.347,0.096,0.134,0.003,0.252,0.290,0.265,0.049,0.005,0.003,,,
381.000,382.000,True,presidenta,closeup,-0.290,0.033,0.197,0.012,0.257,0.340,0.128,0.047,0.008,0.011,,,
382.000,383.000,True,presidenta,closeup,-0.284,-0.128,0.263,0.039,0.408,0.095,0.038,0.087,0.021,0.048,,,
383.000,384.000,True,presidenta,closeup,-0.125,0.139,0.209,0.022,0.132,0.300,0.207,0.069,0.054,0.008,,,
384.000,385.000,True,presidenta,closeup,0.407,0.255,0.087,0.270,0.022,0.344,0.216,0.023,0.027,0.011,,,
385.000,386.000,True,presidenta,closeup,-0.123,0.161,0.216,0.011,0.117,0.447,0.145,0.050,0.006,0.008,,,
386.000,387.000,True,presidenta,closeup,-0.049,0.344,0.195,0.031,0.041,0.536,0.108,0.076,0.007,0.007,,,
387.000,388.000,True,presidenta,closeup,-0.182,0.217,0.249,0.008,0.129,0.349,0.198,0.052,0.009,0.005,,,
388.000,389.000,True,presidenta,closeup,-0.214,0.124,0.253,0.006,0.213,0.308,0.161,0.050,0.003,0.006,,,
389.000,390.000,True,presidenta,closeup,-0.164,0.008,0.367,0.026,0.155,0.268,0.077,0.079,0.014,0.014,,,
390.000,391.000,True,presidenta,closeup,-0.359,-0.045,0.229,0.006,0.371,0.183,0.146,0.051,0.009,0.006,,,
391.000,392.000,True,presidenta,closeup,-0.294,0.088,0.166,0.006,0.247,0.264,0.199,0.061,0.055,0.003,,,
392.000,393.000,True,presidenta,closeup,-0.317,-0.186,0.274,0.016,0.485,0.047,0.031,0.072,0.026,0.049,,,
393.000,394.000,True,presidenta,closeup,-0.305,0.234,0.086,0.005,0.131,0.436,0.245,0.033,0.061,0.004,,,
394.000,395.000,True,presidenta,closeup,-0.218,0.203,0.183,0.009,0.136,0.479,0.123,0.046,0.012,0.011,,,
395.000,396.000,True,presidenta,closeup,-0.360,-0.215,0.208,0.006,0.588,0.045,0.085,0.045,0.012,0.010,,,
396.000,397.000,True,presidenta,closeup,-0.228,0.222,0.225,0.006,0.151,0.347,0.183,0.067,0.012,0.009,,,
397.000,398.000,True,presidenta,closeup,-0.019,0.205,0.124,0.065,0.055,0.203,0.298,0.103,0.142,0.009,,,
398.000,399.000,True,presidenta,closeup,-0.137,0.026,0.348,0.047,0.183,0.148,0.107,0.111,0.017,0.039,,,
399.000,400.000,True,presidenta,closeup,-0.272,0.019,0.374,0.012,0.268,0.167,0.114,0.046,0.014,0.005,,,
400.000,401.000,True,presidenta,closeup,-0.356,0.108,0.249,0.005,0.328,0.166,0.098,0.135,0.010,0.010,,,
401.000,402.000,True,presidenta,closeup,-0.251,-0.105,0.188,0.027,0.414,0.110,0.153,0.056,0.036,0.016,,,
402.000,403.000,True,presidenta,closeup,-0.274,0.269,0.101,0.007,0.168,0.246,0.385,0.062,0.018,0.013,,,
403.000,404.000,True,presidenta,closeup,-0.099,0.338,0.154,0.012,0.086,0.419,0.231,0.076,0.015,0.006,,,
404.000,405.000,True,presidenta,closeup,-0.189,0.438,0.082,0.006,0.047,0.300,0.430,0.110,0.022,0.002,,,
405.000,406.000,True,presidenta,closeup,-0.236,0.062,0.232,0.006,0.267,0.236,0.205,0.042,0.005,0.006,,,
406.000,407.000,True,presidenta,closeup,-0.186,0.329,0.171,0.015,0.066,0.372,0.250,0.109,0.010,0.007,,,
407.000,408.000,True,presidenta,closeup,-0.068,0.097,0.315,0.060,0.115,0.287,0.099,0.070,0.034,0.021,,,
408.000,409.000,True,presidenta,closeup,-0.180,0.116,0.295,0.018,0.141,0.286,0.131,0.097,0.025,0.006,,,
409.000,410.000,True,presidenta,closeup,-0.093,-0.107,0.358,0.086,0.234,0.070,0.038,0.085,0.018,0.110,,,
410.000,411.000,True,presidenta,closeup,-0.190,0.352,0.185,0.018,0.043,0.219,0.288,0.191,0.054,0.004,,,
411.000,412.000,True,presidenta,closeup,-0.266,0.075,0.204,0.006,0.281,0.257,0.186,0.056,0.003,0.007,,,
412.000,413.000,True,presidenta,closeup,-0.256,0.232,0.082,0.002,0.183,0.284,0.413,0.027,0.008,0.002,,,
413.000,414.000,True,presidenta,closeup,-0.220,0.200,0.126,0.002,0.186,0.309,0.340,0.030,0.004,0.003,,,
414.000,415.000,True,presidenta,closeup,0.026,0.208,0.167,0.078,0.046,0.275,0.127,0.174,0.088,0.044,,,
415.000,416.000,True,presidenta,closeup,-0.188,0.232,0.251,0.016,0.113,0.250,0.171,0.175,0.010,0.015,,,
416.000,417.000,True,presidenta,closeup,0.115,0.311,0.096,0.061,0.035,0.343,0.334,0.068,0.055,0.008,,,
417.000,418.000,True,presidenta,closeup,0.348,0.437,0.030,0.133,0.006,0.672,0.132,0.021,0.003,0.003,,,
418.000,419.000,True,presidenta,closeup,-0.350,-0.014,0.163,0.014,0.345,0.195,0.220,0.039,0.016,0.008,,,
419.000,420.000,True,presidenta,closeup,-0.294,0.002,0.177,0.013,0.336,0.215,0.180,0.039,0.034,0.006,,,
420.000,421.000,True,presidenta,closeup,-0.233,0.141,0.183,0.011,0.181,0.263,0.296,0.054,0.006,0.007,,,
421.000,422.000,True,presidenta,closeup,-0.307,0.154,0.155,0.005,0.197,0.232,0.287,0.085,0.034,0.004,,,
422.000,423.000,True,presidenta,closeup,-0.323,0.178,0.176,0.007,0.176,0.337,0.203,0.079,0.019,0.003,,,
423.000,424.000,True,presidenta,closeup,0.187,0.142,0.132,0.221,0.088,0.331,0.141,0.059,0.014,0.013,,,
424.000,425.000,True,presidenta,closeup,-0.179,0.043,0.369,0.029,0.160,0.201,0.076,0.116,0.009,0.040,,,
425.000,426.000,True,presidenta,closeup,-0.264,0.182,0.244,0.005,0.133,0.226,0.266,0.099,0.021,0.005,,,
426.000,427.000,True,presidenta,closeup,-0.078,0.346,0.165,0.027,0.020,0.395,0.223,0.132,0.034,0.004,,,
427.000,428.000,True,presidenta,closeup,-0.287,0.035,0.170,0.006,0.174,0.193,0.396,0.051,0.004,0.007,,,
428.000,429.000,True,presidenta,closeup,-0.348,-0.041,0.257,0.007,0.336,0.213,0.110,0.046,0.003,0.027,,,
429.000,430.000,True,presidenta,closeup,0.058,-0.144,0.189,0.282,0.327,0.010,0.002,0.129,0.016,0.045,,,
430.000,431.000,True,presidenta,closeup,-0.084,0.057,0.109,0.129,0.246,0.017,0.003,0.200,0.162,0.134,,,
431.000,432.000,True,presidenta,closeup,-0.067,0.413,0.153,0.037,0.026,0.526,0.180,0.066,0.008,0.004,,,
432.000,433.000,True,presidenta,closeup,-0.235,0.093,0.279,0.005,0.293,0.180,0.134,0.093,0.005,0.010,,,
433.000,434.000,True,presidenta,closeup,-0.123,0.278,0.191,0.007,0.096,0.406,0.246,0.042,0.008,0.003,,,
434.000,435.000,True,presidenta,closeup,-0.258,0.119,0.352,0.015,0.234,0.214,0.063,0.096,0.008,0.018,,,
435.000,436.000,True,presidenta,closeup,-0.278,0.061,0.410,0.013,0.231,0.133,0.035,0.128,0.033,0.017,,,
436.000,437.000,True,presidenta,closeup,-0.042,0.268,0.230,0.049,0.069,0.408,0.129,0.089,0.013,0.013,,,
437.000,438.000,True,presidenta,closeup,-0.171,0.025,0.357,0.029,0.179,0.124,0.077,0.154,0.068,0.013,,,
438.000,439.000,True,presidenta,closeup,-0.052,0.136,0.237,0.027,0.116,0.389,0.113,0.058,0.053,0.007,,,
439.000,440.000,True,presidenta,closeup,-0.010,-0.089,0.372,0.104,0.231,0.118,0.031,0.065,0.017,0.062,,,
440.000,441.000,True,presidenta,closeup,0.445,-0.005,0.171,0.501,0.022,0.133,0.030,0.021,0.023,0.100,,,
441.000,442.000,True,presidenta,closeup,0.195,0.358,0.135,0.102,0.017,0.435,0.162,0.062,0.078,0.010,,,
442.000,443.000,True,presidenta,closeup,-0.011,0.302,0.187,0.033,0.037,0.565,0.122,0.040,0.009,0.006,,,
443.000,444.000,True,presidenta,closeup,-0.113,0.217,0.370,0.018,0.094,0.357,0.063,0.083,0.006,0.009,,,
444.000,445.000,True,presidenta,closeup,-0.164,0.087,0.460,0.012,0.137,0.222,0.077,0.076,0.008,0.008,,,
445.000,446.000,True,presidenta,closeup,-0.137,0.143,0.383,0.037,0.067,0.177,0.061,0.152,0.112,0.011,,,
446.000,447.000,True,presidenta,closeup,-0.187,0.265,0.312,0.016,0.041,0.454,0.085,0.073,0.014,0.005,,,
447.000,448.000,True,presidenta,closeup,-0.148,0.179,0.110,0.024,0.133,0.385,0.251,0.084,0.011,0.003,,,
448.000,449.000,True,presidenta,closeup,-0.242,0.036,0.321,0.010,0.242,0.268,0.079,0.056,0.013,0.011,,,
449.000,450.000,True,presidenta,closeup,-0.183,0.144,0.395,0.014,0.072,0.287,0.106,0.094,0.016,0.016,,,
450.000,451.000,True,presidenta,closeup,-0.017,0.132,0.287,0.078,0.066,0.317,0.085,0.109,0.044,0.015,,,
451.000,452.000,True,presidenta,closeup,-0.232,-0.037,0.422,0.034,0.226,0.077,0.028,0.143,0.028,0.042,,,
452.000,453.000,True,presidenta,closeup,-0.329,0.086,0.174,0.011,0.233,0.281,0.173,0.092,0.026,0.011,,,
453.000,454.000,True,presidenta,closeup,-0.174,0.468,0.079,0.003,0.030,0.358,0.487,0.035,0.007,0.001,,,
454.000,455.000,True,presidenta,closeup,-0.206,0.024,0.302,0.025,0.188,0.216,0.137,0.068,0.054,0.010,,,
455.000,456.000,True,presidenta,closeup,-0.119,-0.037,0.464,0.046,0.130,0.168,0.043,0.079,0.013,0.057,,,
456.000,457.000,True,presidenta,closeup,-0.275,0.132,0.438,0.022,0.145,0.153,0.123,0.065,0.045,0.008,,,
457.000,458.000,True,presidenta,closeup,-0.340,-0.013,0.128,0.008,0.465,0.130,0.215,0.034,0.010,0.009,,,
458.000,459.000,True,presidenta,closeup,-0.337,0.160,0.184,0.003,0.217,0.272,0.258,0.060,0.003,0.003,,,
459.000,460.000,True,presidenta,closeup,-0.202,0.111,0.209,0.018,0.225,0.351,0.146,0.033,0.008,0.009,,,
460.000,461.000,True,presidenta,closeup,-0.313,0.024,0.163,0.003,0.378,0.215,0.207,0.027,0.003,0.004,,,
461.000,462.000,True,presidenta,closeup,-0.282,0.277,0.106,0.007,0.152,0.509,0.169,0.049,0.006,0.003,,,
462.000,463.000,True,presidenta,closeup,-0.273,-0.053,0.205,0.004,0.452,0.125,0.142,0.050,0.012,0.009,,,
463.000,464.000,True,presidenta,closeup,-0.139,0.307,0.115,0.007,0.082,0.338,0.364,0.053,0.037,0.004,,,
464.000,465.000,True,presidenta,closeup,-0.144,0.123,0.275,0.015,0.197,0.318,0.091,0.066,0.021,0.018,,,
465.000,466.000,True,presidenta,closeup,-0.204,0.182,0.197,0.023,0.084,0.368,0.139,0.114,0.069,0.006,,,
466.000,467.000,True,presidenta,closeup,-0.275,0.012,0.316,0.026,0.288,0.160,0.081,0.087,0.029,0.013,,,
467.000,468.000,True,presidenta,closeup,-0.226,0.199,0.104,0.006,0.162,0.434,0.252,0.032,0.008,0.003,,,
468.000,469.000,True,presidenta,closeup,-0.335,0.016,0.232,0.007,0.332,0.211,0.149,0.051,0.012,0.007,,,
469.000,470.000,True,presidenta,closeup,-0.102,0.119,0.165,0.031,0.149,0.244,0.276,0.061,0.066,0.009,,,
470.000,471.000,True,presidenta,closeup,-0.175,0.161,0.222,0.023,0.117,0.314,0.225,0.079,0.016,0.005,,,
471.000,472.000,True,presidenta,closeup,-0.290,-0.060,0.278,0.009,0.430,0.122,0.101,0.041,0.003,0.016,,,
472.000,473.000,True,presidenta,closeup,-0.195,0.302,0.071,0.004,0.086,0.234,0.569,0.020,0.014,0.002,,,
473.000,474.000,True,presidenta,closeup,0.234,0.198,0.055,0.172,0.049,0.335,0.091,0.038,0.249,0.012,,,
474.000,475.000,True,presidenta,closeup,-0.415,-0.183,0.132,0.016,0.523,0.152,0.101,0.040,0.023,0.013,,,
475.000,476.000,True,presidenta,closeup,-0.196,0.279,0.151,0.008,0.107,0.518,0.149,0.050,0.011,0.007,,,
476.000,477.000,True,presidenta,closeup,-0.205,0.342,0.110,0.003,0.079,0.459,0.300,0.029,0.017,0.002,,,
477.000,478.000,True,presidenta,closeup,-0.207,0.148,0.192,0.016,0.145,0.347,0.162,0.092,0.040,0.007,,,
478.000,479.000,True,presidenta,closeup,-0.063,0.118,0.133,0.036,0.124,0.324,0.230,0.065,0.082,0.005,,,
479.000,480.000,True,presidenta,closeup,0.018,0.452,0.041,0.015,0.043,0.353,0.481,0.024,0.039,0.002,,,
480.000,481.000,True,presidenta,closeup,-0.026,-0.055,0.260,0.169,0.238,0.026,0.003,0.207,0.027,0.071,,,
481.000,482.000,True,presidenta,closeup,-0.038,0.096,0.106,0.143,0.083,0.076,0.020,0.146,0.350,0.076,,,
482.000,483.000,True,presidenta,closeup,-0.245,0.536,0.057,0.002,0.034,0.325,0.489,0.053,0.040,0.001,,,
483.000,484.000,True,presidenta,closeup,-0.238,0.104,0.473,0.015,0.145,0.120,0.098,0.099,0.042,0.008,,,
484.000,485.000,True,presidenta,closeup,-0.120,0.127,0.394,0.033,0.054,0.209,0.057,0.198,0.037,0.019,,,
485.000,486.000,True,presidenta,closeup,-0.006,0.006,0.130,0.345,0.254,0.027,0.007,0.113,0.062,0.063,,,
486.000,487.000,True,presidenta,closeup,-0.187,0.035,0.462,0.021,0.116,0.146,0.057,0.151,0.025,0.021,,,
487.000,488.000,True,presidenta,closeup,-0.291,0.109,0.173,0.005,0.264,0.226,0.212,0.103,0.015,0.003,,,
488.000,489.000,True,presidenta,closeup,-0.339,0.058,0.183,0.018,0.260,0.199,0.092,0.128,0.092,0.027,,,
489.000,490.000,True,presidenta,closeup,-0.352,0.046,0.165,0.006,0.351,0.212,0.184,0.066,0.009,0.007,,,
490.000,491.000,True,presidenta,closeup,-0.356,0.093,0.223,0.005,0.239,0.208,0.241,0.073,0.004,0.006,,,
491.000,492.000,True,presidenta,closeup,-0.191,0.198,0.234,0.013,0.186,0.368,0.118,0.057,0.004,0.019,,,
492.000,493.000,True,presidenta,closeup,-0.246,0.078,0.115,0.012,0.250,0.273,0.313,0.023,0.005,0.008,,,
493.000,494.000,True,presidenta,closeup,-0.184,0.234,0.157,0.007,0.090,0.255,0.383,0.059,0.042,0.006,,,
494.000,495.000,True,presidenta,closeup,-0.379,-0.090,0.148,0.005,0.486,0.190,0.137,0.023,0.007,0.004,,,
495.000,496.000,True,presidenta,closeup,-0.499,-0.100,0.150,0.005,0.489,0.183,0.111,0.048,0.009,0.004,,,
496.000,497.000,True,presidenta,closeup,-0.448,-0.021,0.154,0.004,0.376,0.199,0.177,0.074,0.011,0.004,,,
497.000,498.000,True,presidenta,closeup,-0.417,-0.093,0.145,0.004,0.419,0.198,0.186,0.038,0.006,0.004,,,
498.000,499.000,True,presidenta,closeup,-0.179,0.561,0.042,0.002,0.029,0.329,0.561,0.025,0.010,0.001,,,
499.000,500.000,True,presidenta,closeup,-0.236,0.157,0.177,0.019,0.156,0.291,0.171,0.126,0.054,0.006,,,
500.000,501.000,True,presidenta,closeup,0.101,0.188,0.063,0.075,0.049,0.203,0.382,0.038,0.146,0.044,,,
501.000,502.000,True,presidenta,closeup,-0.178,0.314,0.120,0.017,0.062,0.237,0.346,0.152,0.059,0.007,,,
502.000,503.000,True,presidenta,closeup,-0.085,0.299,0.119,0.011,0.059,0.299,0.442,0.054,0.011,0.005,,,
503.000,504.000,True,presidenta,closeup,-0.126,0.279,0.190,0.023,0.057,0.359,0.246,0.094,0.026,0.005,,,
504.000,505.000,True,presidenta,closeup,-0.259,-0.071,0.255,0.023,0.348,0.194,0.086,0.052,0.009,0.032,,,
505.000,506.000,True,presidenta,closeup,-0.221,0.092,0.047,0.016,0.233,0.152,0.431,0.033,0.086,0.003,,,
506.000,507.000,True,presidenta,closeup,-0.347,-0.080,0.220,0.014,0.423,0.146,0.102,0.067,0.011,0.017,,,
507.000,508.000,True,presidenta,closeup,-0.179,0.337,0.088,0.003,0.099,0.435,0.337,0.032,0.004,0.002,,,
508.000,509.000,True,presidenta,closeup,-0.296,0.159,0.163,0.005,0.225,0.326,0.186,0.075,0.016,0.003,,,
509.000,510.000,True,presidenta,closeup,-0.219,0.302,0.155,0.005,0.060,0.496,0.203,0.072,0.004,0.005,,,
510.000,511.000,True,presidenta,closeup,-0.026,-0.105,0.466,0.101,0.123,0.045,0.029,0.108,0.016,0.112,,,
511.000,512.000,True,presidenta,closeup,0.131,0.314,0.121,0.064,0.022,0.501,0.145,0.115,0.027,0.005,,,
512.000,513.000,True,presidenta,closeup,-0.285,-0.051,0.224,0.008,0.334,0.200,0.154,0.048,0.008,0.023,,,
513.000,514.000,True,presidenta,closeup,-0.190,0.482,0.087,0.003,0.041,0.473,0.346,0.041,0.006,0.003,,,
514.000,515.000,True,presidenta,closeup,-0.118,0.309,0.233,0.015,0.050,0.412,0.212,0.063,0.012,0.003,,,
515.000,516.000,True,presidenta,closeup,-0.174,0.252,0.302,0.014,0.049,0.424,0.087,0.096,0.011,0.017,,,
516.000,517.000,True,presidenta,closeup,-0.185,0.111,0.418,0.014,0.113,0.210,0.079,0.118,0.035,0.014,,,
517.000,518.000,True,presidenta,closeup,-0.261,0.106,0.099,0.017,0.206,0.258,0.275,0.064,0.076,0.004,,,
518.000,519.000,True,presidenta,closeup,-0.158,-0.014,0.146,0.041,0.235,0.287,0.154,0.063,0.064,0.010,,,
519.000,520.000,True,presidenta,closeup,-0.240,-0.084,0.263,0.022,0.312,0.172,0.140,0.050,0.008,0.033,,,
520.000,521.000,True,presidenta,closeup,-0.197,0.182,0.147,0.023,0.099,0.393,0.172,0.100,0.061,0.005,,,
521.000,522.000,True,presidenta,closeup,-0.281,0.126,0.184,0.014,0.165,0.459,0.091,0.068,0.007,0.012,,,
522.000,523.000,True,presidenta,closeup,-0.095,-0.056,0.304,0.059,0.263,0.213,0.051,0.047,0.013,0.050,,,
523.000,524.000,True,presidenta,closeup,-0.220,0.046,0.228,0.014,0.278,0.239,0.151,0.059,0.014,0.016,,,
524.000,525.000,True,presidenta,closeup,-0.229,0.234,0.083,0.004,0.130,0.347,0.341,0.053,0.040,0.002,,,
525.000,526.000,True,presidenta,closeup,-0.400,-0.038,0.083,0.001,0.429,0.071,0.335,0.054,0.023,0.003,,,
526.000,527.000,True,presidenta,closeup,-0.165,0.400,0.075,0.006,0.041,0.390,0.402,0.066,0.018,0.002,,,
527.000,528.000,True,presidenta,closeup,-0.360,0.181,0.236,0.010,0.207,0.312,0.079,0.123,0.025,0.008,,,
528.000,529.000,True,presidenta,closeup,-0.238,0.176,0.249,0.010,0.198,0.299,0.107,0.116,0.012,0.009,,,
529.000,530.000,True,presidenta,closeup,-0.174,0.246,0.094,0.018,0.130,0.402,0.259,0.070,0.023,0.004,,,
530.000,531.000,True,presidenta,closeup,-0.304,0.091,0.258,0.006,0.257,0.224,0.184,0.059,0.005,0.007,,,
531.000,532.000,True,presidenta,closeup,-0.302,0.157,0.159,0.004,0.260,0.294,0.217,0.047,0.013,0.006,,,
532.000,533.000,True,presidenta,closeup,-0.396,0.075,0.189,0.004,0.304,0.306,0.113,0.072,0.007,0.006,,,
533.000,534.000,True,presidenta,closeup,-0.346,0.033,0.112,0.016,0.319,0.208,0.207,0.080,0.050,0.008,,,
534.000,535.000,True,presidenta,closeup,-0.455,-0.037,0.153,0.002,0.390,0.187,0.226,0.033,0.004,0.004,,,
535.000,536.000,True,presidenta,closeup,-0.302,0.031,0.172,0.018,0.353,0.204,0.177,0.057,0.007,0.014,,,
536.000,537.000,True,presidenta,closeup,0.552,0.288,0.013,0.370,0.009,0.353,0.236,0.004,0.009,0.005,,,
537.000,538.000,True,presidenta,closeup,-0.302,-0.040,0.159,0.010,0.352,0.220,0.155,0.047,0.036,0.021,,,
538.000,539.000,True,presidenta,closeup,-0.242,0.228,0.064,0.005,0.127,0.350,0.423,0.019,0.010,0.002,,,
539.000,540.000,True,presidenta,closeup,-0.410,-0.067,0.054,0.011,0.373,0.101,0.264,0.032,0.162,0.004,,,
540.000,541.000,True,presidenta,closeup,-0.278,0.011,0.309,0.010,0.195,0.297,0.131,0.043,0.001,0.013,,,
541.000,542.000,True,presidenta,closeup,-0.383,0.006,0.175,0.002,0.390,0.163,0.203,0.052,0.012,0.004,,,
542.000,543.000,True,presidenta,closeup,-0.195,0.299,0.103,0.002,0.091,0.377,0.394,0.026,0.003,0.004,,,
543.000,544.000,True,presidenta,closeup,-0.180,0.192,0.138,0.012,0.116,0.550,0.140,0.029,0.009,0.005,,,
544.000,545.000,True,presidenta,closeup,-0.039,-0.005,0.144,0.106,0.167,0.323,0.111,0.037,0.075,0.037,,,
545.000,546.000,True,presidenta,closeup,-0.200,0.126,0.394,0.018,0.077,0.221,0.170,0.096,0.010,0.013,,,
546.000,547.000,True,presidenta,closeup,-0.234,0.163,0.351,0.012,0.145,0.267,0.117,0.070,0.034,0.004,,,
547.000,548.000,True,presidenta,closeup,-0.131,0.016,0.570,0.028,0.142,0.105,0.040,0.081,0.006,0.028,,,
548.000,549.000,True,presidenta,closeup,-0.400,-0.109,0.110,0.005,0.548,0.082,0.189,0.046,0.013,0.006,,,
549.000,550.000,True,presidenta,closeup,-0.229,0.311,0.055,0.003,0.110,0.256,0.544,0.023,0.008,0.002,,,
550.000,551.000,True,presidenta,closeup,-0.167,0.227,0.085,0.010,0.133,0.401,0.335,0.020,0.012,0.004,,,
551.000,552.000,True,presidenta,closeup,-0.141,-0.057,0.157,0.034,0.334,0.240,0.154,0.027,0.011,0.042,,,
552.000,553.000,True,presidenta,closeup,-0.446,-0.146,0.116,0.005,0.535,0.123,0.173,0.030,0.012,0.006,,,
553.000,554.000,True,presidenta,closeup,-0.371,-0.071,0.140,0.012,0.405,0.184,0.172,0.050,0.022,0.015,,,
554.000,555.000,True,presidenta,closeup,-0.245,0.204,0.168,0.004,0.176,0.288,0.291,0.062,0.008,0.003,,,
555.000,556.000,True,presidenta,closeup,-0.275,0.110,0.292,0.007,0.185,0.280,0.151,0.069,0.007,0.008,,,
556.000,557.000,True,presidenta,closeup,-0.261,0.274,0.162,0.005,0.092,0.370,0.235,0.100,0.035,0.002,,,
557.000,558.000,True,presidenta,closeup,-0.149,0.014,0.086,0.041,0.210,0.144,0.140,0.050,0.307,0.023,,,
558.000,559.000,True,presidenta,closeup,-0.257,-0.094,0.084,0.033,0.417,0.110,0.162,0.032,0.131,0.032,,,
559.000,560.000,True,presidenta,closeup,-0.276,0.204,0.096,0.005,0.172,0.214,0.421,0.035,0.054,0.003,,,
560.000,561.000,True,presidenta,closeup,-0.540,-0.146,0.180,0.004,0.620,0.063,0.051,0.067,0.003,0.012,,,
561.000,562.000,True,presidenta,closeup,-0.257,0.217,0.178,0.006,0.139,0.289,0.292,0.081,0.009,0.006,,,
562.000,563.000,True,presidenta,closeup,-0.172,0.089,0.321,0.018,0.206,0.210,0.141,0.082,0.007,0.014,,,
563.000,564.000,True,presidenta,closeup,-0.273,0.007,0.397,0.014,0.226,0.157,0.085,0.093,0.009,0.020,,,
564.000,565.000,True,presidenta,closeup,-0.196,0.287,0.149,0.004,0.115,0.381,0.300,0.039,0.008,0.004,,,
565.000,566.000,True,presidenta,closeup,-0.079,0.197,0.289,0.021,0.095,0.238,0.211,0.113,0.019,0.013,,,
566.000,567.000,True,presidenta,closeup,-0.016,0.464,0.073,0.019,0.026,0.275,0.475,0.093,0.036,0.003,,,
567.000,568.000,True,presidenta,closeup,-0.395,-0.122,0.110,0.011,0.546,0.074,0.137,0.072,0.039,0.011,,,
568.000,569.000,True,presidenta,closeup,-0.479,-0.097,0.088,0.006,0.525,0.105,0.214,0.041,0.017,0.005,,,
569.000,570.000,True,presidenta,closeup,-0.433,0.035,0.122,0.004,0.319,0.173,0.276,0.080,0.021,0.004,,,
570.000,571.000,True,presidenta,closeup,0.003,-0.092,0.135,0.180,0.260,0.104,0.162,0.052,0.055,0.051,,,
571.000,572.000,True,presidenta,closeup,-0.160,0.258,0.243,0.029,0.078,0.313,0.103,0.121,0.106,0.007,,,
572.000,573.000,True,presidenta,closeup,0.047,0.116,0.210,0.068,0.139,0.278,0.186,0.084,0.025,0.009,,,
573.000,574.000,True,presidenta,closeup,-0.185,0.378,0.061,0.007,0.077,0.248,0.531,0.041,0.034,0.001,,,
574.000,575.000,True,presidenta,closeup,-0.322,-0.062,0.145,0.008,0.393,0.174,0.223,0.036,0.013,0.008,,,
575.000,576.000,True,presidenta,closeup,-0.219,0.299,0.090,0.003,0.109,0.274,0.453,0.044,0.025,0.002,,,
576.000,577.000,True,presidenta,closeup,-0.320,0.052,0.304,0.008,0.230,0.221,0.068,0.136,0.021,0.012,,,
577.000,578.000,True,presidenta,closeup,-0.164,0.186,0.217,0.009,0.112,0.277,0.242,0.109,0.028,0.005,,,
578.000,579.000,True,presidenta,closeup,-0.284,0.312,0.159,0.002,0.150,0.308,0.283,0.087,0.008,0.004,,,
579.000,580.000,True,presidenta,closeup,-0.245,-0.001,0.182,0.031,0.224,0.079,0.073,0.144,0.207,0.061,,,
580.000,581.000,True,presidenta,closeup,-0.066,0.451,0.049,0.014,0.056,0.381,0.412,0.052,0.034,0.002,,,
581.000,582.000,True,presidenta,closeup,-0.186,0.294,0.125,0.005,0.114,0.420,0.266,0.054,0.013,0.004,,,
582.000,583.000,True,presidenta,closeup,-0.106,0.189,0.193,0.023,0.072,0.382,0.174,0.085,0.062,0.008,,,
583.000,584.000,True,presidenta,closeup,0.012,-0.082,0.355,0.112,0.203,0.146,0.101,0.038,0.021,0.024,,,
584.000,585.000,True,presidenta,closeup,-0.247,0.219,0.090,0.009,0.184,0.440,0.209,0.054,0.011,0.004,,,
585.000,586.000,True,presidenta,closeup,-0.262,0.235,0.104,0.009,0.160,0.344,0.294,0.064,0.021,0.004,,,
586.000,587.000,True,presidenta,closeup,-0.374,-0.004,0.168,0.002,0.450,0.121,0.177,0.066,0.010,0.005,,,
587.000,588.000,True,presidenta,closeup,-0.420,0.210,0.129,0.003,0.210,0.170,0.319,0.129,0.038,0.002,,,
588.000,589.000,True,presidenta,closeup,-0.278,0.067,0.198,0.025,0.182,0.307,0.135,0.122,0.018,0.013,,,
589.000,590.000,True,presidenta,closeup,-0.191,0.143,0.108,0.023,0.163,0.207,0.248,0.089,0.155,0.006,,,
590.000,591.000,True,presidenta,closeup,-0.194,0.153,0.198,0.035,0.126,0.169,0.126,0.116,0.222,0.007,,,
591.000,592.000,True,presidenta,closeup,-0.283,-0.064,0.175,0.021,0.369,0.155,0.171,0.060,0.041,0.007,,,
592.000,593.000,True,presidenta,closeup,-0.205,0.199,0.108,0.003,0.167,0.248,0.436,0.027,0.009,0.003,,,
593.000,594.000,True,presidenta,closeup,-0.161,0.303,0.149,0.017,0.083,0.441,0.196,0.076,0.034,0.004,,,
594.000,595.000,True,presidenta,closeup,-0.264,0.192,0.156,0.006,0.210,0.341,0.226,0.045,0.007,0.008,,,
595.000,596.000,True,presidenta,closeup,-0.246,0.141,0.138,0.005,0.245,0.150,0.370,0.056,0.032,0.004,,,
596.000,597.000,True,presidenta,closeup,-0.292,0.174,0.135,0.003,0.217,0.204,0.356,0.065,0.016,0.003,,,
597.000,598.000,True,presidenta,closeup,-0.264,0.336,0.085,0.004,0.105,0.241,0.465,0.065,0.032,0.003,,,
598.000,599.000,True,presidenta,closeup,-0.314,0.026,0.252,0.007,0.296,0.254,0.104,0.077,0.005,0.006,,,
599.000,600.000,True,presidenta,closeup,-0.389,-0.099,0.106,0.004,0.444,0.101,0.257,0.050,0.033,0.005,,,
600.000,601.000,True,presidenta,closeup,-0.126,0.175,0.129,0.024,0.128,0.162,0.304,0.145,0.100,0.008,,,
601.000,602.000,True,presidenta,closeup,-0.079,-0.077,0.081,0.060,0.319,0.090,0.349,0.036,0.041,0.024,,,
602.000,603.000,True,presidenta,closeup,-0.218,-0.064,0.228,0.044,0.332,0.107,0.124,0.106,0.017,0.042,,,
603.000,604.000,True,presidenta,closeup,-0.282,0.506,0.072,0.005,0.037,0.207,0.511,0.129,0.036,0.002,,,
604.000,605.000,True,presidenta,closeup,-0.479,0.119,0.091,0.006,0.275,0.273,0.210,0.086,0.055,0.003,,,
605.000,606.000,True,presidenta,closeup,-0.244,0.259,0.073,0.004,0.152,0.248,0.453,0.043,0.024,0.003,,,
606.000,607.000,True,presidenta,closeup,-0.253,0.369,0.081,0.003,0.109,0.336,0.402,0.054,0.012,0.002,,,
607.000,608.000,True,presidenta,closeup,-0.252,0.276,0.117,0.004,0.164,0.320,0.297,0.074,0.018,0.005,,,
608.000,609.000,True,presidenta,closeup,0.076,0.173,0.091,0.058,0.083,0.222,0.263,0.088,0.189,0.006,,,
609.000,610.000,True,presidenta,closeup,-0.048,0.001,0.268,0.079,0.189,0.228,0.115,0.060,0.017,0.043,,,
610.000,611.000,True,presidenta,closeup,-0.203,0.206,0.187,0.008,0.117,0.246,0.315,0.108,0.010,0.010,,,
611.000,612.000,True,presidenta,closeup,-0.224,0.153,0.184,0.012,0.154,0.257,0.250,0.108,0.028,0.007,,,
612.000,613.000,True,presidenta,closeup,-0.199,0.213,0.151,0.016,0.108,0.237,0.299,0.140,0.045,0.004,,,
613.000,614.000,True,presidenta,closeup,0.148,0.318,0.117,0.071,0.021,0.474,0.199,0.080,0.030,0.008,,,
614.000,615.000,True,presidenta,closeup,-0.308,0.195,0.241,0.010,0.132,0.292,0.171,0.131,0.018,0.007,,,
615.000,616.000,True,presidenta,closeup,0.018,0.139,0.162,0.051,0.073,0.304,0.259,0.107,0.034,0.009,,,
616.000,617.000,True,presidenta,closeup,-0.302,0.258,0.163,0.006,0.120,0.425,0.191,0.082,0.009,0.005,,,
617.000,618.000,True,presidenta,closeup,-0.083,0.082,0.062,0.044,0.181,0.106,0.437,0.060,0.100,0.010,,,
618.000,619.000,True,presidenta,closeup,-0.232,0.368,0.165,0.011,0.059,0.251,0.246,0.201,0.056,0.011,,,
619.000,620.000,True,presidenta,closeup,-0.062,0.233,0.133,0.044,0.094,0.270,0.316,0.081,0.042,0.020,,,
620.000,621.000,True,presidenta,closeup,-0.020,0.451,0.062,0.018,0.022,0.492,0.339,0.033,0.030,0.005,,,
621.000,622.000,True,presidenta,closeup,-0.003,0.011,0.181,0.086,0.136,0.377,0.091,0.048,0.040,0.041,,,
622.000,623.000,True,presidenta,closeup,-0.167,0.240,0.124,0.036,0.127,0.045,0.010,0.317,0.216,0.125,,,
623.000,624.000,True,presidenta,closeup,-0.342,0.435,0.145,0.021,0.051,0.115,0.031,0.401,0.181,0.055,,,
624.000,625.000,True,presidenta,closeup,-0.180,-0.042,0.428,0.027,0.287,0.090,0.017,0.069,0.063,0.019,,,
625.000,626.000,True,presidenta,closeup,-0.218,0.175,0.101,0.010,0.182,0.229,0.386,0.056,0.034,0.003,,,
626.000,627.000,True,presidenta,closeup,-0.161,0.320,0.128,0.015,0.083,0.420,0.217,0.098,0.034,0.005,,,
627.000,628.000,True,presidenta,closeup,-0.194,0.259,0.137,0.009,0.105,0.398,0.220,0.099,0.027,0.004,,,
628.000,629.000,True,presidenta,closeup,-0.165,0.389,0.100,0.006,0.058,0.431,0.279,0.094,0.028,0.004,,,
629.000,630.000,True,presidenta,closeup,-0.286,0.116,0.215,0.011,0.190,0.284,0.106,0.137,0.048,0.008,,,
630.000,631.000,True,presidenta,closeup,-0.157,0.395,0.085,0.006,0.057,0.279,0.496,0.042,0.032,0.003,,,
631.000,632.000,True,presidenta,closeup,-0.301,0.194,0.160,0.005,0.167,0.309,0.260,0.077,0.018,0.004,,,
632.000,633.000,True,presidenta,closeup,-0.289,0.083,0.214,0.004,0.227,0.226,0.248,0.063,0.014,0.004,,,
633.000,634.000,True,presidenta,closeup,-0.296,-0.093,0.236,0.018,0.412,0.151,0.120,0.035,0.009,0.019,,,
634.000,635.000,True,presidenta,closeup,-0.140,0.048,0.211,0.029,0.237,0.250,0.188,0.044,0.020,0.021,,,
635.000,636.000,True,presidenta,closeup,-0.166,0.188,0.218,0.022,0.120,0.314,0.134,0.089,0.099,0.004,,,
636.000,637.000,True,presidenta,closeup,-0.274,0.064,0.211,0.009,0.242,0.190,0.221,0.066,0.054,0.007,,,
637.000,638.000,True,presidenta,closeup,-0.206,-0.004,0.355,0.013,0.251,0.161,0.112,0.073,0.018,0.016,,,
638.000,639.000,True,presidenta,closeup,-0.385,-0.046,0.197,0.010,0.453,0.136,0.126,0.053,0.018,0.008,,,
639.000,640.000,True,presidenta,closeup,-0.208,0.215,0.184,0.004,0.123,0.375,0.264,0.040,0.006,0.004,,,
640.000,641.000,True,presidenta,closeup,-0.301,0.017,0.321,0.004,0.306,0.158,0.101,0.099,0.007,0.004,,,
641.000,642.000,True,presidenta,closeup,-0.385,-0.083,0.169,0.003,0.453,0.128,0.193,0.044,0.006,0.004,,,
642.000,643.000,True,presidenta,closeup,-0.066,-0.120,0.358,0.110,0.245,0.111,0.035,0.073,0.015,0.053,,,
643.000,644.000,True,presidenta,closeup,-0.308,0.063,0.189,0.004,0.324,0.148,0.287,0.030,0.014,0.003,,,
644.000,645.000,True,presidenta,closeup,-0.344,-0.393,0.109,0.017,0.763,0.030,0.043,0.016,0.008,0.013,,,
645.000,646.000,True,presidenta,closeup,-0.339,-0.008,0.195,0.003,0.346,0.157,0.219,0.064,0.009,0.007,,,
646.000,647.000,True,presidenta,closeup,-0.133,0.302,0.070,0.022,0.073,0.410,0.297,0.088,0.037,0.002,,,
647.000,648.000,True,presidenta,closeup,-0.184,0.274,0.112,0.014,0.095,0.394,0.291,0.059,0.029,0.007,,,
648.000,649.000,True,presidenta,closeup,-0.238,0.655,0.026,0.001,0.024,0.478,0.422,0.044,0.005,0.000,,,
649.000,650.000,True,presidenta,closeup,-0.261,0.216,0.130,0.005,0.188,0.311,0.305,0.044,0.013,0.003,,,
650.000,651.000,True,presidenta,closeup,-0.229,-0.189,0.223,0.066,0.463,0.075,0.038,0.069,0.027,0.039,,,
651.000,652.000,True,presidenta,closeup,-0.331,-0.102,0.263,0.022,0.414,0.089,0.083,0.082,0.011,0.037,,,
652.000,653.000,True,presidenta,closeup,-0.155,0.031,0.098,0.051,0.253,0.159,0.278,0.086,0.064,0.011,,,
653.000,654.000,True,presidenta,closeup,0.222,0.073,0.098,0.294,0.060,0.211,0.125,0.098,0.103,0.011,,,
654.000,655.000,True,presidenta,closeup,-0.264,-0.002,0.207,0.018,0.279,0.136,0.202,0.109,0.031,0.018,,,
655.000,656.000,True,presidenta,closeup,-0.186,0.554,0.041,0.003,0.019,0.254,0.604,0.053,0.025,0.002,,,
656.000,657.000,True,presidenta,closeup,-0.208,0.146,0.192,0.007,0.133,0.264,0.330,0.056,0.011,0.006,,,
657.000,658.000,True,presidenta,closeup,-0.366,0.036,0.200,0.003,0.336,0.096,0.226,0.098,0.036,0.004,,,
658.000,659.000,True,presidenta,closeup,-0.214,0.152,0.113,0.025,0.153,0.182,0.248,0.153,0.122,0.004,,,
659.000,660.000,True,presidenta,closeup,-0.225,0.407,0.071,0.001,0.070,0.309,0.508,0.036,0.004,0.001,,,
660.000,661.000,True,presidenta,closeup,-0.217,0.344,0.123,0.004,0.085,0.346,0.377,0.057,0.005,0.003,,,
661.000,662.000,True,presidenta,closeup,-0.123,0.380,0.150,0.019,0.031,0.538,0.055,0.175,0.026,0.006,,,
662.000,663.000,True,presidenta,closeup,-0.115,0.233,0.295,0.029,0.076,0.211,0.105,0.236,0.024,0.024,,,
663.000,664.000,True,presidenta,closeup,-0.240,0.054,0.437,0.014,0.143,0.140,0.108,0.133,0.012,0.011,,,
664.000,665.000,True,presidenta,closeup,0.131,-0.038,0.408,0.183,0.071,0.074,0.026,0.113,0.011,0.114,,,
665.000,666.000,True,presidenta,closeup,-0.225,0.280,0.177,0.005,0.084,0.318,0.327,0.068,0.015,0.006,,,
666.000,667.000,True,presidenta,closeup,-0.360,-0.020,0.250,0.007,0.386,0.127,0.098,0.095,0.028,0.008,,,
667.000,668.000,True,presidenta,closeup,-0.344,0.148,0.161,0.005,0.252,0.266,0.249,0.057,0.006,0.005,,,
668.000,669.000,True,presidenta,closeup,-0.465,0.107,0.167,0.004,0.364,0.262,0.095,0.091,0.010,0.006,,,
669.000,670.000,True,presidenta,closeup,-0.264,0.269,0.173,0.010,0.112,0.352,0.207,0.123,0.021,0.004,,,
670.000,671.000,True,presidenta,closeup,-0.074,0.221,0.088,0.044,0.104,0.391,0.212,0.085,0.070,0.006,,,
671.000,672.000,True,presidenta,closeup,-0.266,0.284,0.133,0.006,0.103,0.352,0.234,0.116,0.053,0.003,,,
672.000,673.000,True,presidenta,closeup,-0.280,0.336,0.116,0.003,0.104,0.413,0.300,0.053,0.007,0.005,,,
673.000,674.000,True,presidenta,closeup,-0.288,0.169,0.108,0.008,0.175,0.175,0.308,0.152,0.072,0.002,,,
674.000,675.000,True,presidenta,closeup,0.050,0.224,0.183,0.133,0.062,0.257,0.050,0.232,0.073,0.010,,,
675.000,676.000,True,presidenta,closeup,-0.358,0.169,0.118,0.010,0.168,0.272,0.205,0.143,0.078,0.006,,,
676.000,677.000,True,presidenta,closeup,-0.337,0.159,0.118,0.006,0.232,0.273,0.241,0.102,0.019,0.009,,,
677.000,678.000,True,presidenta,closeup,0.150,0.313,0.069,0.066,0.029,0.537,0.200,0.065,0.027,0.007,,,
678.000,679.000,True,presidenta,closeup,-0.138,0.381,0.086,0.014,0.048,0.378,0.280,0.146,0.046,0.002,,,
679.000,680.000,True,presidenta,closeup,-0.430,0.071,0.230,0.012,0.290,0.054,0.044,0.297,0.030,0.044,,,
680.000,681.000,True,presidenta,closeup,-0.081,0.495,0.048,0.012,0.023,0.317,0.430,0.100,0.068,0.002,,,
681.000,682.000,True,presidenta,closeup,-0.239,0.437,0.123,0.007,0.035,0.251,0.363,0.178,0.039,0.004,,,
682.000,683.000,True,presidenta,closeup,-0.121,0.288,0.193,0.015,0.042,0.241,0.369,0.108,0.016,0.016,,,
683.000,684.000,True,presidenta,closeup,-0.245,0.292,0.175,0.009,0.105,0.383,0.230,0.081,0.015,0.003,,,
684.000,685.000,True,presidenta,closeup,0.330,0.215,0.072,0.177,0.034,0.335,0.251,0.059,0.059,0.014,,,
685.000,686.000,True,presidenta,closeup,-0.090,0.348,0.119,0.019,0.040,0.391,0.281,0.100,0.042,0.009,,,
686.000,687.000,True,presidenta,closeup,-0.220,0.392,0.121,0.007,0.065,0.399,0.317,0.079,0.007,0.005,,,
687.000,688.000,True,presidenta,closeup,-0.272,0.077,0.173,0.013,0.284,0.133,0.237,0.112,0.021,0.028,,,
688.000,689.000,True,presidenta,closeup,-0.131,0.494,0.092,0.014,0.020,0.420,0.329,0.082,0.036,0.006,,,
689.000,690.000,True,presidenta,closeup,-0.046,0.224,0.159,0.058,0.067,0.413,0.189,0.079,0.019,0.016,,,
690.000,691.000,True,presidenta,closeup,-0.170,0.345,0.151,0.010,0.052,0.313,0.338,0.103,0.023,0.010,,,
691.000,692.000,True,presidenta,closeup,-0.147,0.390,0.105,0.011,0.041,0.301,0.376,0.118,0.041,0.008,,,
692.000,693.000,True,presidenta,closeup,-0.172,0.187,0.313,0.010,0.098,0.280,0.223,0.061,0.008,0.007,,,
693.000,694.000,True,presidenta,closeup,-0.283,-0.021,0.516,0.010,0.149,0.092,0.020,0.161,0.021,0.031,,,
694.000,695.000,True,presidenta,closeup,-0.204,0.186,0.378,0.019,0.067,0.164,0.088,0.252,0.010,0.021,,,
695.000,696.000,True,presidenta,closeup,-0.158,0.252,0.286,0.012,0.055,0.322,0.198,0.094,0.023,0.009,,,
696.000,697.000,True,presidenta,closeup,-0.125,0.372,0.190,0.008,0.038,0.421,0.275,0.057,0.006,0.004,,,
697.000,698.000,True,presidenta,closeup,-0.282,0.228,0.107,0.011,0.173,0.252,0.323,0.096,0.024,0.013,,,
698.000,699.000,True,presidenta,closeup,-0.191,0.362,0.162,0.005,0.072,0.405,0.228,0.105,0.015,0.008,,,
699.000,700.000,True,presidenta,closeup,0.026,0.182,0.267,0.043,0.035,0.279,0.261,0.072,0.023,0.019,,,
700.000,701.000,True,presidenta,closeup,-0.046,0.150,0.405,0.051,0.038,0.267,0.066,0.108,0.039,0.025,,,
701.000,702.000,True,presidenta,closeup,-0.095,0.414,0.106,0.014,0.032,0.296,0.416,0.085,0.040,0.010,,,
702.000,703.000,True,presidenta,closeup,-0.083,0.172,0.319,0.032,0.048,0.301,0.133,0.102,0.027,0.038,,,
703.000,704.000,True,presidenta,closeup,0.434,0.674,0.007,0.072,0.002,0.613,0.302,0.003,0.001,0.001,,,
704.000,705.000,True,presidenta,closeup,-0.234,0.216,0.137,0.013,0.158,0.281,0.305,0.075,0.013,0.018,,,
705.000,706.000,True,presidenta,closeup,-0.102,0.226,0.124,0.035,0.066,0.212,0.314,0.116,0.122,0.010,,,
706.000,707.000,True,presidenta,closeup,-0.104,0.281,0.146,0.021,0.043,0.338,0.199,0.156,0.087,0.010,,,
707.000,708.000,True,presidenta,closeup,-0.178,0.257,0.262,0.021,0.056,0.259,0.120,0.207,0.060,0.015,,,
708.000,709.000,True,presidenta,closeup,-0.224,0.401,0.105,0.009,0.053,0.234,0.386,0.133,0.073,0.006,,,
709.000,710.000,True,presidenta,closeup,-0.240,0.464,0.079,0.006,0.042,0.215,0.462,0.145,0.048,0.004,,,
710.000,711.000,True,presidenta,closeup,-0.197,0.220,0.322,0.007,0.104,0.287,0.123,0.142,0.006,0.008,,,
711.000,712.000,True,presidenta,closeup,-0.154,0.186,0.338,0.034,0.065,0.192,0.143,0.180,0.014,0.033,,,
712.000,713.000,True,presidenta,closeup,0.050,0.173,0.056,0.101,0.034,0.096,0.012,0.111,0.545,0.044,,,
713.000,714.000,True,presidenta,closeup,-0.076,0.287,0.107,0.039,0.083,0.478,0.099,0.083,0.109,0.001,,,
714.000,715.000,True,presidenta,closeup,-0.309,0.508,0.074,0.003,0.047,0.274,0.416,0.131,0.052,0.001,,,
715.000,716.000,True,presidenta,closeup,-0.297,0.177,0.134,0.006,0.238,0.242,0.327,0.043,0.007,0.003,,,
716.000,717.000,True,presidenta,closeup,-0.156,0.273,0.162,0.010,0.063,0.392,0.271,0.071,0.023,0.009,,,
717.000,718.000,True,presidenta,closeup,0.154,-0.033,0.314,0.254,0.049,0.155,0.027,0.071,0.010,0.120,,,
718.000,719.000,True,presidenta,closeup,-0.328,0.072,0.226,0.021,0.226,0.073,0.151,0.203,0.081,0.019,,,
719.000,720.000,True,presidenta,closeup,-0.295,0.214,0.217,0.011,0.125,0.208,0.197,0.212,0.020,0.011,,,
720.000,721.000,True,presidenta,closeup,-0.378,-0.094,0.303,0.017,0.373,0.082,0.067,0.123,0.023,0.013,,,
721.000,722.000,True,presidenta,closeup,-0.405,0.110,0.134,0.004,0.215,0.336,0.213,0.079,0.018,0.001,,,
722.000,723.000,True,presidenta,closeup,-0.251,-0.148,0.358,0.032,0.374,0.075,0.034,0.072,0.012,0.043,,,
723.000,724.000,True,presidenta,closeup,-0.227,-0.044,0.287,0.027,0.269,0.132,0.089,0.100,0.087,0.010,,,
724.000,725.000,True,presidenta,closeup,-0.252,-0.012,0.204,0.022,0.294,0.169,0.215,0.070,0.011,0.014,,,
725.000,726.000,True,presidenta,closeup,-0.221,0.252,0.209,0.013,0.084,0.373,0.187,0.101,0.026,0.007,,,
726.000,727.000,True,presidenta,closeup,-0.155,0.087,0.379,0.040,0.089,0.214,0.053,0.123,0.086,0.017,,,
727.000,728.000,True,presidenta,closeup,-0.264,0.032,0.179,0.008,0.316,0.172,0.263,0.041,0.011,0.010,,,
728.000,729.000,True,presidenta,closeup,-0.263,0.222,0.174,0.008,0.119,0.289,0.253,0.122,0.030,0.004,,,
729.000,730.000,True,presidenta,closeup,-0.348,0.169,0.194,0.007,0.204,0.210,0.101,0.226,0.052,0.007,,,
730.000,731.000,True,presidenta,closeup,-0.273,0.261,0.104,0.004,0.136,0.268,0.372,0.082,0.032,0.002,,,
731.000,732.000,True,presidenta,closeup,-0.236,-0.001,0.165,0.025,0.298,0.146,0.210,0.086,0.051,0.019,,,
732.000,733.000,True,presidenta,closeup,-0.288,0.452,0.076,0.001,0.075,0.283,0.451,0.090,0.023,0.001,,,
733.000,734.000,True,presidenta,closeup,-0.502,-0.072,0.096,0.003,0.483,0.142,0.215,0.034,0.024,0.003,,,
734.000,735.000,True,presidenta,closeup,-0.288,0.211,0.126,0.004,0.187,0.261,0.313,0.070,0.036,0.003,,,
735.000,736.000,True,presidenta,closeup,-0.382,0.097,0.266,0.006,0.216,0.203,0.141,0.115,0.043,0.009,,,
736.000,737.000,True,presidenta,closeup,-0.382,-0.056,0.186,0.006,0.422,0.122,0.165,0.078,0.017,0.003,,,
737.000,738.000,True,presidenta,closeup,-0.211,0.480,0.065,0.002,0.063,0.363,0.445,0.052,0.010,0.001,,,
738.000,739.000,True,presidenta,closeup,-0.170,0.200,0.324,0.018,0.071,0.300,0.148,0.100,0.028,0.011,,,
739.000,740.000,True,presidenta,closeup,-0.274,0.256,0.094,0.003,0.114,0.479,0.250,0.049,0.009,0.002,,,
740.000,741.000,True,presidenta,closeup,-0.245,0.303,0.279,0.008,0.073,0.360,0.159,0.100,0.014,0.006,,,
741.000,742.000,True,presidenta,closeup,-0.108,0.216,0.277,0.026,0.071,0.255,0.121,0.132,0.110,0.008,,,
742.000,743.000,True,presidenta,closeup,-0.208,0.374,0.160,0.008,0.049,0.310,0.286,0.101,0.082,0.005,,,
743.000,744.000,True,presidenta,closeup,-0.209,0.407,0.061,0.003,0.077,0.570,0.268,0.015,0.003,0.003,,,
744.000,745.000,True,presidenta,closeup,-0.214,0.300,0.131,0.009,0.099,0.465,0.222,0.052,0.018,0.004,,,
745.000,746.000,True,presidenta,closeup,-0.279,0.189,0.172,0.005,0.135,0.323,0.263,0.074,0.024,0.004,,,
746.000,747.000,True,presidenta,closeup,-0.128,0.250,0.211,0.027,0.076,0.340,0.070,0.195,0.078,0.004,,,
747.000,748.000,True,presidenta,closeup,-0.171,0.201,0.242,0.013,0.120,0.328,0.123,0.093,0.070,0.011,,,
748.000,749.000,True,presidenta,closeup,-0.231,0.112,0.424,0.024,0.097,0.118,0.032,0.250,0.038,0.017,,,
749.000,750.000,True,presidenta,closeup,-0.523,-0.155,0.168,0.002,0.591,0.098,0.091,0.042,0.002,0.006,,,
750.000,751.000,True,presidenta,closeup,-0.284,0.216,0.107,0.012,0.119,0.389,0.248,0.091,0.031,0.003,,,
751.000,752.000,True,presidenta,closeup,-0.352,0.001,0.187,0.009,0.332,0.252,0.121,0.068,0.021,0.009,,,
752.000,753.000,True,presidenta,closeup,-0.048,0.576,0.031,0.004,0.018,0.678,0.251,0.014,0.003,0.001,,,
753.000,754.000,True,presidenta,closeup,-0.109,0.435,0.075,0.006,0.052,0.466,0.360,0.028,0.012,0.002,,,
754.000,755.000,True,presidenta,closeup,-0.190,0.233,0.185,0.010,0.094,0.402,0.208,0.063,0.027,0.009,,,
755.000,756.000,True,presidenta,closeup,-0.112,0.117,0.226,0.037,0.114,0.386,0.098,0.099,0.032,0.008,,,
756.000,757.000,True,presidenta,closeup,-0.247,0.073,0.242,0.020,0.193,0.247,0.130,0.107,0.052,0.008,,,
757.000,758.000,True,presidenta,closeup,-0.268,0.003,0.270,0.009,0.294,0.181,0.177,0.049,0.010,0.009,,,
758.000,759.000,True,presidenta,closeup,-0.417,-0.086,0.131,0.010,0.423,0.122,0.227,0.063,0.018,0.006,,,
759.000,760.000,True,presidenta,closeup,-0.376,0.017,0.176,0.009,0.367,0.160,0.186,0.062,0.014,0.025,,,
760.000,761.000,True,presidenta,closeup,-0.301,0.068,0.249,0.015,0.251,0.184,0.173,0.097,0.011,0.019,,,
761.000,762.000,True,presidenta,closeup,-0.192,0.134,0.382,0.018,0.105,0.289,0.098,0.095,0.003,0.010,,,
762.000,763.000,True,presidenta,closeup,-0.244,0.066,0.140,0.040,0.273,0.141,0.169,0.137,0.091,0.008,,,
763.000,764.000,True,presidenta,closeup,-0.528,-0.143,0.224,0.003,0.524,0.067,0.036,0.113,0.027,0.006,,,
764.000,765.000,True,presidenta,closeup,-0.322,0.315,0.119,0.003,0.144,0.299,0.336,0.072,0.023,0.004,,,
765.000,766.000,True,presidenta,closeup,-0.331,0.060,0.176,0.005,0.331,0.233,0.198,0.045,0.005,0.007,,,
766.000,767.000,True,presidenta,closeup,-0.234,0.055,0.275,0.016,0.284,0.290,0.091,0.025,0.003,0.017,,,
767.000,768.000,True,presidenta,closeup,-0.217,0.201,0.097,0.015,0.138,0.299,0.314,0.103,0.028,0.004,,,
768.000,769.000,True,presidenta,closeup,-0.284,0.374,0.087,0.001,0.091,0.288,0.461,0.062,0.009,0.001,,,
769.000,770.000,True,presidenta,closeup,-0.256,0.177,0.158,0.004,0.221,0.312,0.235,0.054,0.010,0.005,,,
770.000,771.000,True,presidenta,closeup,-0.261,0.241,0.140,0.007,0.132,0.397,0.261,0.045,0.014,0.004,,,
771.000,772.000,True,presidenta,closeup,-0.247,0.261,0.166,0.007,0.109,0.392,0.245,0.056,0.017,0.008,,,
772.000,773.000,True,presidenta,closeup,-0.285,0.251,0.095,0.008,0.153,0.222,0.371,0.062,0.087,0.002,,,
773.000,774.000,True,presidenta,closeup,-0.235,0.213,0.153,0.010,0.142,0.277,0.302,0.052,0.058,0.006,,,
774.000,775.000,True,presidenta,closeup,-0.119,0.245,0.153,0.028,0.075,0.357,0.212,0.133,0.030,0.011,,,
775.000,776.000,True,presidenta,closeup,-0.248,0.429,0.071,0.003,0.059,0.160,0.525,0.093,0.085,0.002,,,
776.000,777.000,True,presidenta,closeup,-0.170,0.445,0.045,0.005,0.062,0.286,0.531,0.048,0.020,0.003,,,
777.000,778.000,True,presidenta,closeup,-0.207,0.377,0.074,0.005,0.057,0.209,0.579,0.055,0.019,0.002,,,
778.000,779.000,True,presidenta,closeup,-0.110,0.332,0.083,0.008,0.049,0.236,0.537,0.048,0.037,0.002,,,
779.000,780.000,True,presidenta,closeup,0.121,0.150,0.146,0.136,0.056,0.348,0.164,0.093,0.048,0.011,,,
780.000,781.000,True,presidenta,closeup,-0.223,0.257,0.108,0.005,0.134,0.206,0.459,0.071,0.011,0.006,,,
781.000,782.000,True,presidenta,closeup,-0.311,0.236,0.101,0.004,0.139,0.562,0.146,0.038,0.004,0.006,,,
782.000,783.000,True,presidenta,closeup,-0.279,-0.049,0.254,0.018,0.309,0.197,0.139,0.050,0.008,0.024,,,
783.000,784.000,True,presidenta,closeup,-0.339,0.179,0.181,0.008,0.182,0.238,0.248,0.108,0.014,0.020,,,
784.000,785.000,True,presidenta,closeup,-0.191,0.225,0.246,0.007,0.143,0.306,0.213,0.079,0.003,0.004,,,
785.000,786.000,True,presidenta,closeup,-0.185,0.174,0.366,0.019,0.115,0.249,0.109,0.125,0.006,0.010,,,
786.000,787.000,True,presidenta,closeup,-0.149,0.342,0.126,0.010,0.083,0.462,0.243,0.060,0.008,0.009,,,
787.000,788.000,True,presidenta,closeup,-0.067,0.355,0.090,0.012,0.046,0.461,0.317,0.049,0.020,0.006,,,
788.000,789.000,True,presidenta,closeup,-0.120,0.247,0.132,0.010,0.107,0.304,0.370,0.058,0.012,0.007,,,
789.000,790.000,True,presidenta,closeup,-0.095,0.133,0.164,0.039,0.161,0.203,0.254,0.121,0.030,0.028,,,
790.000,791.000,True,presidenta,closeup,0.154,-0.028,0.380,0.197,0.069,0.148,0.021,0.088,0.015,0.081,,,
791.000,792.000,True,presidenta,closeup,-0.123,0.279,0.146,0.007,0.082,0.499,0.212,0.041,0.004,0.009,,,
792.000,793.000,True,presidenta,closeup,-0.183,0.337,0.073,0.006,0.061,0.587,0.205,0.056,0.007,0.003,,,
793.000,794.000,True,presidenta,closeup,-0.162,0.282,0.163,0.009,0.088,0.490,0.185,0.052,0.005,0.008,,,
794.000,795.000,True,presidenta,closeup,-0.094,0.016,0.246,0.047,0.181,0.210,0.222,0.052,0.015,0.028,,,
795.000,796.000,True,presidenta,closeup,-0.223,0.279,0.083,0.007,0.101,0.200,0.484,0.059,0.062,0.004,,,
796.000,797.000,True,presidenta,closeup,-0.361,-0.078,0.079,0.011,0.351,0.138,0.259,0.050,0.109,0.003,,,
797.000,798.000,True,presidenta,closeup,-0.324,0.247,0.148,0.007,0.095,0.359,0.166,0.153,0.069,0.004,,,
798.000,799.000,True,presidenta,closeup,-0.099,0.356,0.064,0.017,0.074,0.377,0.403,0.045,0.018,0.003,,,
799.000,800.000,True,presidenta,closeup,-0.050,0.802,0.013,0.002,0.008,0.711,0.250,0.013,0.002,0.000,,,
800.000,801.000,True,presidenta,closeup,0.215,0.414,0.029,0.058,0.018,0.567,0.292,0.023,0.012,0.002,,,
801.000,802.000,True,presidenta,closeup,0.514,0.373,0.020,0.241,0.006,0.553,0.141,0.014,0.021,0.004,,,
802.000,803.000,True,presidenta,closeup,-0.027,0.072,0.209,0.028,0.166,0.264,0.206,0.080,0.026,0.021,,,
803.000,804.000,True,presidenta,closeup,-0.091,0.104,0.249,0.030,0.152,0.284,0.188,0.055,0.010,0.031,,,
804.000,805.000,True,presidenta,closeup,-0.165,0.378,0.058,0.003,0.057,0.510,0.344,0.024,0.004,0.001,,,
805.000,806.000,True,presidenta,closeup,-0.201,0.076,0.229,0.014,0.212,0.345,0.140,0.043,0.009,0.008,,,
806.000,807.000,True,presidenta,closeup,-0.252,-0.078,0.157,0.016,0.392,0.169,0.209,0.032,0.014,0.012,,,
807.000,808.000,True,presidenta,closeup,-0.218,-0.144,0.272,0.028,0.434,0.082,0.108,0.034,0.007,0.035,,,
808.000,809.000,True,presidenta,closeup,-0.223,0.167,0.350,0.011,0.102,0.266,0.107,0.134,0.021,0.009,,,
809.000,810.000,True,presidenta,closeup,-0.036,0.141,0.339,0.060,0.117,0.156,0.102,0.165,0.015,0.046,,,
810.000,811.000,True,presidenta,closeup,-0.183,0.209,0.237,0.017,0.095,0.269,0.270,0.072,0.030,0.010,,,
811.000,812.000,True,presidenta,closeup,-0.100,0.164,0.291,0.033,0.083,0.284,0.105,0.147,0.049,0.009,,,
812.000,813.000,True,presidenta,closeup,-0.322,0.199,0.159,0.003,0.198,0.287,0.282,0.059,0.007,0.004,,,
813.000,814.000,True,presidenta,closeup,-0.234,-0.113,0.261,0.041,0.339,0.072,0.084,0.123,0.038,0.041,,,
814.000,815.000,True,presidenta,closeup,-0.195,0.329,0.081,0.004,0.083,0.270,0.511,0.029,0.017,0.005,,,
815.000,816.000,True,presidenta,closeup,-0.301,0.148,0.082,0.004,0.286,0.197,0.381,0.028,0.016,0.004,,,
816.000,817.000,True,presidenta,closeup,-0.390,-0.072,0.141,0.003,0.617,0.084,0.118,0.027,0.002,0.008,,,
817.000,818.000,True,presidenta,closeup,-0.301,0.119,0.115,0.003,0.304,0.243,0.307,0.024,0.002,0.003,,,
818.000,819.000,True,presidenta,closeup,-0.273,0.074,0.195,0.007,0.250,0.272,0.211,0.044,0.015,0.006,,,
819.000,820.000,True,presidenta,closeup,-0.219,0.193,0.161,0.009,0.146,0.341,0.267,0.062,0.010,0.003,,,
820.000,821.000,True,presidenta,closeup,-0.211,0.055,0.292,0.041,0.186,0.157,0.115,0.097,0.027,0.086,,,
821.000,822.000,True,presidenta,closeup,-0.148,0.525,0.050,0.003,0.028,0.363,0.523,0.024,0.007,0.001,,,
822.000,823.000,True,presidenta,closeup,-0.259,0.076,0.182,0.007,0.233,0.326,0.187,0.049,0.009,0.008,,,
823.000,824.000,True,presidenta,closeup,-0.328,0.104,0.106,0.007,0.290,0.255,0.255,0.055,0.029,0.003,,,
824.000,825.000,True,presidenta,closeup,-0.328,0.127,0.181,0.004,0.251,0.257,0.237,0.050,0.016,0.005,,,
825.000,826.000,True,presidenta,closeup,-0.178,0.249,0.074,0.007,0.147,0.270,0.446,0.027,0.026,0.003,,,
826.000,827.000,True,presidenta,closeup,-0.193,0.395,0.084,0.005,0.082,0.466,0.325,0.029,0.005,0.003,,,
827.000,828.000,True,presidenta,closeup,-0.181,0.120,0.186,0.011,0.256,0.332,0.143,0.047,0.010,0.014,,,
828.000,829.000,True,presidenta,closeup,-0.270,0.069,0.215,0.004,0.245,0.323,0.175,0.031,0.002,0.006,,,
829.000,830.000,True,presidenta,closeup,-0.286,-0.006,0.403,0.019,0.255,0.174,0.031,0.098,0.007,0.014,,,
830.000,831.000,True,presidenta,closeup,-0.315,-0.184,0.201,0.013,0.545,0.093,0.100,0.026,0.003,0.018,,,
831.000,832.000,True,presidenta,closeup,0.143,0.053,0.113,0.325,0.164,0.231,0.097,0.041,0.017,0.011,,,
832.000,833.000,True,presidenta,closeup,-0.283,0.149,0.166,0.012,0.234,0.251,0.137,0.152,0.031,0.017,,,
833.000,834.000,True,presidenta,closeup,-0.272,0.361,0.089,0.002,0.081,0.239,0.487,0.072,0.027,0.002,,,
834.000,835.000,True,presidenta,closeup,-0.245,0.381,0.046,0.001,0.063,0.162,0.700,0.020,0.007,0.001,,,
835.000,836.000,True,presidenta,closeup,-0.203,0.371,0.075,0.002,0.078,0.236,0.559,0.034,0.013,0.001,,,
836.000,837.000,True,presidenta,closeup,-0.337,0.122,0.147,0.005,0.344,0.242,0.213,0.036,0.008,0.005,,,
837.000,838.000,True,presidenta,closeup,-0.264,0.140,0.205,0.010,0.261,0.322,0.145,0.039,0.007,0.011,,,
838.000,839.000,True,presidenta,closeup,-0.366,0.068,0.220,0.004,0.367,0.216,0.127,0.053,0.007,0.006,,,
839.000,840.000,True,presidenta,closeup,-0.478,-0.014,0.168,0.003,0.363,0.167,0.204,0.080,0.011,0.004,,,
840.000,841.000,True,presidenta,closeup,-0.338,0.188,0.100,0.002,0.197,0.353,0.301,0.041,0.004,0.003,,,
841.000,842.000,True,presidenta,closeup,-0.134,0.071,0.152,0.056,0.179,0.294,0.126,0.130,0.049,0.014,,,
842.000,843.000,True,presidenta,closeup,-0.201,0.087,0.258,0.038,0.209,0.185,0.126,0.136,0.020,0.028,,,
843.000,844.000,True,presidenta,closeup,-0.136,0.418,0.120,0.009,0.061,0.484,0.244,0.071,0.006,0.005,,,
844.000,845.000,True,presidenta,closeup,-0.298,0.171,0.176,0.003,0.165,0.216,0.340,0.084,0.012,0.004,,,
845.000,846.000,True,presidenta,closeup,-0.155,0.029,0.340,0.035,0.181,0.126,0.126,0.129,0.020,0.044,,,
846.000,847.000,True,presidenta,closeup,-0.256,0.122,0.344,0.006,0.167,0.239,0.107,0.128,0.005,0.005,,,
847.000,848.000,True,presidenta,closeup,-0.310,0.119,0.096,0.014,0.221,0.237,0.249,0.104,0.075,0.004,,,
848.000,849.000,True,presidenta,closeup,-0.071,0.305,0.073,0.020,0.077,0.249,0.471,0.069,0.039,0.003,,,
849.000,850.000,True,presidenta,closeup,-0.168,0.203,0.171,0.019,0.171,0.343,0.215,0.047,0.024,0.010,,,
850.000,851.000,True,presidenta,closeup,-0.020,0.332,0.140,0.034,0.050,0.457,0.228,0.060,0.025,0.006,,,
851.000,852.000,True,presidenta,closeup,-0.218,0.007,0.345,0.017,0.268,0.137,0.088,0.086,0.030,0.029,,,
852.000,853.000,True,presidenta,closeup,-0.196,0.094,0.334,0.013,0.161,0.259,0.123,0.073,0.020,0.016,,,
853.000,854.000,True,presidenta,closeup,-0.036,0.069,0.327,0.056,0.098,0.289,0.071,0.069,0.059,0.030,,,
854.000,855.000,True,presidenta,closeup,-0.037,0.210,0.223,0.058,0.060,0.428,0.152,0.057,0.008,0.013,,,
855.000,856.000,True,presidenta,closeup,-0.105,0.279,0.210,0.021,0.038,0.331,0.154,0.184,0.053,0.010,,,
856.000,857.000,True,presidenta,closeup,-0.111,0.083,0.333,0.032,0.089,0.180,0.127,0.172,0.031,0.035,,,
857.000,858.000,True,presidenta,closeup,-0.249,0.222,0.240,0.007,0.138,0.441,0.096,0.068,0.002,0.007,,,
858.000,859.000,True,presidenta,closeup,-0.113,0.143,0.142,0.028,0.163,0.315,0.249,0.043,0.046,0.013,,,
859.000,860.000,True,presidenta,closeup,-0.225,0.219,0.126,0.008,0.163,0.228,0.356,0.071,0.045,0.004,,,
860.000,861.000,True,presidenta,closeup,-0.444,-0.109,0.134,0.002,0.592,0.078,0.141,0.041,0.007,0.006,,,
861.000,862.000,True,presidenta,closeup,-0.164,0.339,0.118,0.009,0.065,0.449,0.267,0.063,0.026,0.003,,,
862.000,863.000,True,presidenta,closeup,-0.285,0.212,0.216,0.006,0.120,0.295,0.274,0.068,0.013,0.007,,,
863.000,864.000,True,presidenta,closeup,-0.168,0.189,0.273,0.034,0.087,0.229,0.089,0.204,0.077,0.007,,,
864.000,865.000,True,presidenta,closeup,-0.246,0.195,0.239,0.007,0.119,0.233,0.274,0.106,0.017,0.004,,,
865.000,866.000,True,presidenta,closeup,-0.254,0.034,0.525,0.023,0.136,0.114,0.024,0.121,0.005,0.052,,,
866.000,867.000,True,presidenta,closeup,-0.194,0.284,0.155,0.012,0.075,0.309,0.309,0.079,0.056,0.004,,,
867.000,868.000,True,presidenta,closeup,-0.273,0.069,0.183,0.007,0.310,0.248,0.194,0.041,0.005,0.013,,,
868.000,869.000,True,presidenta,closeup,-0.300,-0.045,0.420,0.017,0.213,0.084,0.092,0.125,0.013,0.036,,,
869.000,870.000,True,presidenta,closeup,-0.165,0.338,0.226,0.016,0.022,0.355,0.112,0.210,0.050,0.009,,,
870.000,871.000,True,presidenta,closeup,-0.161,0.282,0.303,0.019,0.045,0.308,0.108,0.187,0.014,0.015,,,
871.000,872.000,True,presidenta,closeup,-0.189,0.239,0.368,0.018,0.045,0.239,0.058,0.222,0.030,0.019,,,
872.000,873.000,True,presidenta,closeup,-0.176,0.174,0.117,0.023,0.098,0.280,0.210,0.124,0.123,0.026,,,
873.000,874.000,True,presidenta,closeup,-0.189,0.419,0.077,0.005,0.030,0.219,0.577,0.047,0.041,0.004,,,
874.000,875.000,True,presidenta,closeup,-0.219,0.353,0.207,0.008,0.045,0.285,0.266,0.144,0.033,0.012,,,
875.000,876.000,True,presidenta,closeup,-0.275,0.242,0.282,0.006,0.102,0.259,0.132,0.198,0.015,0.006,,,
876.000,877.000,True,presidenta,closeup,0.281,0.206,0.173,0.275,0.012,0.186,0.043,0.141,0.070,0.100,,,
877.000,878.000,True,presidenta,closeup,0.421,0.232,0.097,0.463,0.005,0.244,0.019,0.074,0.055,0.043,,,
878.000,879.000,True,presidenta,closeup,-0.119,0.174,0.349,0.038,0.045,0.162,0.037,0.291,0.049,0.029,,,
879.000,880.000,True,presidenta,closeup,-0.205,0.246,0.310,0.013,0.051,0.259,0.107,0.159,0.093,0.007,,,
880.000,881.000,True,presidenta,closeup,-0.110,0.238,0.274,0.027,0.067,0.306,0.187,0.099,0.027,0.014,,,
881.000,882.000,True,presidenta,closeup,-0.044,-0.007,0.278,0.159,0.179,0.229,0.036,0.066,0.022,0.031,,,
882.000,883.000,True,presidenta,closeup,0.032,0.193,0.180,0.063,0.044,0.213,0.230,0.118,0.131,0.021,,,
883.000,884.000,True,presidenta,closeup,-0.114,0.136,0.341,0.043,0.058,0.169,0.115,0.188,0.034,0.052,,,
884.000,885.000,True,presidenta,closeup,-0.123,0.066,0.416,0.046,0.063,0.146,0.069,0.177,0.022,0.060,,,
885.000,886.000,True,presidenta,closeup,-0.099,0.129,0.361,0.045,0.049,0.207,0.084,0.167,0.053,0.035,,,
886.000,887.000,True,presidenta,closeup,-0.093,0.515,0.072,0.009,0.021,0.592,0.235,0.052,0.015,0.003,,,
887.000,888.000,True,presidenta,closeup,-0.269,0.104,0.335,0.020,0.185,0.151,0.088,0.185,0.014,0.022,,,
888.000,889.000,True,presidenta,closeup,-0.122,0.136,0.140,0.021,0.103,0.577,0.125,0.023,0.004,0.006,,,
889.000,890.000,True,presidenta,closeup,-0.094,0.038,0.290,0.050,0.176,0.218,0.116,0.089,0.018,0.041,,,
890.000,891.000,True,presidenta,closeup,-0.135,0.348,0.121,0.014,0.056,0.534,0.213,0.042,0.013,0.006,,,
891.000,892.000,True,presidenta,closeup,-0.133,0.111,0.287,0.041,0.109,0.191,0.098,0.174,0.073,0.029,,,
892.000,893.000,True,presidenta,closeup,-0.248,0.118,0.174,0.012,0.140,0.182,0.348,0.086,0.053,0.005,,,
893.000,894.000,True,presidenta,closeup,-0.200,0.317,0.135,0.009,0.077,0.296,0.370,0.089,0.017,0.006,,,
894.000,895.000,True,presidenta,closeup,-0.137,0.348,0.154,0.016,0.039,0.333,0.212,0.168,0.068,0.010,,,
895.000,896.000,True,presidenta,closeup,-0.154,0.354,0.154,0.026,0.046,0.341,0.162,0.204,0.057,0.010,,,
896.000,897.000,True,presidenta,closeup,-0.186,0.302,0.178,0.017,0.065,0.234,0.197,0.224,0.073,0.011,,,
897.000,898.000,True,presidenta,closeup,-0.041,0.289,0.233,0.035,0.028,0.411,0.119,0.139,0.023,0.012,,,
898.000,899.000,True,presidenta,closeup,0.019,0.240,0.172,0.073,0.029,0.335,0.150,0.136,0.086,0.020,,,
899.000,900.000,True,presidenta,closeup,-0.207,0.558,0.084,0.004,0.022,0.464,0.320,0.089,0.016,0.002,,,
900.000,901.000,True,presidenta,closeup,-0.346,0.068,0.280,0.006,0.219,0.164,0.228,0.091,0.007,0.006,,,
901.000,902.000,True,presidenta,closeup,-0.015,0.140,0.245,0.065,0.082,0.306,0.108,0.140,0.039,0.015,,,
902.000,903.000,True,presidenta,closeup,-0.083,0.002,0.349,0.047,0.134,0.230,0.045,0.109,0.021,0.065,,,
903.000,904.000,True,presidenta,closeup,-0.192,0.177,0.330,0.017,0.089,0.373,0.075,0.076,0.006,0.035,,,
904.000,905.000,True,presidenta,closeup,-0.172,0.588,0.042,0.006,0.029,0.626,0.237,0.046,0.013,0.002,,,
905.000,906.000,True,presidenta,closeup,-0.029,0.286,0.059,0.040,0.051,0.413,0.367,0.031,0.037,0.002,,,
906.000,907.000,True,presidenta,closeup,-0.191,0.176,0.150,0.016,0.098,0.401,0.222,0.062,0.041,0.010,,,
907.000,908.000,True,presidenta,closeup,-0.401,-0.033,0.275,0.008,0.404,0.101,0.078,0.086,0.036,0.010,,,
908.000,909.000,True,presidenta,closeup,-0.255,-0.068,0.448,0.054,0.236,0.049,0.008,0.117,0.010,0.079,,,
909.000,910.000,True,presidenta,closeup,-0.179,0.276,0.205,0.011,0.077,0.521,0.106,0.061,0.004,0.014,,,
910.000,911.000,True,presidenta,closeup,-0.276,0.203,0.044,0.014,0.174,0.286,0.357,0.069,0.055,0.001,,,
911.000,912.000,True,presidenta,closeup,-0.150,0.236,0.190,0.022,0.105,0.381,0.199,0.067,0.022,0.014,,,
912.000,913.000,True,presidenta,closeup,-0.172,0.058,0.241,0.021,0.150,0.247,0.209,0.060,0.064,0.009,,,
913.000,914.000,True,presidenta,closeup,-0.068,0.144,0.163,0.044,0.108,0.370,0.155,0.108,0.047,0.006,,,
914.000,915.000,True,presidenta,closeup,-0.288,0.160,0.244,0.012,0.123,0.346,0.120,0.117,0.030,0.008,,,
915.000,916.000,True,presidenta,closeup,-0.043,0.487,0.087,0.016,0.012,0.577,0.189,0.088,0.024,0.006,,,
916.000,917.000,True,presidenta,closeup,-0.141,0.529,0.085,0.008,0.023,0.539,0.224,0.084,0.032,0.006,,,
917.000,918.000,True,presidenta,closeup,-0.064,0.156,0.315,0.058,0.061,0.226,0.048,0.120,0.028,0.144,,,
918.000,919.000,True,presidenta,closeup,-0.126,0.176,0.399,0.041,0.043,0.279,0.031,0.127,0.010,0.069,,,
919.000,920.000,True,presidenta,closeup,-0.250,0.224,0.251,0.007,0.129,0.289,0.217,0.084,0.021,0.003,,,
920.000,921.000,True,presidenta,closeup,-0.257,0.306,0.273,0.005,0.072,0.348,0.173,0.112,0.013,0.003,,,
921.000,922.000,True,presidenta,closeup,-0.309,0.043,0.026,0.019,0.155,0.046,0.319,0.058,0.376,0.001,,,
922.000,923.000,True,presidenta,closeup,-0.380,-0.039,0.136,0.018,0.387,0.096,0.154,0.107,0.096,0.007,,,
923.000,924.000,True,presidenta,closeup,-0.253,0.224,0.230,0.008,0.133,0.269,0.247,0.078,0.025,0.010,,,
924.000,925.000,True,presidenta,closeup,-0.166,0.068,0.393,0.055,0.110,0.230,0.044,0.086,0.009,0.074,,,
925.000,926.000,True,presidenta,closeup,-0.249,-0.069,0.514,0.018,0.254,0.071,0.034,0.070,0.006,0.033,,,
926.000,927.000,True,presidenta,closeup,-0.268,0.092,0.266,0.012,0.182,0.197,0.129,0.155,0.047,0.011,,,
927.000,928.000,True,presidenta,closeup,-0.265,-0.050,0.304,0.013,0.347,0.185,0.076,0.052,0.011,0.011,,,
928.000,929.000,True,presidenta,closeup,0.026,0.175,0.143,0.073,0.043,0.564,0.098,0.045,0.022,0.011,,,
929.000,930.000,True,presidenta,closeup,-0.419,0.030,0.297,0.006,0.312,0.179,0.077,0.101,0.020,0.008,,,
930.000,931.000,True,presidenta,closeup,-0.218,0.122,0.133,0.024,0.157,0.357,0.191,0.086,0.049,0.004,,,
931.000,932.000,True,presidenta,closeup,-0.309,0.054,0.108,0.016,0.315,0.223,0.192,0.066,0.074,0.006,,,
932.000,933.000,True,presidenta,closeup,-0.258,0.339,0.083,0.005,0.122,0.265,0.440,0.053,0.029,0.003,,,
933.000,934.000,True,presidenta,closeup,-0.192,0.139,0.213,0.035,0.203,0.327,0.133,0.069,0.010,0.009,,,
934.000,935.000,True,presidenta,closeup,-0.238,0.109,0.134,0.006,0.252,0.206,0.368,0.026,0.005,0.004,,,
935.000,936.000,True,presidenta,closeup,-0.156,0.045,0.238,0.030,0.230,0.275,0.130,0.049,0.012,0.036,,,
936.000,937.000,True,presidenta,closeup,-0.417,-0.074,0.232,0.007,0.458,0.154,0.077,0.057,0.008,0.006,,,
937.000,938.000,True,presidenta,closeup,-0.342,0.203,0.178,0.007,0.165,0.226,0.284,0.116,0.018,0.006,,,
938.000,939.000,True,presidenta,closeup,-0.244,0.185,0.191,0.013,0.149,0.108,0.298,0.178,0.053,0.012,,,
939.000,940.000,True,presidenta,closeup,-0.236,0.104,0.290,0.018,0.178,0.077,0.194,0.204,0.022,0.017,,,
940.000,941.000,True,presidenta,closeup,-0.071,0.273,0.111,0.027,0.054,0.494,0.192,0.078,0.037,0.006,,,
941.000,942.000,True,presidenta,closeup,-0.068,0.024,0.230,0.061,0.175,0.143,0.211,0.123,0.026,0.030,,,
942.000,943.000,True,presidenta,closeup,0.033,0.434,0.093,0.049,0.034,0.412,0.278,0.084,0.038,0.012,,,
943.000,944.000,True,presidenta,closeup,0.097,0.020,0.249,0.113,0.107,0.239,0.071,0.073,0.031,0.117,,,
944.000,945.000,True,presidenta,closeup,0.121,0.296,0.135,0.102,0.030,0.572,0.067,0.066,0.018,0.009,,,
945.000,946.000,True,presidenta,closeup,-0.099,0.451,0.062,0.006,0.057,0.531,0.314,0.024,0.003,0.002,,,
946.000,947.000,True,presidenta,closeup,-0.152,0.264,0.159,0.020,0.093,0.252,0.321,0.103,0.042,0.008,,,
947.000,948.000,True,presidenta,closeup,-0.184,0.091,0.369,0.024,0.140,0.280,0.111,0.052,0.006,0.018,,,
948.000,949.000,True,presidenta,closeup,-0.191,0.125,0.396,0.010,0.119,0.312,0.106,0.044,0.004,0.010,,,
949.000,950.000,True,presidenta,closeup,-0.242,0.213,0.367,0.011,0.080,0.288,0.084,0.130,0.022,0.018,,,
950.000,951.000,True,presidenta,closeup,-0.235,0.122,0.176,0.009,0.193,0.455,0.103,0.039,0.004,0.021,,,
951.000,952.000,True,presidenta,closeup,-0.338,0.031,0.217,0.004,0.324,0.145,0.212,0.081,0.012,0.006,,,
952.000,953.000,True,presidenta,closeup,-0.073,0.415,0.182,0.025,0.032,0.529,0.151,0.068,0.006,0.005,,,
953.000,954.000,True,presidenta,closeup,-0.319,-0.040,0.487,0.004,0.268,0.092,0.041,0.088,0.006,0.014,,,
954.000,955.000,True,presidenta,closeup,-0.219,0.111,0.497,0.019,0.076,0.186,0.045,0.127,0.036,0.014,,,
955.000,956.000,True,presidenta,closeup,-0.345,-0.034,0.247,0.012,0.362,0.182,0.083,0.064,0.011,0.038,,,
956.000,957.000,True,presidenta,closeup,-0.095,0.043,0.310,0.063,0.107,0.239,0.076,0.101,0.075,0.030,,,
957.000,958.000,True,presidenta,closeup,-0.006,0.309,0.063,0.063,0.042,0.358,0.311,0.112,0.048,0.003,,,
958.000,959.000,True,presidenta,closeup,-0.414,0.176,0.110,0.002,0.316,0.204,0.300,0.048,0.016,0.003,,,
959.000,960.000,True,presidenta,closeup,-0.118,-0.002,0.413,0.053,0.136,0.198,0.049,0.059,0.011,0.081,,,
960.000,961.000,True,presidenta,closeup,-0.234,0.069,0.311,0.036,0.122,0.108,0.030,0.244,0.071,0.078,,,
961.000,962.000,True,presidenta,closeup,-0.418,-0.112,0.212,0.014,0.372,0.107,0.114,0.108,0.062,0.011,,,
962.000,963.000,True,presidenta,closeup,-0.307,0.075,0.459,0.007,0.150,0.165,0.068,0.131,0.006,0.014,,,
963.000,964.000,True,presidenta,closeup,-0.262,0.107,0.344,0.018,0.146,0.225,0.078,0.159,0.013,0.017,,,
964.000,965.000,True,presidenta,closeup,-0.217,0.106,0.224,0.021,0.132,0.249,0.082,0.144,0.141,0.007,,,
965.000,966.000,True,presidenta,closeup,0.148,0.612,0.018,0.050,0.006,0.636,0.228,0.035,0.027,0.001,,,
966.000,967.000,True,presidenta,closeup,-0.231,0.237,0.193,0.023,0.080,0.263,0.160,0.121,0.153,0.007,,,
967.000,968.000,True,presidenta,closeup,-0.142,0.160,0.167,0.030,0.102,0.409,0.194,0.073,0.016,0.009,,,
968.000,969.000,True,presidenta,closeup,-0.273,0.246,0.074,0.011,0.097,0.359,0.297,0.085,0.073,0.004,,,
969.000,970.000,True,presidenta,closeup,-0.170,0.208,0.175,0.023,0.107,0.371,0.197,0.089,0.024,0.014,,,
970.000,971.000,True,presidenta,closeup,-0.209,0.073,0.360,0.016,0.116,0.300,0.069,0.099,0.024,0.017,,,
971.000,972.000,True,presidenta,closeup,-0.343,0.174,0.106,0.004,0.186,0.324,0.315,0.051,0.010,0.004,,,
972.000,973.000,True,presidenta,closeup,-0.022,0.534,0.052,0.016,0.024,0.336,0.509,0.048,0.011,0.004,,,
973.000,974.000,True,presidenta,closeup,-0.029,0.099,0.228,0.080,0.101,0.233,0.169,0.106,0.036,0.048,,,
974.000,975.000,True,presidenta,closeup,-0.144,0.413,0.135,0.015,0.024,0.316,0.393,0.097,0.015,0.005,,,
975.000,976.000,True,presidenta,closeup,-0.200,0.268,0.180,0.010,0.086,0.279,0.274,0.132,0.027,0.012,,,
976.000,977.000,True,presidenta,closeup,-0.271,0.034,0.316,0.006,0.263,0.209,0.087,0.088,0.016,0.016,,,
977.000,978.000,True,presidenta,closeup,-0.263,0.118,0.287,0.010,0.093,0.325,0.158,0.102,0.016,0.011,,,
978.000,979.000,True,presidenta,closeup,-0.490,0.029,0.212,0.002,0.429,0.203,0.095,0.052,0.002,0.005,,,
979.000,980.000,True,presidenta,closeup,-0.359,-0.083,0.303,0.028,0.271,0.232,0.038,0.070,0.006,0.051,,,
980.000,981.000,True,presidenta,closeup,-0.487,-0.115,0.206,0.005,0.496,0.060,0.089,0.086,0.048,0.010,,,
981.000,982.000,True,presidenta,closeup,-0.308,-0.058,0.254,0.017,0.405,0.181,0.065,0.046,0.005,0.027,,,
982.000,983.000,True,presidenta,closeup,-0.330,-0.007,0.194,0.003,0.409,0.114,0.174,0.068,0.031,0.007,,,
983.000,984.000,True,presidenta,closeup,-0.210,0.282,0.193,0.011,0.081,0.481,0.185,0.042,0.005,0.002,,,
984.000,985.000,True,presidenta,closeup,-0.150,0.148,0.451,0.024,0.120,0.163,0.058,0.150,0.028,0.006,,,
985.000,986.000,True,presidenta,closeup,-0.119,-0.038,0.484,0.092,0.110,0.090,0.018,0.114,0.016,0.075,,,
986.000,987.000,True,presidenta,closeup,-0.113,0.110,0.491,0.038,0.084,0.218,0.059,0.075,0.018,0.018,,,
987.000,988.000,True,presidenta,closeup,-0.348,0.074,0.106,0.005,0.310,0.262,0.255,0.038,0.021,0.003,,,
988.000,989.000,True,presidenta,closeup,-0.204,0.410,0.079,0.003,0.074,0.504,0.301,0.033,0.006,0.001,,,
989.000,990.000,True,presidenta,closeup,-0.227,0.160,0.199,0.021,0.141,0.299,0.106,0.124,0.103,0.007,,,
990.000,991.000,True,presidenta,closeup,-0.325,0.101,0.209,0.008,0.233,0.305,0.135,0.088,0.015,0.006,,,
991.000,992.000,True,presidenta,closeup,-0.296,0.071,0.134,0.005,0.279,0.268,0.270,0.028,0.006,0.011,,,
992.000,993.000,True,presidenta,closeup,-0.246,0.018,0.182,0.008,0.290,0.181,0.248,0.040,0.043,0.009,,,
993.000,994.000,True,presidenta,closeup,-0.130,0.495,0.038,0.003,0.034,0.519,0.388,0.016,0.002,0.001,,,
994.000,995.000,True,presidenta,closeup,-0.199,0.100,0.257,0.022,0.158,0.293,0.143,0.111,0.009,0.007,,,
995.000,996.000,True,presidenta,closeup,-0.186,0.075,0.262,0.038,0.141,0.310,0.095,0.112,0.023,0.019,,,
996.000,997.000,True,presidenta,closeup,-0.183,0.275,0.166,0.013,0.098,0.490,0.141,0.070,0.012,0.011,,,
997.000,998.000,True,presidenta,closeup,-0.144,0.138,0.287,0.022,0.067,0.366,0.055,0.090,0.094,0.019,,,
998.000,999.000,True,presidenta,closeup,-0.184,0.171,0.221,0.043,0.082,0.409,0.047,0.169,0.024,0.005,,,
999.000,1000.000,True,presidenta,closeup,-0.110,0.371,0.071,0.011,0.028,0.739,0.106,0.039,0.004,0.003,,,
1000.000,1001.000,True,presidenta,closeup,-0.134,0.387,0.179,0.012,0.029,0.437,0.205,0.112,0.020,0.005,,,
1001.000,1002.000,True,presidenta,closeup,-0.014,0.092,0.413,0.116,0.057,0.192,0.021,0.123,0.022,0.056,,,
1002.000,1003.000,True,presidenta,closeup,0.010,0.309,0.129,0.131,0.035,0.401,0.065,0.155,0.049,0.035,,,
1003.000,1004.000,True,presidenta,closeup,-0.404,0.170,0.091,0.002,0.373,0.259,0.211,0.059,0.002,0.003,,,
1004.000,1005.000,True,presidenta,closeup,-0.381,-0.109,0.177,0.010,0.531,0.065,0.149,0.037,0.014,0.017,,,
1005.000,1006.000,True,presidenta,closeup,-0.257,0.085,0.163,0.016,0.277,0.250,0.190,0.076,0.016,0.011,,,
1006.000,1007.000,True,presidenta,closeup,-0.180,0.326,0.141,0.014,0.075,0.510,0.137,0.083,0.033,0.006,,,
1007.000,1008.000,True,presidenta,closeup,-0.285,0.282,0.158,0.004,0.131,0.384,0.192,0.103,0.021,0.007,,,
1008.000,1009.000,True,presidenta,closeup,-0.042,0.245,0.130,0.032,0.065,0.573,0.135,0.043,0.014,0.008,,,
1009.000,1010.000,True,presidenta,closeup,-0.021,0.290,0.151,0.031,0.039,0.489,0.160,0.093,0.031,0.006,,,
1010.000,1011.000,True,presidenta,closeup,-0.300,0.212,0.099,0.004,0.140,0.368,0.357,0.025,0.004,0.003,,,
1011.000,1012.000,True,presidenta,closeup,-0.209,-0.016,0.210,0.036,0.203,0.283,0.114,0.082,0.040,0.031,,,
1012.000,1013.000,True,presidenta,closeup,-0.157,0.305,0.083,0.010,0.067,0.599,0.168,0.056,0.015,0.003,,,
1013.000,1014.000,True,presidenta,closeup,-0.295,0.409,0.069,0.002,0.076,0.412,0.371,0.045,0.023,0.001,,,
1014.000,1015.000,True,presidenta,closeup,-0.114,0.025,0.155,0.057,0.237,0.172,0.121,0.095,0.146,0.017,,,
1015.000,1016.000,True,presidenta,closeup,-0.241,0.185,0.179,0.007,0.141,0.174,0.377,0.096,0.018,0.007,,,
1016.000,1017.000,True,presidenta,closeup,-0.259,0.101,0.138,0.023,0.217,0.451,0.095,0.052,0.010,0.013,,,
1017.000,1018.000,True,presidenta,closeup,-0.244,0.039,0.236,0.066,0.180,0.153,0.023,0.240,0.084,0.019,,,
1018.000,1019.000,True,presidenta,closeup,-0.160,0.236,0.146,0.027,0.080,0.338,0.157,0.187,0.059,0.006,,,
1019.000,1020.000,True,presidenta,closeup,-0.170,0.392,0.138,0.010,0.052,0.515,0.173,0.094,0.013,0.005,,,
1020.000,1021.000,True,presidenta,closeup,-0.321,-0.094,0.322,0.008,0.339,0.164,0.073,0.071,0.007,0.016,,,
1021.000,1022.000,True,presidenta,closeup,-0.170,0.054,0.117,0.047,0.178,0.215,0.212,0.080,0.149,0.004,,,
1022.000,1023.000,True,presidenta,closeup,-0.391,-0.183,0.187,0.017,0.457,0.118,0.109,0.062,0.030,0.019,,,
1023.000,1024.000,True,presidenta,closeup,-0.278,-0.107,0.346,0.041,0.276,0.122,0.018,0.107,0.074,0.016,,,
1024.000,1025.000,True,presidenta,closeup,-0.196,-0.225,0.285,0.042,0.499,0.062,0.040,0.024,0.012,0.034,,,
1025.000,1026.000,True,presidenta,closeup,0.001,0.123,0.116,0.091,0.083,0.195,0.109,0.083,0.315,0.008,,,
1026.000,1027.000,True,presidenta,closeup,-0.301,0.228,0.109,0.009,0.138,0.208,0.404,0.074,0.056,0.003,,,
1027.000,1028.000,True,presidenta,closeup,0.045,0.095,0.151,0.107,0.076,0.142,0.077,0.112,0.329,0.005,,,
1028.000,1029.000,True,presidenta,closeup,-0.293,0.089,0.285,0.020,0.202,0.238,0.080,0.147,0.022,0.006,,,
1029.000,1030.000,True,presidenta,closeup,-0.140,0.244,0.117,0.030,0.067,0.309,0.239,0.108,0.127,0.003,,,
1030.000,1031.000,True,presidenta,closeup,-0.137,0.193,0.214,0.024,0.078,0.414,0.189,0.052,0.024,0.006,,,
1031.000,1032.000,True,presidenta,closeup,-0.267,0.052,0.267,0.008,0.145,0.357,0.183,0.026,0.003,0.011,,,
1032.000,1033.000,True,presidenta,closeup,-0.308,-0.036,0.200,0.011,0.400,0.167,0.165,0.034,0.011,0.013,,,
1033.000,1034.000,True,presidenta,closeup,-0.266,0.052,0.329,0.012,0.246,0.247,0.104,0.042,0.012,0.008,,,
1034.000,1035.000,True,presidenta,closeup,-0.134,0.157,0.184,0.079,0.148,0.228,0.158,0.136,0.053,0.013,,,
1035.000,1036.000,True,presidenta,closeup,-0.572,-0.296,0.119,0.001,0.747,0.024,0.062,0.041,0.003,0.002,,,
1036.000,1037.000,True,presidenta,closeup,-0.006,0.243,0.066,0.082,0.062,0.225,0.214,0.157,0.191,0.003,,,
1037.000,1038.000,True,presidenta,closeup,-0.103,0.292,0.081,0.036,0.052,0.346,0.145,0.120,0.216,0.005,,,
1038.000,1039.000,True,presidenta,closeup,-0.233,0.078,0.282,0.019,0.139,0.274,0.151,0.076,0.048,0.011,,,
1039.000,1040.000,True,presidenta,closeup,-0.179,0.114,0.349,0.020,0.106,0.215,0.097,0.148,0.050,0.015,,,
1040.000,1041.000,True,presidenta,closeup,-0.214,-0.113,0.530,0.049,0.194,0.024,0.011,0.133,0.009,0.050,,,
1041.000,1042.000,True,presidenta,closeup,-0.156,0.147,0.308,0.034,0.078,0.205,0.069,0.176,0.118,0.012,,,
1042.000,1043.000,True,presidenta,closeup,-0.345,0.095,0.131,0.003,0.293,0.165,0.352,0.037,0.017,0.002,,,
1043.000,1044.000,True,presidenta,closeup,-0.264,0.086,0.217,0.006,0.222,0.229,0.243,0.063,0.016,0.004,,,
1044.000,1045.000,True,presidenta,closeup,0.027,0.197,0.125,0.064,0.074,0.263,0.171,0.089,0.204,0.010,,,
1045.000,1046.000,True,presidenta,closeup,-0.119,0.351,0.101,0.021,0.058,0.524,0.238,0.042,0.013,0.003,,,
1046.000,1047.000,True,presidenta,closeup,-0.220,-0.051,0.313,0.041,0.293,0.092,0.089,0.139,0.012,0.022,,,
1047.000,1048.000,True,presidenta,closeup,-0.230,0.129,0.209,0.004,0.181,0.256,0.239,0.077,0.028,0.005,,,
1048.000,1049.000,True,presidenta,closeup,-0.101,0.257,0.157,0.020,0.070,0.587,0.101,0.047,0.016,0.003,,,
1049.000,1050.000,True,presidenta,closeup,-0.301,0.211,0.122,0.006,0.155,0.357,0.296,0.054,0.005,0.005,,,
1050.000,1051.000,True,presidenta,closeup,-0.310,0.192,0.154,0.003,0.188,0.261,0.306,0.067,0.018,0.003,,,
1051.000,1052.000,True,presidenta,closeup,-0.219,0.015,0.278,0.013,0.228,0.193,0.174,0.090,0.011,0.013,,,
1052.000,1053.000,True,presidenta,closeup,-0.153,0.271,0.140,0.016,0.099,0.465,0.241,0.028,0.005,0.005,,,
1053.000,1054.000,True,presidenta,closeup,-0.099,0.026,0.259,0.068,0.112,0.231,0.052,0.110,0.134,0.032,,,
1054.000,1055.000,True,presidenta,closeup,-0.137,0.324,0.128,0.006,0.059,0.301,0.441,0.053,0.009,0.003,,,
1055.000,1056.000,True,presidenta,closeup,-0.232,0.121,0.337,0.011,0.080,0.280,0.165,0.091,0.025,0.010,,,
1056.000,1057.000,True,presidenta,closeup,-0.183,-0.043,0.403,0.078,0.149,0.086,0.046,0.129,0.039,0.070,,,
1057.000,1058.000,True,presidenta,closeup,0.484,0.236,0.038,0.558,0.006,0.261,0.051,0.033,0.045,0.008,,,
1058.000,1059.000,True,presidenta,closeup,-0.146,0.106,0.470,0.037,0.122,0.090,0.037,0.190,0.019,0.036,,,
1059.000,1060.000,True,presidenta,closeup,-0.099,0.327,0.238,0.021,0.034,0.399,0.136,0.133,0.033,0.006,,,
1060.000,1061.000,True,presidenta,closeup,-0.346,0.019,0.258,0.009,0.259,0.195,0.192,0.072,0.007,0.007,,,
1061.000,1062.000,True,presidenta,closeup,-0.202,0.021,0.525,0.030,0.092,0.110,0.017,0.176,0.015,0.035,,,
1062.000,1063.000,True,presidenta,closeup,-0.053,0.233,0.107,0.046,0.046,0.273,0.204,0.113,0.209,0.003,,,
1063.000,1064.000,True,presidenta,closeup,-0.290,0.143,0.403,0.013,0.104,0.248,0.065,0.137,0.020,0.010,,,
1064.000,1065.000,True,presidenta,closeup,-0.203,0.001,0.546,0.017,0.133,0.085,0.021,0.182,0.006,0.010,,,
1065.000,1066.000,True,presidenta,closeup,-0.229,0.205,0.360,0.012,0.093,0.189,0.145,0.164,0.014,0.024,,,
1066.000,1067.000,True,presidenta,closeup,-0.138,0.279,0.291,0.017,0.043,0.461,0.085,0.074,0.019,0.009,,,
1067.000,1068.000,True,presidenta,closeup,-0.039,0.134,0.377,0.065,0.042,0.201,0.055,0.141,0.105,0.014,,,
1068.000,1069.000,True,presidenta,closeup,-0.203,0.095,0.568,0.024,0.065,0.158,0.030,0.125,0.003,0.027,,,
1069.000,1070.000,True,presidenta,closeup,-0.143,0.185,0.346,0.024,0.089,0.347,0.062,0.090,0.010,0.032,,,
1070.000,1071.000,True,presidenta,closeup,-0.145,0.095,0.440,0.033,0.089,0.214,0.047,0.127,0.028,0.021,,,
1071.000,1072.000,True,presidenta,closeup,-0.200,0.011,0.419,0.018,0.246,0.151,0.044,0.082,0.015,0.027,,,
1072.000,1073.000,True,presidenta,closeup,-0.242,0.016,0.255,0.008,0.327,0.198,0.136,0.058,0.006,0.011,,,
1073.000,1074.000,True,presidenta,closeup,-0.227,0.331,0.097,0.004,0.090,0.472,0.295,0.028,0.011,0.002,,,
1074.000,1075.000,True,presidenta,closeup,-0.287,0.302,0.138,0.013,0.059,0.394,0.111,0.204,0.078,0.004,,,
1075.000,1076.000,True,presidenta,closeup,-0.165,0.237,0.133,0.008,0.078,0.654,0.089,0.029,0.002,0.006,,,
1076.000,1077.000,True,presidenta,closeup,0.114,-0.002,0.159,0.183,0.083,0.046,0.003,0.076,0.072,0.376,,,
1077.000,1078.000,False,,wide,,,,,,,,,,,,,
1078.000,1079.000,False,,wide,,,,,,,,,,,,,
1079.000,1080.000,False,,wide,,,,,,,,,,,,,
1080.000,1081.000,True,otro,closeup,-0.019,0.090,0.439,0.027,0.043,0.196,0.031,0.172,0.011,0.081,,,
1081.000,1082.000,True,otro,closeup,0.295,0.194,0.008,0.134,0.001,0.012,0.001,0.002,0.009,0.832,,,
1082.000,1083.000,True,otro,closeup,0.257,0.205,0.012,0.136,0.002,0.019,0.002,0.004,0.019,0.806,,,
1083.000,1084.000,True,otro,closeup,0.338,0.052,0.026,0.222,0.002,0.013,0.002,0.007,0.029,0.697,,,
1084.000,1085.000,True,otro,closeup,0.205,0.124,0.036,0.171,0.003,0.031,0.007,0.015,0.027,0.710,,,
1085.000,1086.000,True,otro,closeup,0.388,0.151,0.043,0.378,0.006,0.026,0.001,0.013,0.015,0.518,,,
1086.000,1087.000,True,otro,closeup,-0.145,0.068,0.441,0.053,0.048,0.027,0.003,0.280,0.027,0.121,,,
1087.000,1088.000,True,otro,closeup,-0.040,0.042,0.599,0.045,0.107,0.055,0.005,0.138,0.007,0.043,,,
1088.000,1089.000,True,otro,closeup,0.068,0.038,0.420,0.085,0.042,0.169,0.015,0.140,0.008,0.120,,,
1089.000,1090.000,True,otro,closeup,0.034,0.139,0.350,0.050,0.073,0.264,0.037,0.130,0.015,0.083,,,
1090.000,1091.000,True,otro,closeup,0.097,-0.046,0.449,0.085,0.042,0.124,0.007,0.117,0.008,0.168,,,
1091.000,1092.000,True,otro,closeup,-0.088,0.077,0.423,0.024,0.079,0.207,0.028,0.166,0.008,0.065,,,
1092.000,1093.000,True,otro,closeup,0.095,0.018,0.449,0.089,0.046,0.175,0.019,0.115,0.006,0.101,,,
1093.000,1094.000,True,otro,closeup,-0.104,0.058,0.394,0.043,0.081,0.080,0.016,0.280,0.030,0.076,,,
1094.000,1095.000,True,otro,closeup,-0.059,0.108,0.338,0.056,0.064,0.165,0.036,0.234,0.018,0.091,,,
1095.000,1096.000,True,otro,closeup,0.115,0.022,0.339,0.098,0.070,0.108,0.033,0.230,0.021,0.100,,,
1096.000,1097.000,True,otro,closeup,-0.028,0.116,0.274,0.059,0.052,0.160,0.063,0.267,0.033,0.092,,,
1097.000,1098.000,True,otro,closeup,-0.010,0.321,0.104,0.064,0.023,0.407,0.029,0.184,0.072,0.118,,,
1098.000,1099.000,True,otro,closeup,-0.193,0.084,0.258,0.016,0.135,0.138,0.055,0.322,0.018,0.058,,,
1099.000,1100.000,True,otro,closeup,0.110,-0.041,0.411,0.084,0.055,0.084,0.013,0.205,0.022,0.126,,,
1100.000,1101.000,True,otro,closeup,-0.068,0.060,0.373,0.044,0.058,0.181,0.025,0.192,0.073,0.055,,,
1101.000,1102.000,True,otro,closeup,-0.124,0.024,0.390,0.050,0.091,0.094,0.013,0.243,0.029,0.090,,,
1102.000,1103.000,True,otro,closeup,0.009,0.121,0.292,0.064,0.032,0.309,0.028,0.186,0.015,0.073,,,
1103.000,1104.000,True,otro,closeup,-0.044,0.110,0.378,0.040,0.043,0.152,0.022,0.257,0.018,0.089,,,
1104.000,1105.000,True,otro,closeup,-0.030,0.062,0.403,0.040,0.044,0.220,0.018,0.166,0.021,0.087,,,
1105.000,1106.000,True,otro,closeup,0.097,-0.079,0.377,0.125,0.036,0.114,0.005,0.080,0.007,0.254,,,
1106.000,1107.000,True,otro,closeup,0.195,-0.036,0.338,0.192,0.036,0.177,0.010,0.061,0.006,0.180,,,
1107.000,1108.000,True,otro,closeup,0.041,-0.028,0.385,0.094,0.048,0.142,0.016,0.137,0.019,0.159,,,
1108.000,1109.000,True,otro,closeup,-0.045,0.029,0.650,0.045,0.072,0.032,0.004,0.126,0.007,0.063,,,
1109.000,1110.000,True,otro,closeup,0.116,0.048,0.186,0.159,0.020,0.182,0.009,0.066,0.012,0.367,,,
1110.000,1111.000,True,otro,closeup,0.372,0.104,0.023,0.301,0.003,0.011,0.001,0.009,0.033,0.620,,,
1111.000,1112.000,True,otro,closeup,0.199,0.039,0.188,0.241,0.021,0.263,0.011,0.061,0.010,0.204,,,
1112.000,1113.000,True,otro,closeup,-0.004,0.056,0.363,0.065,0.041,0.193,0.021,0.161,0.030,0.125,,,
1113.000,1114.000,True,otro,closeup,-0.015,0.056,0.329,0.061,0.038,0.096,0.008,0.204,0.015,0.250,,,
1114.000,1115.000,True,otro,closeup,0.260,0.291,0.065,0.151,0.005,0.612,0.008,0.018,0.005,0.137,,,
1115.000,1116.000,True,otro,closeup,0.206,0.072,0.164,0.142,0.011,0.485,0.008,0.027,0.006,0.158,,,
1116.000,1117.000,True,otro,closeup,0.099,0.047,0.259,0.093,0.018,0.312,0.006,0.077,0.015,0.221,,,
1117.000,1118.000,True,otro,closeup,-0.032,0.129,0.245,0.050,0.032,0.289,0.028,0.180,0.029,0.147,,,
1118.000,1119.000,True,otro,closeup,-0.084,0.066,0.351,0.040,0.047,0.227,0.028,0.192,0.029,0.086,,,
1119.000,1120.000,True,otro,closeup,0.163,-0.058,0.347,0.167,0.023,0.188,0.033,0.109,0.016,0.117,,,
1120.000,1121.000,True,otro,closeup,0.225,0.111,0.126,0.155,0.013,0.548,0.012,0.031,0.011,0.104,,,
1121.000,1122.000,True,otro,closeup,-0.012,0.115,0.268,0.065,0.049,0.283,0.031,0.135,0.026,0.143,,,
1122.000,1123.000,True,otro,closeup,0.169,-0.048,0.312,0.167,0.036,0.313,0.017,0.041,0.009,0.105,,,
1123.000,1124.000,True,otro,closeup,0.195,0.065,0.181,0.184,0.019,0.327,0.009,0.055,0.012,0.213,,,
1124.000,1125.000,True,otro,closeup,-0.156,0.082,0.419,0.012,0.121,0.183,0.007,0.114,0.047,0.097,,,
1125.000,1126.000,True,presidenta,closeup,-0.371,-0.107,0.201,0.019,0.382,0.046,0.017,0.116,0.183,0.035,,,
1126.000,1127.000,True,presidenta,closeup,0.029,0.211,0.106,0.131,0.051,0.036,0.005,0.113,0.128,0.430,,,
1127.000,1128.000,True,presidenta,closeup,0.210,-0.027,0.043,0.281,0.099,0.010,0.004,0.042,0.290,0.231,,,
1128.000,1129.000,True,presidenta,closeup,0.526,0.167,0.037,0.725,0.020,0.023,0.004,0.027,0.042,0.122,,,
1129.000,1130.000,True,presidenta,closeup,-0.216,0.258,0.379,0.035,0.021,0.191,0.018,0.330,0.008,0.017,,,
1130.000,1131.000,True,presidenta,closeup,-0.194,0.119,0.433,0.046,0.092,0.176,0.021,0.181,0.018,0.033,,,
1131.000,1132.000,True,presidenta,closeup,-0.064,0.254,0.183,0.065,0.047,0.113,0.031,0.296,0.206,0.059,,,
1132.000,1133.000,True,presidenta,closeup,-0.237,0.120,0.425,0.030,0.063,0.203,0.037,0.149,0.070,0.022,,,
1133.000,1134.000,True,presidenta,closeup,0.061,0.086,0.155,0.191,0.012,0.083,0.010,0.183,0.310,0.055,,,
1134.000,1135.000,True,presidenta,closeup,0.309,0.130,0.172,0.459,0.011,0.101,0.013,0.094,0.112,0.038,,,
1135.000,1136.000,True,presidenta,closeup,-0.003,0.070,0.244,0.179,0.024,0.061,0.006,0.369,0.092,0.025,,,
1136.000,1137.000,True,presidenta,closeup,0.030,0.038,0.482,0.097,0.037,0.106,0.017,0.148,0.021,0.093,,,
1137.000,1138.000,True,presidenta,closeup,0.033,0.028,0.240,0.178,0.097,0.038,0.019,0.132,0.071,0.226,,,
1138.000,1139.000,True,presidenta,closeup,0.699,0.160,0.012,0.871,0.006,0.016,0.004,0.003,0.042,0.046,,,
1139.000,1140.000,True,presidenta,closeup,-0.278,0.215,0.250,0.013,0.085,0.113,0.109,0.356,0.058,0.016,,,
1140.000,1141.000,True,presidenta,closeup,0.086,0.100,0.188,0.166,0.057,0.149,0.027,0.230,0.055,0.128,,,
1141.000,1142.000,True,presidenta,closeup,0.057,0.058,0.099,0.169,0.078,0.034,0.007,0.109,0.173,0.330,,,
1142.000,1143.000,True,presidenta,closeup,0.507,0.234,0.018,0.737,0.019,0.074,0.023,0.032,0.075,0.023,,,
1143.000,1144.000,True,presidenta,closeup,-0.052,0.107,0.308,0.086,0.106,0.066,0.007,0.206,0.108,0.113,,,
1144.000,1145.000,True,presidenta,closeup,0.077,0.031,0.220,0.095,0.044,0.041,0.010,0.102,0.050,0.439,,,
1145.000,1146.000,True,presidenta,closeup,-0.211,0.140,0.248,0.031,0.073,0.077,0.034,0.288,0.127,0.121,,,
1146.000,1147.000,True,presidenta,closeup,0.243,-0.002,0.172,0.236,0.049,0.025,0.008,0.074,0.164,0.271,,,
1147.000,1148.000,True,presidenta,closeup,-0.138,0.268,0.077,0.020,0.062,0.491,0.113,0.033,0.150,0.055,,,
1148.000,1149.000,True,presidenta,closeup,-0.138,0.481,0.082,0.007,0.040,0.518,0.310,0.035,0.004,0.004,,,
1149.000,1150.000,True,presidenta,closeup,0.070,0.053,0.144,0.096,0.066,0.226,0.042,0.092,0.242,0.093,,,
1150.000,1151.000,True,presidenta,closeup,-0.236,0.265,0.228,0.017,0.054,0.266,0.097,0.255,0.058,0.025,,,
1151.000,1152.000,True,presidenta,closeup,-0.149,0.147,0.169,0.048,0.078,0.224,0.086,0.149,0.200,0.046,,,
1152.000,1153.000,True,presidenta,closeup,-0.136,0.120,0.294,0.073,0.079,0.138,0.073,0.247,0.066,0.030,,,
1153.000,1154.000,True,presidenta,closeup,0.070,0.170,0.139,0.128,0.053,0.308,0.088,0.105,0.106,0.074,,,
1154.000,1155.000,True,presidenta,closeup,-0.188,0.254,0.229,0.036,0.040,0.139,0.055,0.313,0.160,0.027,,,
1155.000,1156.000,True,presidenta,closeup,-0.005,0.041,0.258,0.114,0.079,0.163,0.053,0.152,0.077,0.105,,,
1156.000,1157.000,True,presidenta,closeup,-0.364,0.063,0.372,0.020,0.153,0.078,0.020,0.255,0.030,0.072,,,
1157.000,1158.000,True,presidenta,closeup,-0.467,-0.113,0.190,0.024,0.483,0.025,0.013,0.153,0.082,0.029,,,
1158.000,1159.000,True,presidenta,closeup,-0.340,0.107,0.243,0.015,0.177,0.227,0.022,0.164,0.079,0.073,,,
1159.000,1160.000,True,presidenta,closeup,0.090,0.182,0.144,0.064,0.043,0.548,0.118,0.051,0.013,0.019,,,
1160.000,1161.000,True,presidenta,closeup,-0.371,0.035,0.146,0.001,0.392,0.145,0.236,0.066,0.011,0.002,,,
1161.000,1162.000,True,presidenta,closeup,-0.131,0.354,0.066,0.027,0.033,0.493,0.057,0.080,0.225,0.017,,,
1162.000,1163.000,True,presidenta,closeup,-0.217,0.309,0.095,0.010,0.061,0.518,0.113,0.134,0.058,0.011,,,
1163.000,1164.000,True,presidenta,closeup,0.290,0.167,0.041,0.262,0.018,0.177,0.025,0.043,0.344,0.089,,,
1164.000,1165.000,True,presidenta,closeup,-0.222,0.074,0.140,0.056,0.109,0.091,0.019,0.119,0.133,0.333,,,
1165.000,1166.000,True,presidenta,closeup,-0.303,0.141,0.147,0.011,0.182,0.223,0.194,0.159,0.064,0.021,,,
1166.000,1167.000,True,presidenta,closeup,-0.287,0.193,0.201,0.018,0.117,0.269,0.119,0.201,0.056,0.019,,,
1167.000,1168.000,True,presidenta,closeup,-0.311,0.158,0.164,0.020,0.129,0.178,0.136,0.213,0.127,0.034,,,
1168.000,1169.000,True,presidenta,closeup,-0.305,0.122,0.220,0.013,0.240,0.165,0.107,0.217,0.016,0.022,,,
1169.000,1170.000,True,presidenta,closeup,-0.313,0.246,0.121,0.013,0.103,0.245,0.068,0.209,0.220,0.023,,,
1170.000,1171.000,True,presidenta,closeup,-0.095,0.100,0.169,0.052,0.092,0.170,0.059,0.184,0.222,0.053,,,
1171.000,1172.000,True,presidenta,closeup,-0.297,0.136,0.126,0.024,0.183,0.169,0.132,0.182,0.124,0.060,,,
1172.000,1173.000,True,presidenta,closeup,-0.279,0.508,0.079,0.006,0.039,0.400,0.282,0.124,0.064,0.005,,,
1173.000,1174.000,True,presidenta,closeup,-0.200,0.045,0.146,0.035,0.159,0.178,0.147,0.134,0.137,0.065,,,
1174.000,1175.000,True,presidenta,closeup,-0.522,-0.219,0.208,0.008,0.567,0.032,0.036,0.108,0.034,0.007,,,
1175.000,1176.000,True,presidenta,closeup,-0.142,0.283,0.056,0.018,0.039,0.265,0.106,0.101,0.400,0.014,,,
1176.000,1177.000,True,presidenta,closeup,-0.264,0.151,0.147,0.017,0.133,0.376,0.098,0.125,0.084,0.021,,,
1177.000,1178.000,True,presidenta,closeup,-0.190,0.167,0.231,0.017,0.094,0.400,0.101,0.112,0.019,0.026,,,
1178.000,1179.000,True,presidenta,closeup,-0.230,-0.037,0.187,0.028,0.200,0.082,0.056,0.121,0.272,0.054,,,
1179.000,1180.000,True,presidenta,closeup,0.147,0.268,0.074,0.263,0.026,0.094,0.038,0.255,0.209,0.041,,,
1180.000,1181.000,True,presidenta,closeup,0.108,0.208,0.188,0.111,0.029,0.270,0.058,0.173,0.102,0.069,,,
1181.000,1182.000,True,presidenta,closeup,0.293,0.303,0.026,0.182,0.007,0.047,0.029,0.124,0.559,0.026,,,
1182.000,1183.000,True,presidenta,closeup,0.260,0.272,0.055,0.096,0.018,0.108,0.005,0.057,0.495,0.166,,,
1183.000,1184.000,True,presidenta,closeup,-0.037,0.244,0.178,0.023,0.053,0.509,0.161,0.051,0.009,0.016,,,
1184.000,1185.000,True,presidenta,closeup,0.235,0.036,0.158,0.234,0.064,0.225,0.075,0.042,0.136,0.066,,,
1185.000,1186.000,True,presidenta,closeup,-0.255,0.373,0.104,0.008,0.058,0.372,0.218,0.170,0.062,0.009,,,
1186.000,1187.000,True,presidenta,closeup,-0.194,0.117,0.205,0.043,0.140,0.140,0.035,0.148,0.263,0.025,,,
1187.000,1188.000,True,presidenta,closeup,-0.016,0.186,0.144,0.066,0.046,0.399,0.048,0.093,0.180,0.024,,,
1188.000,1189.000,True,presidenta,closeup,-0.261,0.237,0.120,0.004,0.123,0.556,0.114,0.067,0.011,0.005,,,
1189.000,1190.000,True,presidenta,closeup,-0.253,0.166,0.140,0.023,0.130,0.349,0.099,0.175,0.057,0.026,,,
1190.000,1191.000,True,presidenta,closeup,-0.357,0.134,0.084,0.007,0.203,0.203,0.152,0.094,0.247,0.011,,,
1191.000,1192.000,True,presidenta,closeup,-0.190,0.172,0.173,0.028,0.152,0.262,0.126,0.198,0.039,0.022,,,
1192.000,1193.000,True,presidenta,closeup,-0.245,0.199,0.110,0.012,0.165,0.277,0.301,0.081,0.040,0.013,,,
1193.000,1194.000,True,presidenta,closeup,-0.293,0.059,0.150,0.014,0.209,0.098,0.207,0.120,0.190,0.012,,,
1194.000,1195.000,True,presidenta,closeup,-0.219,0.190,0.088,0.015,0.136,0.138,0.397,0.090,0.125,0.011,,,
1195.000,1196.000,True,presidenta,closeup,-0.257,0.196,0.116,0.017,0.127,0.390,0.108,0.129,0.090,0.024,,,
1196.000,1197.000,True,presidenta,closeup,-0.235,0.127,0.176,0.016,0.197,0.098,0.081,0.249,0.139,0.044,,,
1197.000,1198.000,True,presidenta,closeup,-0.353,0.280,0.118,0.007,0.103,0.179,0.208,0.244,0.128,0.014,,,
1198.000,1199.000,True,presidenta,closeup,-0.404,0.306,0.028,0.007,0.055,0.063,0.092,0.118,0.615,0.021,,,
1199.000,1200.000,True,presidenta,closeup,-0.340,0.301,0.043,0.005,0.119,0.115,0.430,0.128,0.155,0.006,,,
1200.000,1201.000,True,presidenta,closeup,-0.434,0.025,0.234,0.014,0.366,0.077,0.027,0.223,0.045,0.015,,,
1201.000,1202.000,True,presidenta,closeup,-0.218,0.159,0.132,0.038,0.134,0.113,0.309,0.142,0.103,0.029,,,
1202.000,1203.000,True,presidenta,closeup,-0.344,0.115,0.118,0.024,0.197,0.109,0.134,0.151,0.239,0.029,,,
1203.000,1204.000,True,presidenta,closeup,-0.296,0.280,0.093,0.017,0.079,0.120,0.157,0.232,0.279,0.022,,,
1204.000,1205.000,True,presidenta,closeup,-0.018,0.176,0.113,0.050,0.033,0.050,0.021,0.123,0.379,0.232,,,
1205.000,1206.000,True,presidenta,closeup,-0.086,0.186,0.080,0.041,0.066,0.373,0.091,0.063,0.230,0.057,,,
1206.000,1207.000,True,presidenta,closeup,0.099,0.053,0.085,0.063,0.050,0.381,0.112,0.065,0.197,0.048,,,
1207.000,1208.000,True,presidenta,closeup,0.284,0.058,0.032,0.159,0.029,0.045,0.033,0.030,0.579,0.093,,,
1208.000,1209.000,True,presidenta,closeup,0.264,0.081,0.059,0.697,0.134,0.024,0.017,0.013,0.034,0.022,,,
1209.000,1210.000,True,presidenta,closeup,-0.282,0.259,0.169,0.019,0.093,0.499,0.038,0.147,0.027,0.008,,,
1210.000,1211.000,True,presidenta,closeup,-0.207,0.198,0.085,0.020,0.124,0.256,0.250,0.100,0.147,0.019,,,
1211.000,1212.000,True,presidenta,closeup,-0.368,0.143,0.165,0.006,0.183,0.350,0.162,0.069,0.053,0.012,,,
1212.000,1213.000,True,presidenta,closeup,-0.266,0.100,0.093,0.015,0.178,0.242,0.186,0.079,0.194,0.013,,,
1213.000,1214.000,True,presidenta,closeup,-0.237,0.200,0.107,0.017,0.130,0.235,0.203,0.163,0.128,0.017,,,
1214.000,1215.000,True,presidenta,closeup,-0.185,0.189,0.074,0.017,0.114,0.213,0.363,0.079,0.130,0.010,,,
1215.000,1216.000,True,presidenta,closeup,-0.126,0.051,0.418,0.057,0.104,0.161,0.034,0.111,0.058,0.057,,,
1216.000,1217.000,True,presidenta,closeup,0.258,0.224,0.181,0.172,0.032,0.380,0.051,0.091,0.032,0.061,,,
1217.000,1218.000,True,presidenta,closeup,0.033,0.118,0.094,0.101,0.080,0.186,0.130,0.102,0.259,0.048,,,
1218.000,1219.000,True,presidenta,closeup,-0.067,0.271,0.068,0.037,0.054,0.581,0.150,0.045,0.034,0.030,,,
1219.000,1220.000,True,presidenta,closeup,-0.101,0.224,0.049,0.047,0.089,0.239,0.233,0.055,0.261,0.028,,,
1220.000,1221.000,True,presidenta,closeup,-0.073,0.118,0.089,0.099,0.137,0.235,0.077,0.094,0.216,0.051,,,
1221.000,1222.000,True,presidenta,closeup,-0.012,0.060,0.112,0.093,0.106,0.129,0.156,0.071,0.251,0.083,,,
1222.000,1223.000,True,presidenta,closeup,-0.159,0.145,0.199,0.050,0.152,0.105,0.105,0.282,0.080,0.028,,,
1223.000,1224.000,True,presidenta,closeup,0.062,0.266,0.141,0.107,0.017,0.293,0.068,0.104,0.247,0.022,,,
1224.000,1225.000,True,presidenta,closeup,-0.073,0.141,0.294,0.087,0.053,0.127,0.031,0.234,0.086,0.088,,,
1225.000,1226.000,True,presidenta,closeup,-0.211,0.137,0.260,0.013,0.135,0.209,0.025,0.337,0.014,0.007,,,
1226.000,1227.000,True,presidenta,closeup,-0.197,0.464,0.088,0.007,0.019,0.588,0.114,0.157,0.021,0.005,,,
1227.000,1228.000,True,presidenta,closeup,-0.074,0.144,0.085,0.030,0.111,0.104,0.377,0.051,0.238,0.005,,,
1228.000,1229.000,True,presidenta,closeup,0.050,0.135,0.054,0.234,0.042,0.115,0.059,0.085,0.194,0.217,,,
1229.000,1230.000,True,presidenta,closeup,0.014,0.053,0.373,0.142,0.124,0.161,0.045,0.072,0.014,0.067,,,
1230.000,1231.000,True,presidenta,closeup,0.210,0.225,0.081,0.108,0.011,0.621,0.004,0.038,0.072,0.065,,,
1231.000,1232.000,True,presidenta,closeup,-0.042,0.090,0.106,0.149,0.153,0.254,0.138,0.052,0.068,0.080,,,
1232.000,1233.000,True,presidenta,closeup,0.416,0.146,0.019,0.329,0.052,0.120,0.276,0.015,0.166,0.023,,,
1233.000,1234.000,True,presidenta,closeup,-0.214,0.252,0.091,0.028,0.095,0.250,0.246,0.147,0.119,0.024,,,
1234.000,1235.000,True,presidenta,closeup,-0.181,0.101,0.142,0.044,0.203,0.155,0.222,0.147,0.059,0.029,,,
1235.000,1236.000,True,presidenta,closeup,-0.178,0.264,0.128,0.032,0.098,0.271,0.250,0.138,0.074,0.009,,,
1236.000,1237.000,True,presidenta,closeup,-0.306,0.194,0.132,0.018,0.149,0.223,0.200,0.181,0.078,0.019,,,
1237.000,1238.000,True,presidenta,closeup,-0.231,0.168,0.098,0.024,0.118,0.047,0.059,0.266,0.315,0.074,,,
1238.000,1239.000,True,presidenta,closeup,-0.332,0.142,0.073,0.017,0.222,0.067,0.231,0.205,0.169,0.016,,,
1239.000,1240.000,True,presidenta,closeup,-0.214,0.177,0.056,0.025,0.156,0.101,0.342,0.103,0.190,0.027,,,
1240.000,1241.000,True,presidenta,closeup,-0.272,0.212,0.049,0.021,0.148,0.054,0.243,0.193,0.268,0.024,,,
1241.000,1242.000,True,presidenta,closeup,-0.358,0.292,0.063,0.004,0.145,0.137,0.366,0.154,0.125,0.007,,,
1242.000,1243.000,True,presidenta,closeup,-0.334,0.201,0.066,0.020,0.158,0.062,0.044,0.180,0.460,0.011,,,
1243.000,1244.000,True,presidenta,closeup,-0.349,0.214,0.081,0.002,0.196,0.268,0.333,0.068,0.047,0.005,,,
1244.000,1245.000,True,presidenta,closeup,-0.291,0.157,0.078,0.008,0.197,0.162,0.206,0.095,0.236,0.019,,,
1245.000,1246.000,True,presidenta,closeup,-0.218,0.081,0.148,0.048,0.189,0.072,0.019,0.327,0.095,0.102,,,
1246.000,1247.000,True,presidenta,closeup,-0.213,0.054,0.216,0.065,0.253,0.063,0.016,0.241,0.081,0.066,,,
1247.000,1248.000,True,presidenta,closeup,-0.228,0.102,0.269,0.040,0.212,0.085,0.037,0.250,0.079,0.029,,,
1248.000,1249.000,True,presidenta,closeup,-0.252,0.223,0.229,0.034,0.136,0.109,0.065,0.359,0.061,0.006,,,
1249.000,1250.000,True,presidenta,closeup,-0.069,0.285,0.080,0.192,0.091,0.080,0.075,0.278,0.199,0.004,,,
1250.000,1251.000,True,presidenta,closeup,-0.310,0.174,0.074,0.013,0.047,0.054,0.014,0.141,0.630,0.027,,,
1251.000,1252.000,True,presidenta,closeup,-0.151,0.063,0.132,0.046,0.154,0.155,0.092,0.116,0.212,0.093,,,
1252.000,1253.000,True,presidenta,closeup,-0.067,-0.004,0.147,0.093,0.193,0.083,0.049,0.192,0.143,0.099,,,
1253.000,1254.000,True,presidenta,closeup,-0.107,0.115,0.180,0.036,0.099,0.446,0.039,0.111,0.051,0.039,,,
1254.000,1255.000,True,presidenta,closeup,-0.222,0.087,0.214,0.017,0.113,0.397,0.089,0.074,0.080,0.016,,,
1255.000,1256.000,True,presidenta,closeup,0.065,0.102,0.102,0.061,0.043,0.636,0.064,0.049,0.026,0.018,,,
1256.000,1257.000,True,presidenta,closeup,0.463,0.249,0.017,0.320,0.006,0.201,0.053,0.025,0.334,0.043,,,
1257.000,1258.000,True,presidenta,closeup,0.097,0.242,0.111,0.058,0.028,0.614,0.068,0.055,0.025,0.040,,,
1258.000,1259.000,True,presidenta,closeup,0.383,0.091,0.036,0.300,0.022,0.156,0.032,0.016,0.179,0.260,,,
1259.000,1260.000,True,presidenta,closeup,0.134,0.021,0.099,0.227,0.163,0.119,0.079,0.055,0.081,0.176,,,
1260.000,1261.000,True,presidenta,closeup,-0.203,0.220,0.146,0.034,0.062,0.149,0.061,0.331,0.157,0.059,,,
1261.000,1262.000,True,presidenta,closeup,0.036,-0.036,0.075,0.392,0.174,0.016,0.009,0.122,0.112,0.100,,,
1262.000,1263.000,True,presidenta,closeup,0.628,-0.098,0.047,0.860,0.007,0.003,0.000,0.007,0.006,0.070,,,
1263.000,1264.000,True,presidenta,closeup,0.297,0.279,0.050,0.104,0.006,0.699,0.016,0.028,0.067,0.031,,,
1264.000,1265.000,True,presidenta,closeup,0.481,-0.008,0.044,0.684,0.031,0.010,0.003,0.015,0.042,0.171,,,
1265.000,1266.000,True,presidenta,closeup,0.636,0.279,0.012,0.916,0.004,0.029,0.016,0.002,0.017,0.004,,,
1266.000,1267.000,True,otro,closeup,-0.217,0.148,0.126,0.009,0.082,0.030,0.033,0.150,0.561,0.010,,,
1267.000,1268.000,True,otro,closeup,0.183,0.156,0.127,0.267,0.044,0.027,0.009,0.086,0.096,0.343,,,
1268.000,1269.000,True,otro,closeup,0.108,0.221,0.108,0.125,0.043,0.049,0.020,0.086,0.385,0.183,,,
1269.000,1270.000,True,otro,closeup,0.113,0.209,0.029,0.073,0.014,0.011,0.012,0.014,0.742,0.104,,,
1270.000,1271.000,True,otro,closeup,-0.120,0.316,0.058,0.040,0.028,0.044,0.052,0.077,0.513,0.188,,,
1271.000,1272.000,True,otro,closeup,-0.328,0.527,0.008,0.013,0.009,0.004,0.002,0.041,0.542,0.381,,,
1272.000,1273.000,True,otro,closeup,0.014,0.171,0.256,0.083,0.078,0.047,0.016,0.191,0.207,0.123,,,
1273.000,1274.000,True,otro,closeup,0.118,0.006,0.544,0.099,0.035,0.120,0.011,0.091,0.002,0.097,,,
1274.000,1275.000,True,otro,closeup,-0.067,0.093,0.481,0.021,0.040,0.300,0.020,0.105,0.005,0.030,,,
1275.000,1276.000,True,otro,closeup,0.028,0.028,0.513,0.088,0.041,0.151,0.012,0.123,0.004,0.067,,,
1276.000,1277.000,True,otro,closeup,-0.325,0.248,0.307,0.005,0.068,0.075,0.017,0.490,0.012,0.026,,,
1277.000,1278.000,True,otro,closeup,-0.209,0.190,0.448,0.005,0.049,0.124,0.021,0.321,0.004,0.028,,,
1278.000,1279.000,True,otro,closeup,-0.278,0.297,0.280,0.003,0.053,0.133,0.033,0.470,0.008,0.019,,,
1279.000,1280.000,True,otro,closeup,0.037,0.018,0.543,0.065,0.044,0.119,0.023,0.147,0.009,0.049,,,
1280.000,1281.000,True,otro,closeup,-0.211,0.131,0.389,0.011,0.112,0.163,0.044,0.233,0.010,0.038,,,
1281.000,1282.000,True,otro,closeup,-0.148,0.102,0.454,0.022,0.077,0.120,0.025,0.240,0.012,0.049,,,
1282.000,1283.000,True,otro,closeup,-0.086,0.200,0.343,0.016,0.049,0.259,0.055,0.229,0.010,0.039,,,
1283.000,1284.000,True,otro,closeup,-0.158,0.066,0.489,0.029,0.098,0.040,0.014,0.269,0.013,0.048,,,
1284.000,1285.000,True,otro,closeup,-0.263,0.193,0.304,0.009,0.080,0.121,0.032,0.402,0.025,0.028,,,
1285.000,1286.000,True,otro,closeup,-0.193,0.215,0.364,0.015,0.052,0.066,0.021,0.410,0.015,0.057,,,
1286.000,1287.000,True,otro,closeup,-0.082,0.066,0.548,0.015,0.051,0.160,0.012,0.186,0.007,0.022,,,
1287.000,1288.000,True,otro,closeup,-0.008,0.120,0.406,0.020,0.057,0.298,0.026,0.145,0.013,0.035,,,
1288.000,1289.000,True,otro,closeup,0.036,-0.044,0.537,0.035,0.070,0.197,0.015,0.088,0.005,0.054,,,
1289.000,1290.000,True,otro,closeup,-0.127,0.093,0.475,0.019,0.094,0.120,0.020,0.242,0.005,0.024,,,
1290.000,1291.000,True,otro,closeup,-0.091,0.096,0.419,0.035,0.101,0.147,0.027,0.235,0.012,0.024,,,
1291.000,1292.000,True,otro,closeup,-0.012,0.056,0.517,0.028,0.071,0.107,0.037,0.192,0.018,0.030,,,
1292.000,1293.000,True,otro,closeup,0.059,0.042,0.438,0.084,0.036,0.087,0.009,0.237,0.020,0.089,,,
1293.000,1294.000,True,otro,closeup,-0.084,0.098,0.486,0.018,0.077,0.065,0.033,0.284,0.015,0.020,,,
1294.000,1295.000,True,otro,closeup,-0.255,0.159,0.302,0.005,0.176,0.092,0.024,0.364,0.018,0.019,,,
1295.000,1296.000,True,otro,closeup,-0.062,0.111,0.449,0.024,0.048,0.165,0.024,0.244,0.010,0.036,,,
1296.000,1297.000,True,otro,closeup,-0.172,0.166,0.463,0.023,0.049,0.087,0.008,0.327,0.013,0.031,,,
1297.000,1298.000,True,otro,closeup,-0.101,0.107,0.477,0.021,0.067,0.118,0.021,0.245,0.008,0.045,,,
1298.000,1299.000,True,otro,closeup,-0.037,0.271,0.188,0.019,0.019,0.634,0.027,0.078,0.008,0.026,,,
1299.000,1300.000,True,otro,closeup,-0.117,0.096,0.356,0.034,0.083,0.169,0.014,0.268,0.029,0.047,,,
1300.000,1301.000,True,otro,closeup,-0.113,0.062,0.479,0.020,0.059,0.098,0.005,0.290,0.009,0.039,,,
1301.000,1302.000,True,otro,closeup,-0.160,0.127,0.336,0.011,0.089,0.258,0.018,0.243,0.022,0.021,,,
1302.000,1303.000,True,otro,closeup,-0.137,0.161,0.377,0.017,0.064,0.159,0.010,0.322,0.016,0.037,,,
1303.000,1304.000,True,otro,closeup,-0.054,0.109,0.466,0.029,0.050,0.126,0.012,0.252,0.015,0.049,,,
1304.000,1305.000,True,otro,closeup,-0.154,0.186,0.334,0.017,0.043,0.234,0.012,0.288,0.021,0.051,,,
1305.000,1306.000,True,otro,closeup,-0.181,0.122,0.465,0.010,0.074,0.149,0.016,0.249,0.008,0.028,,,
1306.000,1307.000,True,otro,closeup,-0.049,0.042,0.457,0.021,0.096,0.197,0.029,0.152,0.010,0.038,,,
1307.000,1308.000,True,otro,closeup,-0.072,0.097,0.409,0.030,0.065,0.175,0.008,0.247,0.016,0.049,,,
1308.000,1309.000,True,otro,closeup,-0.003,-0.001,0.479,0.042,0.037,0.177,0.006,0.184,0.010,0.064,,,
1309.000,1310.000,True,otro,closeup,0.144,0.008,0.349,0.101,0.030,0.280,0.012,0.120,0.027,0.082,,,
1310.000,1311.000,True,otro,closeup,0.001,0.045,0.459,0.059,0.051,0.187,0.012,0.160,0.010,0.061,,,
1311.000,1312.000,True,otro,closeup,-0.014,0.039,0.542,0.043,0.050,0.096,0.013,0.187,0.009,0.060,,,
1312.000,1313.000,True,otro,closeup,-0.113,0.089,0.426,0.017,0.078,0.135,0.020,0.264,0.015,0.046,,,
1313.000,1314.000,True,otro,closeup,-0.077,0.056,0.370,0.024,0.063,0.261,0.013,0.207,0.017,0.045,,,
1314.000,1315.000,True,presidenta,closeup,0.000,-0.109,0.377,0.227,0.254,0.037,0.005,0.047,0.002,0.050,,,
1315.000,1316.000,True,presidenta,closeup,-0.220,0.007,0.522,0.021,0.074,0.027,0.009,0.303,0.008,0.035,,,
1316.000,1317.000,True,presidenta,closeup,-0.198,-0.149,0.603,0.052,0.101,0.012,0.003,0.137,0.004,0.089,,,
1317.000,1318.000,True,presidenta,closeup,-0.392,-0.044,0.528,0.007,0.173,0.063,0.022,0.183,0.004,0.020,,,
1318.000,1319.000,True,presidenta,closeup,-0.265,0.239,0.308,0.018,0.035,0.096,0.070,0.331,0.132,0.010,,,
1319.000,1320.000,True,presidenta,closeup,0.118,-0.021,0.398,0.214,0.059,0.080,0.023,0.072,0.133,0.022,,,
1320.000,1321.000,True,presidenta,closeup,0.259,-0.103,0.124,0.287,0.035,0.004,0.002,0.018,0.156,0.375,,,
1321.000,1322.000,True,presidenta,closeup,0.381,-0.237,0.150,0.597,0.111,0.005,0.002,0.008,0.008,0.120,,,
1322.000,1323.000,True,presidenta,closeup,-0.134,-0.065,0.567,0.063,0.108,0.031,0.008,0.120,0.016,0.087,,,
1323.000,1324.000,True,presidenta,closeup,-0.358,-0.017,0.359,0.021,0.192,0.064,0.045,0.092,0.211,0.015,,,
1324.000,1325.000,True,presidenta,closeup,0.431,0.191,0.056,0.710,0.026,0.143,0.010,0.023,0.020,0.012,,,
1325.000,1326.000,True,presidenta,closeup,0.148,0.124,0.160,0.329,0.081,0.044,0.006,0.202,0.125,0.053,,,
1326.000,1327.000,True,presidenta,closeup,0.094,0.053,0.220,0.256,0.112,0.057,0.012,0.140,0.161,0.042,,,
1327.000,1328.000,True,presidenta,closeup,-0.131,-0.011,0.223,0.102,0.226,0.028,0.012,0.207,0.167,0.035,,,
1328.000,1329.000,True,presidenta,closeup,-0.359,0.117,0.141,0.031,0.206,0.049,0.027,0.268,0.259,0.018,,,
1329.000,1330.000,True,presidenta,closeup,-0.033,0.006,0.236,0.190,0.130,0.020,0.004,0.159,0.166,0.096,,,
1330.000,1331.000,True,presidenta,closeup,-0.397,0.172,0.282,0.003,0.199,0.193,0.102,0.207,0.007,0.007,,,
1331.000,1332.000,True,presidenta,closeup,-0.317,0.098,0.314,0.013,0.099,0.175,0.075,0.255,0.060,0.010,,,
1332.000,1333.000,True,presidenta,closeup,-0.391,0.113,0.433,0.007,0.135,0.159,0.036,0.213,0.005,0.013,,,
1333.000,1334.000,True,presidenta,closeup,-0.357,0.022,0.439,0.006,0.179,0.155,0.066,0.131,0.014,0.010,,,
1334.000,1335.000,True,presidenta,closeup,-0.333,0.020,0.432,0.019,0.113,0.066,0.032,0.238,0.007,0.093,,,
1335.000,1336.000,True,presidenta,closeup,-0.068,0.114,0.556,0.071,0.051,0.154,0.022,0.121,0.007,0.017,,,
1336.000,1337.000,True,presidenta,closeup,0.002,0.045,0.297,0.211,0.152,0.034,0.029,0.171,0.078,0.028,,,
1337.000,1338.000,True,presidenta,closeup,-0.319,-0.001,0.492,0.028,0.225,0.035,0.005,0.170,0.002,0.042,,,
1338.000,1339.000,True,presidenta,closeup,-0.384,-0.098,0.229,0.029,0.408,0.050,0.010,0.217,0.045,0.012,,,
1339.000,1340.000,True,presidenta,closeup,-0.034,0.015,0.269,0.116,0.156,0.173,0.212,0.056,0.005,0.013,,,
1340.000,1341.000,True,presidenta,closeup,-0.397,-0.057,0.225,0.004,0.387,0.101,0.148,0.114,0.013,0.007,,,
1341.000,1342.000,True,presidenta,closeup,-0.395,0.024,0.187,0.007,0.231,0.142,0.193,0.073,0.163,0.003,,,
1342.000,1343.000,True,presidenta,closeup,-0.404,-0.102,0.346,0.005,0.349,0.088,0.151,0.055,0.003,0.002,,,
1343.000,1344.000,True,presidenta,closeup,-0.426,-0.119,0.230,0.007,0.443,0.051,0.084,0.110,0.067,0.008,,,
1344.000,1345.000,True,presidenta,closeup,-0.181,0.099,0.252,0.062,0.157,0.031,0.014,0.359,0.061,0.064,,,
1345.000,1346.000,True,presidenta,closeup,-0.279,-0.034,0.419,0.015,0.204,0.100,0.105,0.136,0.004,0.017,,,
1346.000,1347.000,True,presidenta,closeup,-0.477,0.088,0.231,0.002,0.297,0.042,0.032,0.294,0.092,0.010,,,
1347.000,1348.000,True,presidenta,closeup,-0.242,0.245,0.264,0.017,0.081,0.325,0.127,0.149,0.032,0.005,,,
1348.000,1349.000,True,presidenta,closeup,-0.209,-0.009,0.607,0.026,0.110,0.044,0.018,0.152,0.019,0.023,,,
1349.000,1350.000,True,presidenta,closeup,0.191,0.160,0.110,0.251,0.069,0.046,0.003,0.077,0.014,0.430,,,
1350.000,1351.000,True,presidenta,closeup,-0.061,-0.033,0.181,0.054,0.401,0.014,0.005,0.175,0.033,0.136,,,
1351.000,1352.000,True,presidenta,closeup,0.142,0.178,0.090,0.116,0.036,0.032,0.007,0.145,0.230,0.343,,,
1352.000,1353.000,True,presidenta,closeup,-0.008,0.144,0.286,0.069,0.060,0.183,0.024,0.310,0.047,0.021,,,
1353.000,1354.000,True,otro,closeup,-0.141,0.109,0.415,0.020,0.069,0.208,0.036,0.195,0.017,0.040,,,
1354.000,1355.000,True,otro,closeup,-0.040,0.035,0.513,0.029,0.044,0.202,0.025,0.138,0.010,0.040,,,
1355.000,1356.000,True,otro,closeup,-0.181,0.118,0.444,0.012,0.078,0.170,0.035,0.227,0.007,0.026,,,
1356.000,1357.000,True,otro,closeup,-0.119,0.086,0.450,0.019,0.062,0.161,0.030,0.241,0.008,0.028,,,
1357.000,1358.000,True,otro,closeup,-0.130,0.155,0.334,0.011,0.049,0.321,0.021,0.218,0.019,0.027,,,
1358.000,1359.000,True,otro,closeup,-0.076,-0.028,0.542,0.035,0.072,0.083,0.011,0.184,0.006,0.067,,,
1359.000,1360.000,True,otro,closeup,-0.090,0.037,0.499,0.021,0.082,0.110,0.039,0.224,0.007,0.017,,,
1360.000,1361.000,True,otro,closeup,-0.149,0.194,0.337,0.011,0.052,0.220,0.055,0.287,0.010,0.029,,,
1361.000,1362.000,True,otro,closeup,-0.056,0.066,0.508,0.042,0.066,0.196,0.033,0.106,0.005,0.045,,,
1362.000,1363.000,True,otro,closeup,-0.148,0.235,0.307,0.015,0.042,0.143,0.020,0.413,0.015,0.045,,,
1363.000,1364.000,True,otro,closeup,-0.105,0.188,0.375,0.032,0.036,0.121,0.015,0.353,0.017,0.052,,,
1364.000,1365.000,True,otro,closeup,-0.285,0.210,0.257,0.008,0.137,0.121,0.044,0.361,0.049,0.024,,,
1365.000,1366.000,True,otro,closeup,-0.086,0.041,0.505,0.036,0.044,0.090,0.019,0.210,0.003,0.092,,,
1366.000,1367.000,True,otro,closeup,-0.077,0.202,0.393,0.038,0.046,0.125,0.012,0.271,0.030,0.085,,,
1367.000,1368.000,True,presidenta,closeup,-0.132,0.022,0.216,0.037,0.201,0.071,0.036,0.188,0.194,0.059,,,
1368.000,1369.000,True,presidenta,closeup,0.134,0.007,0.255,0.255,0.138,0.128,0.013,0.126,0.029,0.057,,,
1369.000,1370.000,True,presidenta,closeup,-0.323,-0.070,0.323,0.015,0.348,0.076,0.047,0.160,0.017,0.015,,,
1370.000,1371.000,True,presidenta,closeup,-0.358,-0.046,0.459,0.009,0.201,0.032,0.022,0.252,0.007,0.018,,,
1371.000,1372.000,True,presidenta,closeup,-0.280,0.070,0.255,0.040,0.218,0.067,0.024,0.216,0.030,0.151,,,
1372.000,1373.000,True,presidenta,closeup,0.213,0.087,0.058,0.361,0.028,0.015,0.001,0.058,0.026,0.452,,,
1373.000,1374.000,True,presidenta,closeup,-0.102,0.064,0.149,0.116,0.145,0.056,0.007,0.155,0.185,0.188,,,
1374.000,1375.000,True,presidenta,closeup,-0.181,0.159,0.240,0.064,0.141,0.046,0.009,0.330,0.072,0.096,,,
1375.000,1376.000,True,presidenta,closeup,-0.209,0.336,0.156,0.017,0.072,0.366,0.128,0.201,0.057,0.002,,,
1376.000,1377.000,True,presidenta,closeup,-0.350,-0.022,0.437,0.005,0.266,0.032,0.064,0.187,0.006,0.004,,,
1377.000,1378.000,True,presidenta,closeup,-0.416,0.033,0.441,0.007,0.236,0.084,0.061,0.160,0.005,0.006,,,
1378.000,1379.000,True,presidenta,closeup,-0.196,-0.108,0.564,0.048,0.188,0.031,0.015,0.105,0.004,0.043,,,
1379.000,1380.000,True,presidenta,closeup,-0.379,-0.143,0.588,0.007,0.260,0.023,0.016,0.091,0.006,0.009,,,
1380.000,1381.000,True,presidenta,closeup,-0.342,0.026,0.415,0.011,0.211,0.039,0.019,0.281,0.002,0.021,,,
1381.000,1382.000,True,presidenta,closeup,-0.263,0.033,0.424,0.023,0.151,0.082,0.020,0.232,0.024,0.044,,,
1382.000,1383.000,True,presidenta,closeup,-0.145,0.055,0.248,0.041,0.198,0.082,0.101,0.152,0.165,0.012,,,
1383.000,1384.000,True,presidenta,closeup,-0.279,0.142,0.255,0.011,0.124,0.261,0.098,0.215,0.021,0.015,,,
1384.000,1385.000,True,presidenta,closeup,-0.286,0.086,0.151,0.011,0.121,0.280,0.198,0.129,0.100,0.009,,,
1385.000,1386.000,True,presidenta,closeup,-0.124,0.458,0.045,0.007,0.028,0.714,0.174,0.021,0.007,0.003,,,
1386.000,1387.000,True,presidenta,closeup,-0.184,0.157,0.101,0.013,0.089,0.640,0.123,0.020,0.004,0.008,,,
1387.000,1388.000,True,presidenta,closeup,-0.472,0.110,0.104,0.011,0.236,0.209,0.220,0.066,0.153,0.001,,,
1388.000,1389.000,True,presidenta,closeup,-0.452,-0.123,0.294,0.002,0.414,0.096,0.096,0.088,0.005,0.005,,,
1389.000,1390.000,True,presidenta,closeup,-0.121,0.042,0.295,0.053,0.164,0.220,0.151,0.081,0.020,0.016,,,
1390.000,1391.000,True,presidenta,closeup,-0.486,-0.158,0.269,0.011,0.510,0.040,0.028,0.066,0.067,0.008,,,
1391.000,1392.000,True,presidenta,closeup,-0.368,-0.088,0.180,0.008,0.377,0.093,0.219,0.092,0.023,0.008,,,
1392.000,1393.000,True,presidenta,closeup,-0.451,-0.081,0.218,0.005,0.505,0.064,0.093,0.076,0.027,0.014,,,
1393.000,1394.000,True,presidenta,closeup,-0.222,-0.124,0.253,0.037,0.382,0.047,0.102,0.062,0.097,0.020,,,
1394.000,1395.000,True,presidenta,closeup,-0.155,-0.076,0.356,0.041,0.183,0.136,0.150,0.081,0.018,0.037,,,
1395.000,1396.000,True,presidenta,closeup,0.044,0.018,0.280,0.133,0.057,0.156,0.055,0.076,0.153,0.091,,,
1396.000,1397.000,True,presidenta,closeup,-0.156,-0.130,0.472,0.054,0.180,0.039,0.016,0.057,0.036,0.145,,,
1397.000,1398.000,True,presidenta,closeup,-0.239,-0.064,0.461,0.044,0.170,0.040,0.012,0.141,0.026,0.105,,,
1398.000,1399.000,True,presidenta,closeup,-0.304,0.006,0.458,0.008,0.283,0.018,0.012,0.208,0.002,0.010,,,
1399.000,1400.000,True,presidenta,closeup,-0.181,0.020,0.214,0.056,0.272,0.048,0.018,0.346,0.038,0.008,,,
1400.000,1401.000,True,presidenta,closeup,-0.348,0.019,0.246,0.029,0.284,0.070,0.050,0.219,0.088,0.015,,,
1401.000,1402.000,True,presidenta,closeup,-0.268,-0.053,0.508,0.015,0.218,0.005,0.005,0.205,0.004,0.040,,,
1402.000,1403.000,True,presidenta,closeup,-0.187,-0.026,0.272,0.032,0.317,0.064,0.060,0.158,0.085,0.012,,,
1403.000,1404.000,True,presidenta,closeup,-0.328,-0.095,0.237,0.006,0.495,0.073,0.108,0.068,0.009,0.005,,,
1404.000,1405.000,True,presidenta,closeup,-0.465,0.013,0.232,0.004,0.382,0.171,0.058,0.124,0.024,0.005,,,
1405.000,1406.000,True,presidenta,closeup,-0.097,0.034,0.218,0.076,0.149,0.210,0.099,0.125,0.102,0.021,,,
1406.000,1407.000,True,presidenta,closeup,-0.303,-0.016,0.302,0.013,0.266,0.161,0.129,0.093,0.004,0.033,,,
1407.000,1408.000,True,presidenta,closeup,-0.255,-0.011,0.261,0.021,0.209,0.099,0.123,0.163,0.120,0.005,,,
1408.000,1409.000,True,presidenta,closeup,-0.405,-0.082,0.384,0.003,0.357,0.095,0.070,0.086,0.001,0.004,,,
1409.000,1410.000,True,presidenta,closeup,-0.390,-0.056,0.316,0.002,0.388,0.085,0.115,0.086,0.006,0.002,,,
1410.000,1411.000,True,presidenta,closeup,-0.458,-0.017,0.197,0.000,0.539,0.022,0.035,0.190,0.014,0.002,,,
1411.000,1412.000,True,presidenta,closeup,-0.396,-0.116,0.583,0.003,0.259,0.033,0.015,0.097,0.003,0.009,,,
1412.000,1413.000,True,presidenta,closeup,-0.407,0.061,0.548,0.005,0.141,0.095,0.026,0.166,0.014,0.005,,,
1413.000,1414.000,True,presidenta,closeup,-0.179,-0.049,0.566,0.042,0.055,0.025,0.004,0.198,0.008,0.103,,,
1414.000,1415.000,True,presidenta,closeup,0.287,0.010,0.110,0.275,0.024,0.446,0.021,0.013,0.012,0.100,,,
1415.000,1416.000,True,presidenta,closeup,-0.370,0.022,0.161,0.013,0.226,0.333,0.137,0.078,0.040,0.011,,,
1416.000,1417.000,True,presidenta,closeup,-0.429,0.071,0.255,0.018,0.250,0.212,0.061,0.151,0.042,0.010,,,
1417.000,1418.000,True,presidenta,closeup,-0.264,0.468,0.030,0.006,0.041,0.276,0.602,0.031,0.013,0.001,,,
1418.000,1419.000,True,presidenta,closeup,-0.426,0.111,0.324,0.005,0.263,0.098,0.063,0.227,0.005,0.014,,,
1419.000,1420.000,True,presidenta,closeup,-0.257,0.026,0.440,0.029,0.122,0.089,0.030,0.210,0.052,0.028,,,
1420.000,1421.000,True,presidenta,closeup,-0.386,-0.073,0.404,0.010,0.352,0.027,0.032,0.108,0.026,0.041,,,
1421.000,1422.000,True,presidenta,closeup,-0.306,0.193,0.127,0.004,0.143,0.411,0.278,0.034,0.001,0.001,,,
1422.000,1423.000,True,presidenta,closeup,-0.019,-0.090,0.327,0.134,0.131,0.112,0.037,0.157,0.019,0.083,,,
1423.000,1424.000,True,presidenta,closeup,-0.275,0.195,0.137,0.021,0.133,0.229,0.137,0.188,0.147,0.008,,,
1424.000,1425.000,True,presidenta,closeup,-0.011,-0.021,0.253,0.142,0.132,0.208,0.073,0.081,0.038,0.073,,,
1425.000,1426.000,True,presidenta,closeup,-0.252,0.220,0.319,0.012,0.072,0.359,0.054,0.167,0.005,0.013,,,
1426.000,1427.000,True,presidenta,closeup,-0.054,0.095,0.293,0.076,0.070,0.184,0.093,0.203,0.045,0.038,,,
1427.000,1428.000,True,presidenta,closeup,-0.396,0.105,0.326,0.003,0.241,0.113,0.078,0.220,0.016,0.003,,,
1428.000,1429.000,True,presidenta,closeup,-0.115,-0.106,0.549,0.059,0.127,0.048,0.016,0.112,0.009,0.080,,,
1429.000,1430.000,True,presidenta,closeup,-0.111,0.077,0.393,0.049,0.074,0.130,0.038,0.216,0.053,0.045,,,
1430.000,1431.000,True,presidenta,closeup,-0.076,-0.003,0.389,0.070,0.061,0.124,0.040,0.175,0.118,0.022,,,
1431.000,1432.000,True,presidenta,closeup,-0.135,-0.028,0.535,0.044,0.100,0.082,0.028,0.124,0.030,0.057,,,
1432.000,1433.000,True,presidenta,closeup,-0.297,0.076,0.176,0.008,0.192,0.294,0.248,0.019,0.060,0.003,,,
1433.000,1434.000,True,presidenta,closeup,-0.041,-0.090,0.184,0.061,0.289,0.189,0.168,0.030,0.053,0.026,,,
1434.000,1435.000,True,presidenta,closeup,-0.268,-0.044,0.195,0.024,0.351,0.194,0.166,0.043,0.011,0.015,,,
1435.000,1436.000,True,presidenta,closeup,-0.366,-0.044,0.218,0.003,0.341,0.194,0.187,0.044,0.002,0.011,,,
1436.000,1437.000,True,presidenta,closeup,-0.405,-0.103,0.232,0.006,0.444,0.103,0.107,0.073,0.013,0.023,,,
1437.000,1438.000,True,presidenta,closeup,-0.209,-0.080,0.294,0.035,0.292,0.049,0.106,0.160,0.051,0.012,,,
1438.000,1439.000,True,presidenta,closeup,0.466,0.000,0.078,0.656,0.039,0.033,0.007,0.017,0.069,0.100,,,
1439.000,1440.000,True,presidenta,closeup,-0.322,-0.038,0.364,0.022,0.243,0.076,0.031,0.193,0.057,0.014,,,
1440.000,1441.000,True,presidenta,closeup,-0.358,-0.095,0.345,0.018,0.254,0.177,0.071,0.108,0.011,0.016,,,
1441.000,1442.000,True,presidenta,closeup,-0.085,-0.031,0.165,0.057,0.212,0.332,0.117,0.059,0.038,0.020,,,
1442.000,1443.000,True,presidenta,closeup,-0.396,0.065,0.151,0.002,0.332,0.186,0.229,0.091,0.005,0.004,,,
1443.000,1444.000,True,presidenta,closeup,-0.408,0.220,0.092,0.004,0.174,0.418,0.170,0.084,0.055,0.002,,,
1444.000,1445.000,True,presidenta,closeup,-0.473,0.011,0.245,0.003,0.374,0.150,0.092,0.110,0.010,0.015,,,
1445.000,1446.000,True,presidenta,closeup,-0.301,0.070,0.161,0.011,0.228,0.231,0.304,0.046,0.016,0.004,,,
1446.000,1447.000,True,presidenta,closeup,-0.213,0.037,0.237,0.065,0.290,0.182,0.137,0.048,0.029,0.012,,,
1447.000,1448.000,True,presidenta,closeup,-0.322,-0.111,0.311,0.019,0.410,0.113,0.049,0.076,0.005,0.018,,,
1448.000,1449.000,True,presidenta,closeup,-0.434,-0.033,0.108,0.004,0.393,0.086,0.270,0.033,0.105,0.001,,,
1449.000,1450.000,True,presidenta,closeup,-0.508,-0.194,0.215,0.002,0.605,0.043,0.069,0.057,0.004,0.004,,,
1450.000,1451.000,True,presidenta,closeup,-0.227,-0.090,0.272,0.032,0.352,0.106,0.108,0.071,0.041,0.018,,,
1451.000,1452.000,True,presidenta,closeup,-0.269,0.303,0.055,0.001,0.089,0.233,0.599,0.021,0.001,0.001,,,
1452.000,1453.000,True,presidenta,closeup,0.395,0.057,0.075,0.677,0.057,0.039,0.051,0.027,0.058,0.016,,,
1453.000,1454.000,True,presidenta,closeup,-0.265,-0.014,0.293,0.037,0.173,0.104,0.126,0.135,0.126,0.006,,,
1454.000,1455.000,True,presidenta,closeup,-0.392,-0.042,0.170,0.002,0.427,0.136,0.220,0.040,0.001,0.004,,,
1455.000,1456.000,True,presidenta,closeup,-0.355,0.004,0.127,0.034,0.272,0.036,0.025,0.173,0.327,0.006,,,
1456.000,1457.000,True,presidenta,closeup,-0.265,0.173,0.151,0.055,0.104,0.054,0.005,0.220,0.298,0.114,,,
1457.000,1458.000,True,presidenta,closeup,-0.274,0.186,0.208,0.015,0.170,0.179,0.056,0.241,0.086,0.044,,,
1458.000,1459.000,True,presidenta,closeup,-0.224,0.334,0.154,0.010,0.096,0.393,0.145,0.178,0.014,0.010,,,
1459.000,1460.000,True,presidenta,closeup,-0.269,0.096,0.291,0.024,0.154,0.106,0.030,0.264,0.112,0.019,,,
1460.000,1461.000,True,presidenta,closeup,0.374,-0.068,0.242,0.452,0.058,0.018,0.004,0.062,0.012,0.151,,,
1461.000,1462.000,True,presidenta,closeup,-0.268,0.092,0.231,0.020,0.167,0.082,0.090,0.306,0.088,0.016,,,
1462.000,1463.000,True,presidenta,closeup,-0.444,0.153,0.156,0.005,0.227,0.146,0.272,0.176,0.017,0.002,,,
1463.000,1464.000,True,presidenta,closeup,-0.377,-0.121,0.292,0.012,0.410,0.017,0.023,0.178,0.006,0.063,,,
1464.000,1465.000,True,presidenta,closeup,-0.251,0.035,0.271,0.058,0.260,0.041,0.016,0.271,0.068,0.015,,,
1465.000,1466.000,True,presidenta,closeup,-0.234,0.285,0.072,0.014,0.065,0.279,0.300,0.109,0.160,0.002,,,
1466.000,1467.000,True,presidenta,closeup,0.083,0.099,0.059,0.136,0.094,0.258,0.090,0.068,0.268,0.027,,,
1467.000,1468.000,True,presidenta,closeup,-0.260,0.010,0.139,0.018,0.251,0.228,0.127,0.097,0.117,0.023,,,
1468.000,1469.000,True,presidenta,closeup,-0.277,-0.029,0.127,0.018,0.324,0.146,0.214,0.071,0.089,0.012,,,
1469.000,1470.000,True,presidenta,closeup,-0.366,0.376,0.044,0.001,0.106,0.171,0.634,0.031,0.011,0.001,,,
1470.000,1471.000,True,presidenta,closeup,-0.433,-0.136,0.139,0.007,0.553,0.093,0.142,0.049,0.013,0.004,,,
1471.000,1472.000,True,presidenta,closeup,-0.589,-0.225,0.083,0.002,0.748,0.052,0.085,0.024,0.003,0.004,,,
1472.000,1473.000,True,presidenta,closeup,-0.434,0.181,0.056,0.007,0.123,0.150,0.326,0.077,0.259,0.001,,,
1473.000,1474.000,True,presidenta,closeup,0.352,0.131,0.042,0.425,0.035,0.152,0.129,0.016,0.188,0.013,,,
1474.000,1475.000,True,presidenta,closeup,-0.165,-0.137,0.258,0.080,0.279,0.203,0.071,0.058,0.006,0.044,,,
1475.000,1476.000,True,presidenta,closeup,-0.324,-0.112,0.225,0.021,0.427,0.102,0.085,0.069,0.043,0.029,,,
1476.000,1477.000,True,presidenta,closeup,-0.321,-0.078,0.207,0.020,0.390,0.122,0.111,0.073,0.060,0.017,,,
1477.000,1478.000,True,presidenta,closeup,-0.243,0.052,0.238,0.027,0.219,0.275,0.054,0.144,0.033,0.010,,,
1478.000,1479.000,True,presidenta,closeup,0.079,0.061,0.087,0.219,0.081,0.050,0.010,0.212,0.307,0.034,,,
1479.000,1480.000,True,presidenta,closeup,-0.128,-0.016,0.153,0.070,0.384,0.049,0.035,0.189,0.097,0.023,,,
1480.000,1481.000,True,presidenta,closeup,-0.196,0.063,0.088,0.034,0.151,0.062,0.017,0.121,0.493,0.035,,,
1481.000,1482.000,True,presidenta,closeup,-0.336,0.063,0.188,0.026,0.214,0.056,0.011,0.234,0.241,0.029,,,
1482.000,1483.000,True,presidenta,closeup,-0.468,0.086,0.146,0.006,0.347,0.011,0.006,0.278,0.189,0.018,,,
1483.000,1484.000,True,presidenta,closeup,-0.497,0.146,0.150,0.002,0.260,0.056,0.033,0.302,0.187,0.010,,,
1484.000,1485.000,True,presidenta,closeup,-0.644,-0.074,0.121,0.000,0.595,0.016,0.043,0.187,0.035,0.003,,,
1485.000,1486.000,True,presidenta,closeup,-0.043,-0.072,0.128,0.127,0.233,0.044,0.045,0.119,0.237,0.067,,,
1486.000,1487.000,True,presidenta,closeup,-0.029,0.031,0.270,0.159,0.168,0.106,0.031,0.197,0.057,0.011,,,
1487.000,1488.000,True,presidenta,closeup,-0.235,0.089,0.231,0.045,0.269,0.125,0.072,0.126,0.125,0.006,,,
1488.000,1489.000,True,presidenta,closeup,-0.330,-0.068,0.358,0.038,0.410,0.048,0.029,0.091,0.021,0.005,,,
1489.000,1490.000,True,presidenta,closeup,-0.185,-0.082,0.386,0.055,0.210,0.016,0.015,0.225,0.018,0.075,,,
1490.000,1491.000,True,presidenta,closeup,-0.265,0.086,0.204,0.019,0.184,0.112,0.166,0.190,0.094,0.031,,,
1491.000,1492.000,True,presidenta,closeup,-0.282,0.038,0.182,0.049,0.199,0.050,0.037,0.276,0.130,0.077,,,
1492.000,1493.000,True,presidenta,closeup,-0.421,-0.030,0.239,0.009,0.399,0.036,0.043,0.240,0.022,0.012,,,
1493.000,1494.000,True,presidenta,closeup,-0.450,-0.018,0.250,0.003,0.397,0.082,0.127,0.133,0.003,0.004,,,
1494.000,1495.000,True,presidenta,closeup,0.074,-0.109,0.248,0.136,0.230,0.168,0.056,0.047,0.028,0.087,,,
1495.000,1496.000,True,presidenta,closeup,0.261,-0.211,0.182,0.314,0.220,0.024,0.011,0.016,0.016,0.216,,,
1496.000,1497.000,True,presidenta,closeup,0.057,-0.158,0.414,0.129,0.269,0.039,0.024,0.043,0.014,0.067,,,
1497.000,1498.000,True,presidenta,closeup,-0.114,-0.089,0.332,0.056,0.246,0.235,0.046,0.044,0.022,0.019,,,
1498.000,1499.000,True,presidenta,closeup,0.043,0.030,0.149,0.158,0.051,0.210,0.027,0.039,0.028,0.338,,,
1499.000,1500.000,True,presidenta,closeup,-0.453,0.038,0.137,0.003,0.485,0.101,0.128,0.109,0.028,0.009,,,
1500.000,1501.000,True,presidenta,closeup,-0.382,0.069,0.179,0.016,0.261,0.019,0.030,0.253,0.085,0.157,,,
1501.000,1502.000,True,presidenta,closeup,-0.331,-0.113,0.250,0.018,0.408,0.014,0.028,0.142,0.079,0.061,,,
1502.000,1503.000,True,presidenta,closeup,0.326,-0.100,0.196,0.426,0.092,0.076,0.026,0.014,0.002,0.167,,,
1503.000,1504.000,True,presidenta,closeup,-0.153,0.223,0.234,0.048,0.047,0.327,0.171,0.102,0.062,0.009,,,
1504.000,1505.000,True,presidenta,closeup,-0.119,0.203,0.224,0.072,0.062,0.351,0.159,0.116,0.012,0.005,,,
1505.000,1506.000,True,presidenta,closeup,-0.448,0.080,0.224,0.001,0.237,0.086,0.150,0.286,0.010,0.006,,,
1506.000,1507.000,True,presidenta,closeup,-0.179,-0.077,0.188,0.031,0.322,0.079,0.256,0.044,0.070,0.011,,,
1507.000,1508.000,True,presidenta,closeup,-0.412,-0.202,0.438,0.010,0.417,0.020,0.016,0.074,0.009,0.017,,,
1508.000,1509.000,True,presidenta,closeup,-0.259,-0.057,0.510,0.025,0.190,0.035,0.019,0.168,0.004,0.048,,,
1509.000,1510.000,True,presidenta,closeup,0.598,0.001,0.030,0.812,0.023,0.013,0.018,0.006,0.074,0.025,,,
1510.000,1511.000,True,presidenta,closeup,0.052,-0.110,0.191,0.105,0.344,0.129,0.134,0.016,0.032,0.048,,,
1511.000,1512.000,True,presidenta,closeup,-0.002,0.076,0.122,0.057,0.143,0.408,0.209,0.017,0.034,0.011,,,
1512.000,1513.000,True,presidenta,closeup,0.200,-0.212,0.234,0.232,0.126,0.212,0.075,0.027,0.024,0.069,,,
1513.000,1514.000,True,presidenta,closeup,0.659,0.194,0.004,0.643,0.005,0.009,0.020,0.003,0.309,0.007,,,
1514.000,1515.000,True,presidenta,closeup,-0.131,-0.116,0.252,0.066,0.345,0.099,0.103,0.061,0.025,0.049,,,
1515.000,1516.000,True,presidenta,closeup,-0.499,-0.259,0.170,0.004,0.698,0.016,0.067,0.031,0.006,0.007,,,
1516.000,1517.000,True,presidenta,closeup,-0.419,-0.098,0.234,0.005,0.438,0.104,0.142,0.060,0.003,0.015,,,
1517.000,1518.000,True,presidenta,closeup,-0.462,-0.232,0.233,0.004,0.586,0.060,0.071,0.034,0.002,0.010,,,
1518.000,1519.000,True,presidenta,closeup,-0.174,-0.129,0.229,0.036,0.317,0.117,0.158,0.065,0.041,0.036,,,
1519.000,1520.000,True,presidenta,closeup,-0.320,-0.017,0.180,0.008,0.268,0.249,0.243,0.032,0.012,0.009,,,
1520.000,1521.000,True,presidenta,closeup,-0.036,0.037,0.072,0.046,0.173,0.222,0.416,0.020,0.041,0.011,,,
1521.000,1522.000,True,presidenta,closeup,-0.332,0.190,0.041,0.001,0.210,0.143,0.588,0.015,0.002,0.001,,,
1522.000,1523.000,True,presidenta,closeup,-0.226,0.289,0.140,0.003,0.089,0.399,0.263,0.099,0.004,0.002,,,
1523.000,1524.000,True,presidenta,closeup,-0.089,-0.068,0.305,0.074,0.290,0.107,0.100,0.060,0.045,0.021,,,
1524.000,1525.000,True,presidenta,closeup,-0.164,-0.065,0.445,0.061,0.169,0.058,0.061,0.075,0.119,0.012,,,
1525.000,1526.000,True,presidenta,closeup,-0.377,-0.123,0.447,0.006,0.319,0.037,0.097,0.074,0.007,0.013,,,
1526.000,1527.000,True,presidenta,closeup,-0.361,-0.112,0.463,0.010,0.299,0.068,0.053,0.080,0.008,0.019,,,
1527.000,1528.000,True,presidenta,closeup,-0.497,-0.083,0.345,0.004,0.477,0.040,0.029,0.082,0.013,0.010,,,
1528.000,1529.000,True,presidenta,closeup,-0.356,0.054,0.483,0.005,0.125,0.046,0.017,0.301,0.005,0.018,,,
1529.000,1530.000,True,presidenta,closeup,-0.424,0.263,0.105,0.008,0.052,0.051,0.036,0.404,0.343,0.002,,,
1530.000,1531.000,True,presidenta,closeup,-0.210,0.058,0.294,0.046,0.186,0.236,0.038,0.134,0.018,0.048,,,
1531.000,1532.000,True,presidenta,closeup,0.205,0.081,0.277,0.349,0.039,0.141,0.014,0.093,0.030,0.058,,,
1532.000,1533.000,True,presidenta,closeup,-0.270,-0.008,0.290,0.020,0.180,0.281,0.069,0.103,0.032,0.023,,,
1533.000,1534.000,True,presidenta,closeup,-0.398,0.035,0.305,0.005,0.244,0.165,0.104,0.135,0.031,0.012,,,
1534.000,1535.000,True,presidenta,closeup,-0.356,0.136,0.214,0.023,0.177,0.222,0.083,0.155,0.115,0.010,,,
1535.000,1536.000,True,presidenta,closeup,0.127,-0.141,0.208,0.374,0.074,0.020,0.004,0.045,0.017,0.259,,,
1536.000,1537.000,True,presidenta,closeup,-0.241,-0.063,0.489,0.019,0.221,0.147,0.025,0.078,0.008,0.014,,,
1537.000,1538.000,True,presidenta,closeup,-0.064,0.223,0.138,0.166,0.043,0.168,0.017,0.253,0.135,0.079,,,
1538.000,1539.000,True,presidenta,closeup,-0.227,0.211,0.253,0.047,0.072,0.058,0.009,0.379,0.025,0.155,,,
1539.000,1540.000,True,presidenta,closeup,-0.339,0.071,0.187,0.008,0.207,0.133,0.085,0.271,0.104,0.006,,,
1540.000,1541.000,True,presidenta,closeup,-0.254,0.042,0.187,0.024,0.228,0.272,0.049,0.167,0.026,0.047,,,
1541.000,1542.000,True,presidenta,closeup,0.306,0.061,0.057,0.345,0.046,0.019,0.002,0.031,0.016,0.485,,,
1542.000,1543.000,True,presidenta,closeup,-0.186,-0.066,0.517,0.021,0.266,0.023,0.014,0.138,0.004,0.016,,,
1543.000,1544.000,True,presidenta,closeup,-0.378,0.059,0.509,0.007,0.131,0.086,0.029,0.207,0.016,0.014,,,
1544.000,1545.000,True,presidenta,closeup,-0.190,0.010,0.287,0.070,0.175,0.048,0.048,0.180,0.176,0.016,,,
1545.000,1546.000,True,presidenta,closeup,-0.376,-0.074,0.362,0.007,0.317,0.027,0.064,0.158,0.058,0.007,,,
1546.000,1547.000,True,presidenta,closeup,-0.452,0.005,0.428,0.005,0.301,0.049,0.029,0.178,0.007,0.004,,,
1547.000,1548.000,True,presidenta,closeup,-0.266,0.108,0.294,0.010,0.252,0.089,0.041,0.279,0.024,0.011,,,
1548.000,1549.000,True,presidenta,closeup,-0.344,-0.002,0.279,0.008,0.349,0.125,0.066,0.139,0.023,0.011,,,
1549.000,1550.000,True,presidenta,closeup,-0.294,-0.014,0.236,0.017,0.299,0.186,0.108,0.109,0.033,0.012,,,
1550.000,1551.000,True,presidenta,closeup,0.023,0.323,0.087,0.024,0.031,0.618,0.201,0.023,0.006,0.010,,,
1551.000,1552.000,True,presidenta,closeup,-0.337,0.011,0.153,0.005,0.252,0.166,0.298,0.092,0.030,0.003,,,
1552.000,1553.000,True,presidenta,closeup,-0.398,-0.019,0.162,0.010,0.317,0.088,0.102,0.197,0.107,0.017,,,
1553.000,1554.000,True,presidenta,closeup,0.094,0.045,0.212,0.239,0.091,0.096,0.012,0.158,0.124,0.070,,,
1554.000,1555.000,True,presidenta,closeup,0.122,0.185,0.143,0.127,0.073,0.254,0.109,0.158,0.129,0.007,,,
1555.000,1556.000,True,presidenta,closeup,-0.279,0.134,0.512,0.015,0.089,0.193,0.025,0.150,0.003,0.013,,,
1556.000,1557.000,True,presidenta,closeup,-0.211,-0.170,0.568,0.058,0.240,0.019,0.007,0.036,0.004,0.069,,,
1557.000,1558.000,True,presidenta,closeup,-0.149,-0.016,0.330,0.071,0.127,0.233,0.018,0.058,0.007,0.157,,,
1558.000,1559.000,True,presidenta,closeup,0.064,-0.107,0.204,0.262,0.274,0.062,0.021,0.099,0.058,0.020,,,
1559.000,1560.000,True,presidenta,closeup,-0.451,0.009,0.129,0.002,0.401,0.161,0.263,0.039,0.003,0.002,,,
1560.000,1561.000,True,presidenta,closeup,-0.394,-0.019,0.137,0.005,0.304,0.306,0.191,0.042,0.011,0.005,,,
1561.000,1562.000,True,presidenta,closeup,-0.444,0.180,0.082,0.002,0.242,0.258,0.369,0.044,0.003,0.001,,,
1562.000,1563.000,True,presidenta,closeup,-0.293,-0.157,0.231,0.017,0.417,0.081,0.142,0.065,0.022,0.025,,,
1563.000,1564.000,True,presidenta,closeup,0.091,0.085,0.120,0.129,0.148,0.211,0.182,0.045,0.156,0.008,,,
1564.000,1565.000,True,presidenta,closeup,-0.480,-0.140,0.205,0.007,0.517,0.108,0.070,0.075,0.009,0.009,,,
1565.000,1566.000,True,presidenta,closeup,-0.294,0.066,0.167,0.024,0.267,0.123,0.055,0.209,0.087,0.067,,,
1566.000,1567.000,True,presidenta,closeup,0.346,0.069,0.066,0.390,0.038,0.091,0.032,0.024,0.171,0.190,,,
1567.000,1568.000,True,presidenta,closeup,0.851,0.172,0.001,0.927,0.001,0.054,0.007,0.001,0.002,0.007,,,
1568.000,1569.000,True,presidenta,closeup,-0.276,0.185,0.203,0.021,0.110,0.044,0.015,0.305,0.093,0.208,,,
1569.000,1570.000,True,presidenta,closeup,-0.211,0.078,0.343,0.038,0.129,0.099,0.020,0.192,0.163,0.016,,,
1570.000,1571.000,True,presidenta,closeup,-0.361,0.052,0.403,0.008,0.174,0.190,0.069,0.117,0.030,0.008,,,
1571.000,1572.000,True,presidenta,closeup,-0.113,0.235,0.179,0.047,0.083,0.224,0.137,0.148,0.174,0.008,,,
1572.000,1573.000,True,presidenta,closeup,-0.132,0.103,0.239,0.045,0.095,0.142,0.057,0.255,0.107,0.059,,,
1573.000,1574.000,True,presidenta,closeup,0.155,-0.037,0.205,0.167,0.064,0.168,0.016,0.071,0.021,0.288,,,
1574.000,1575.000,True,presidenta,closeup,-0.220,-0.015,0.330,0.026,0.294,0.068,0.110,0.099,0.017,0.056,,,
1575.000,1576.000,True,presidenta,closeup,-0.213,-0.038,0.520,0.044,0.116,0.046,0.038,0.066,0.006,0.164,,,
1576.000,1577.000,True,presidenta,closeup,0.254,0.054,0.263,0.422,0.069,0.083,0.006,0.097,0.018,0.041,,,
1577.000,1578.000,True,otro,closeup,-0.068,0.181,0.193,0.050,0.167,0.058,0.066,0.118,0.294,0.054,,,
1578.000,1579.000,True,otro,closeup,0.397,0.120,0.083,0.421,0.026,0.028,0.011,0.022,0.202,0.206,,,
1579.000,1580.000,True,otro,closeup,0.588,0.159,0.007,0.524,0.001,0.007,0.001,0.002,0.057,0.400,,,
1580.000,1581.000,True,otro,closeup,0.682,0.125,0.004,0.664,0.002,0.007,0.003,0.001,0.083,0.235,,,
1581.000,1582.000,True,otro,closeup,0.269,0.178,0.211,0.209,0.009,0.218,0.008,0.208,0.037,0.100,,,
1582.000,1583.000,True,otro,closeup,0.621,0.066,0.026,0.766,0.002,0.016,0.001,0.029,0.050,0.109,,,
1583.000,1584.000,True,otro,closeup,0.468,0.146,0.083,0.499,0.004,0.302,0.005,0.046,0.032,0.029,,,
1584.000,1585.000,True,otro,closeup,0.077,0.202,0.283,0.100,0.014,0.259,0.011,0.240,0.025,0.067,,,
1585.000,1586.000,True,otro,closeup,0.004,0.171,0.302,0.103,0.015,0.200,0.010,0.271,0.021,0.077,,,
1586.000,1587.000,True,otro,closeup,-0.104,0.324,0.238,0.020,0.021,0.198,0.018,0.438,0.035,0.033,,,
1587.000,1588.000,True,otro,closeup,-0.057,0.214,0.343,0.056,0.019,0.158,0.009,0.346,0.027,0.042,,,
1588.000,1589.000,True,otro,closeup,-0.180,0.250,0.246,0.025,0.026,0.163,0.015,0.428,0.075,0.023,,,
1589.000,1590.000,True,otro,closeup,-0.222,0.291,0.184,0.015,0.029,0.140,0.028,0.508,0.076,0.021,,,
1590.000,1591.000,True,otro,closeup,-0.101,0.143,0.390,0.044,0.048,0.180,0.019,0.234,0.056,0.031,,,
1591.000,1592.000,True,otro,closeup,-0.215,0.324,0.219,0.013,0.022,0.188,0.011,0.461,0.065,0.020,,,
1592.000,1593.000,True,otro,closeup,-0.067,0.319,0.240,0.019,0.025,0.206,0.018,0.393,0.077,0.023,,,
1593.000,1594.000,True,otro,closeup,0.081,0.234,0.222,0.040,0.022,0.340,0.023,0.297,0.026,0.031,,,
1594.000,1595.000,True,otro,closeup,0.005,0.306,0.253,0.072,0.024,0.203,0.028,0.333,0.059,0.029,,,
1595.000,1596.000,True,otro,closeup,0.076,0.163,0.304,0.074,0.027,0.176,0.011,0.272,0.079,0.056,,,
1596.000,1597.000,True,otro,closeup,-0.129,0.291,0.249,0.014,0.032,0.291,0.019,0.305,0.060,0.029,,,
1597.000,1598.000,True,otro,closeup,-0.186,0.291,0.260,0.013,0.025,0.179,0.017,0.445,0.042,0.021,,,
1598.000,1599.000,True,otro,closeup,-0.208,0.173,0.328,0.013,0.073,0.093,0.021,0.365,0.086,0.020,,,
1599.000,1600.000,True,otro,closeup,-0.046,0.263,0.305,0.034,0.033,0.244,0.035,0.257,0.065,0.026,,,
1600.000,1601.000,True,otro,closeup,-0.240,0.364,0.172,0.006,0.023,0.082,0.008,0.633,0.057,0.019,,,
1601.000,1602.000,True,otro,closeup,-0.194,0.312,0.236,0.014,0.021,0.253,0.033,0.378,0.050,0.014,,,
1602.000,1603.000,True,otro,closeup,-0.191,0.185,0.306,0.024,0.055,0.093,0.025,0.362,0.117,0.016,,,
1603.000,1604.000,True,otro,closeup,-0.202,0.204,0.321,0.027,0.045,0.119,0.034,0.359,0.068,0.026,,,
1604.000,1605.000,True,otro,closeup,-0.118,0.252,0.275,0.044,0.030,0.156,0.029,0.349,0.086,0.030,,,
1605.000,1606.000,True,otro,closeup,-0.099,0.321,0.142,0.034,0.031,0.211,0.043,0.406,0.113,0.020,,,
1606.000,1607.000,True,otro,closeup,-0.035,0.312,0.107,0.039,0.019,0.480,0.041,0.229,0.076,0.010,,,
1607.000,1608.000,True,otro,closeup,-0.099,0.166,0.239,0.032,0.038,0.215,0.026,0.335,0.087,0.027,,,
1608.000,1609.000,True,otro,closeup,-0.080,0.177,0.242,0.051,0.040,0.214,0.044,0.322,0.062,0.026,,,
1609.000,1610.000,True,otro,closeup,-0.090,0.111,0.356,0.041,0.055,0.095,0.012,0.344,0.030,0.066,,,
1610.000,1611.000,True,otro,closeup,-0.188,0.339,0.162,0.021,0.024,0.157,0.017,0.484,0.097,0.038,,,
1611.000,1612.000,True,otro,closeup,-0.233,0.395,0.153,0.012,0.014,0.044,0.005,0.708,0.034,0.031,,,
1612.000,1613.000,True,otro,closeup,-0.142,0.340,0.221,0.023,0.013,0.143,0.008,0.505,0.047,0.040,,,
1613.000,1614.000,True,otro,closeup,0.093,0.208,0.162,0.135,0.048,0.309,0.052,0.166,0.089,0.040,,,
1614.000,1615.000,True,otro,closeup,-0.121,0.227,0.158,0.024,0.068,0.121,0.037,0.405,0.159,0.027,,,
1615.000,1616.000,True,otro,closeup,-0.055,0.118,0.290,0.070,0.052,0.130,0.014,0.327,0.047,0.070,,,
1616.000,1617.000,True,otro,closeup,0.012,0.194,0.305,0.088,0.035,0.237,0.027,0.221,0.033,0.053,,,
1617.000,1618.000,True,otro,closeup,-0.096,0.215,0.240,0.046,0.038,0.160,0.016,0.393,0.060,0.048,,,
1618.000,1619.000,True,otro,closeup,0.262,0.218,0.164,0.316,0.008,0.211,0.007,0.153,0.030,0.110,,,
1619.000,1620.000,True,otro,closeup,0.398,0.225,0.090,0.540,0.006,0.100,0.006,0.118,0.077,0.064,,,
1620.000,1621.000,True,otro,closeup,0.385,0.180,0.137,0.455,0.005,0.116,0.006,0.147,0.069,0.066,,,
1621.000,1622.000,True,otro,closeup,0.081,0.235,0.200,0.094,0.023,0.367,0.045,0.159,0.090,0.022,,,
1622.000,1623.000,True,otro,closeup,-0.180,0.345,0.187,0.016,0.021,0.354,0.031,0.300,0.069,0.022,,,
1623.000,1624.000,True,otro,closeup,-0.096,0.262,0.254,0.036,0.032,0.261,0.016,0.295,0.068,0.039,,,
1624.000,1625.000,True,otro,closeup,-0.249,0.366,0.160,0.011,0.022,0.226,0.028,0.395,0.143,0.015,,,
1625.000,1626.000,True,otro,closeup,-0.189,0.331,0.207,0.019,0.019,0.222,0.022,0.391,0.099,0.022,,,
1626.000,1627.000,True,otro,closeup,0.189,0.189,0.229,0.144,0.020,0.209,0.012,0.270,0.054,0.063,,,
1627.000,1628.000,True,otro,closeup,0.700,0.192,0.026,0.801,0.001,0.028,0.001,0.038,0.013,0.092,,,
1628.000,1629.000,True,presidenta,closeup,-0.043,0.119,0.179,0.179,0.185,0.084,0.042,0.213,0.042,0.076,,,
1629.000,1630.000,True,presidenta,closeup,-0.072,0.052,0.162,0.089,0.248,0.095,0.031,0.179,0.081,0.115,,,
1630.000,1631.000,True,presidenta,closeup,-0.038,0.007,0.146,0.177,0.123,0.028,0.008,0.156,0.066,0.297,,,
1631.000,1632.000,True,presidenta,closeup,-0.038,-0.021,0.099,0.168,0.225,0.053,0.037,0.126,0.138,0.152,,,
1632.000,1633.000,False,,wide,,,,,,,,,,,,,
1633.000,1634.000,True,presidenta,closeup,-0.118,0.031,0.351,0.082,0.214,0.054,0.008,0.242,0.014,0.036,,,
1634.000,1635.000,True,presidenta,closeup,-0.198,-0.040,0.264,0.033,0.227,0.269,0.138,0.054,0.004,0.011,,,
1635.000,1636.000,True,presidenta,closeup,-0.028,-0.130,0.229,0.106,0.345,0.102,0.114,0.056,0.021,0.026,,,
1636.000,1637.000,True,presidenta,closeup,-0.321,-0.120,0.339,0.020,0.310,0.154,0.083,0.061,0.016,0.018,,,
1637.000,1638.000,True,presidenta,closeup,0.054,0.290,0.240,0.097,0.055,0.167,0.012,0.325,0.042,0.061,,,
1638.000,1639.000,True,presidenta,closeup,-0.283,0.045,0.072,0.017,0.180,0.302,0.230,0.077,0.116,0.007,,,
1639.000,1640.000,True,presidenta,closeup,-0.233,0.052,0.074,0.011,0.185,0.221,0.408,0.048,0.049,0.004,,,
1640.000,1641.000,True,presidenta,closeup,-0.335,0.016,0.144,0.012,0.219,0.208,0.234,0.138,0.038,0.006,,,
1641.000,1642.000,True,presidenta,closeup,-0.229,0.016,0.260,0.013,0.172,0.247,0.235,0.057,0.010,0.006,,,
1642.000,1643.000,True,presidenta,closeup,0.661,0.181,0.013,0.710,0.004,0.089,0.066,0.006,0.084,0.029,,,
1643.000,1644.000,True,presidenta,closeup,-0.183,0.008,0.535,0.016,0.108,0.125,0.025,0.147,0.004,0.038,,,
1644.000,1645.000,True,presidenta,closeup,-0.175,-0.008,0.471,0.018,0.150,0.096,0.036,0.169,0.031,0.028,,,
1645.000,1646.000,True,presidenta,closeup,-0.170,0.005,0.496,0.028,0.123,0.107,0.046,0.150,0.035,0.015,,,
1646.000,1647.000,True,presidenta,closeup,0.154,-0.035,0.457,0.230,0.093,0.084,0.006,0.077,0.018,0.036,,,
1647.000,1648.000,True,presidenta,closeup,-0.403,-0.066,0.337,0.009,0.428,0.110,0.011,0.094,0.006,0.004,,,
1648.000,1649.000,True,presidenta,closeup,0.303,0.375,0.063,0.515,0.028,0.191,0.043,0.129,0.023,0.008,,,
1649.000,1650.000,True,presidenta,closeup,-0.250,0.007,0.384,0.031,0.169,0.024,0.014,0.269,0.026,0.083,,,
1650.000,1651.000,True,presidenta,closeup,-0.069,-0.006,0.621,0.036,0.069,0.098,0.027,0.102,0.007,0.041,,,
1651.000,1652.000,True,presidenta,closeup,-0.205,0.280,0.117,0.004,0.102,0.459,0.280,0.028,0.002,0.009,,,
1652.000,1653.000,True,presidenta,closeup,-0.137,-0.103,0.436,0.067,0.219,0.139,0.020,0.059,0.038,0.023,,,
1653.000,1654.000,True,presidenta,closeup,-0.329,-0.224,0.410,0.032,0.442,0.017,0.004,0.053,0.004,0.038,,,
1654.000,1655.000,True,presidenta,closeup,-0.581,-0.087,0.232,0.002,0.614,0.007,0.005,0.126,0.006,0.008,,,
1655.000,1656.000,True,presidenta,closeup,-0.014,-0.009,0.639,0.063,0.075,0.045,0.005,0.123,0.006,0.043,,,
1656.000,1657.000,True,presidenta,closeup,0.344,-0.049,0.308,0.445,0.024,0.057,0.003,0.054,0.006,0.103,,,
1657.000,1658.000,True,presidenta,closeup,0.175,-0.036,0.405,0.189,0.053,0.077,0.025,0.051,0.166,0.033,,,
1658.000,1659.000,True,presidenta,closeup,0.493,-0.115,0.147,0.556,0.016,0.015,0.002,0.009,0.007,0.248,,,
1659.000,1660.000,True,presidenta,closeup,-0.158,0.270,0.202,0.029,0.022,0.593,0.084,0.062,0.004,0.003,,,
1660.000,1661.000,True,presidenta,closeup,-0.249,-0.039,0.574,0.023,0.231,0.026,0.009,0.112,0.009,0.016,,,
1661.000,1662.000,True,presidenta,closeup,0.057,0.150,0.119,0.082,0.046,0.072,0.003,0.103,0.371,0.205,,,
1662.000,1663.000,True,presidenta,closeup,-0.256,-0.029,0.255,0.038,0.299,0.054,0.008,0.165,0.169,0.013,,,
1663.000,1664.000,True,presidenta,closeup,-0.341,0.092,0.169,0.019,0.222,0.239,0.048,0.150,0.149,0.006,,,
1664.000,1665.000,True,presidenta,closeup,-0.058,0.201,0.225,0.036,0.063,0.324,0.179,0.112,0.053,0.009,,,
1665.000,1666.000,True,presidenta,closeup,-0.230,0.016,0.523,0.030,0.111,0.032,0.005,0.199,0.007,0.093,,,
1666.000,1667.000,True,presidenta,closeup,-0.150,-0.005,0.537,0.045,0.128,0.032,0.005,0.183,0.008,0.061,,,
1667.000,1668.000,True,presidenta,closeup,-0.229,0.039,0.498,0.028,0.084,0.131,0.052,0.170,0.011,0.025,,,
1668.000,1669.000,True,presidenta,closeup,-0.231,0.020,0.569,0.039,0.090,0.076,0.010,0.144,0.001,0.070,,,
1669.000,1670.000,True,presidenta,closeup,-0.328,0.121,0.363,0.005,0.162,0.159,0.108,0.189,0.004,0.009,,,
1670.000,1671.000,True,presidenta,closeup,-0.268,0.061,0.523,0.004,0.164,0.113,0.068,0.117,0.003,0.009,,,
1671.000,1672.000,True,presidenta,closeup,-0.278,0.033,0.548,0.011,0.169,0.117,0.058,0.071,0.020,0.006,,,
1672.000,1673.000,True,presidenta,closeup,-0.032,0.022,0.576,0.082,0.046,0.192,0.030,0.042,0.003,0.030,,,
1673.000,1674.000,True,presidenta,closeup,-0.160,-0.105,0.661,0.031,0.138,0.058,0.026,0.045,0.004,0.038,,,
1674.000,1675.000,True,presidenta,closeup,-0.345,-0.091,0.268,0.009,0.356,0.142,0.150,0.056,0.005,0.014,,,
1675.000,1676.000,True,presidenta,closeup,-0.336,-0.055,0.305,0.019,0.368,0.148,0.089,0.056,0.010,0.006,,,
1676.000,1677.000,True,presidenta,closeup,0.441,0.110,0.075,0.761,0.017,0.057,0.033,0.016,0.016,0.025,,,
1677.000,1678.000,True,presidenta,closeup,-0.090,0.142,0.257,0.034,0.037,0.546,0.065,0.041,0.002,0.019,,,
1678.000,1679.000,True,presidenta,closeup,0.029,0.093,0.186,0.100,0.089,0.400,0.132,0.049,0.036,0.009,,,
1679.000,1680.000,True,presidenta,closeup,-0.420,-0.200,0.193,0.008,0.601,0.070,0.062,0.040,0.010,0.017,,,
1680.000,1681.000,True,presidenta,closeup,0.163,0.139,0.077,0.130,0.100,0.077,0.315,0.022,0.271,0.008,,,
1681.000,1682.000,True,presidenta,closeup,-0.148,-0.001,0.250,0.102,0.303,0.108,0.013,0.145,0.036,0.044,,,
1682.000,1683.000,True,presidenta,closeup,-0.100,-0.130,0.362,0.068,0.290,0.105,0.076,0.053,0.016,0.029,,,
1683.000,1684.000,True,presidenta,closeup,-0.303,-0.155,0.195,0.007,0.476,0.097,0.152,0.055,0.005,0.012,,,
1684.000,1685.000,True,presidenta,closeup,-0.188,0.029,0.330,0.047,0.150,0.238,0.055,0.127,0.045,0.009,,,
1685.000,1686.000,True,presidenta,closeup,0.092,0.138,0.321,0.175,0.057,0.228,0.036,0.108,0.051,0.024,,,
1686.000,1687.000,True,presidenta,closeup,-0.193,-0.009,0.553,0.036,0.101,0.137,0.028,0.101,0.024,0.021,,,
1687.000,1688.000,True,presidenta,closeup,-0.100,-0.018,0.565,0.052,0.103,0.049,0.015,0.140,0.020,0.057,,,
1688.000,1689.000,True,presidenta,closeup,-0.061,-0.140,0.263,0.122,0.412,0.029,0.011,0.100,0.032,0.032,,,
1689.000,1690.000,True,presidenta,closeup,-0.309,-0.105,0.252,0.043,0.479,0.056,0.007,0.120,0.011,0.033,,,
1690.000,1691.000,True,presidenta,closeup,0.016,-0.063,0.376,0.113,0.112,0.016,0.007,0.101,0.011,0.264,,,
1691.000,1692.000,True,presidenta,closeup,-0.067,0.059,0.395,0.065,0.076,0.026,0.011,0.260,0.101,0.066,,,
1692.000,1693.000,True,presidenta,closeup,-0.306,-0.048,0.439,0.019,0.219,0.069,0.025,0.185,0.008,0.036,,,
1693.000,1694.000,True,presidenta,closeup,-0.286,0.109,0.107,0.008,0.219,0.167,0.404,0.049,0.042,0.005,,,
1694.000,1695.000,True,presidenta,closeup,-0.043,0.195,0.090,0.020,0.109,0.346,0.396,0.022,0.013,0.003,,,
1695.000,1696.000,True,presidenta,closeup,-0.336,-0.164,0.348,0.014,0.454,0.081,0.036,0.035,0.003,0.029,,,
1696.000,1697.000,True,presidenta,closeup,-0.196,0.337,0.045,0.001,0.075,0.203,0.666,0.006,0.003,0.001,,,
1697.000,1698.000,True,presidenta,closeup,-0.334,0.206,0.139,0.004,0.238,0.215,0.321,0.060,0.018,0.005,,,
1698.000,1699.000,True,presidenta,closeup,-0.363,0.086,0.122,0.006,0.375,0.145,0.296,0.033,0.018,0.005,,,
1699.000,1700.000,True,presidenta,closeup,-0.343,0.028,0.205,0.003,0.365,0.125,0.219,0.064,0.012,0.006,,,
1700.000,1701.000,True,presidenta,closeup,-0.307,0.112,0.164,0.008,0.310,0.160,0.242,0.083,0.026,0.007,,,
1701.000,1702.000,True,presidenta,closeup,-0.256,0.192,0.283,0.011,0.108,0.241,0.120,0.164,0.067,0.006,,,
1702.000,1703.000,True,presidenta,closeup,-0.331,-0.017,0.485,0.010,0.205,0.096,0.026,0.160,0.004,0.014,,,
1703.000,1704.000,True,presidenta,closeup,-0.380,-0.035,0.282,0.016,0.372,0.054,0.023,0.177,0.069,0.007,,,
1704.000,1705.000,True,presidenta,closeup,-0.148,0.164,0.286,0.027,0.084,0.156,0.093,0.274,0.063,0.015,,,
1705.000,1706.000,True,presidenta,closeup,-0.078,-0.091,0.637,0.054,0.091,0.045,0.013,0.119,0.004,0.038,,,
1706.000,1707.000,True,presidenta,closeup,-0.332,-0.035,0.363,0.007,0.308,0.194,0.080,0.038,0.001,0.009,,,
1707.000,1708.000,True,presidenta,closeup,-0.274,0.168,0.079,0.005,0.112,0.418,0.338,0.038,0.007,0.004,,,
1708.000,1709.000,True,presidenta,closeup,-0.367,-0.001,0.262,0.003,0.413,0.162,0.111,0.042,0.005,0.002,,,
1709.000,1710.000,True,presidenta,closeup,-0.343,0.031,0.137,0.005,0.301,0.337,0.191,0.024,0.002,0.003,,,
1710.000,1711.000,True,presidenta,closeup,-0.367,0.014,0.177,0.006,0.298,0.267,0.159,0.070,0.018,0.003,,,
1711.000,1712.000,True,presidenta,closeup,-0.600,-0.243,0.149,0.001,0.706,0.051,0.032,0.053,0.005,0.002,,,
1712.000,1713.000,True,presidenta,closeup,-0.479,-0.098,0.194,0.002,0.526,0.086,0.078,0.098,0.003,0.014,,,
1713.000,1714.000,True,presidenta,closeup,-0.509,0.042,0.250,0.001,0.303,0.159,0.187,0.087,0.012,0.001,,,
1714.000,1715.000,True,presidenta,closeup,-0.435,-0.063,0.287,0.001,0.373,0.159,0.116,0.059,0.003,0.003,,,
1715.000,1716.000,True,presidenta,closeup,-0.028,0.282,0.080,0.033,0.086,0.433,0.303,0.034,0.028,0.003,,,
1716.000,1717.000,True,presidenta,closeup,-0.371,-0.074,0.264,0.007,0.390,0.149,0.104,0.058,0.007,0.021,,,
1717.000,1718.000,True,presidenta,closeup,-0.362,-0.041,0.205,0.007,0.369,0.117,0.221,0.046,0.029,0.005,,,
1718.000,1719.000,True,presidenta,closeup,-0.312,-0.088,0.301,0.011,0.323,0.122,0.189,0.036,0.003,0.014,,,
1719.000,1720.000,True,presidenta,closeup,0.236,0.014,0.095,0.374,0.081,0.037,0.007,0.069,0.103,0.234,,,
1720.000,1721.000,True,presidenta,closeup,-0.020,-0.084,0.248,0.166,0.193,0.136,0.017,0.120,0.072,0.048,,,
1721.000,1722.000,True,presidenta,closeup,-0.051,-0.005,0.149,0.095,0.189,0.028,0.004,0.147,0.037,0.352,,,
1722.000,1723.000,True,presidenta,closeup,-0.208,-0.016,0.175,0.029,0.400,0.031,0.019,0.227,0.078,0.041,,,
1723.000,1724.000,True,presidenta,closeup,0.037,0.096,0.119,0.164,0.115,0.030,0.009,0.171,0.101,0.292,,,
1724.000,1725.000,True,presidenta,closeup,0.130,0.080,0.116,0.257,0.099,0.029,0.008,0.157,0.058,0.276,,,
1725.000,1726.000,True,presidenta,closeup,0.142,0.049,0.512,0.206,0.079,0.057,0.006,0.106,0.013,0.021,,,
1726.000,1727.000,True,presidenta,closeup,0.005,-0.021,0.349,0.162,0.102,0.017,0.003,0.110,0.008,0.249,,,
1727.000,1728.000,True,presidenta,closeup,0.039,0.027,0.379,0.203,0.133,0.030,0.005,0.192,0.012,0.046,,,
1728.000,1729.000,True,presidenta,closeup,0.018,0.106,0.216,0.161,0.065,0.024,0.004,0.143,0.016,0.371,,,
1729.000,1730.000,True,presidenta,closeup,-0.481,-0.018,0.215,0.014,0.413,0.048,0.010,0.227,0.037,0.037,,,
1730.000,1731.000,True,presidenta,closeup,-0.303,-0.160,0.230,0.051,0.494,0.020,0.006,0.106,0.046,0.047,,,
1731.000,1732.000,True,presidenta,closeup,-0.212,-0.095,0.325,0.073,0.337,0.060,0.008,0.123,0.039,0.035,,,
1732.000,1733.000,True,presidenta,closeup,-0.361,0.005,0.266,0.018,0.277,0.098,0.020,0.200,0.097,0.024,,,
1733.000,1734.000,True,presidenta,closeup,-0.125,-0.082,0.245,0.094,0.407,0.068,0.038,0.080,0.055,0.013,,,
1734.000,1735.000,True,presidenta,closeup,-0.294,-0.067,0.228,0.036,0.359,0.091,0.058,0.103,0.113,0.012,,,
1735.000,1736.000,True,presidenta,closeup,0.084,0.082,0.231,0.246,0.103,0.187,0.036,0.114,0.065,0.018,,,
1736.000,1737.000,True,presidenta,closeup,-0.309,-0.053,0.326,0.043,0.337,0.093,0.038,0.102,0.050,0.011,,,
1737.000,1738.000,True,presidenta,closeup,-0.292,0.010,0.585,0.011,0.186,0.063,0.038,0.109,0.002,0.008,,,
1738.000,1739.000,True,presidenta,closeup,0.628,0.067,0.046,0.830,0.006,0.019,0.006,0.024,0.044,0.025,,,
1739.000,1740.000,True,presidenta,closeup,0.171,0.053,0.273,0.288,0.048,0.096,0.018,0.123,0.065,0.089,,,
1740.000,1741.000,True,presidenta,closeup,0.186,0.127,0.191,0.171,0.030,0.308,0.049,0.051,0.137,0.062,,,
1741.000,1742.000,True,presidenta,closeup,-0.351,0.155,0.148,0.003,0.196,0.486,0.099,0.049,0.005,0.013,,,
1742.000,1743.000,True,presidenta,closeup,-0.282,-0.044,0.134,0.015,0.351,0.207,0.195,0.035,0.054,0.009,,,
1743.000,1744.000,True,presidenta,closeup,-0.250,-0.066,0.258,0.048,0.269,0.263,0.029,0.107,0.018,0.008,,,
1744.000,1745.000,True,presidenta,closeup,-0.317,0.034,0.231,0.012,0.248,0.163,0.104,0.143,0.092,0.006,,,
1745.000,1746.000,True,presidenta,closeup,-0.286,-0.033,0.249,0.048,0.233,0.146,0.045,0.138,0.104,0.038,,,
1746.000,1747.000,True,presidenta,closeup,-0.213,-0.036,0.341,0.055,0.269,0.108,0.027,0.147,0.035,0.017,,,
1747.000,1748.000,True,presidenta,closeup,-0.307,0.131,0.203,0.021,0.147,0.134,0.068,0.262,0.063,0.101,,,
1748.000,1749.000,True,presidenta,closeup,-0.460,0.160,0.148,0.013,0.244,0.058,0.012,0.313,0.182,0.030,,,
1749.000,1750.000,True,presidenta,closeup,-0.040,0.026,0.315,0.107,0.174,0.059,0.015,0.196,0.093,0.041,,,
1750.000,1751.000,True,presidenta,closeup,-0.339,-0.030,0.410,0.014,0.231,0.010,0.004,0.266,0.015,0.049,,,
1751.000,1752.000,True,presidenta,closeup,0.031,-0.149,0.599,0.079,0.123,0.005,0.002,0.092,0.003,0.096,,,
1752.000,1753.000,True,presidenta,closeup,-0.302,0.002,0.409,0.010,0.250,0.200,0.064,0.047,0.001,0.020,,,
1753.000,1754.000,True,presidenta,closeup,-0.452,-0.156,0.162,0.004,0.554,0.086,0.139,0.045,0.003,0.006,,,
1754.000,1755.000,True,presidenta,closeup,-0.346,-0.132,0.232,0.017,0.520,0.069,0.075,0.063,0.011,0.015,,,
1755.000,1756.000,True,presidenta,closeup,-0.464,-0.137,0.341,0.014,0.440,0.098,0.027,0.053,0.019,0.008,,,
1756.000,1757.000,True,presidenta,closeup,-0.321,-0.132,0.249,0.017,0.390,0.096,0.126,0.076,0.030,0.015,,,
1757.000,1758.000,True,presidenta,closeup,-0.442,-0.007,0.080,0.005,0.381,0.124,0.282,0.067,0.053,0.008,,,
1758.000,1759.000,True,presidenta,closeup,-0.244,0.135,0.080,0.008,0.186,0.275,0.395,0.039,0.010,0.008,,,
1759.000,1760.000,True,presidenta,closeup,-0.346,0.081,0.132,0.006,0.226,0.399,0.191,0.030,0.013,0.003,,,
1760.000,1761.000,True,presidenta,closeup,-0.341,-0.064,0.085,0.009,0.409,0.095,0.294,0.046,0.056,0.006,,,
1761.000,1762.000,True,presidenta,closeup,-0.347,0.089,0.155,0.006,0.253,0.241,0.291,0.042,0.004,0.007,,,
1762.000,1763.000,True,presidenta,closeup,-0.508,-0.025,0.165,0.004,0.397,0.193,0.069,0.131,0.015,0.025,,,
1763.000,1764.000,True,presidenta,closeup,0.066,0.071,0.082,0.111,0.073,0.364,0.161,0.063,0.125,0.021,,,
1764.000,1765.000,True,presidenta,closeup,-0.317,-0.058,0.308,0.010,0.260,0.189,0.133,0.083,0.003,0.015,,,
1765.000,1766.000,True,presidenta,closeup,-0.107,0.059,0.452,0.061,0.085,0.233,0.032,0.115,0.004,0.018,,,
1766.000,1767.000,True,presidenta,closeup,-0.300,0.341,0.116,0.003,0.071,0.419,0.273,0.069,0.047,0.002,,,
1767.000,1768.000,True,presidenta,closeup,-0.114,0.172,0.111,0.028,0.117,0.550,0.137,0.036,0.013,0.009,,,
1768.000,1769.000,True,presidenta,closeup,-0.228,-0.003,0.216,0.016,0.241,0.252,0.191,0.040,0.007,0.037,,,
1769.000,1770.000,True,presidenta,closeup,-0.012,0.221,0.195,0.073,0.029,0.392,0.113,0.120,0.066,0.012,,,
1770.000,1771.000,True,presidenta,closeup,-0.242,0.084,0.077,0.011,0.201,0.322,0.303,0.048,0.031,0.007,,,
1771.000,1772.000,True,presidenta,closeup,0.129,0.254,0.031,0.103,0.050,0.237,0.191,0.021,0.338,0.029,,,
1772.000,1773.000,True,presidenta,closeup,-0.103,0.081,0.180,0.031,0.176,0.251,0.260,0.064,0.011,0.028,,,
1773.000,1774.000,True,presidenta,closeup,0.181,0.200,0.046,0.088,0.039,0.609,0.141,0.027,0.041,0.008,,,
1774.000,1775.000,True,presidenta,closeup,-0.071,0.246,0.048,0.036,0.087,0.398,0.313,0.047,0.064,0.006,,,
1775.000,1776.000,True,presidenta,closeup,-0.452,-0.269,0.380,0.003,0.532,0.027,0.009,0.032,0.001,0.016,,,
1776.000,1777.000,True,presidenta,closeup,-0.289,0.271,0.381,0.008,0.139,0.191,0.052,0.206,0.012,0.011,,,
1777.000,1778.000,True,presidenta,closeup,-0.091,0.248,0.173,0.057,0.084,0.163,0.138,0.179,0.189,0.017,,,
1778.000,1779.000,True,presidenta,closeup,0.219,0.021,0.095,0.145,0.089,0.548,0.058,0.008,0.018,0.039,,,
1779.000,1780.000,True,presidenta,closeup,-0.322,-0.061,0.139,0.007,0.413,0.208,0.150,0.040,0.030,0.012,,,
1780.000,1781.000,True,presidenta,closeup,-0.475,-0.229,0.145,0.009,0.563,0.087,0.053,0.048,0.083,0.012,,,
1781.000,1782.000,True,presidenta,closeup,-0.366,-0.067,0.151,0.039,0.449,0.132,0.085,0.079,0.062,0.003,,,
1782.000,1783.000,True,presidenta,closeup,-0.119,0.221,0.068,0.032,0.115,0.182,0.290,0.088,0.221,0.004,,,
1783.000,1784.000,True,presidenta,closeup,-0.344,0.009,0.104,0.007,0.475,0.191,0.183,0.029,0.007,0.004,,,
1784.000,1785.000,True,presidenta,closeup,-0.503,-0.072,0.185,0.005,0.539,0.114,0.107,0.038,0.004,0.009,,,
1785.000,1786.000,True,presidenta,closeup,0.123,-0.116,0.394,0.288,0.161,0.041,0.010,0.057,0.021,0.029,,,
1786.000,1787.000,True,presidenta,closeup,-0.090,0.038,0.376,0.078,0.186,0.188,0.026,0.117,0.023,0.005,,,
1787.000,1788.000,True,presidenta,closeup,-0.297,-0.120,0.443,0.032,0.370,0.026,0.002,0.090,0.005,0.032,,,
1788.000,1789.000,True,presidenta,closeup,0.462,0.063,0.101,0.692,0.007,0.028,0.007,0.025,0.096,0.044,,,
1789.000,1790.000,True,presidenta,closeup,0.219,0.052,0.127,0.137,0.088,0.511,0.082,0.013,0.027,0.015,,,
1790.000,1791.000,True,presidenta,closeup,0.252,-0.073,0.135,0.494,0.098,0.030,0.006,0.042,0.134,0.062,,,
1791.000,1792.000,True,presidenta,closeup,0.218,0.141,0.298,0.270,0.049,0.086,0.002,0.146,0.032,0.117,,,
1792.000,1793.000,True,presidenta,closeup,0.711,0.143,0.010,0.826,0.003,0.006,0.001,0.004,0.036,0.114,,,
1793.000,1794.000,True,presidenta,closeup,-0.154,0.266,0.246,0.031,0.047,0.245,0.047,0.299,0.058,0.025,,,
1794.000,1795.000,True,presidenta,closeup,0.019,0.606,0.022,0.011,0.017,0.722,0.211,0.011,0.003,0.002,,,
1795.000,1796.000,True,presidenta,closeup,-0.171,0.141,0.128,0.029,0.219,0.431,0.144,0.031,0.005,0.012,,,
1796.000,1797.000,True,presidenta,closeup,-0.398,-0.035,0.062,0.004,0.496,0.092,0.323,0.015,0.006,0.002,,,
1797.000,1798.000,True,presidenta,closeup,-0.207,0.309,0.054,0.006,0.098,0.356,0.460,0.019,0.004,0.002,,,
1798.000,1799.000,True,presidenta,closeup,0.414,0.063,0.127,0.642,0.024,0.036,0.013,0.025,0.093,0.040,,,
1799.000,1800.000,True,presidenta,closeup,-0.129,0.057,0.468,0.081,0.089,0.077,0.008,0.124,0.009,0.144,,,
1800.000,1801.000,True,presidenta,closeup,-0.382,0.063,0.175,0.006,0.319,0.148,0.111,0.198,0.019,0.024,,,
1801.000,1802.000,True,presidenta,closeup,-0.351,-0.111,0.288,0.017,0.407,0.034,0.036,0.143,0.009,0.067,,,
1802.000,1803.000,True,presidenta,closeup,-0.307,-0.063,0.162,0.010,0.343,0.186,0.161,0.082,0.040,0.015,,,
1803.000,1804.000,True,presidenta,closeup,-0.001,-0.138,0.177,0.220,0.305,0.110,0.040,0.043,0.072,0.034,,,
1804.000,1805.000,True,presidenta,closeup,-0.492,-0.061,0.190,0.016,0.458,0.140,0.094,0.086,0.011,0.006,,,
1805.000,1806.000,True,presidenta,closeup,-0.145,0.474,0.082,0.026,0.067,0.280,0.386,0.100,0.044,0.016,,,
1806.000,1807.000,True,presidenta,closeup,-0.263,0.205,0.087,0.016,0.247,0.185,0.300,0.071,0.090,0.004,,,
1807.000,1808.000,True,presidenta,closeup,-0.483,-0.159,0.077,0.002,0.656,0.054,0.157,0.035,0.017,0.002,,,
1808.000,1809.000,True,presidenta,closeup,-0.428,-0.264,0.182,0.009,0.663,0.045,0.035,0.049,0.011,0.005,,,
1809.000,1810.000,True,presidenta,closeup,-0.407,-0.159,0.097,0.003,0.607,0.059,0.188,0.024,0.019,0.004,,,
1810.000,1811.000,True,presidenta,closeup,-0.305,0.221,0.118,0.007,0.194,0.266,0.361,0.044,0.008,0.003,,,
1811.000,1812.000,True,presidenta,closeup,-0.490,-0.192,0.089,0.004,0.661,0.100,0.100,0.037,0.006,0.002,,,
1812.000,1813.000,True,presidenta,closeup,-0.362,-0.235,0.078,0.015,0.695,0.059,0.087,0.038,0.020,0.008,,,
1813.000,1814.000,True,presidenta,closeup,-0.209,-0.046,0.129,0.042,0.265,0.133,0.143,0.108,0.174,0.006,,,
1814.000,1815.000,True,presidenta,closeup,-0.374,0.002,0.174,0.008,0.355,0.324,0.078,0.036,0.004,0.021,,,
1815.000,1816.000,True,presidenta,closeup,-0.368,-0.112,0.282,0.036,0.416,0.058,0.025,0.153,0.012,0.018,,,
1816.000,1817.000,True,presidenta,closeup,-0.061,-0.071,0.278,0.115,0.183,0.138,0.094,0.086,0.050,0.055,,,
1817.000,1818.000,True,presidenta,closeup,-0.039,0.152,0.112,0.053,0.098,0.317,0.244,0.072,0.088,0.015,,,
1818.000,1819.000,True,presidenta,closeup,0.160,0.103,0.047,0.185,0.055,0.209,0.104,0.016,0.278,0.106,,,
1819.000,1820.000,True,presidenta,closeup,0.109,-0.040,0.075,0.383,0.132,0.037,0.008,0.030,0.172,0.163,,,
1820.000,1821.000,True,presidenta,closeup,-0.314,-0.037,0.432,0.007,0.302,0.172,0.040,0.033,0.001,0.012,,,
1821.000,1822.000,True,presidenta,closeup,-0.447,-0.201,0.162,0.003,0.544,0.105,0.120,0.055,0.008,0.003,,,
1822.000,1823.000,True,presidenta,closeup,0.163,0.004,0.334,0.205,0.082,0.251,0.046,0.043,0.020,0.019,,,
1823.000,1824.000,True,presidenta,closeup,-0.185,-0.060,0.479,0.048,0.215,0.107,0.028,0.090,0.007,0.026,,,
1824.000,1825.000,True,presidenta,closeup,0.051,0.066,0.281,0.105,0.139,0.110,0.145,0.087,0.123,0.011,,,
1825.000,1826.000,True,presidenta,closeup,-0.334,-0.009,0.299,0.004,0.385,0.057,0.069,0.174,0.007,0.005,,,
1826.000,1827.000,True,presidenta,closeup,0.030,0.131,0.262,0.065,0.085,0.315,0.081,0.121,0.063,0.008,,,
1827.000,1828.000,True,presidenta,closeup,-0.135,0.311,0.080,0.018,0.107,0.299,0.197,0.167,0.125,0.007,,,
1828.000,1829.000,True,presidenta,closeup,-0.289,0.227,0.118,0.012,0.187,0.220,0.221,0.176,0.058,0.008,,,
1829.000,1830.000,True,presidenta,closeup,-0.216,0.020,0.225,0.071,0.245,0.088,0.022,0.144,0.025,0.178,,,
1830.000,1831.000,True,presidenta,closeup,-0.182,0.064,0.331,0.017,0.192,0.178,0.049,0.151,0.066,0.017,,,
1831.000,1832.000,True,presidenta,closeup,-0.232,0.446,0.080,0.004,0.063,0.467,0.246,0.071,0.068,0.001,,,
1832.000,1833.000,True,presidenta,closeup,-0.272,0.104,0.212,0.009,0.252,0.224,0.098,0.151,0.048,0.007,,,
1833.000,1834.000,True,presidenta,closeup,-0.214,0.057,0.236,0.012,0.212,0.405,0.074,0.030,0.029,0.004,,,
1834.000,1835.000,True,presidenta,closeup,-0.193,0.241,0.059,0.008,0.115,0.377,0.394,0.019,0.025,0.003,,,
1835.000,1836.000,True,presidenta,closeup,-0.448,-0.046,0.193,0.008,0.463,0.164,0.088,0.066,0.013,0.004,,,
1836.000,1837.000,True,presidenta,closeup,-0.474,-0.094,0.162,0.005,0.430,0.151,0.128,0.079,0.040,0.005,,,
1837.000,1838.000,True,presidenta,closeup,0.111,-0.000,0.283,0.120,0.104,0.218,0.102,0.057,0.095,0.022,,,
1838.000,1839.000,True,presidenta,closeup,0.648,-0.115,0.014,0.582,0.006,0.003,0.000,0.001,0.015,0.377,,,
1839.000,1840.000,True,presidenta,closeup,0.222,-0.092,0.129,0.243,0.115,0.007,0.006,0.025,0.220,0.255,,,
1840.000,1841.000,False,,wide,,,,,,,,,,,,,
1841.000,1842.000,False,,wide,,,,,,,,,,,,,
1842.000,1843.000,False,,wide,,,,,,,,,,,,,
1843.000,1844.000,False,,wide,,,,,,,,,,,,,
1844.000,1845.000,False,,wide,,,,,,,,,,,,,
1845.000,1846.000,False,,wide,,,,,,,,,,,,,
1846.000,1847.000,False,,wide,,,,,,,,,,,,,
1847.000,1848.000,False,,wide,,,,,,,,,,,,,
1848.000,1849.000,True,otro,closeup,-0.204,0.164,0.407,0.010,0.127,0.190,0.030,0.224,0.003,0.009,,,
1849.000,1850.000,True,otro,closeup,-0.048,-0.079,0.687,0.019,0.095,0.071,0.004,0.090,0.002,0.030,,,
1850.000,1851.000,True,otro,closeup,-0.345,0.031,0.547,0.004,0.098,0.018,0.011,0.289,0.001,0.032,,,
1851.000,1852.000,True,otro,closeup,-0.273,-0.021,0.694,0.007,0.074,0.025,0.010,0.159,0.001,0.030,,,
1852.000,1853.000,True,otro,closeup,0.073,0.137,0.435,0.029,0.048,0.313,0.014,0.127,0.005,0.029,,,
1853.000,1854.000,True,otro,closeup,-0.021,0.141,0.461,0.016,0.067,0.253,0.015,0.165,0.005,0.017,,,
1854.000,1855.000,True,otro,closeup,0.082,0.102,0.440,0.029,0.057,0.318,0.013,0.109,0.004,0.031,,,
1855.000,1856.000,True,otro,closeup,0.043,0.137,0.482,0.023,0.056,0.243,0.012,0.153,0.006,0.024,,,
1856.000,1857.000,True,otro,closeup,-0.019,0.122,0.445,0.017,0.065,0.240,0.015,0.184,0.008,0.024,,,
1857.000,1858.000,True,otro,closeup,-0.044,0.156,0.441,0.014,0.064,0.233,0.015,0.202,0.007,0.023,,,
1858.000,1859.000,True,otro,closeup,-0.031,0.148,0.461,0.018,0.054,0.219,0.011,0.206,0.007,0.024,,,
1859.000,1860.000,True,otro,closeup,0.027,0.127,0.466,0.031,0.061,0.229,0.011,0.165,0.009,0.028,,,
1860.000,1861.000,True,otro,closeup,0.020,0.153,0.420,0.021,0.061,0.254,0.014,0.195,0.010,0.025,,,
1861.000,1862.000,True,otro,closeup,-0.009,0.146,0.409,0.021,0.073,0.221,0.014,0.224,0.010,0.028,,,
1862.000,1863.000,True,otro,closeup,-0.005,0.153,0.386,0.024,0.054,0.305,0.018,0.177,0.011,0.025,,,
1863.000,1864.000,True,otro,closeup,-0.087,0.051,0.544,0.012,0.091,0.172,0.011,0.144,0.003,0.024,,,
1864.000,1865.000,True,otro,closeup,-0.214,-0.008,0.466,0.006,0.195,0.155,0.009,0.152,0.001,0.015,,,
1865.000,1866.000,True,otro,closeup,-0.235,0.053,0.451,0.006,0.173,0.171,0.011,0.174,0.003,0.012,,,
1866.000,1867.000,True,otro,closeup,-0.227,0.040,0.423,0.006,0.219,0.183,0.008,0.147,0.002,0.012,,,
1867.000,1868.000,True,otro,closeup,0.038,0.168,0.316,0.041,0.056,0.382,0.020,0.134,0.014,0.037,,,
1868.000,1869.000,True,otro,closeup,0.073,0.178,0.317,0.057,0.047,0.375,0.026,0.113,0.023,0.041,,,
1869.000,1870.000,True,otro,closeup,-0.312,0.077,0.579,0.007,0.060,0.019,0.009,0.285,0.001,0.041,,,
1870.000,1871.000,True,otro,closeup,0.101,0.249,0.225,0.109,0.039,0.478,0.011,0.071,0.023,0.044,,,
1871.000,1872.000,True,otro,closeup,0.129,0.318,0.176,0.091,0.035,0.542,0.012,0.067,0.018,0.059,,,
1872.000,1873.000,True,otro,closeup,0.085,0.257,0.261,0.082,0.040,0.467,0.011,0.084,0.014,0.041,,,
1873.000,1874.000,True,otro,closeup,0.091,0.216,0.227,0.167,0.102,0.312,0.023,0.076,0.026,0.066,,,
1874.000,1875.000,True,otro,closeup,0.040,0.246,0.240,0.131,0.087,0.328,0.021,0.087,0.031,0.075,,,
1875.000,1876.000,True,otro,closeup,0.245,0.323,0.140,0.125,0.029,0.560,0.012,0.052,0.020,0.062,,,
1876.000,1877.000,True,otro,closeup,0.194,0.253,0.185,0.168,0.048,0.424,0.018,0.055,0.017,0.085,,,
1877.000,1878.000,True,otro,closeup,0.452,0.129,0.048,0.603,0.010,0.098,0.003,0.048,0.170,0.020,,,
1878.000,1879.000,True,otro,closeup,0.185,-0.039,0.280,0.232,0.008,0.015,0.002,0.040,0.002,0.421,,,
1879.000,1880.000,True,presidenta,closeup,0.425,0.218,0.024,0.663,0.002,0.015,0.002,0.043,0.238,0.012,,,
1880.000,1881.000,True,presidenta,closeup,0.768,0.079,0.000,0.999,0.000,0.000,0.000,0.000,0.000,0.000,,,
1881.000,1882.000,True,presidenta,closeup,0.454,0.058,0.060,0.648,0.030,0.119,0.003,0.029,0.029,0.081,,,
1882.000,1883.000,True,presidenta,closeup,0.194,0.145,0.101,0.283,0.061,0.324,0.027,0.117,0.065,0.023,,,
1883.000,1884.000,True,presidenta,closeup,-0.026,-0.075,0.236,0.114,0.309,0.071,0.022,0.166,0.052,0.031,,,
1884.000,1885.000,True,presidenta,closeup,0.319,0.080,0.055,0.518,0.054,0.114,0.010,0.052,0.133,0.065,,,
1885.000,1886.000,True,presidenta,closeup,0.482,0.163,0.036,0.710,0.022,0.084,0.007,0.044,0.031,0.065,,,
1886.000,1887.000,True,presidenta,closeup,0.221,0.044,0.156,0.295,0.082,0.057,0.005,0.084,0.058,0.263,,,
1887.000,1888.000,True,presidenta,closeup,0.412,0.175,0.120,0.559,0.013,0.061,0.021,0.080,0.130,0.016,,,
1888.000,1889.000,True,presidenta,closeup,-0.241,-0.040,0.252,0.030,0.181,0.011,0.010,0.184,0.199,0.133,,,
1889.000,1890.000,True,presidenta,closeup,0.430,0.136,0.108,0.662,0.031,0.045,0.013,0.032,0.076,0.032,,,
1890.000,1891.000,True,presidenta,closeup,-0.079,-0.059,0.509,0.067,0.232,0.037,0.022,0.075,0.015,0.043,,,
1891.000,1892.000,True,presidenta,closeup,0.392,0.043,0.148,0.445,0.047,0.021,0.014,0.030,0.242,0.053,,,
1892.000,1893.000,True,presidenta,closeup,0.631,0.239,0.007,0.873,0.003,0.024,0.002,0.003,0.033,0.056,,,
1893.000,1894.000,True,presidenta,closeup,0.144,-0.075,0.322,0.328,0.130,0.054,0.002,0.056,0.021,0.086,,,
1894.000,1895.000,True,presidenta,closeup,0.320,0.137,0.150,0.406,0.023,0.155,0.026,0.064,0.135,0.040,,,
1895.000,1896.000,True,presidenta,closeup,0.309,0.077,0.191,0.285,0.039,0.064,0.028,0.051,0.249,0.094,,,
1896.000,1897.000,True,presidenta,closeup,0.358,-0.020,0.053,0.455,0.033,0.015,0.002,0.035,0.082,0.324,,,
1897.000,1898.000,True,presidenta,closeup,0.047,-0.039,0.205,0.213,0.278,0.184,0.020,0.028,0.064,0.009,,,
1898.000,1899.000,True,presidenta,closeup,-0.268,-0.077,0.145,0.020,0.366,0.318,0.062,0.045,0.034,0.009,,,
1899.000,1900.000,True,presidenta,closeup,0.011,-0.037,0.210,0.100,0.307,0.176,0.089,0.045,0.052,0.022,,,
1900.000,1901.000,True,presidenta,closeup,0.006,0.150,0.285,0.099,0.188,0.157,0.087,0.075,0.097,0.012,,,
1901.000,1902.000,True,presidenta,closeup,0.246,-0.102,0.457,0.263,0.083,0.031,0.007,0.049,0.005,0.106,,,
1902.000,1903.000,True,presidenta,closeup,0.243,0.066,0.107,0.375,0.056,0.067,0.017,0.091,0.094,0.193,,,
1903.000,1904.000,True,presidenta,closeup,-0.028,-0.057,0.253,0.107,0.277,0.095,0.016,0.117,0.046,0.090,,,
1904.000,1905.000,True,presidenta,closeup,0.311,-0.057,0.072,0.485,0.116,0.009,0.005,0.015,0.083,0.215,,,
1905.000,1906.000,True,presidenta,closeup,-0.203,-0.076,0.197,0.064,0.513,0.011,0.012,0.092,0.072,0.038,,,
1906.000,1907.000,True,presidenta,closeup,0.298,0.175,0.124,0.219,0.034,0.084,0.064,0.043,0.407,0.026,,,
1907.000,1908.000,True,presidenta,closeup,0.134,0.101,0.179,0.193,0.079,0.091,0.011,0.151,0.242,0.054,,,
1908.000,1909.000,True,presidenta,closeup,-0.242,0.016,0.257,0.006,0.260,0.323,0.103,0.038,0.007,0.006,,,
1909.000,1910.000,True,presidenta,closeup,-0.161,-0.084,0.168,0.031,0.306,0.248,0.165,0.031,0.038,0.013,,,
1910.000,1911.000,True,presidenta,closeup,0.053,-0.027,0.178,0.089,0.224,0.242,0.101,0.038,0.089,0.039,,,
1911.000,1912.000,True,presidenta,closeup,0.413,0.138,0.071,0.513,0.032,0.068,0.005,0.042,0.053,0.217,,,
1912.000,1913.000,True,presidenta,closeup,0.126,0.130,0.264,0.175,0.079,0.117,0.009,0.142,0.117,0.096,,,
1913.000,1914.000,True,presidenta,closeup,0.006,0.212,0.130,0.081,0.108,0.094,0.011,0.254,0.189,0.133,,,
1914.000,1915.000,True,presidenta,closeup,-0.011,0.013,0.277,0.158,0.295,0.078,0.019,0.114,0.047,0.013,,,
1915.000,1916.000,True,presidenta,closeup,-0.243,0.064,0.401,0.025,0.150,0.143,0.128,0.136,0.011,0.006,,,
1916.000,1917.000,True,presidenta,closeup,-0.344,0.042,0.643,0.011,0.059,0.136,0.006,0.117,0.001,0.028,,,
1917.000,1918.000,True,presidenta,closeup,0.408,-0.130,0.208,0.569,0.018,0.014,0.002,0.007,0.011,0.172,,,
1918.000,1919.000,True,presidenta,closeup,-0.287,0.031,0.465,0.025,0.173,0.118,0.030,0.140,0.010,0.039,,,
1919.000,1920.000,True,presidenta,closeup,0.605,0.036,0.022,0.830,0.005,0.006,0.001,0.002,0.016,0.118,,,
1920.000,1921.000,True,presidenta,closeup,-0.218,-0.176,0.510,0.063,0.286,0.022,0.004,0.062,0.014,0.039,,,
1921.000,1922.000,True,presidenta,closeup,-0.440,-0.130,0.170,0.024,0.524,0.121,0.050,0.046,0.060,0.005,,,
1922.000,1923.000,True,presidenta,closeup,-0.386,-0.031,0.258,0.007,0.382,0.195,0.082,0.061,0.006,0.010,,,
1923.000,1924.000,True,presidenta,closeup,-0.381,-0.139,0.272,0.006,0.377,0.141,0.126,0.047,0.005,0.025,,,
1924.000,1925.000,True,presidenta,closeup,-0.111,-0.019,0.202,0.023,0.248,0.328,0.149,0.023,0.008,0.020,,,
1925.000,1926.000,True,presidenta,closeup,-0.260,0.337,0.156,0.001,0.096,0.234,0.439,0.068,0.004,0.002,,,
1926.000,1927.000,True,presidenta,closeup,-0.213,-0.063,0.483,0.038,0.187,0.101,0.031,0.124,0.015,0.021,,,
1927.000,1928.000,True,presidenta,closeup,0.003,-0.033,0.469,0.140,0.079,0.090,0.020,0.112,0.064,0.026,,,
1928.000,1929.000,True,presidenta,closeup,0.042,0.082,0.323,0.192,0.103,0.095,0.064,0.067,0.137,0.019,,,
1929.000,1930.000,True,presidenta,closeup,-0.193,0.213,0.056,0.022,0.090,0.302,0.320,0.047,0.160,0.003,,,
1930.000,1931.000,True,presidenta,closeup,0.030,0.051,0.154,0.118,0.162,0.280,0.195,0.049,0.032,0.011,,,
1931.000,1932.000,True,presidenta,closeup,-0.127,0.053,0.261,0.064,0.196,0.254,0.168,0.030,0.013,0.013,,,
1932.000,1933.000,True,presidenta,closeup,-0.100,0.076,0.274,0.100,0.115,0.214,0.131,0.084,0.066,0.015,,,
1933.000,1934.000,True,presidenta,closeup,-0.008,0.404,0.074,0.065,0.023,0.599,0.193,0.040,0.004,0.002,,,
1934.000,1935.000,True,presidenta,closeup,-0.217,0.094,0.157,0.015,0.143,0.420,0.088,0.106,0.067,0.004,,,
1935.000,1936.000,True,presidenta,closeup,-0.168,0.041,0.128,0.022,0.224,0.360,0.226,0.024,0.009,0.006,,,
1936.000,1937.000,True,presidenta,closeup,0.275,0.153,0.057,0.287,0.070,0.295,0.164,0.019,0.086,0.022,,,
1937.000,1938.000,True,presidenta,closeup,0.669,0.297,0.006,0.713,0.004,0.057,0.038,0.003,0.170,0.009,,,
1938.000,1939.000,True,presidenta,closeup,0.696,0.170,0.011,0.889,0.010,0.015,0.008,0.002,0.061,0.005,,,
1939.000,1940.000,True,presidenta,closeup,0.525,0.019,0.098,0.763,0.032,0.043,0.005,0.004,0.011,0.045,,,
1940.000,1941.000,True,presidenta,closeup,0.190,-0.023,0.206,0.208,0.123,0.201,0.046,0.048,0.097,0.071,,,
1941.000,1942.000,True,presidenta,closeup,-0.188,-0.023,0.377,0.026,0.151,0.344,0.038,0.032,0.002,0.030,,,
1942.000,1943.000,True,presidenta,closeup,0.690,0.206,0.015,0.691,0.008,0.182,0.063,0.003,0.026,0.011,,,
1943.000,1944.000,True,presidenta,closeup,-0.293,-0.013,0.398,0.020,0.214,0.213,0.062,0.052,0.003,0.038,,,
1944.000,1945.000,True,presidenta,closeup,0.795,0.250,0.000,0.957,0.000,0.014,0.001,0.000,0.011,0.015,,,
1945.000,1946.000,True,presidenta,closeup,-0.213,0.071,0.577,0.026,0.112,0.175,0.016,0.069,0.002,0.022,,,
1946.000,1947.000,True,presidenta,closeup,-0.317,-0.021,0.551,0.019,0.217,0.067,0.034,0.085,0.017,0.009,,,
1947.000,1948.000,True,presidenta,closeup,-0.119,0.051,0.576,0.045,0.129,0.124,0.033,0.057,0.012,0.024,,,
1948.000,1949.000,True,presidenta,closeup,0.394,0.222,0.102,0.445,0.022,0.215,0.133,0.030,0.036,0.017,,,
1949.000,1950.000,True,presidenta,closeup,-0.054,0.149,0.318,0.046,0.128,0.192,0.202,0.080,0.009,0.026,,,
1950.000,1951.000,True,presidenta,closeup,-0.173,0.250,0.245,0.019,0.087,0.326,0.155,0.110,0.054,0.004,,,
1951.000,1952.000,True,presidenta,closeup,-0.058,0.132,0.401,0.052,0.087,0.290,0.067,0.075,0.015,0.012,,,
1952.000,1953.000,True,presidenta,closeup,-0.168,0.082,0.374,0.020,0.232,0.176,0.094,0.087,0.007,0.010,,,
1953.000,1954.000,True,presidenta,closeup,-0.338,0.040,0.322,0.009,0.262,0.129,0.069,0.183,0.019,0.008,,,
1954.000,1955.000,True,presidenta,closeup,-0.364,0.067,0.194,0.010,0.240,0.176,0.053,0.156,0.158,0.013,,,
1955.000,1956.000,True,presidenta,closeup,0.155,0.233,0.116,0.070,0.034,0.666,0.020,0.045,0.041,0.007,,,
1956.000,1957.000,True,presidenta,closeup,-0.336,0.207,0.075,0.007,0.141,0.585,0.133,0.047,0.011,0.002,,,
1957.000,1958.000,True,presidenta,closeup,-0.319,0.357,0.076,0.004,0.133,0.484,0.237,0.055,0.008,0.002,,,
1958.000,1959.000,True,presidenta,closeup,0.116,0.061,0.121,0.115,0.109,0.184,0.309,0.053,0.098,0.010,,,
1959.000,1960.000,True,presidenta,closeup,-0.278,0.080,0.268,0.021,0.138,0.236,0.085,0.185,0.054,0.013,,,
1960.000,1961.000,True,presidenta,closeup,-0.096,-0.138,0.413,0.063,0.218,0.071,0.018,0.076,0.009,0.132,,,
1961.000,1962.000,True,presidenta,closeup,0.089,0.002,0.262,0.234,0.109,0.155,0.039,0.086,0.050,0.064,,,
1962.000,1963.000,True,presidenta,closeup,-0.222,-0.018,0.325,0.032,0.287,0.133,0.045,0.094,0.060,0.025,,,
1963.000,1964.000,True,presidenta,closeup,-0.262,-0.071,0.599,0.014,0.149,0.033,0.018,0.140,0.005,0.041,,,
1964.000,1965.000,True,presidenta,closeup,-0.434,-0.188,0.193,0.009,0.544,0.133,0.061,0.033,0.003,0.024,,,
1965.000,1966.000,True,presidenta,closeup,-0.279,-0.016,0.237,0.017,0.285,0.236,0.123,0.075,0.010,0.016,,,
1966.000,1967.000,True,presidenta,closeup,-0.343,-0.004,0.213,0.005,0.262,0.244,0.208,0.048,0.008,0.012,,,
1967.000,1968.000,True,presidenta,closeup,-0.250,0.006,0.157,0.014,0.225,0.206,0.199,0.083,0.100,0.015,,,
1968.000,1969.000,True,presidenta,closeup,0.805,0.219,0.004,0.883,0.002,0.029,0.011,0.001,0.035,0.035,,,
1969.000,1970.000,True,presidenta,closeup,-0.241,0.031,0.200,0.022,0.201,0.401,0.095,0.062,0.007,0.012,,,
1970.000,1971.000,True,presidenta,closeup,0.274,-0.164,0.159,0.326,0.108,0.139,0.027,0.020,0.016,0.205,,,
1971.000,1972.000,True,presidenta,closeup,-0.289,-0.107,0.180,0.016,0.332,0.182,0.171,0.065,0.028,0.025,,,
1972.000,1973.000,True,presidenta,closeup,-0.180,0.003,0.261,0.047,0.207,0.130,0.042,0.088,0.174,0.051,,,
1973.000,1974.000,True,presidenta,closeup,-0.302,0.118,0.363,0.006,0.178,0.185,0.084,0.164,0.011,0.009,,,
1974.000,1975.000,True,presidenta,closeup,0.244,-0.062,0.139,0.353,0.151,0.043,0.039,0.027,0.063,0.185,,,
1975.000,1976.000,True,presidenta,closeup,-0.064,0.036,0.387,0.051,0.160,0.189,0.078,0.095,0.012,0.028,,,
1976.000,1977.000,True,presidenta,closeup,0.426,-0.137,0.175,0.520,0.041,0.028,0.012,0.010,0.005,0.210,,,
1977.000,1978.000,True,presidenta,closeup,0.411,-0.126,0.178,0.476,0.043,0.032,0.018,0.021,0.019,0.214,,,
1978.000,1979.000,True,presidenta,closeup,0.153,0.043,0.217,0.254,0.108,0.083,0.018,0.160,0.067,0.094,,,
1979.000,1980.000,True,presidenta,closeup,0.180,0.092,0.116,0.347,0.077,0.056,0.009,0.104,0.067,0.224,,,
1980.000,1981.000,True,presidenta,closeup,0.040,-0.002,0.227,0.188,0.192,0.068,0.012,0.193,0.041,0.079,,,
1981.000,1982.000,True,presidenta,closeup,0.087,-0.038,0.160,0.181,0.208,0.098,0.032,0.155,0.087,0.078,,,
1982.000,1983.000,True,presidenta,closeup,0.004,0.135,0.141,0.152,0.105,0.087,0.026,0.242,0.145,0.102,,,
1983.000,1984.000,True,presidenta,closeup,-0.014,-0.048,0.328,0.110,0.115,0.022,0.010,0.164,0.019,0.232,,,
1984.000,1985.000,True,presidenta,closeup,-0.141,0.115,0.235,0.045,0.147,0.106,0.034,0.225,0.106,0.103,,,
1985.000,1986.000,True,presidenta,closeup,-0.157,0.062,0.341,0.030,0.198,0.184,0.030,0.152,0.017,0.047,,,
1986.000,1987.000,True,presidenta,closeup,0.156,0.048,0.109,0.264,0.044,0.270,0.015,0.023,0.034,0.243,,,
1987.000,1988.000,True,presidenta,closeup,0.633,0.110,0.030,0.797,0.017,0.038,0.010,0.005,0.062,0.040,,,
1988.000,1989.000,True,presidenta,closeup,0.548,-0.021,0.101,0.804,0.023,0.025,0.003,0.006,0.009,0.028,,,
1989.000,1990.000,True,presidenta,closeup,0.347,0.098,0.196,0.523,0.054,0.097,0.009,0.042,0.048,0.031,,,
1990.000,1991.000,True,presidenta,closeup,-0.235,-0.026,0.256,0.030,0.338,0.157,0.068,0.078,0.034,0.039,,,
1991.000,1992.000,True,presidenta,closeup,-0.208,-0.006,0.076,0.016,0.220,0.192,0.225,0.040,0.205,0.026,,,
1992.000,1993.000,True,presidenta,closeup,-0.087,0.154,0.038,0.032,0.088,0.134,0.304,0.041,0.343,0.019,,,
1993.000,1994.000,True,presidenta,closeup,-0.189,-0.058,0.148,0.117,0.344,0.051,0.023,0.076,0.155,0.086,,,
1994.000,1995.000,True,presidenta,closeup,-0.265,-0.056,0.200,0.071,0.346,0.038,0.021,0.129,0.153,0.042,,,
1995.000,1996.000,True,presidenta,closeup,-0.389,-0.016,0.242,0.027,0.302,0.072,0.020,0.181,0.132,0.023,,,
1996.000,1997.000,True,presidenta,closeup,-0.187,-0.053,0.482,0.026,0.229,0.054,0.045,0.121,0.026,0.018,,,
1997.000,1998.000,True,presidenta,closeup,-0.017,-0.066,0.304,0.103,0.144,0.067,0.026,0.117,0.038,0.200,,,
1998.000,1999.000,True,presidenta,closeup,-0.235,0.022,0.227,0.027,0.177,0.183,0.047,0.150,0.093,0.097,,,
1999.000,2000.000,True,presidenta,closeup,-0.200,0.080,0.132,0.017,0.171,0.217,0.157,0.102,0.185,0.019,,,
2000.000,2001.000,True,presidenta,closeup,-0.178,0.082,0.172,0.010,0.191,0.380,0.148,0.045,0.020,0.034,,,
2001.000,2002.000,True,presidenta,closeup,0.379,-0.010,0.071,0.280,0.048,0.393,0.062,0.008,0.035,0.104,,,
2002.000,2003.000,True,presidenta,closeup,-0.118,0.176,0.074,0.006,0.062,0.687,0.148,0.011,0.007,0.006,,,
2003.000,2004.000,True,presidenta,closeup,0.035,0.006,0.175,0.191,0.193,0.328,0.031,0.047,0.016,0.020,,,
2004.000,2005.000,True,presidenta,closeup,-0.265,-0.056,0.299,0.024,0.268,0.172,0.111,0.079,0.020,0.027,,,
2005.000,2006.000,True,presidenta,closeup,-0.000,0.059,0.108,0.134,0.087,0.199,0.134,0.063,0.266,0.008,,,
2006.000,2007.000,True,presidenta,closeup,-0.106,-0.103,0.225,0.026,0.394,0.153,0.170,0.021,0.005,0.006,,,
2007.000,2008.000,True,presidenta,closeup,0.729,0.318,0.002,0.795,0.002,0.114,0.052,0.002,0.029,0.006,,,
2008.000,2009.000,True,presidenta,closeup,-0.329,-0.051,0.173,0.007,0.425,0.042,0.091,0.134,0.113,0.015,,,
2009.000,2010.000,True,presidenta,closeup,0.404,0.092,0.108,0.535,0.037,0.077,0.071,0.031,0.117,0.022,,,
2010.000,2011.000,True,presidenta,closeup,-0.231,-0.038,0.370,0.018,0.312,0.067,0.064,0.121,0.018,0.030,,,
2011.000,2012.000,True,presidenta,closeup,-0.292,0.036,0.276,0.019,0.292,0.026,0.011,0.219,0.044,0.111,,,
2012.000,2013.000,True,presidenta,closeup,0.374,0.342,0.049,0.386,0.029,0.246,0.163,0.046,0.059,0.021,,,
2013.000,2014.000,True,presidenta,closeup,0.035,0.055,0.531,0.090,0.114,0.168,0.033,0.041,0.006,0.017,,,
2014.000,2015.000,True,presidenta,closeup,-0.143,-0.076,0.418,0.037,0.262,0.037,0.038,0.120,0.009,0.080,,,
2015.000,2016.000,True,presidenta,closeup,-0.156,-0.067,0.592,0.038,0.158,0.048,0.026,0.095,0.004,0.039,,,
2016.000,2017.000,True,presidenta,closeup,-0.096,-0.049,0.453,0.068,0.205,0.026,0.014,0.140,0.039,0.055,,,
2017.000,2018.000,True,presidenta,closeup,-0.196,-0.008,0.377,0.039,0.278,0.064,0.065,0.121,0.045,0.012,,,
2018.000,2019.000,True,presidenta,closeup,-0.224,-0.068,0.704,0.026,0.094,0.042,0.004,0.063,0.001,0.066,,,
2019.000,2020.000,True,presidenta,closeup,-0.203,-0.135,0.653,0.044,0.145,0.014,0.004,0.066,0.001,0.073,,,
2020.000,2021.000,True,presidenta,closeup,-0.255,-0.147,0.654,0.023,0.191,0.014,0.010,0.077,0.001,0.029,,,
2021.000,2022.000,True,presidenta,closeup,-0.247,0.102,0.093,0.003,0.158,0.616,0.090,0.026,0.013,0.002,,,
2022.000,2023.000,True,presidenta,closeup,-0.253,0.412,0.043,0.003,0.100,0.363,0.469,0.017,0.004,0.000,,,
2023.000,2024.000,True,presidenta,closeup,0.235,0.245,0.074,0.164,0.046,0.564,0.121,0.018,0.008,0.005,,,
2024.000,2025.000,True,presidenta,closeup,-0.176,-0.030,0.133,0.019,0.234,0.432,0.141,0.024,0.006,0.011,,,
2025.000,2026.000,True,presidenta,closeup,0.381,-0.127,0.188,0.447,0.074,0.035,0.012,0.017,0.050,0.179,,,
2026.000,2027.000,True,presidenta,closeup,0.336,0.050,0.163,0.448,0.058,0.041,0.016,0.026,0.119,0.130,,,
2027.000,2028.000,True,presidenta,closeup,0.309,0.080,0.017,0.139,0.004,0.001,0.000,0.005,0.022,0.811,,,
2028.000,2029.000,True,presidenta,closeup,0.531,0.213,0.005,0.830,0.003,0.014,0.002,0.007,0.021,0.118,,,
2029.000,2030.000,False,,wide,,,,,,,,,,,,,
2030.000,2031.000,False,,wide,,,,,,,,,,,,,
2031.000,2032.000,False,,wide,,,,,,,,,,,,,
2032.000,2033.000,False,,wide,,,,,,,,,,,,,
2033.000,2034.000,False,,wide,,,,,,,,,,,,,
2034.000,2035.000,True,otro,closeup,0.190,-0.113,0.169,0.107,0.058,0.339,0.022,0.069,0.137,0.099,,,
2035.000,2036.000,True,otro,closeup,-0.065,0.283,0.124,0.053,0.060,0.317,0.049,0.209,0.112,0.076,,,
2036.000,2037.000,True,otro,closeup,-0.095,0.132,0.291,0.051,0.054,0.119,0.019,0.287,0.123,0.055,,,
2037.000,2038.000,True,otro,closeup,-0.035,0.115,0.367,0.065,0.050,0.221,0.013,0.164,0.061,0.060,,,
2038.000,2039.000,True,otro,closeup,0.254,-0.059,0.189,0.206,0.048,0.249,0.021,0.043,0.197,0.047,,,
2039.000,2040.000,True,otro,closeup,0.086,0.000,0.308,0.083,0.059,0.194,0.017,0.111,0.171,0.058,,,
2040.000,2041.000,True,otro,closeup,-0.083,0.019,0.310,0.059,0.105,0.125,0.032,0.175,0.159,0.035,,,
2041.000,2042.000,True,otro,closeup,-0.191,0.193,0.195,0.029,0.117,0.057,0.016,0.382,0.154,0.051,,,
2042.000,2043.000,True,otro,closeup,-0.027,0.087,0.233,0.107,0.083,0.155,0.021,0.222,0.109,0.071,,,
2043.000,2044.000,True,otro,closeup,0.022,0.091,0.329,0.057,0.039,0.290,0.013,0.152,0.058,0.061,,,
2044.000,2045.000,True,otro,closeup,0.247,-0.027,0.256,0.269,0.032,0.159,0.017,0.068,0.082,0.118,,,
2045.000,2046.000,True,otro,closeup,0.146,0.006,0.240,0.184,0.050,0.152,0.027,0.097,0.129,0.122,,,
2046.000,2047.000,True,otro,closeup,0.050,0.006,0.410,0.095,0.057,0.115,0.013,0.174,0.057,0.079,,,
2047.000,2048.000,True,otro,closeup,-0.082,0.077,0.357,0.043,0.065,0.048,0.009,0.301,0.078,0.100,,,
2048.000,2049.000,True,otro,closeup,-0.002,0.164,0.255,0.083,0.049,0.377,0.030,0.124,0.048,0.034,,,
2049.000,2050.000,True,otro,closeup,-0.014,0.049,0.395,0.080,0.060,0.173,0.016,0.172,0.081,0.022,,,
2050.000,2051.000,True,otro,closeup,-0.007,0.028,0.195,0.088,0.049,0.136,0.033,0.133,0.302,0.065,,,
2051.000,2052.000,True,otro,closeup,0.218,0.092,0.224,0.273,0.022,0.127,0.017,0.108,0.097,0.133,,,
2052.000,2053.000,True,otro,closeup,-0.083,0.184,0.289,0.049,0.033,0.145,0.016,0.276,0.088,0.105,,,
2053.000,2054.000,True,otro,closeup,0.095,0.028,0.290,0.142,0.038,0.124,0.015,0.204,0.084,0.103,,,
2054.000,2055.000,True,otro,closeup,-0.139,0.109,0.329,0.020,0.052,0.118,0.019,0.364,0.056,0.043,,,
2055.000,2056.000,True,otro,closeup,-0.020,0.044,0.353,0.096,0.085,0.099,0.010,0.225,0.047,0.085,,,
2056.000,2057.000,True,otro,closeup,0.167,0.068,0.255,0.287,0.052,0.127,0.020,0.134,0.040,0.086,,,
2057.000,2058.000,True,otro,closeup,0.247,-0.036,0.316,0.314,0.033,0.151,0.008,0.061,0.019,0.099,,,
2058.000,2059.000,True,otro,closeup,-0.105,0.181,0.368,0.025,0.035,0.210,0.016,0.271,0.022,0.051,,,
2059.000,2060.000,True,otro,closeup,-0.045,0.122,0.322,0.087,0.054,0.185,0.018,0.183,0.049,0.101,,,
2060.000,2061.000,True,otro,closeup,0.011,0.122,0.226,0.074,0.021,0.127,0.008,0.124,0.352,0.068,,,
2061.000,2062.000,True,otro,closeup,0.113,-0.012,0.374,0.121,0.044,0.135,0.013,0.149,0.062,0.102,,,
2062.000,2063.000,True,otro,closeup,-0.047,0.049,0.321,0.055,0.108,0.066,0.022,0.296,0.063,0.069,,,
2063.000,2064.000,True,otro,closeup,0.034,0.084,0.294,0.156,0.070,0.113,0.023,0.177,0.055,0.113,,,
2064.000,2065.000,True,otro,closeup,-0.011,0.146,0.349,0.107,0.086,0.100,0.017,0.208,0.048,0.084,,,
2065.000,2066.000,True,otro,closeup,0.077,0.178,0.255,0.178,0.040,0.165,0.024,0.197,0.073,0.068,,,
2066.000,2067.000,True,otro,closeup,-0.063,0.181,0.231,0.036,0.033,0.438,0.017,0.143,0.077,0.026,,,
2067.000,2068.000,True,otro,closeup,0.186,0.011,0.263,0.231,0.031,0.255,0.014,0.086,0.059,0.061,,,
2068.000,2069.000,True,otro,closeup,0.037,0.109,0.302,0.084,0.026,0.279,0.024,0.121,0.073,0.092,,,
2069.000,2070.000,True,otro,closeup,-0.039,0.136,0.240,0.069,0.034,0.175,0.019,0.199,0.203,0.061,,,
2070.000,2071.000,True,otro,closeup,-0.054,0.177,0.312,0.058,0.036,0.233,0.016,0.233,0.062,0.051,,,
2071.000,2072.000,True,otro,closeup,0.121,0.105,0.299,0.149,0.022,0.105,0.008,0.173,0.092,0.152,,,
2072.000,2073.000,True,otro,closeup,-0.092,0.198,0.302,0.026,0.037,0.148,0.018,0.329,0.085,0.056,,,
2073.000,2074.000,True,otro,closeup,0.135,0.042,0.381,0.127,0.028,0.192,0.012,0.145,0.036,0.079,,,
2074.000,2075.000,True,otro,closeup,0.199,0.039,0.312,0.187,0.022,0.173,0.012,0.128,0.059,0.105,,,
2075.000,2076.000,True,otro,closeup,0.089,0.055,0.359,0.119,0.030,0.246,0.012,0.091,0.045,0.099,,,
2076.000,2077.000,True,otro,closeup,0.025,0.103,0.322,0.074,0.056,0.226,0.021,0.163,0.052,0.086,,,
2077.000,2078.000,True,otro,closeup,0.069,0.047,0.293,0.117,0.054,0.191,0.018,0.135,0.095,0.098,,,
2078.000,2079.000,True,otro,closeup,0.121,-0.001,0.324,0.180,0.051,0.134,0.022,0.112,0.088,0.089,,,
2079.000,2080.000,True,otro,closeup,0.288,0.005,0.112,0.391,0.023,0.019,0.002,0.109,0.065,0.279,,,
2080.000,2081.000,True,presidenta,closeup,0.046,0.125,0.274,0.157,0.089,0.223,0.021,0.174,0.010,0.052,,,
2081.000,2082.000,True,presidenta,closeup,0.045,0.058,0.258,0.104,0.056,0.133,0.013,0.226,0.174,0.036,,,
2082.000,2083.000,True,presidenta,closeup,0.062,0.119,0.100,0.257,0.067,0.221,0.034,0.170,0.121,0.029,,,
2083.000,2084.000,True,presidenta,closeup,0.546,0.205,0.041,0.724,0.004,0.083,0.012,0.063,0.045,0.028,,,
2084.000,2085.000,True,presidenta,closeup,-0.032,0.033,0.348,0.042,0.075,0.289,0.017,0.177,0.014,0.039,,,
2085.000,2086.000,True,presidenta,closeup,0.126,-0.038,0.448,0.137,0.044,0.204,0.037,0.076,0.006,0.049,,,
2086.000,2087.000,True,presidenta,closeup,-0.117,0.107,0.286,0.029,0.083,0.174,0.049,0.285,0.062,0.033,,,
2087.000,2088.000,True,presidenta,closeup,0.076,0.179,0.180,0.162,0.036,0.151,0.026,0.287,0.124,0.035,,,
2088.000,2089.000,True,presidenta,closeup,-0.084,0.041,0.256,0.077,0.071,0.071,0.010,0.222,0.203,0.089,,,
2089.000,2090.000,True,presidenta,closeup,0.003,0.070,0.211,0.079,0.082,0.135,0.056,0.216,0.144,0.077,,,
2090.000,2091.000,True,presidenta,closeup,-0.067,0.110,0.102,0.049,0.057,0.093,0.032,0.232,0.405,0.031,,,
2091.000,2092.000,True,presidenta,closeup,-0.099,0.063,0.193,0.058,0.098,0.086,0.026,0.228,0.235,0.076,,,
2092.000,2093.000,True,presidenta,closeup,-0.257,0.086,0.117,0.034,0.172,0.152,0.027,0.136,0.264,0.098,,,
2093.000,2094.000,True,presidenta,closeup,-0.242,0.045,0.106,0.050,0.165,0.036,0.009,0.185,0.233,0.216,,,
2094.000,2095.000,True,presidenta,closeup,-0.026,0.006,0.242,0.098,0.219,0.050,0.006,0.139,0.136,0.109,,,
2095.000,2096.000,True,presidenta,closeup,0.029,0.005,0.190,0.090,0.097,0.271,0.035,0.089,0.062,0.166,,,
2096.000,2097.000,True,presidenta,closeup,0.006,0.115,0.088,0.031,0.037,0.360,0.035,0.075,0.338,0.036,,,
2097.000,2098.000,True,presidenta,closeup,-0.094,0.068,0.143,0.040,0.097,0.386,0.071,0.082,0.125,0.056,,,
2098.000,2099.000,True,presidenta,closeup,-0.169,0.046,0.161,0.044,0.078,0.286,0.029,0.114,0.167,0.122,,,
2099.000,2100.000,True,presidenta,closeup,-0.103,0.126,0.166,0.050,0.078,0.300,0.047,0.137,0.152,0.071,,,
2100.000,2101.000,True,presidenta,closeup,-0.024,0.027,0.181,0.067,0.102,0.253,0.040,0.119,0.140,0.099,,,
2101.000,2102.000,True,presidenta,closeup,-0.051,0.179,0.134,0.040,0.045,0.415,0.070,0.108,0.150,0.039,,,
2102.000,2103.000,True,presidenta,closeup,0.037,-0.021,0.234,0.098,0.087,0.225,0.021,0.100,0.076,0.159,,,
2103.000,2104.000,True,presidenta,closeup,-0.085,-0.008,0.229,0.072,0.127,0.158,0.025,0.128,0.152,0.109,,,
2104.000,2105.000,True,presidenta,closeup,-0.212,-0.010,0.173,0.041,0.203,0.121,0.020,0.126,0.221,0.095,,,
2105.000,2106.000,True,presidenta,closeup,-0.091,0.001,0.264,0.050,0.227,0.103,0.019,0.135,0.088,0.114,,,
2106.000,2107.000,True,presidenta,closeup,-0.141,0.068,0.251,0.081,0.155,0.071,0.019,0.328,0.039,0.056,,,
2107.000,2108.000,True,presidenta,closeup,0.097,0.101,0.195,0.141,0.075,0.158,0.025,0.186,0.099,0.121,,,
2108.000,2109.000,True,presidenta,closeup,0.134,0.063,0.097,0.234,0.069,0.122,0.030,0.160,0.215,0.073,,,
2109.000,2110.000,True,presidenta,closeup,0.234,0.060,0.088,0.303,0.069,0.106,0.026,0.104,0.210,0.094,,,
2110.000,2111.000,True,presidenta,closeup,-0.116,0.213,0.183,0.057,0.079,0.091,0.015,0.293,0.105,0.177,,,
2111.000,2112.000,True,presidenta,closeup,-0.176,0.200,0.236,0.018,0.059,0.291,0.063,0.230,0.079,0.025,,,
2112.000,2113.000,True,presidenta,closeup,-0.132,0.142,0.389,0.036,0.074,0.137,0.045,0.252,0.043,0.024,,,
2113.000,2114.000,True,presidenta,closeup,-0.061,0.039,0.415,0.069,0.066,0.061,0.015,0.239,0.040,0.097,,,
2114.000,2115.000,True,presidenta,closeup,0.028,0.099,0.147,0.093,0.028,0.108,0.015,0.280,0.311,0.018,,,
2115.000,2116.000,True,presidenta,closeup,-0.125,0.268,0.210,0.028,0.027,0.172,0.022,0.468,0.037,0.035,,,
2116.000,2117.000,True,presidenta,closeup,-0.100,0.102,0.233,0.038,0.083,0.120,0.019,0.303,0.129,0.074,,,
2117.000,2118.000,True,presidenta,closeup,-0.037,0.256,0.189,0.069,0.025,0.226,0.022,0.394,0.041,0.035,,,
2118.000,2119.000,True,presidenta,closeup,-0.078,0.143,0.250,0.043,0.062,0.158,0.035,0.345,0.053,0.054,,,
2119.000,2120.000,True,presidenta,closeup,-0.008,0.082,0.220,0.071,0.101,0.210,0.047,0.199,0.080,0.072,,,
2120.000,2121.000,True,presidenta,closeup,-0.159,0.186,0.181,0.026,0.084,0.264,0.073,0.283,0.065,0.025,,,
2121.000,2122.000,True,presidenta,closeup,-0.078,0.226,0.180,0.047,0.067,0.352,0.071,0.183,0.056,0.043,,,
2122.000,2123.000,True,presidenta,closeup,0.294,0.128,0.131,0.405,0.019,0.095,0.019,0.104,0.114,0.112,,,
2123.000,2124.000,True,presidenta,closeup,0.096,0.150,0.262,0.104,0.028,0.194,0.018,0.213,0.053,0.127,,,
2124.000,2125.000,True,presidenta,closeup,0.178,-0.006,0.200,0.215,0.053,0.067,0.009,0.100,0.153,0.202,,,
2125.000,2126.000,True,presidenta,closeup,0.036,0.074,0.199,0.127,0.038,0.069,0.013,0.207,0.223,0.124,,,
2126.000,2127.000,True,presidenta,closeup,-0.199,0.120,0.229,0.036,0.083,0.125,0.014,0.364,0.086,0.063,,,
2127.000,2128.000,True,presidenta,closeup,-0.027,0.135,0.216,0.090,0.041,0.154,0.009,0.300,0.165,0.025,,,
2128.000,2129.000,True,presidenta,closeup,-0.121,0.054,0.248,0.090,0.061,0.030,0.003,0.304,0.074,0.190,,,
2129.000,2130.000,True,presidenta,closeup,-0.006,0.049,0.341,0.135,0.043,0.045,0.003,0.218,0.020,0.194,,,
2130.000,2131.000,True,presidenta,closeup,-0.185,0.006,0.283,0.045,0.381,0.071,0.017,0.183,0.011,0.010,,,
2131.000,2132.000,True,presidenta,closeup,0.062,0.081,0.256,0.106,0.162,0.187,0.013,0.180,0.035,0.062,,,
2132.000,2133.000,True,presidenta,closeup,-0.126,0.174,0.230,0.034,0.218,0.102,0.013,0.353,0.028,0.023,,,
2133.000,2134.000,False,,wide,,,,,,,,,,,,,
2134.000,2135.000,False,,wide,,,,,,,,,,,,,
2135.000,2136.000,False,,wide,,,,,,,,,,,,,
2136.000,2137.000,False,,wide,,,,,,,,,,,,,
2137.000,2138.000,False,,wide,,,,,,,,,,,,,
2138.000,2139.000,True,presidenta,closeup,0.102,0.039,0.271,0.077,0.062,0.373,0.016,0.088,0.031,0.082,,,
2139.000,2140.000,True,presidenta,closeup,-0.064,0.164,0.287,0.025,0.087,0.394,0.058,0.111,0.023,0.015,,,
2140.000,2141.000,True,presidenta,closeup,0.221,0.216,0.065,0.217,0.025,0.384,0.058,0.067,0.176,0.008,,,
2141.000,2142.000,True,presidenta,closeup,0.211,0.047,0.238,0.161,0.032,0.383,0.033,0.038,0.047,0.068,,,
2142.000,2143.000,True,presidenta,closeup,0.606,0.191,0.022,0.298,0.004,0.247,0.007,0.014,0.379,0.028,,,
2143.000,2144.000,True,presidenta,closeup,0.454,0.134,0.044,0.290,0.007,0.341,0.015,0.011,0.080,0.214,,,
2144.000,2145.000,True,presidenta,closeup,0.282,-0.039,0.229,0.320,0.023,0.133,0.003,0.058,0.017,0.216,,,
2145.000,2146.000,True,presidenta,closeup,0.104,0.373,0.047,0.045,0.008,0.665,0.044,0.058,0.129,0.003,,,
2146.000,2147.000,True,presidenta,closeup,-0.103,0.335,0.097,0.021,0.032,0.594,0.127,0.052,0.076,0.002,,,
2147.000,2148.000,True,presidenta,closeup,-0.065,0.088,0.268,0.041,0.070,0.095,0.015,0.343,0.109,0.058,,,
2148.000,2149.000,True,presidenta,closeup,0.148,-0.013,0.241,0.291,0.132,0.060,0.014,0.088,0.130,0.043,,,
2149.000,2150.000,True,presidenta,closeup,0.482,0.139,0.011,0.830,0.007,0.005,0.001,0.012,0.083,0.051,,,
2150.000,2151.000,True,presidenta,closeup,-0.083,0.109,0.242,0.113,0.183,0.073,0.010,0.198,0.136,0.045,,,
2151.000,2152.000,True,presidenta,closeup,0.078,0.112,0.164,0.078,0.060,0.461,0.012,0.071,0.111,0.042,,,
2152.000,2153.000,True,presidenta,closeup,0.327,0.021,0.132,0.327,0.048,0.165,0.005,0.040,0.048,0.235,,,
2153.000,2154.000,True,presidenta,closeup,0.421,0.137,0.035,0.366,0.009,0.054,0.002,0.027,0.131,0.376,,,
2154.000,2155.000,True,presidenta,closeup,0.144,0.127,0.132,0.322,0.033,0.150,0.010,0.142,0.062,0.149,,,
2155.000,2156.000,True,presidenta,closeup,0.073,0.203,0.032,0.177,0.009,0.016,0.001,0.035,0.068,0.663,,,
2156.000,2157.000,True,presidenta,closeup,0.130,-0.050,0.106,0.383,0.088,0.032,0.003,0.071,0.107,0.209,,,
2157.000,2158.000,True,presidenta,closeup,-0.075,0.147,0.427,0.048,0.046,0.121,0.021,0.267,0.007,0.064,,,
2158.000,2159.000,True,presidenta,closeup,0.057,-0.047,0.531,0.112,0.043,0.052,0.005,0.106,0.006,0.145,,,
2159.000,2160.000,True,presidenta,closeup,0.042,0.082,0.390,0.117,0.038,0.112,0.011,0.207,0.093,0.032,,,
2160.000,2161.000,True,presidenta,closeup,0.013,-0.010,0.415,0.120,0.050,0.069,0.011,0.191,0.086,0.058,,,
2161.000,2162.000,True,presidenta,closeup,0.027,0.089,0.354,0.102,0.049,0.148,0.026,0.222,0.074,0.025,,,
2162.000,2163.000,True,presidenta,closeup,-0.060,0.163,0.307,0.058,0.027,0.417,0.019,0.142,0.006,0.022,,,
2163.000,2164.000,True,presidenta,closeup,-0.156,-0.015,0.508,0.052,0.040,0.093,0.008,0.204,0.004,0.091,,,
2164.000,2165.000,True,presidenta,closeup,0.048,0.071,0.372,0.177,0.017,0.125,0.029,0.160,0.073,0.047,,,
2165.000,2166.000,True,presidenta,closeup,0.283,0.042,0.206,0.523,0.009,0.068,0.011,0.084,0.049,0.051,,,
2166.000,2167.000,True,presidenta,closeup,-0.087,0.235,0.283,0.026,0.071,0.481,0.080,0.044,0.002,0.013,,,
2167.000,2168.000,True,presidenta,closeup,-0.001,0.126,0.361,0.058,0.058,0.389,0.013,0.098,0.007,0.015,,,
2168.000,2169.000,True,presidenta,closeup,0.063,0.033,0.492,0.134,0.078,0.147,0.003,0.091,0.014,0.042,,,
2169.000,2170.000,True,presidenta,closeup,0.019,0.179,0.242,0.199,0.029,0.052,0.023,0.246,0.175,0.034,,,
2170.000,2171.000,True,presidenta,closeup,-0.256,0.068,0.499,0.044,0.047,0.096,0.021,0.222,0.003,0.069,,,
2171.000,2172.000,True,presidenta,closeup,0.159,-0.021,0.401,0.325,0.020,0.030,0.002,0.044,0.001,0.178,,,
2172.000,2173.000,True,presidenta,closeup,0.091,0.006,0.352,0.243,0.011,0.039,0.004,0.060,0.003,0.288,,,
2173.000,2174.000,True,presidenta,closeup,-0.066,-0.043,0.528,0.085,0.096,0.073,0.004,0.099,0.006,0.109,,,
2174.000,2175.000,True,presidenta,closeup,0.201,-0.135,0.242,0.383,0.030,0.020,0.002,0.031,0.025,0.268,,,
2175.000,2176.000,False,,wide,,,,,,,,,,,,,
2176.000,2177.000,False,,wide,,,,,,,,,,,,,
2177.000,2178.000,False,,wide,,,,,,,,,,,,,
2178.000,2179.000,False,,wide,,,,,,,,,,,,,
2179.000,2180.000,False,,wide,,,,,,,,,,,,,
2180.000,2181.000,False,,wide,,,,,,,,,,,,,
2181.000,2182.000,True,otro,closeup,0.366,0.025,0.168,0.508,0.056,0.033,0.012,0.046,0.120,0.056,,,
2182.000,2183.000,True,otro,closeup,-0.129,0.140,0.377,0.063,0.107,0.096,0.059,0.202,0.051,0.045,,,
2183.000,2184.000,True,otro,closeup,0.347,-0.048,0.240,0.473,0.066,0.045,0.021,0.060,0.060,0.035,,,
2184.000,2185.000,True,otro,closeup,0.316,0.009,0.210,0.434,0.036,0.036,0.021,0.084,0.095,0.085,,,
2185.000,2186.000,True,otro,closeup,0.147,0.123,0.315,0.217,0.060,0.096,0.051,0.135,0.037,0.089,,,
2186.000,2187.000,True,otro,closeup,0.101,-0.024,0.439,0.143,0.125,0.058,0.048,0.110,0.032,0.045,,,
2187.000,2188.000,True,otro,closeup,0.188,-0.062,0.265,0.299,0.105,0.068,0.079,0.049,0.078,0.055,,,
2188.000,2189.000,True,otro,closeup,0.471,0.014,0.176,0.647,0.025,0.054,0.008,0.015,0.033,0.042,,,
2189.000,2190.000,True,otro,closeup,0.064,0.099,0.528,0.110,0.135,0.071,0.021,0.094,0.021,0.018,,,
2190.000,2191.000,True,otro,closeup,0.068,0.143,0.260,0.105,0.107,0.121,0.131,0.171,0.079,0.027,,,
2191.000,2192.000,True,otro,closeup,0.267,-0.021,0.411,0.262,0.087,0.091,0.026,0.047,0.029,0.047,,,
2192.000,2193.000,True,otro,closeup,0.323,-0.077,0.385,0.417,0.079,0.029,0.006,0.027,0.014,0.042,,,
2193.000,2194.000,True,otro,closeup,-0.022,0.153,0.182,0.052,0.106,0.098,0.067,0.193,0.260,0.041,,,
2194.000,2195.000,True,otro,closeup,0.118,0.039,0.288,0.094,0.166,0.147,0.041,0.076,0.164,0.024,,,
2195.000,2196.000,True,otro,closeup,0.308,-0.016,0.309,0.370,0.098,0.065,0.017,0.035,0.045,0.061,,,
2196.000,2197.000,True,otro,closeup,0.335,0.107,0.204,0.354,0.082,0.208,0.039,0.046,0.057,0.009,,,
2197.000,2198.000,True,otro,closeup,-0.105,-0.018,0.512,0.068,0.196,0.065,0.017,0.079,0.037,0.027,,,
2198.000,2199.000,True,otro,closeup,-0.020,-0.019,0.496,0.086,0.230,0.030,0.013,0.086,0.034,0.025,,,
2199.000,2200.000,True,otro,closeup,0.027,0.037,0.250,0.180,0.128,0.168,0.030,0.087,0.121,0.035,,,
2200.000,2201.000,True,otro,closeup,0.040,-0.010,0.440,0.101,0.144,0.080,0.028,0.115,0.057,0.035,,,
2201.000,2202.000,True,otro,closeup,-0.010,0.118,0.377,0.054,0.103,0.138,0.046,0.162,0.080,0.039,,,
2202.000,2203.000,True,otro,closeup,0.108,0.019,0.222,0.186,0.256,0.104,0.033,0.046,0.129,0.024,,,
2203.000,2204.000,True,otro,closeup,0.159,0.074,0.391,0.162,0.105,0.102,0.028,0.093,0.093,0.026,,,
2204.000,2205.000,True,otro,closeup,0.240,-0.029,0.443,0.212,0.085,0.113,0.031,0.045,0.025,0.047,,,
2205.000,2206.000,True,otro,closeup,0.097,0.098,0.366,0.150,0.136,0.167,0.033,0.052,0.086,0.010,,,
2206.000,2207.000,True,otro,closeup,0.050,0.083,0.296,0.096,0.075,0.427,0.020,0.036,0.016,0.035,,,
2207.000,2208.000,True,otro,closeup,0.065,0.010,0.359,0.176,0.153,0.162,0.029,0.036,0.047,0.038,,,
2208.000,2209.000,True,otro,closeup,0.369,0.051,0.227,0.476,0.047,0.065,0.011,0.042,0.085,0.047,,,
2209.000,2210.000,True,otro,closeup,0.427,-0.011,0.222,0.555,0.059,0.060,0.013,0.015,0.015,0.062,,,
2210.000,2211.000,True,otro,closeup,0.298,-0.084,0.364,0.364,0.111,0.029,0.011,0.036,0.031,0.055,,,
2211.000,2212.000,True,otro,closeup,0.503,-0.039,0.112,0.755,0.017,0.058,0.006,0.007,0.013,0.033,,,
2212.000,2213.000,True,otro,closeup,0.225,-0.023,0.418,0.189,0.108,0.092,0.032,0.043,0.083,0.035,,,
2213.000,2214.000,True,otro,closeup,0.215,-0.085,0.438,0.196,0.100,0.065,0.009,0.045,0.063,0.084,,,
2214.000,2215.000,True,otro,closeup,0.068,-0.088,0.466,0.107,0.216,0.042,0.019,0.048,0.061,0.042,,,
2215.000,2216.000,True,otro,closeup,0.032,-0.069,0.216,0.107,0.212,0.309,0.043,0.022,0.056,0.034,,,
2216.000,2217.000,True,otro,closeup,0.004,-0.046,0.442,0.076,0.228,0.083,0.023,0.064,0.044,0.040,,,
2217.000,2218.000,True,otro,closeup,-0.097,-0.005,0.382,0.039,0.189,0.060,0.045,0.177,0.053,0.056,,,
2218.000,2219.000,True,otro,closeup,0.053,0.061,0.270,0.080,0.104,0.086,0.033,0.186,0.147,0.093,,,
2219.000,2220.000,True,otro,closeup,0.393,-0.023,0.195,0.516,0.058,0.031,0.007,0.028,0.099,0.066,,,
2220.000,2221.000,True,otro,closeup,0.237,-0.030,0.334,0.331,0.077,0.077,0.041,0.041,0.076,0.022,,,
2221.000,2222.000,True,otro,closeup,0.263,0.177,0.192,0.227,0.098,0.112,0.084,0.059,0.219,0.008,,,
2222.000,2223.000,True,otro,closeup,0.339,0.004,0.310,0.450,0.067,0.050,0.012,0.026,0.045,0.038,,,
2223.000,2224.000,True,otro,closeup,-0.147,0.114,0.361,0.025,0.146,0.114,0.067,0.194,0.068,0.025,,,
2224.000,2225.000,True,otro,closeup,0.303,0.083,0.341,0.320,0.059,0.046,0.033,0.075,0.051,0.075,,,
2225.000,2226.000,True,otro,closeup,0.146,-0.030,0.591,0.132,0.104,0.038,0.027,0.054,0.011,0.041,,,
2226.000,2227.000,True,otro,closeup,0.085,0.022,0.461,0.167,0.113,0.137,0.018,0.050,0.027,0.027,,,
2227.000,2228.000,True,otro,closeup,0.138,0.039,0.312,0.178,0.146,0.122,0.038,0.063,0.104,0.037,,,
2228.000,2229.000,True,otro,closeup,0.169,0.009,0.266,0.223,0.095,0.130,0.090,0.046,0.078,0.072,,,
2229.000,2230.000,True,otro,closeup,-0.033,-0.014,0.346,0.087,0.205,0.049,0.041,0.155,0.036,0.081,,,
2230.000,2231.000,True,presidenta,closeup,-0.086,-0.122,0.176,0.131,0.486,0.069,0.020,0.082,0.022,0.014,,,
2231.000,2232.000,True,presidenta,closeup,0.017,0.293,0.138,0.106,0.102,0.269,0.040,0.201,0.069,0.075,,,
2232.000,2233.000,True,presidenta,closeup,-0.125,0.187,0.219,0.026,0.188,0.050,0.016,0.352,0.053,0.094,,,
2233.000,2234.000,True,presidenta,closeup,-0.108,0.173,0.262,0.051,0.092,0.031,0.011,0.385,0.109,0.058,,,
2234.000,2235.000,True,presidenta,closeup,-0.071,0.420,0.107,0.004,0.026,0.640,0.200,0.019,0.003,0.001,,,
2235.000,2236.000,True,presidenta,closeup,0.014,0.173,0.093,0.030,0.055,0.632,0.058,0.027,0.092,0.015,,,
2236.000,2237.000,True,presidenta,closeup,0.529,0.138,0.023,0.795,0.007,0.011,0.003,0.014,0.035,0.112,,,
2237.000,2238.000,True,presidenta,closeup,0.313,-0.060,0.152,0.410,0.100,0.010,0.002,0.052,0.016,0.258,,,
2238.000,2239.000,True,presidenta,closeup,-0.187,0.009,0.440,0.037,0.217,0.091,0.006,0.137,0.020,0.053,,,
2239.000,2240.000,True,presidenta,closeup,0.536,0.074,0.070,0.775,0.016,0.034,0.003,0.027,0.008,0.067,,,
2240.000,2241.000,True,presidenta,closeup,0.115,0.033,0.377,0.169,0.082,0.123,0.037,0.106,0.022,0.084,,,
2241.000,2242.000,True,presidenta,closeup,-0.031,0.093,0.452,0.062,0.086,0.220,0.051,0.085,0.011,0.033,,,
2242.000,2243.000,True,presidenta,closeup,0.001,0.208,0.312,0.115,0.038,0.273,0.132,0.071,0.013,0.046,,,
2243.000,2244.000,True,presidenta,closeup,-0.152,0.214,0.348,0.039,0.069,0.210,0.114,0.167,0.026,0.026,,,
2244.000,2245.000,True,presidenta,closeup,-0.038,0.188,0.212,0.046,0.081,0.456,0.122,0.043,0.005,0.034,,,
2245.000,2246.000,True,presidenta,closeup,-0.189,-0.056,0.366,0.037,0.305,0.127,0.022,0.071,0.018,0.053,,,
2246.000,2247.000,True,presidenta,closeup,-0.125,-0.121,0.187,0.113,0.322,0.133,0.025,0.074,0.120,0.027,,,
2247.000,2248.000,True,presidenta,closeup,0.205,0.229,0.109,0.164,0.028,0.374,0.178,0.063,0.055,0.028,,,
2248.000,2249.000,True,presidenta,closeup,-0.220,0.379,0.077,0.010,0.059,0.253,0.508,0.071,0.015,0.007,,,
2249.000,2250.000,True,presidenta,closeup,-0.105,0.328,0.095,0.035,0.038,0.449,0.271,0.076,0.030,0.006,,,
2250.000,2251.000,True,presidenta,closeup,-0.256,0.301,0.147,0.011,0.084,0.339,0.300,0.094,0.015,0.009,,,
2251.000,2252.000,True,presidenta,closeup,-0.209,0.226,0.211,0.027,0.109,0.295,0.158,0.138,0.050,0.012,,,
2252.000,2253.000,True,presidenta,closeup,-0.086,0.033,0.224,0.063,0.132,0.057,0.027,0.153,0.144,0.199,,,
2253.000,2254.000,True,presidenta,closeup,-0.157,-0.093,0.171,0.046,0.415,0.015,0.011,0.175,0.112,0.055,,,
2254.000,2255.000,True,presidenta,closeup,0.042,0.146,0.172,0.203,0.098,0.040,0.006,0.241,0.070,0.171,,,
2255.000,2256.000,True,presidenta,closeup,-0.026,0.325,0.151,0.111,0.048,0.060,0.011,0.387,0.094,0.139,,,
2256.000,2257.000,True,presidenta,closeup,0.125,0.077,0.142,0.231,0.033,0.043,0.011,0.166,0.121,0.253,,,
2257.000,2258.000,True,presidenta,closeup,0.112,0.165,0.078,0.189,0.021,0.196,0.007,0.087,0.098,0.323,,,
2258.000,2259.000,True,presidenta,closeup,0.272,0.166,0.043,0.510,0.017,0.056,0.005,0.078,0.062,0.230,,,
2259.000,2260.000,True,presidenta,closeup,0.140,0.252,0.058,0.304,0.015,0.038,0.003,0.128,0.083,0.371,,,
2260.000,2261.000,True,presidenta,closeup,0.295,0.176,0.037,0.601,0.010,0.026,0.001,0.068,0.029,0.227,,,
2261.000,2262.000,True,presidenta,closeup,0.073,0.208,0.110,0.311,0.033,0.074,0.007,0.212,0.184,0.069,,,
2262.000,2263.000,True,presidenta,closeup,-0.270,0.188,0.151,0.064,0.099,0.040,0.005,0.223,0.110,0.308,,,
2263.000,2264.000,True,presidenta,closeup,-0.177,0.119,0.456,0.015,0.113,0.128,0.019,0.239,0.021,0.008,,,
2264.000,2265.000,True,presidenta,closeup,0.159,0.194,0.252,0.147,0.024,0.294,0.010,0.134,0.112,0.027,,,
2265.000,2266.000,True,presidenta,closeup,0.288,0.032,0.246,0.430,0.042,0.060,0.007,0.070,0.072,0.073,,,
2266.000,2267.000,True,presidenta,closeup,0.401,0.078,0.107,0.511,0.030,0.072,0.012,0.033,0.107,0.129,,,
2267.000,2268.000,True,presidenta,closeup,0.539,0.076,0.038,0.784,0.028,0.020,0.005,0.009,0.077,0.039,,,
2268.000,2269.000,True,presidenta,closeup,0.339,0.094,0.100,0.454,0.024,0.036,0.010,0.074,0.224,0.078,,,
2269.000,2270.000,True,presidenta,closeup,0.234,0.121,0.186,0.191,0.049,0.126,0.016,0.066,0.270,0.096,,,
2270.000,2271.000,True,presidenta,closeup,0.115,0.129,0.172,0.127,0.049,0.284,0.042,0.085,0.198,0.044,,,
2271.000,2272.000,True,presidenta,closeup,0.178,0.019,0.151,0.208,0.055,0.215,0.078,0.061,0.157,0.076,,,
2272.000,2273.000,True,presidenta,closeup,0.265,0.556,0.014,0.102,0.006,0.629,0.140,0.042,0.063,0.003,,,
2273.000,2274.000,True,presidenta,closeup,0.511,0.371,0.009,0.374,0.003,0.389,0.057,0.012,0.133,0.022,,,
2274.000,2275.000,True,presidenta,closeup,0.080,0.287,0.062,0.030,0.031,0.558,0.219,0.021,0.070,0.011,,,
2275.000,2276.000,True,presidenta,closeup,0.280,0.457,0.017,0.069,0.008,0.514,0.162,0.019,0.206,0.006,,,
2276.000,2277.000,True,presidenta,closeup,-0.028,0.341,0.082,0.024,0.059,0.549,0.238,0.026,0.009,0.014,,,
2277.000,2278.000,True,presidenta,closeup,0.234,0.178,0.109,0.105,0.064,0.329,0.171,0.034,0.168,0.018,,,
2278.000,2279.000,True,presidenta,closeup,0.311,0.082,0.094,0.341,0.096,0.167,0.022,0.024,0.117,0.138,,,
2279.000,2280.000,True,presidenta,closeup,0.165,-0.045,0.191,0.182,0.191,0.195,0.040,0.029,0.157,0.015,,,
2280.000,2281.000,True,presidenta,closeup,0.005,-0.104,0.181,0.148,0.271,0.151,0.085,0.068,0.087,0.010,,,
2281.000,2282.000,True,presidenta,closeup,-0.235,0.024,0.103,0.063,0.275,0.114,0.111,0.086,0.244,0.004,,,
2282.000,2283.000,True,presidenta,closeup,-0.148,0.126,0.114,0.056,0.091,0.249,0.060,0.055,0.202,0.173,,,
2283.000,2284.000,True,presidenta,closeup,-0.215,0.074,0.159,0.042,0.176,0.273,0.104,0.118,0.097,0.031,,,
2284.000,2285.000,True,presidenta,closeup,-0.104,0.068,0.185,0.075,0.151,0.214,0.191,0.064,0.082,0.038,,,
2285.000,2286.000,True,presidenta,closeup,-0.330,-0.128,0.412,0.053,0.324,0.070,0.008,0.092,0.011,0.032,,,
2286.000,2287.000,True,presidenta,closeup,-0.226,-0.018,0.371,0.051,0.175,0.093,0.056,0.154,0.026,0.075,,,
2287.000,2288.000,True,presidenta,closeup,-0.041,0.013,0.428,0.099,0.064,0.148,0.037,0.102,0.017,0.104,,,
2288.000,2289.000,True,presidenta,closeup,0.063,-0.041,0.289,0.324,0.150,0.069,0.007,0.073,0.012,0.074,,,
2289.000,2290.000,True,presidenta,closeup,-0.063,-0.169,0.333,0.217,0.289,0.024,0.008,0.066,0.019,0.045,,,
2290.000,2291.000,True,presidenta,closeup,0.125,0.096,0.087,0.151,0.070,0.321,0.083,0.060,0.151,0.077,,,
2291.000,2292.000,True,presidenta,closeup,-0.053,0.163,0.093,0.044,0.136,0.444,0.219,0.030,0.023,0.010,,,
2292.000,2293.000,True,presidenta,closeup,0.115,0.340,0.028,0.070,0.041,0.202,0.398,0.032,0.217,0.011,,,
2293.000,2294.000,True,presidenta,closeup,-0.159,0.061,0.249,0.055,0.188,0.204,0.150,0.095,0.011,0.048,,,
2294.000,2295.000,True,presidenta,closeup,0.039,0.206,0.120,0.148,0.029,0.191,0.143,0.148,0.206,0.015,,,
2295.000,2296.000,True,presidenta,closeup,-0.166,0.142,0.125,0.023,0.149,0.202,0.274,0.098,0.108,0.022,,,
2296.000,2297.000,True,presidenta,closeup,-0.152,0.265,0.172,0.013,0.069,0.350,0.241,0.125,0.028,0.003,,,
2297.000,2298.000,True,presidenta,closeup,-0.203,0.468,0.075,0.004,0.021,0.387,0.455,0.040,0.014,0.003,,,
2298.000,2299.000,True,presidenta,closeup,-0.194,0.391,0.078,0.008,0.066,0.448,0.319,0.054,0.019,0.007,,,
2299.000,2300.000,True,presidenta,closeup,0.138,-0.039,0.265,0.187,0.128,0.170,0.058,0.025,0.018,0.148,,,
2300.000,2301.000,True,presidenta,closeup,-0.089,0.106,0.212,0.053,0.121,0.206,0.171,0.072,0.099,0.066,,,
2301.000,2302.000,True,presidenta,closeup,-0.145,-0.132,0.345,0.078,0.324,0.057,0.027,0.039,0.023,0.107,,,
2302.000,2303.000,True,presidenta,closeup,-0.321,0.025,0.288,0.015,0.333,0.181,0.083,0.052,0.013,0.036,,,
2303.000,2304.000,True,presidenta,closeup,-0.205,0.089,0.169,0.016,0.180,0.338,0.231,0.036,0.026,0.005,,,
2304.000,2305.000,True,presidenta,closeup,-0.167,0.263,0.193,0.017,0.083,0.343,0.285,0.050,0.021,0.009,,,
2305.000,2306.000,True,presidenta,closeup,-0.125,-0.136,0.284,0.047,0.370,0.076,0.077,0.052,0.045,0.049,,,
2306.000,2307.000,True,presidenta,closeup,-0.006,-0.102,0.109,0.128,0.359,0.047,0.030,0.061,0.225,0.041,,,
2307.000,2308.000,True,presidenta,closeup,-0.237,-0.129,0.053,0.042,0.368,0.013,0.016,0.035,0.456,0.016,,,
2308.000,2309.000,True,presidenta,closeup,-0.180,0.091,0.171,0.041,0.201,0.154,0.111,0.155,0.142,0.025,,,
2309.000,2310.000,True,presidenta,closeup,-0.247,-0.060,0.225,0.044,0.345,0.126,0.065,0.090,0.060,0.046,,,
2310.000,2311.000,True,presidenta,closeup,-0.216,0.188,0.111,0.019,0.147,0.158,0.224,0.135,0.194,0.014,,,
2311.000,2312.000,True,presidenta,closeup,-0.143,0.140,0.134,0.027,0.135,0.265,0.197,0.080,0.140,0.021,,,
2312.000,2313.000,True,presidenta,closeup,-0.419,-0.048,0.123,0.017,0.353,0.051,0.023,0.086,0.315,0.030,,,
2313.000,2314.000,True,presidenta,closeup,-0.161,0.089,0.213,0.046,0.114,0.103,0.028,0.197,0.234,0.064,,,
2314.000,2315.000,True,presidenta,closeup,0.389,0.219,0.035,0.182,0.028,0.280,0.166,0.034,0.252,0.024,,,
2315.000,2316.000,True,presidenta,closeup,-0.118,0.175,0.130,0.030,0.137,0.190,0.103,0.069,0.317,0.024,,,
2316.000,2317.000,True,presidenta,closeup,0.206,0.045,0.269,0.234,0.045,0.051,0.016,0.116,0.099,0.169,,,
2317.000,2318.000,True,presidenta,closeup,0.237,0.205,0.203,0.263,0.017,0.251,0.018,0.132,0.046,0.071,,,
2318.000,2319.000,True,presidenta,closeup,0.286,0.063,0.144,0.559,0.107,0.051,0.006,0.049,0.045,0.039,,,
2319.000,2320.000,True,presidenta,closeup,0.195,0.171,0.113,0.089,0.026,0.488,0.053,0.042,0.100,0.088,,,
2320.000,2321.000,True,presidenta,closeup,-0.045,0.043,0.185,0.047,0.177,0.222,0.154,0.062,0.128,0.024,,,
2321.000,2322.000,True,presidenta,closeup,0.275,0.214,0.076,0.260,0.024,0.057,0.016,0.078,0.476,0.013,,,
2322.000,2323.000,True,presidenta,closeup,-0.080,0.069,0.242,0.045,0.140,0.019,0.007,0.237,0.164,0.145,,,
2323.000,2324.000,True,presidenta,closeup,0.010,0.106,0.098,0.214,0.096,0.031,0.010,0.162,0.256,0.132,,,
2324.000,2325.000,True,presidenta,closeup,-0.000,0.188,0.092,0.025,0.053,0.626,0.065,0.026,0.063,0.050,,,
2325.000,2326.000,True,presidenta,closeup,0.020,0.309,0.060,0.032,0.033,0.697,0.124,0.022,0.015,0.016,,,
2326.000,2327.000,True,presidenta,closeup,0.116,0.015,0.098,0.183,0.186,0.154,0.023,0.056,0.247,0.052,,,
2327.000,2328.000,True,presidenta,closeup,0.217,0.383,0.058,0.086,0.016,0.460,0.192,0.068,0.110,0.010,,,
2328.000,2329.000,True,presidenta,closeup,0.171,0.172,0.252,0.131,0.021,0.302,0.102,0.088,0.068,0.036,,,
2329.000,2330.000,True,presidenta,closeup,0.450,0.130,0.159,0.474,0.034,0.152,0.066,0.026,0.025,0.064,,,
2330.000,2331.000,True,presidenta,closeup,0.407,0.245,0.057,0.335,0.017,0.136,0.123,0.046,0.273,0.013,,,
2331.000,2332.000,True,presidenta,closeup,0.451,0.394,0.048,0.336,0.008,0.272,0.230,0.022,0.065,0.019,,,
2332.000,2333.000,True,presidenta,closeup,-0.046,0.075,0.394,0.063,0.106,0.167,0.110,0.096,0.019,0.046,,,
2333.000,2334.000,True,presidenta,closeup,-0.153,0.108,0.320,0.027,0.126,0.195,0.120,0.148,0.041,0.022,,,
2334.000,2335.000,True,presidenta,closeup,0.618,0.252,0.015,0.881,0.001,0.064,0.008,0.011,0.006,0.014,,,
2335.000,2336.000,True,presidenta,closeup,-0.043,0.231,0.163,0.030,0.074,0.386,0.251,0.051,0.019,0.026,,,
2336.000,2337.000,True,presidenta,closeup,0.592,0.230,0.033,0.780,0.002,0.106,0.014,0.005,0.025,0.035,,,
2337.000,2338.000,True,presidenta,closeup,-0.022,0.237,0.252,0.084,0.030,0.457,0.068,0.081,0.017,0.010,,,
2338.000,2339.000,True,presidenta,closeup,-0.037,0.006,0.481,0.091,0.081,0.104,0.032,0.094,0.033,0.084,,,
2339.000,2340.000,True,presidenta,closeup,0.192,0.008,0.282,0.242,0.116,0.053,0.033,0.056,0.050,0.168,,,
2340.000,2341.000,True,presidenta,closeup,0.522,-0.028,0.194,0.633,0.023,0.031,0.002,0.012,0.005,0.100,,,
2341.000,2342.000,True,presidenta,closeup,0.180,0.003,0.377,0.201,0.074,0.069,0.026,0.072,0.027,0.154,,,
2342.000,2343.000,True,presidenta,closeup,0.541,0.334,0.032,0.255,0.007,0.572,0.085,0.009,0.034,0.006,,,
2343.000,2344.000,True,presidenta,closeup,0.540,0.266,0.026,0.380,0.015,0.272,0.138,0.005,0.142,0.022,,,
2344.000,2345.000,True,presidenta,closeup,0.421,0.002,0.109,0.413,0.057,0.047,0.011,0.038,0.178,0.147,,,
2345.000,2346.000,True,presidenta,closeup,0.188,-0.068,0.096,0.361,0.156,0.026,0.016,0.036,0.267,0.041,,,
2346.000,2347.000,True,presidenta,closeup,0.433,-0.010,0.041,0.596,0.049,0.025,0.005,0.018,0.098,0.167,,,
2347.000,2348.000,True,presidenta,closeup,0.268,0.008,0.061,0.448,0.087,0.011,0.003,0.049,0.226,0.115,,,
2348.000,2349.000,True,presidenta,closeup,0.361,-0.121,0.174,0.489,0.078,0.053,0.002,0.023,0.014,0.167,,,
2349.000,2350.000,True,presidenta,closeup,-0.101,-0.124,0.327,0.067,0.423,0.033,0.007,0.071,0.041,0.031,,,
2350.000,2351.000,True,presidenta,closeup,0.244,-0.016,0.310,0.215,0.140,0.099,0.007,0.066,0.084,0.080,,,
2351.000,2352.000,True,presidenta,closeup,-0.048,0.105,0.216,0.031,0.126,0.353,0.141,0.067,0.044,0.023,,,
2352.000,2353.000,True,presidenta,closeup,-0.080,0.051,0.140,0.041,0.211,0.290,0.214,0.036,0.035,0.034,,,
2353.000,2354.000,True,presidenta,closeup,0.001,0.316,0.055,0.034,0.043,0.218,0.476,0.032,0.140,0.003,,,
2354.000,2355.000,True,presidenta,closeup,0.404,0.424,0.034,0.665,0.002,0.241,0.025,0.021,0.004,0.009,,,
2355.000,2356.000,True,presidenta,closeup,0.677,0.257,0.014,0.922,0.001,0.036,0.006,0.004,0.010,0.008,,,
2356.000,2357.000,True,presidenta,closeup,-0.086,0.205,0.264,0.032,0.086,0.325,0.172,0.085,0.018,0.017,,,
2357.000,2358.000,True,presidenta,closeup,0.037,0.070,0.263,0.083,0.119,0.203,0.183,0.068,0.037,0.044,,,
2358.000,2359.000,True,presidenta,closeup,0.426,0.180,0.066,0.283,0.026,0.271,0.200,0.019,0.099,0.036,,,
2359.000,2360.000,True,presidenta,closeup,0.093,0.246,0.029,0.052,0.037,0.204,0.109,0.049,0.492,0.029,,,
2360.000,2361.000,True,presidenta,closeup,-0.026,0.140,0.050,0.063,0.072,0.145,0.106,0.075,0.407,0.082,,,
2361.000,2362.000,True,presidenta,closeup,-0.158,0.073,0.105,0.046,0.198,0.261,0.195,0.052,0.086,0.057,,,
2362.000,2363.000,True,presidenta,closeup,-0.182,0.019,0.237,0.039,0.233,0.125,0.126,0.102,0.095,0.043,,,
2363.000,2364.000,True,presidenta,closeup,0.526,0.251,0.028,0.891,0.003,0.032,0.004,0.011,0.012,0.019,,,
2364.000,2365.000,True,presidenta,closeup,0.344,0.057,0.212,0.520,0.019,0.022,0.004,0.056,0.037,0.129,,,
2365.000,2366.000,True,presidenta,closeup,0.572,0.033,0.064,0.810,0.009,0.018,0.005,0.019,0.010,0.066,,,
2366.000,2367.000,True,presidenta,closeup,0.513,0.038,0.067,0.745,0.015,0.009,0.002,0.020,0.055,0.086,,,
2367.000,2368.000,True,presidenta,closeup,0.313,0.037,0.100,0.448,0.071,0.016,0.004,0.069,0.159,0.132,,,
2368.000,2369.000,True,presidenta,closeup,0.108,0.108,0.333,0.100,0.085,0.272,0.113,0.042,0.009,0.046,,,
2369.000,2370.000,True,presidenta,closeup,0.483,0.041,0.018,0.652,0.029,0.130,0.060,0.005,0.043,0.064,,,
2370.000,2371.000,True,presidenta,closeup,-0.160,0.048,0.309,0.043,0.121,0.306,0.062,0.100,0.016,0.043,,,
2371.000,2372.000,True,presidenta,closeup,0.392,0.200,0.037,0.318,0.022,0.177,0.165,0.037,0.233,0.011,,,
2372.000,2373.000,True,presidenta,closeup,0.158,0.200,0.131,0.166,0.012,0.155,0.021,0.203,0.292,0.021,,,
2373.000,2374.000,True,presidenta,closeup,0.151,0.043,0.211,0.214,0.050,0.290,0.047,0.034,0.098,0.056,,,
2374.000,2375.000,True,presidenta,closeup,-0.104,0.059,0.218,0.085,0.157,0.111,0.010,0.224,0.143,0.051,,,
2375.000,2376.000,True,presidenta,closeup,0.061,0.048,0.271,0.164,0.061,0.107,0.019,0.125,0.046,0.206,,,
2376.000,2377.000,True,presidenta,closeup,0.015,0.720,0.013,0.007,0.004,0.607,0.338,0.022,0.009,0.001,,,
2377.000,2378.000,True,presidenta,closeup,0.054,0.146,0.209,0.082,0.080,0.343,0.174,0.047,0.013,0.051,,,
2378.000,2379.000,True,presidenta,closeup,0.669,0.111,0.013,0.797,0.007,0.104,0.020,0.004,0.019,0.037,,,
2379.000,2380.000,True,presidenta,closeup,0.184,0.052,0.302,0.184,0.116,0.137,0.068,0.048,0.010,0.136,,,
2380.000,2381.000,True,presidenta,closeup,0.208,0.253,0.087,0.104,0.036,0.419,0.233,0.040,0.069,0.013,,,
2381.000,2382.000,True,presidenta,closeup,-0.089,0.184,0.137,0.059,0.125,0.191,0.238,0.089,0.152,0.008,,,
2382.000,2383.000,True,presidenta,closeup,0.060,0.080,0.345,0.093,0.085,0.177,0.157,0.078,0.054,0.012,,,
2383.000,2384.000,True,presidenta,closeup,-0.100,-0.062,0.409,0.099,0.150,0.027,0.006,0.194,0.018,0.096,,,
2384.000,2385.000,True,presidenta,closeup,0.664,0.169,0.008,0.694,0.002,0.007,0.000,0.002,0.006,0.281,,,
2385.000,2386.000,True,presidenta,closeup,0.210,0.062,0.358,0.140,0.082,0.281,0.003,0.052,0.021,0.064,,,
2386.000,2387.000,True,presidenta,closeup,0.153,0.330,0.075,0.054,0.015,0.760,0.030,0.022,0.035,0.010,,,
2387.000,2388.000,True,presidenta,closeup,0.364,-0.015,0.082,0.396,0.134,0.214,0.016,0.019,0.057,0.082,,,
2388.000,2389.000,True,presidenta,closeup,-0.070,0.259,0.186,0.032,0.062,0.343,0.248,0.066,0.045,0.017,,,
2389.000,2390.000,True,presidenta,closeup,0.087,0.445,0.045,0.017,0.025,0.782,0.124,0.005,0.001,0.001,,,
2390.000,2391.000,True,presidenta,closeup,-0.266,0.098,0.228,0.007,0.221,0.263,0.215,0.055,0.007,0.004,,,
2391.000,2392.000,True,presidenta,closeup,-0.124,0.093,0.187,0.035,0.148,0.240,0.245,0.066,0.061,0.017,,,
2392.000,2393.000,True,presidenta,closeup,-0.244,-0.112,0.118,0.031,0.399,0.124,0.227,0.045,0.044,0.012,,,
2393.000,2394.000,True,presidenta,closeup,0.176,-0.011,0.095,0.204,0.147,0.298,0.114,0.033,0.088,0.021,,,
2394.000,2395.000,True,presidenta,closeup,0.576,0.177,0.002,0.894,0.001,0.013,0.001,0.002,0.010,0.077,,,
2395.000,2396.000,True,presidenta,closeup,0.042,0.143,0.219,0.123,0.067,0.149,0.025,0.320,0.069,0.027,,,
2396.000,2397.000,True,presidenta,closeup,-0.267,0.048,0.140,0.023,0.462,0.063,0.094,0.191,0.021,0.006,,,
2397.000,2398.000,False,,wide,,,,,,,,,,,,,
2398.000,2399.000,False,,wide,,,,,,,,,,,,,
2399.000,2400.000,False,,wide,,,,,,,,,,,,,
2400.000,2401.000,False,,wide,,,,,,,,,,,,,
2401.000,2402.000,False,,wide,,,,,,,,,,,,,
2402.000,2403.000,True,otro,closeup,0.165,0.150,0.076,0.205,0.032,0.083,0.009,0.042,0.140,0.413,,,
2403.000,2404.000,True,otro,closeup,0.045,0.092,0.174,0.095,0.039,0.078,0.005,0.090,0.058,0.462,,,
2404.000,2405.000,True,otro,closeup,-0.008,0.178,0.035,0.072,0.027,0.025,0.007,0.029,0.269,0.537,,,
2405.000,2406.000,True,otro,closeup,-0.164,0.009,0.460,0.028,0.164,0.101,0.008,0.179,0.006,0.054,,,
2406.000,2407.000,True,otro,closeup,-0.033,0.119,0.253,0.096,0.074,0.057,0.009,0.165,0.061,0.285,,,
2407.000,2408.000,False,,wide,,,,,,,,,,,,,
2408.000,2409.000,False,,wide,,,,,,,,,,,,,
2409.000,2410.000,False,,wide,,,,,,,,,,,,,
2410.000,2411.000,False,,wide,,,,,,,,,,,,,
2411.000,2412.000,False,,wide,,,,,,,,,,,,,
2412.000,2413.000,False,,wide,,,,,,,,,,,,,
2413.000,2414.000,False,,wide,,,,,,,,,,,,,
2414.000,2415.000,False,,wide,,,,,,,,,,,,,
2415.000,2416.000,False,,wide,,,,,,,,,,,,,
2416.000,2417.000,False,,wide,,,,,,,,,,,,,
2417.000,2418.000,False,,wide,,,,,,,,,,,,,
2418.000,2419.000,False,,wide,,,,,,,,,,,,,
2419.000,2420.000,False,,wide,,,,,,,,,,,,,
2420.000,2421.000,False,,wide,,,,,,,,,,,,,
2421.000,2422.000,True,otro,closeup,-0.131,-0.114,0.562,0.023,0.300,0.031,0.012,0.044,0.001,0.026,,,
2422.000,2423.000,True,otro,closeup,-0.185,-0.077,0.331,0.023,0.379,0.091,0.092,0.066,0.015,0.004,,,
2423.000,2424.000,True,otro,closeup,-0.115,-0.104,0.244,0.041,0.322,0.053,0.186,0.093,0.055,0.006,,,
2424.000,2425.000,True,otro,closeup,0.141,-0.088,0.261,0.221,0.256,0.050,0.071,0.071,0.062,0.009,,,
2425.000,2426.000,True,otro,closeup,-0.178,-0.090,0.396,0.010,0.357,0.115,0.067,0.046,0.001,0.008,,,
2426.000,2427.000,True,otro,closeup,0.013,-0.174,0.432,0.092,0.295,0.075,0.047,0.041,0.005,0.013,,,
2427.000,2428.000,True,otro,closeup,-0.296,-0.164,0.372,0.005,0.464,0.049,0.049,0.058,0.001,0.003,,,
2428.000,2429.000,True,otro,closeup,0.103,-0.133,0.397,0.138,0.284,0.041,0.070,0.045,0.015,0.012,,,
2429.000,2430.000,True,otro,closeup,-0.314,-0.126,0.311,0.003,0.507,0.044,0.063,0.069,0.002,0.002,,,
2430.000,2431.000,True,otro,closeup,-0.092,0.062,0.206,0.069,0.230,0.062,0.286,0.107,0.035,0.006,,,
2431.000,2432.000,True,otro,closeup,-0.190,0.030,0.341,0.010,0.175,0.285,0.071,0.111,0.001,0.007,,,
2432.000,2433.000,True,otro,closeup,-0.184,-0.139,0.449,0.005,0.320,0.100,0.097,0.026,0.001,0.003,,,
2433.000,2434.000,True,otro,closeup,-0.155,-0.082,0.336,0.027,0.360,0.062,0.133,0.064,0.013,0.005,,,
2434.000,2435.000,True,otro,closeup,-0.272,-0.213,0.420,0.006,0.493,0.033,0.021,0.021,0.000,0.004,,,
2435.000,2436.000,True,otro,closeup,-0.169,-0.116,0.608,0.022,0.228,0.086,0.019,0.023,0.000,0.014,,,
2436.000,2437.000,True,otro,closeup,-0.056,-0.021,0.312,0.062,0.229,0.088,0.230,0.050,0.026,0.003,,,
2437.000,2438.000,True,otro,closeup,-0.137,-0.096,0.578,0.019,0.247,0.077,0.037,0.032,0.002,0.008,,,
2438.000,2439.000,True,otro,closeup,-0.166,-0.097,0.627,0.012,0.214,0.053,0.027,0.060,0.001,0.006,,,
2439.000,2440.000,True,otro,closeup,-0.186,-0.166,0.604,0.017,0.282,0.039,0.025,0.028,0.001,0.006,,,
2440.000,2441.000,True,otro,closeup,0.213,0.020,0.277,0.285,0.118,0.110,0.155,0.028,0.020,0.006,,,
2441.000,2442.000,True,otro,closeup,-0.071,-0.183,0.531,0.038,0.263,0.018,0.043,0.082,0.003,0.022,,,
2442.000,2443.000,True,otro,closeup,-0.183,-0.119,0.239,0.033,0.423,0.024,0.165,0.089,0.020,0.005,,,
2443.000,2444.000,True,otro,closeup,-0.224,-0.116,0.449,0.006,0.355,0.075,0.052,0.057,0.001,0.005,,,
2444.000,2445.000,True,otro,closeup,-0.212,-0.187,0.375,0.019,0.461,0.027,0.082,0.028,0.004,0.003,,,
2445.000,2446.000,True,otro,closeup,-0.331,-0.202,0.337,0.003,0.576,0.020,0.021,0.039,0.000,0.004,,,
2446.000,2447.000,True,otro,closeup,0.311,0.105,0.150,0.322,0.081,0.101,0.285,0.042,0.015,0.004,,,
2447.000,2448.000,True,otro,closeup,0.294,0.103,0.149,0.309,0.084,0.104,0.287,0.047,0.016,0.004,,,
2448.000,2449.000,True,otro,closeup,-0.189,-0.217,0.517,0.013,0.392,0.021,0.016,0.032,0.000,0.009,,,
2449.000,2450.000,True,otro,closeup,-0.307,-0.069,0.273,0.006,0.470,0.094,0.110,0.042,0.001,0.003,,,
2450.000,2451.000,True,otro,closeup,-0.001,-0.123,0.529,0.062,0.282,0.005,0.003,0.080,0.001,0.037,,,
2451.000,2452.000,True,otro,closeup,-0.285,-0.211,0.349,0.010,0.475,0.004,0.005,0.127,0.002,0.029,,,
2452.000,2453.000,True,presidenta,closeup,-0.013,-0.061,0.106,0.114,0.170,0.042,0.004,0.038,0.213,0.313,,,
2453.000,2454.000,True,presidenta,closeup,-0.266,0.144,0.289,0.020,0.189,0.314,0.031,0.133,0.020,0.003,,,
2454.000,2455.000,True,presidenta,closeup,0.105,-0.043,0.386,0.140,0.174,0.079,0.007,0.120,0.033,0.061,,,
2455.000,2456.000,True,presidenta,closeup,-0.091,-0.112,0.382,0.038,0.260,0.228,0.037,0.039,0.007,0.008,,,
2456.000,2457.000,True,presidenta,closeup,-0.008,-0.103,0.219,0.108,0.329,0.081,0.025,0.080,0.116,0.043,,,
2457.000,2458.000,True,presidenta,closeup,-0.223,-0.003,0.330,0.020,0.319,0.140,0.020,0.127,0.030,0.013,,,
2458.000,2459.000,True,presidenta,closeup,-0.008,0.273,0.196,0.091,0.027,0.162,0.026,0.398,0.089,0.010,,,
2459.000,2460.000,True,presidenta,closeup,0.223,-0.066,0.462,0.199,0.034,0.046,0.003,0.049,0.005,0.202,,,
2460.000,2461.000,True,presidenta,closeup,-0.130,0.241,0.253,0.033,0.071,0.375,0.073,0.137,0.047,0.011,,,
2461.000,2462.000,True,presidenta,closeup,-0.240,0.143,0.368,0.018,0.147,0.154,0.071,0.186,0.043,0.013,,,
2462.000,2463.000,True,presidenta,closeup,0.034,-0.101,0.580,0.120,0.047,0.055,0.004,0.086,0.004,0.103,,,
2463.000,2464.000,True,presidenta,closeup,-0.224,0.134,0.528,0.013,0.087,0.178,0.041,0.135,0.008,0.010,,,
2464.000,2465.000,True,presidenta,closeup,-0.194,0.305,0.156,0.013,0.080,0.257,0.359,0.104,0.026,0.005,,,
2465.000,2466.000,True,presidenta,closeup,-0.117,0.325,0.122,0.028,0.057,0.542,0.103,0.106,0.036,0.006,,,
2466.000,2467.000,True,presidenta,closeup,0.048,0.105,0.210,0.059,0.072,0.485,0.065,0.069,0.025,0.016,,,
2467.000,2468.000,True,presidenta,closeup,-0.157,-0.075,0.210,0.028,0.394,0.141,0.092,0.056,0.064,0.015,,,
2468.000,2469.000,True,presidenta,closeup,-0.199,0.282,0.081,0.009,0.101,0.591,0.158,0.048,0.010,0.003,,,
2469.000,2470.000,True,presidenta,closeup,-0.006,0.051,0.228,0.063,0.174,0.287,0.096,0.052,0.022,0.078,,,
2470.000,2471.000,True,presidenta,closeup,-0.240,0.070,0.171,0.013,0.256,0.436,0.077,0.035,0.006,0.006,,,
2471.000,2472.000,True,presidenta,closeup,-0.032,0.082,0.251,0.042,0.114,0.384,0.094,0.057,0.041,0.016,,,
2472.000,2473.000,True,presidenta,closeup,-0.122,0.420,0.117,0.012,0.033,0.648,0.103,0.078,0.008,0.002,,,
2473.000,2474.000,True,presidenta,closeup,-0.264,0.105,0.312,0.020,0.194,0.250,0.077,0.107,0.023,0.017,,,
2474.000,2475.000,True,presidenta,closeup,0.074,0.011,0.509,0.138,0.042,0.089,0.006,0.129,0.018,0.069,,,
2475.000,2476.000,True,presidenta,closeup,-0.009,-0.092,0.314,0.104,0.235,0.051,0.037,0.124,0.070,0.065,,,
2476.000,2477.000,True,presidenta,closeup,-0.325,-0.028,0.144,0.016,0.406,0.037,0.130,0.124,0.128,0.015,,,
2477.000,2478.000,True,presidenta,closeup,0.256,0.343,0.117,0.128,0.008,0.553,0.046,0.109,0.029,0.011,,,
2478.000,2479.000,True,presidenta,closeup,0.035,0.088,0.230,0.065,0.090,0.338,0.033,0.130,0.091,0.023,,,
2479.000,2480.000,True,presidenta,closeup,0.085,0.189,0.186,0.087,0.033,0.489,0.053,0.094,0.050,0.009,,,
2480.000,2481.000,True,presidenta,closeup,-0.224,-0.072,0.564,0.056,0.180,0.032,0.002,0.128,0.006,0.031,,,
2481.000,2482.000,True,presidenta,closeup,-0.467,-0.184,0.370,0.015,0.484,0.010,0.003,0.099,0.005,0.015,,,
2482.000,2483.000,True,presidenta,closeup,0.281,-0.003,0.232,0.382,0.093,0.024,0.007,0.093,0.101,0.068,,,
2483.000,2484.000,True,presidenta,closeup,0.026,0.019,0.336,0.165,0.145,0.044,0.005,0.190,0.081,0.035,,,
2484.000,2485.000,True,presidenta,closeup,0.263,0.012,0.126,0.510,0.054,0.023,0.002,0.073,0.109,0.102,,,
2485.000,2486.000,True,presidenta,closeup,0.017,-0.024,0.261,0.172,0.186,0.011,0.001,0.176,0.041,0.151,,,
2486.000,2487.000,True,presidenta,closeup,0.015,0.078,0.344,0.094,0.120,0.065,0.023,0.249,0.063,0.042,,,
2487.000,2488.000,True,presidenta,closeup,-0.307,0.200,0.141,0.007,0.191,0.342,0.199,0.085,0.025,0.009,,,
2488.000,2489.000,True,presidenta,closeup,-0.331,0.308,0.094,0.004,0.138,0.492,0.185,0.064,0.021,0.003,,,
2489.000,2490.000,True,presidenta,closeup,-0.059,0.345,0.122,0.026,0.030,0.663,0.065,0.066,0.022,0.006,,,
2490.000,2491.000,True,presidenta,closeup,-0.217,-0.028,0.308,0.019,0.273,0.261,0.035,0.062,0.011,0.031,,,
2491.000,2492.000,True,presidenta,closeup,-0.085,0.335,0.108,0.023,0.050,0.573,0.147,0.068,0.026,0.004,,,
2492.000,2493.000,True,presidenta,closeup,0.313,0.011,0.202,0.237,0.055,0.298,0.054,0.038,0.063,0.054,,,
2493.000,2494.000,True,presidenta,closeup,0.011,-0.054,0.142,0.189,0.224,0.052,0.017,0.131,0.186,0.056,,,
2494.000,2495.000,True,presidenta,closeup,-0.027,-0.082,0.150,0.201,0.313,0.025,0.012,0.133,0.113,0.052,,,
2495.000,2496.000,True,presidenta,closeup,-0.028,-0.166,0.167,0.230,0.365,0.018,0.011,0.098,0.063,0.048,,,
2496.000,2497.000,True,presidenta,closeup,-0.196,0.142,0.343,0.014,0.134,0.203,0.126,0.142,0.024,0.014,,,
2497.000,2498.000,True,presidenta,closeup,-0.387,-0.017,0.215,0.005,0.433,0.165,0.075,0.085,0.015,0.007,,,
2498.000,2499.000,True,presidenta,closeup,0.004,-0.045,0.183,0.137,0.215,0.116,0.023,0.090,0.179,0.057,,,
2499.000,2500.000,True,presidenta,closeup,-0.329,0.031,0.253,0.005,0.400,0.206,0.069,0.053,0.005,0.009,,,
2500.000,2501.000,True,presidenta,closeup,-0.349,0.096,0.376,0.007,0.266,0.140,0.024,0.161,0.005,0.022,,,
2501.000,2502.000,True,presidenta,closeup,0.115,0.251,0.091,0.095,0.062,0.415,0.240,0.060,0.029,0.009,,,
2502.000,2503.000,True,presidenta,closeup,-0.176,0.160,0.317,0.019,0.148,0.333,0.134,0.036,0.006,0.007,,,
2503.000,2504.000,True,presidenta,closeup,0.334,0.261,0.147,0.376,0.012,0.266,0.022,0.066,0.022,0.090,,,
2504.000,2505.000,True,presidenta,closeup,-0.021,0.257,0.241,0.049,0.055,0.176,0.105,0.249,0.082,0.044,,,
2505.000,2506.000,True,presidenta,closeup,-0.129,0.249,0.291,0.037,0.052,0.241,0.076,0.225,0.060,0.019,,,
2506.000,2507.000,True,presidenta,closeup,0.113,0.121,0.368,0.156,0.024,0.192,0.027,0.123,0.035,0.074,,,
2507.000,2508.000,True,presidenta,closeup,-0.165,0.202,0.474,0.025,0.053,0.223,0.042,0.156,0.012,0.015,,,
2508.000,2509.000,True,presidenta,closeup,-0.152,0.446,0.060,0.004,0.048,0.317,0.511,0.038,0.019,0.002,,,
2509.000,2510.000,True,presidenta,closeup,-0.055,0.190,0.104,0.028,0.101,0.402,0.240,0.069,0.051,0.005,,,
2510.000,2511.000,True,presidenta,closeup,-0.163,0.599,0.034,0.004,0.031,0.204,0.653,0.043,0.030,0.002,,,
2511.000,2512.000,True,presidenta,closeup,-0.060,0.385,0.096,0.019,0.039,0.415,0.368,0.038,0.020,0.005,,,
2512.000,2513.000,True,presidenta,closeup,-0.385,-0.095,0.139,0.014,0.449,0.119,0.078,0.068,0.123,0.011,,,
2513.000,2514.000,True,presidenta,closeup,-0.370,-0.131,0.135,0.007,0.457,0.145,0.204,0.033,0.016,0.003,,,
2514.000,2515.000,True,presidenta,closeup,0.176,-0.048,0.153,0.390,0.170,0.058,0.022,0.061,0.044,0.101,,,
2515.000,2516.000,True,presidenta,closeup,0.099,0.029,0.072,0.224,0.206,0.071,0.018,0.103,0.174,0.131,,,
2516.000,2517.000,True,presidenta,closeup,-0.067,-0.008,0.068,0.096,0.180,0.017,0.006,0.072,0.318,0.242,,,
2517.000,2518.000,True,presidenta,closeup,-0.107,0.125,0.180,0.086,0.145,0.085,0.016,0.196,0.180,0.113,,,
2518.000,2519.000,True,presidenta,closeup,0.215,0.119,0.209,0.364,0.039,0.224,0.022,0.060,0.056,0.026,,,
2519.000,2520.000,True,presidenta,closeup,-0.243,0.226,0.395,0.010,0.107,0.237,0.094,0.128,0.024,0.005,,,
2520.000,2521.000,True,presidenta,closeup,0.248,0.060,0.321,0.339,0.043,0.032,0.012,0.071,0.146,0.036,,,
2521.000,2522.000,True,presidenta,closeup,0.658,0.144,0.033,0.868,0.003,0.045,0.005,0.014,0.021,0.011,,,
2522.000,2523.000,True,presidenta,closeup,-0.054,0.098,0.259,0.057,0.096,0.258,0.171,0.107,0.037,0.015,,,
2523.000,2524.000,True,presidenta,closeup,0.381,-0.066,0.090,0.413,0.049,0.010,0.007,0.008,0.040,0.383,,,
2524.000,2525.000,True,presidenta,closeup,0.208,-0.091,0.501,0.201,0.059,0.049,0.008,0.056,0.017,0.110,,,
2525.000,2526.000,True,presidenta,closeup,0.038,-0.164,0.570,0.109,0.108,0.020,0.006,0.060,0.009,0.118,,,
2526.000,2527.000,True,presidenta,closeup,0.767,0.179,0.011,0.895,0.002,0.025,0.001,0.003,0.043,0.019,,,
2527.000,2528.000,True,presidenta,closeup,0.104,-0.083,0.383,0.159,0.105,0.021,0.005,0.061,0.057,0.209,,,
2528.000,2529.000,True,presidenta,closeup,-0.059,0.207,0.078,0.042,0.035,0.096,0.039,0.068,0.632,0.011,,,
2529.000,2530.000,True,presidenta,closeup,-0.336,0.292,0.270,0.003,0.085,0.160,0.246,0.199,0.030,0.008,,,
2530.000,2531.000,True,presidenta,closeup,-0.303,0.350,0.226,0.002,0.059,0.371,0.223,0.104,0.007,0.008,,,
2531.000,2532.000,True,presidenta,closeup,-0.178,-0.221,0.325,0.065,0.516,0.032,0.008,0.039,0.008,0.008,,,
2532.000,2533.000,True,presidenta,closeup,0.063,0.261,0.196,0.095,0.043,0.282,0.058,0.240,0.075,0.010,,,
2533.000,2534.000,True,presidenta,closeup,-0.129,-0.024,0.186,0.026,0.198,0.405,0.142,0.024,0.005,0.013,,,
2534.000,2535.000,True,presidenta,closeup,-0.110,0.005,0.108,0.046,0.226,0.208,0.299,0.037,0.069,0.007,,,
2535.000,2536.000,True,presidenta,closeup,0.069,0.200,0.066,0.104,0.095,0.372,0.198,0.077,0.082,0.006,,,
2536.000,2537.000,True,presidenta,closeup,-0.200,0.401,0.047,0.009,0.080,0.301,0.531,0.018,0.013,0.001,,,
2537.000,2538.000,True,presidenta,closeup,-0.275,-0.108,0.184,0.015,0.397,0.136,0.211,0.041,0.010,0.006,,,
2538.000,2539.000,True,presidenta,closeup,-0.161,-0.028,0.181,0.035,0.285,0.262,0.177,0.024,0.005,0.031,,,
2539.000,2540.000,True,presidenta,closeup,-0.159,-0.102,0.119,0.046,0.381,0.205,0.176,0.021,0.042,0.010,,,
2540.000,2541.000,True,presidenta,closeup,-0.093,-0.020,0.117,0.031,0.281,0.129,0.385,0.025,0.013,0.019,,,
2541.000,2542.000,True,presidenta,closeup,0.035,0.082,0.109,0.063,0.156,0.196,0.293,0.040,0.136,0.007,,,
2542.000,2543.000,True,presidenta,closeup,-0.314,0.264,0.139,0.005,0.130,0.340,0.251,0.078,0.055,0.002,,,
2543.000,2544.000,True,presidenta,closeup,-0.063,0.277,0.172,0.025,0.085,0.415,0.181,0.082,0.035,0.006,,,
2544.000,2545.000,True,presidenta,closeup,0.112,0.224,0.146,0.124,0.074,0.456,0.102,0.060,0.029,0.009,,,
2545.000,2546.000,True,presidenta,closeup,-0.366,-0.139,0.221,0.046,0.454,0.094,0.020,0.099,0.055,0.011,,,
2546.000,2547.000,True,presidenta,closeup,0.103,0.104,0.081,0.136,0.098,0.266,0.221,0.043,0.149,0.006,,,
2547.000,2548.000,True,presidenta,closeup,0.240,0.255,0.047,0.127,0.053,0.619,0.113,0.023,0.010,0.009,,,
2548.000,2549.000,True,presidenta,closeup,-0.185,-0.038,0.433,0.024,0.200,0.202,0.028,0.072,0.007,0.035,,,
2549.000,2550.000,True,presidenta,closeup,-0.096,0.057,0.514,0.036,0.073,0.174,0.026,0.112,0.005,0.059,,,
2550.000,2551.000,True,presidenta,closeup,-0.019,0.082,0.371,0.043,0.125,0.322,0.052,0.049,0.011,0.026,,,
2551.000,2552.000,True,presidenta,closeup,-0.371,-0.057,0.168,0.004,0.493,0.185,0.111,0.028,0.004,0.007,,,
2552.000,2553.000,True,presidenta,closeup,0.335,-0.129,0.153,0.567,0.100,0.016,0.003,0.029,0.018,0.114,,,
2553.000,2554.000,True,presidenta,closeup,0.341,-0.090,0.103,0.525,0.121,0.047,0.010,0.085,0.044,0.066,,,
2554.000,2555.000,True,presidenta,closeup,0.057,0.117,0.148,0.205,0.107,0.068,0.008,0.217,0.124,0.124,,,
2555.000,2556.000,False,,wide,,,,,,,,,,,,,
2556.000,2557.000,False,,wide,,,,,,,,,,,,,
2557.000,2558.000,False,,wide,,,,,,,,,,,,,
2558.000,2559.000,False,,wide,,,,,,,,,,,,,
2559.000,2560.000,False,,wide,,,,,,,,,,,,,
2560.000,2561.000,True,otro,closeup,-0.087,0.213,0.148,0.016,0.023,0.694,0.012,0.076,0.013,0.018,,,
2561.000,2562.000,True,otro,closeup,0.066,0.257,0.093,0.057,0.026,0.660,0.037,0.056,0.053,0.018,,,
2562.000,2563.000,True,otro,closeup,-0.093,0.374,0.082,0.014,0.018,0.664,0.039,0.082,0.092,0.009,,,
2563.000,2564.000,True,otro,closeup,-0.111,0.312,0.157,0.015,0.035,0.535,0.025,0.167,0.053,0.014,,,
2564.000,2565.000,True,otro,closeup,-0.172,0.336,0.110,0.013,0.040,0.393,0.033,0.265,0.132,0.013,,,
2565.000,2566.000,True,otro,closeup,-0.042,0.244,0.218,0.037,0.053,0.360,0.038,0.155,0.107,0.033,,,
2566.000,2567.000,True,otro,closeup,-0.010,0.285,0.123,0.028,0.037,0.600,0.055,0.092,0.045,0.021,,,
2567.000,2568.000,True,otro,closeup,0.123,0.275,0.048,0.046,0.013,0.817,0.011,0.020,0.014,0.032,,,
2568.000,2569.000,True,otro,closeup,-0.015,0.253,0.185,0.032,0.037,0.556,0.025,0.106,0.034,0.024,,,
2569.000,2570.000,True,otro,closeup,0.007,0.277,0.095,0.024,0.030,0.713,0.030,0.056,0.034,0.018,,,
2570.000,2571.000,True,otro,closeup,-0.122,0.318,0.098,0.017,0.042,0.640,0.070,0.095,0.027,0.010,,,
2571.000,2572.000,True,otro,closeup,0.002,0.148,0.177,0.056,0.062,0.493,0.054,0.080,0.046,0.033,,,
2572.000,2573.000,True,otro,closeup,-0.026,0.180,0.085,0.021,0.040,0.739,0.025,0.039,0.028,0.023,,,
2573.000,2574.000,True,otro,closeup,-0.068,0.225,0.128,0.037,0.070,0.555,0.023,0.104,0.035,0.048,,,
2574.000,2575.000,True,otro,closeup,0.041,0.203,0.116,0.053,0.038,0.640,0.036,0.047,0.031,0.039,,,
2575.000,2576.000,True,otro,closeup,-0.007,0.256,0.052,0.029,0.024,0.787,0.013,0.029,0.028,0.038,,,
2576.000,2577.000,True,otro,closeup,0.093,0.267,0.066,0.055,0.022,0.758,0.026,0.028,0.019,0.026,,,
2577.000,2578.000,True,otro,closeup,-0.054,0.316,0.069,0.024,0.023,0.782,0.016,0.039,0.015,0.031,,,
2578.000,2579.000,True,otro,closeup,0.070,0.331,0.027,0.031,0.011,0.882,0.009,0.012,0.009,0.019,,,
2579.000,2580.000,True,otro,closeup,0.061,0.382,0.028,0.020,0.009,0.889,0.007,0.014,0.013,0.020,,,
2580.000,2581.000,True,otro,closeup,0.012,0.316,0.035,0.027,0.021,0.850,0.010,0.021,0.013,0.023,,,
2581.000,2582.000,True,otro,closeup,0.006,0.358,0.037,0.014,0.012,0.869,0.024,0.021,0.013,0.009,,,
2582.000,2583.000,True,otro,closeup,0.105,0.365,0.031,0.024,0.008,0.890,0.009,0.015,0.010,0.014,,,
2583.000,2584.000,True,otro,closeup,0.128,0.401,0.021,0.023,0.007,0.901,0.007,0.013,0.010,0.019,,,
2584.000,2585.000,True,otro,closeup,0.099,0.247,0.041,0.036,0.021,0.825,0.023,0.021,0.016,0.016,,,
2585.000,2586.000,True,otro,closeup,0.028,0.305,0.035,0.029,0.018,0.849,0.014,0.022,0.011,0.021,,,
2586.000,2587.000,True,otro,closeup,0.113,0.358,0.026,0.023,0.007,0.898,0.012,0.012,0.008,0.014,,,
2587.000,2588.000,True,otro,closeup,0.036,0.378,0.025,0.009,0.007,0.923,0.008,0.013,0.006,0.008,,,
2588.000,2589.000,True,otro,closeup,0.056,0.368,0.023,0.011,0.008,0.924,0.009,0.011,0.006,0.008,,,
2589.000,2590.000,True,otro,closeup,0.063,0.305,0.027,0.012,0.008,0.918,0.013,0.011,0.004,0.008,,,
2590.000,2591.000,True,otro,closeup,0.063,0.348,0.027,0.012,0.008,0.920,0.010,0.013,0.004,0.006,,,
2591.000,2592.000,True,otro,closeup,-0.074,0.327,0.045,0.010,0.024,0.862,0.017,0.026,0.006,0.010,,,
2592.000,2593.000,True,otro,closeup,0.128,0.287,0.034,0.039,0.015,0.854,0.016,0.020,0.008,0.014,,,
2593.000,2594.000,True,otro,closeup,-0.051,0.295,0.058,0.014,0.020,0.850,0.010,0.026,0.012,0.011,,,
2594.000,2595.000,True,otro,closeup,0.121,0.340,0.046,0.046,0.013,0.805,0.011,0.023,0.035,0.021,,,
2595.000,2596.000,True,otro,closeup,0.060,0.248,0.055,0.023,0.022,0.825,0.011,0.030,0.024,0.011,,,
2596.000,2597.000,True,otro,closeup,-0.009,0.242,0.081,0.020,0.037,0.758,0.016,0.059,0.020,0.011,,,
2597.000,2598.000,True,otro,closeup,-0.042,0.271,0.062,0.022,0.029,0.780,0.017,0.053,0.027,0.009,,,
2598.000,2599.000,True,otro,closeup,0.047,0.261,0.049,0.024,0.021,0.848,0.011,0.026,0.009,0.013,,,
2599.000,2600.000,True,otro,closeup,-0.031,0.273,0.066,0.023,0.023,0.811,0.018,0.037,0.011,0.010,,,
2600.000,2601.000,True,otro,closeup,-0.166,0.364,0.056,0.007,0.020,0.832,0.025,0.045,0.012,0.004,,,
2601.000,2602.000,True,otro,closeup,-0.069,0.295,0.050,0.011,0.016,0.865,0.009,0.033,0.010,0.006,,,
2602.000,2603.000,True,otro,closeup,-0.110,0.186,0.083,0.012,0.049,0.784,0.015,0.042,0.008,0.007,,,
2603.000,2604.000,True,otro,closeup,-0.019,0.306,0.058,0.019,0.026,0.816,0.014,0.040,0.010,0.018,,,
2604.000,2605.000,True,otro,closeup,-0.004,0.252,0.049,0.017,0.027,0.840,0.019,0.025,0.015,0.009,,,
2605.000,2606.000,True,otro,closeup,-0.009,0.260,0.090,0.025,0.034,0.756,0.013,0.055,0.014,0.015,,,
2606.000,2607.000,True,otro,closeup,-0.044,0.374,0.031,0.006,0.014,0.895,0.022,0.020,0.006,0.004,,,
2607.000,2608.000,True,otro,closeup,-0.119,0.272,0.065,0.008,0.031,0.808,0.017,0.046,0.014,0.010,,,
2608.000,2609.000,True,otro,closeup,-0.119,0.289,0.057,0.011,0.038,0.790,0.008,0.053,0.027,0.015,,,
2609.000,2610.000,True,otro,closeup,-0.017,0.283,0.046,0.010,0.018,0.860,0.017,0.022,0.018,0.009,,,
2610.000,2611.000,True,otro,closeup,0.105,0.324,0.034,0.024,0.016,0.862,0.011,0.021,0.017,0.015,,,
2611.000,2612.000,True,otro,closeup,0.002,0.347,0.034,0.013,0.012,0.877,0.037,0.011,0.009,0.006,,,
2612.000,2613.000,True,otro,closeup,0.221,0.264,0.029,0.048,0.008,0.870,0.005,0.013,0.010,0.016,,,
2613.000,2614.000,True,otro,closeup,0.200,0.315,0.030,0.038,0.012,0.871,0.014,0.018,0.011,0.006,,,
2614.000,2615.000,True,otro,closeup,0.154,0.365,0.025,0.012,0.006,0.924,0.009,0.011,0.009,0.005,,,
2615.000,2616.000,True,otro,closeup,-0.020,0.289,0.035,0.004,0.011,0.914,0.015,0.012,0.006,0.003,,,
2616.000,2617.000,True,otro,closeup,-0.006,0.362,0.029,0.006,0.012,0.913,0.009,0.016,0.007,0.006,,,
2617.000,2618.000,True,otro,closeup,0.025,0.364,0.025,0.008,0.013,0.904,0.021,0.016,0.010,0.003,,,
2618.000,2619.000,True,otro,closeup,0.051,0.362,0.031,0.009,0.015,0.888,0.025,0.017,0.011,0.004,,,
2619.000,2620.000,True,otro,closeup,0.169,0.315,0.031,0.017,0.008,0.913,0.005,0.011,0.007,0.009,,,
2620.000,2621.000,True,otro,closeup,-0.061,0.330,0.059,0.012,0.023,0.831,0.012,0.042,0.013,0.009,,,
2621.000,2622.000,True,otro,closeup,-0.047,0.285,0.038,0.007,0.015,0.897,0.010,0.019,0.009,0.006,,,
2622.000,2623.000,True,otro,closeup,-0.308,0.166,0.071,0.005,0.224,0.427,0.028,0.105,0.108,0.033,,,
2623.000,2624.000,True,presidenta,closeup,-0.132,0.176,0.204,0.032,0.086,0.176,0.032,0.281,0.179,0.011,,,
2624.000,2625.000,True,presidenta,closeup,0.752,0.257,0.001,0.981,0.000,0.012,0.002,0.002,0.001,0.001,,,
2625.000,2626.000,True,presidenta,closeup,0.071,-0.091,0.158,0.212,0.288,0.032,0.007,0.106,0.058,0.139,,,
2626.000,2627.000,True,presidenta,closeup,0.338,-0.044,0.100,0.609,0.100,0.039,0.007,0.060,0.023,0.062,,,
2627.000,2628.000,True,presidenta,closeup,0.096,0.217,0.211,0.111,0.037,0.388,0.009,0.100,0.030,0.113,,,
2628.000,2629.000,True,presidenta,closeup,0.005,0.185,0.289,0.075,0.083,0.302,0.023,0.133,0.021,0.073,,,
2629.000,2630.000,True,presidenta,closeup,0.231,-0.014,0.262,0.225,0.050,0.125,0.004,0.109,0.036,0.189,,,
2630.000,2631.000,True,presidenta,closeup,0.152,-0.100,0.088,0.259,0.200,0.038,0.013,0.089,0.158,0.155,,,
2631.000,2632.000,True,presidenta,closeup,0.088,-0.018,0.136,0.200,0.174,0.022,0.007,0.136,0.140,0.185,,,
2632.000,2633.000,True,presidenta,closeup,0.184,0.109,0.114,0.460,0.073,0.101,0.016,0.058,0.123,0.055,,,
2633.000,2634.000,True,presidenta,closeup,0.059,0.116,0.237,0.133,0.036,0.131,0.016,0.221,0.090,0.136,,,
2634.000,2635.000,True,presidenta,closeup,0.296,0.089,0.179,0.340,0.014,0.104,0.007,0.104,0.038,0.213,,,
2635.000,2636.000,True,presidenta,closeup,0.201,0.103,0.209,0.217,0.021,0.091,0.008,0.073,0.194,0.186,,,
2636.000,2637.000,True,presidenta,closeup,-0.045,0.159,0.195,0.034,0.053,0.500,0.022,0.124,0.046,0.026,,,
2637.000,2638.000,True,presidenta,closeup,0.305,0.045,0.182,0.199,0.024,0.422,0.018,0.031,0.022,0.103,,,
2638.000,2639.000,True,presidenta,closeup,-0.080,0.183,0.094,0.032,0.099,0.498,0.058,0.093,0.092,0.035,,,
2639.000,2640.000,True,presidenta,closeup,-0.045,0.065,0.138,0.055,0.111,0.345,0.033,0.113,0.150,0.056,,,
2640.000,2641.000,True,presidenta,closeup,-0.222,0.252,0.303,0.017,0.055,0.208,0.017,0.364,0.007,0.029,,,
2641.000,2642.000,True,presidenta,closeup,-0.258,-0.022,0.267,0.051,0.348,0.026,0.007,0.205,0.021,0.075,,,
2642.000,2643.000,True,presidenta,closeup,-0.021,-0.004,0.271,0.066,0.120,0.167,0.022,0.149,0.106,0.100,,,
2643.000,2644.000,True,presidenta,closeup,-0.139,0.167,0.256,0.046,0.068,0.171,0.015,0.299,0.055,0.091,,,
2644.000,2645.000,True,presidenta,closeup,-0.033,0.138,0.150,0.043,0.125,0.406,0.042,0.107,0.096,0.030,,,
2645.000,2646.000,True,presidenta,closeup,0.057,0.007,0.215,0.103,0.159,0.075,0.013,0.194,0.117,0.124,,,
2646.000,2647.000,True,presidenta,closeup,-0.146,0.137,0.270,0.026,0.104,0.259,0.022,0.207,0.071,0.042,,,
2647.000,2648.000,True,presidenta,closeup,-0.100,0.220,0.161,0.026,0.067,0.309,0.032,0.173,0.218,0.013,,,
2648.000,2649.000,True,presidenta,closeup,-0.150,0.146,0.179,0.032,0.129,0.199,0.067,0.132,0.245,0.016,,,
2649.000,2650.000,True,presidenta,closeup,-0.106,0.066,0.195,0.040,0.078,0.113,0.012,0.217,0.266,0.079,,,
2650.000,2651.000,True,presidenta,closeup,-0.117,0.134,0.295,0.043,0.069,0.054,0.008,0.373,0.065,0.093,,,
2651.000,2652.000,True,presidenta,closeup,-0.208,0.077,0.104,0.029,0.189,0.066,0.014,0.220,0.293,0.085,,,
2652.000,2653.000,True,presidenta,closeup,-0.055,0.081,0.128,0.044,0.059,0.237,0.007,0.158,0.279,0.089,,,
2653.000,2654.000,True,presidenta,closeup,0.095,0.097,0.169,0.091,0.066,0.461,0.027,0.081,0.030,0.074,,,
2654.000,2655.000,True,presidenta,closeup,-0.168,0.082,0.180,0.023,0.154,0.223,0.027,0.153,0.209,0.031,,,
2655.000,2656.000,True,presidenta,closeup,-0.138,0.026,0.164,0.044,0.229,0.174,0.031,0.139,0.154,0.065,,,
2656.000,2657.000,True,presidenta,closeup,0.024,0.024,0.264,0.064,0.101,0.261,0.020,0.177,0.046,0.066,,,
2657.000,2658.000,True,presidenta,closeup,0.046,0.033,0.199,0.082,0.086,0.266,0.019,0.153,0.115,0.079,,,
2658.000,2659.000,True,presidenta,closeup,-0.076,0.158,0.248,0.064,0.061,0.322,0.009,0.185,0.030,0.081,,,
2659.000,2660.000,True,presidenta,closeup,0.053,0.082,0.176,0.054,0.081,0.414,0.026,0.082,0.101,0.067,,,
2660.000,2661.000,True,presidenta,closeup,0.065,0.169,0.106,0.049,0.062,0.473,0.036,0.062,0.178,0.034,,,
2661.000,2662.000,True,presidenta,closeup,-0.007,0.155,0.102,0.052,0.057,0.472,0.046,0.074,0.163,0.034,,,
2662.000,2663.000,True,presidenta,closeup,0.100,-0.023,0.072,0.200,0.145,0.135,0.031,0.092,0.153,0.172,,,
2663.000,2664.000,True,presidenta,closeup,0.006,0.114,0.204,0.042,0.091,0.234,0.016,0.236,0.089,0.088,,,
2664.000,2665.000,True,presidenta,closeup,0.043,0.112,0.180,0.065,0.050,0.283,0.013,0.212,0.153,0.044,,,
2665.000,2666.000,True,presidenta,closeup,0.116,0.187,0.152,0.073,0.041,0.368,0.024,0.167,0.135,0.040,,,
2666.000,2667.000,True,presidenta,closeup,0.006,0.237,0.198,0.059,0.044,0.260,0.017,0.307,0.050,0.066,,,
2667.000,2668.000,True,presidenta,closeup,-0.048,0.065,0.299,0.055,0.130,0.222,0.018,0.182,0.034,0.059,,,
2668.000,2669.000,True,presidenta,closeup,-0.210,0.176,0.385,0.035,0.038,0.071,0.019,0.342,0.007,0.103,,,
2669.000,2670.000,True,presidenta,closeup,0.089,0.136,0.421,0.216,0.036,0.176,0.025,0.080,0.016,0.030,,,
2670.000,2671.000,True,presidenta,closeup,0.103,0.067,0.203,0.121,0.063,0.182,0.023,0.195,0.102,0.110,,,
2671.000,2672.000,True,presidenta,closeup,0.245,0.029,0.186,0.214,0.064,0.198,0.014,0.130,0.088,0.105,,,
2672.000,2673.000,True,presidenta,closeup,0.050,0.119,0.219,0.081,0.059,0.309,0.020,0.196,0.049,0.067,,,
2673.000,2674.000,True,presidenta,closeup,-0.010,0.110,0.121,0.063,0.063,0.241,0.013,0.147,0.299,0.054,,,
2674.000,2675.000,True,presidenta,closeup,-0.068,0.043,0.148,0.054,0.132,0.215,0.016,0.146,0.144,0.143,,,
2675.000,2676.000,True,presidenta,closeup,-0.090,-0.077,0.134,0.084,0.309,0.086,0.024,0.140,0.101,0.122,,,
2676.000,2677.000,True,presidenta,closeup,-0.166,-0.008,0.179,0.060,0.277,0.107,0.040,0.231,0.059,0.047,,,
2677.000,2678.000,True,presidenta,closeup,-0.122,-0.034,0.092,0.058,0.321,0.068,0.017,0.154,0.153,0.137,,,
2678.000,2679.000,True,presidenta,closeup,-0.077,0.042,0.046,0.032,0.099,0.051,0.008,0.096,0.586,0.082,,,
2679.000,2680.000,True,presidenta,closeup,-0.010,0.069,0.087,0.070,0.119,0.128,0.014,0.203,0.306,0.072,,,
2680.000,2681.000,True,presidenta,closeup,-0.071,0.017,0.112,0.069,0.215,0.174,0.036,0.176,0.159,0.057,,,
2681.000,2682.000,True,presidenta,closeup,-0.010,0.026,0.052,0.054,0.087,0.110,0.018,0.074,0.512,0.092,,,
2682.000,2683.000,True,presidenta,closeup,0.042,0.050,0.147,0.105,0.099,0.203,0.022,0.106,0.201,0.118,,,
2683.000,2684.000,True,presidenta,closeup,-0.165,0.095,0.164,0.040,0.214,0.100,0.014,0.224,0.204,0.040,,,
2684.000,2685.000,True,presidenta,closeup,-0.007,0.087,0.215,0.075,0.190,0.081,0.013,0.242,0.142,0.043,,,
2685.000,2686.000,True,presidenta,closeup,-0.183,0.185,0.269,0.032,0.064,0.121,0.014,0.381,0.029,0.089,,,
2686.000,2687.000,True,presidenta,closeup,-0.054,0.169,0.287,0.045,0.058,0.140,0.015,0.335,0.050,0.070,,,
2687.000,2688.000,True,presidenta,closeup,0.086,0.128,0.210,0.105,0.058,0.149,0.018,0.233,0.098,0.129,,,
2688.000,2689.000,True,presidenta,closeup,-0.098,0.082,0.126,0.035,0.116,0.227,0.044,0.173,0.206,0.072,,,
2689.000,2690.000,True,presidenta,closeup,-0.094,0.093,0.129,0.114,0.284,0.034,0.011,0.257,0.115,0.057,,,
2690.000,2691.000,True,presidenta,closeup,0.283,0.153,0.118,0.410,0.026,0.107,0.006,0.185,0.069,0.080,,,
2691.000,2692.000,True,presidenta,closeup,0.017,0.108,0.158,0.088,0.078,0.148,0.032,0.235,0.161,0.100,,,
2692.000,2693.000,True,presidenta,closeup,-0.047,0.354,0.072,0.022,0.039,0.679,0.090,0.055,0.029,0.014,,,
2693.000,2694.000,True,presidenta,closeup,0.025,0.368,0.035,0.026,0.034,0.675,0.166,0.021,0.037,0.005,,,
2694.000,2695.000,True,presidenta,closeup,-0.014,0.163,0.141,0.052,0.128,0.280,0.076,0.155,0.121,0.046,,,
2695.000,2696.000,True,presidenta,closeup,-0.085,0.181,0.118,0.024,0.118,0.239,0.079,0.173,0.217,0.032,,,
2696.000,2697.000,True,presidenta,closeup,-0.050,0.256,0.095,0.035,0.076,0.214,0.063,0.146,0.349,0.022,,,
2697.000,2698.000,True,presidenta,closeup,0.039,0.115,0.251,0.053,0.085,0.248,0.019,0.210,0.063,0.072,,,
2698.000,2699.000,True,presidenta,closeup,-0.089,0.294,0.165,0.021,0.074,0.342,0.066,0.173,0.120,0.039,,,
2699.000,2700.000,True,presidenta,closeup,-0.071,0.363,0.130,0.036,0.040,0.421,0.061,0.194,0.095,0.022,,,
2700.000,2701.000,True,presidenta,closeup,-0.077,0.101,0.189,0.061,0.120,0.162,0.013,0.256,0.124,0.075,,,
2701.000,2702.000,True,presidenta,closeup,0.014,0.043,0.218,0.140,0.124,0.173,0.023,0.177,0.082,0.063,,,
2702.000,2703.000,True,presidenta,closeup,0.320,-0.073,0.095,0.494,0.130,0.037,0.008,0.071,0.065,0.100,,,
2703.000,2704.000,True,presidenta,closeup,-0.073,-0.003,0.082,0.118,0.143,0.045,0.014,0.153,0.298,0.147,,,
2704.000,2705.000,True,presidenta,closeup,-0.418,-0.010,0.128,0.018,0.323,0.016,0.007,0.265,0.200,0.045,,,
2705.000,2706.000,True,presidenta,closeup,-0.067,0.032,0.090,0.114,0.139,0.019,0.010,0.149,0.375,0.104,,,
2706.000,2707.000,True,presidenta,closeup,-0.052,-0.082,0.080,0.092,0.231,0.017,0.009,0.120,0.312,0.138,,,
2707.000,2708.000,True,presidenta,closeup,-0.216,0.036,0.116,0.047,0.287,0.072,0.015,0.238,0.189,0.035,,,
2708.000,2709.000,True,presidenta,closeup,0.141,0.028,0.068,0.360,0.089,0.036,0.011,0.086,0.163,0.187,,,
2709.000,2710.000,True,presidenta,closeup,-0.185,-0.017,0.149,0.088,0.382,0.053,0.009,0.203,0.093,0.022,,,
2710.000,2711.000,True,presidenta,closeup,-0.276,0.309,0.097,0.013,0.100,0.049,0.023,0.548,0.158,0.013,,,
2711.000,2712.000,True,presidenta,closeup,0.050,0.016,0.123,0.142,0.156,0.199,0.028,0.153,0.087,0.112,,,
2712.000,2713.000,True,presidenta,closeup,-0.181,0.037,0.408,0.037,0.113,0.089,0.019,0.230,0.009,0.095,,,
2713.000,2714.000,True,presidenta,closeup,0.218,0.036,0.099,0.294,0.075,0.061,0.012,0.092,0.069,0.298,,,
2714.000,2715.000,True,presidenta,closeup,-0.030,0.054,0.140,0.116,0.081,0.050,0.018,0.195,0.213,0.186,,,
2715.000,2716.000,True,presidenta,closeup,0.358,0.336,0.032,0.305,0.013,0.374,0.075,0.061,0.105,0.034,,,
2716.000,2717.000,True,presidenta,closeup,-0.193,0.288,0.139,0.018,0.063,0.397,0.090,0.173,0.095,0.024,,,
2717.000,2718.000,True,presidenta,closeup,-0.118,0.276,0.118,0.030,0.051,0.460,0.074,0.128,0.126,0.014,,,
2718.000,2719.000,True,presidenta,closeup,0.118,0.194,0.113,0.172,0.044,0.148,0.042,0.134,0.216,0.131,,,
2719.000,2720.000,True,presidenta,closeup,-0.089,0.036,0.160,0.100,0.153,0.116,0.060,0.145,0.148,0.119,,,
2720.000,2721.000,True,presidenta,closeup,-0.072,0.132,0.227,0.064,0.073,0.282,0.057,0.124,0.111,0.062,,,
2721.000,2722.000,True,presidenta,closeup,-0.164,0.208,0.227,0.028,0.057,0.112,0.015,0.396,0.092,0.074,,,
2722.000,2723.000,True,presidenta,closeup,-0.192,0.149,0.092,0.027,0.071,0.192,0.038,0.115,0.435,0.031,,,
2723.000,2724.000,True,presidenta,closeup,0.332,0.333,0.054,0.168,0.010,0.272,0.028,0.110,0.318,0.040,,,
2724.000,2725.000,True,presidenta,closeup,-0.000,0.012,0.217,0.088,0.132,0.098,0.053,0.194,0.084,0.133,,,
2725.000,2726.000,True,presidenta,closeup,-0.110,0.178,0.232,0.030,0.117,0.254,0.146,0.169,0.029,0.023,,,
2726.000,2727.000,True,presidenta,closeup,-0.219,-0.009,0.141,0.036,0.281,0.130,0.085,0.196,0.077,0.053,,,
2727.000,2728.000,True,presidenta,closeup,-0.076,0.115,0.088,0.055,0.092,0.049,0.042,0.194,0.313,0.168,,,
2728.000,2729.000,True,presidenta,closeup,-0.033,0.189,0.045,0.052,0.034,0.044,0.043,0.126,0.543,0.112,,,
2729.000,2730.000,True,presidenta,closeup,-0.186,0.085,0.099,0.038,0.224,0.145,0.110,0.161,0.172,0.053,,,
2730.000,2731.000,True,presidenta,closeup,-0.121,0.285,0.090,0.030,0.067,0.458,0.177,0.109,0.055,0.015,,,
2731.000,2732.000,True,presidenta,closeup,-0.228,0.112,0.091,0.026,0.187,0.182,0.082,0.177,0.182,0.072,,,
2732.000,2733.000,True,presidenta,closeup,-0.180,0.171,0.083,0.026,0.149,0.268,0.205,0.111,0.139,0.019,,,
2733.000,2734.000,True,presidenta,closeup,-0.118,0.267,0.092,0.024,0.078,0.411,0.165,0.095,0.115,0.021,,,
2734.000,2735.000,True,presidenta,closeup,-0.030,0.031,0.219,0.077,0.161,0.141,0.039,0.146,0.083,0.135,,,
2735.000,2736.000,True,presidenta,closeup,-0.012,0.314,0.059,0.046,0.038,0.239,0.071,0.184,0.321,0.042,,,
2736.000,2737.000,True,presidenta,closeup,-0.036,0.009,0.139,0.149,0.242,0.050,0.011,0.205,0.157,0.047,,,
2737.000,2738.000,True,presidenta,closeup,-0.205,0.221,0.108,0.033,0.106,0.066,0.015,0.361,0.283,0.027,,,
2738.000,2739.000,True,presidenta,closeup,-0.106,0.266,0.119,0.029,0.046,0.230,0.027,0.202,0.313,0.034,,,
2739.000,2740.000,True,presidenta,closeup,0.240,0.047,0.079,0.256,0.053,0.023,0.016,0.087,0.375,0.113,,,
2740.000,2741.000,True,presidenta,closeup,-0.150,0.245,0.191,0.031,0.035,0.271,0.049,0.244,0.135,0.042,,,
2741.000,2742.000,True,presidenta,closeup,-0.152,0.261,0.230,0.020,0.049,0.330,0.053,0.210,0.065,0.043,,,
2742.000,2743.000,True,presidenta,closeup,-0.099,0.116,0.274,0.054,0.091,0.114,0.045,0.192,0.134,0.096,,,
2743.000,2744.000,True,presidenta,closeup,-0.282,0.053,0.278,0.035,0.188,0.077,0.008,0.285,0.072,0.058,,,
2744.000,2745.000,True,presidenta,closeup,-0.425,0.088,0.187,0.025,0.204,0.085,0.013,0.285,0.169,0.031,,,
2745.000,2746.000,True,presidenta,closeup,-0.127,0.042,0.119,0.043,0.161,0.167,0.025,0.151,0.204,0.130,,,
2746.000,2747.000,True,presidenta,closeup,0.097,0.070,0.057,0.159,0.119,0.142,0.019,0.048,0.088,0.367,,,
2747.000,2748.000,True,presidenta,closeup,0.103,0.009,0.078,0.257,0.142,0.041,0.028,0.105,0.204,0.144,,,
2748.000,2749.000,True,presidenta,closeup,-0.082,0.170,0.110,0.080,0.069,0.112,0.037,0.214,0.290,0.087,,,
2749.000,2750.000,True,presidenta,closeup,-0.230,0.320,0.108,0.022,0.087,0.335,0.105,0.186,0.138,0.019,,,
2750.000,2751.000,True,presidenta,closeup,0.214,-0.131,0.103,0.412,0.272,0.022,0.004,0.057,0.062,0.069,,,
2751.000,2752.000,True,presidenta,closeup,0.187,-0.060,0.127,0.353,0.185,0.043,0.011,0.093,0.136,0.054,,,
2752.000,2753.000,True,presidenta,closeup,0.149,-0.035,0.191,0.344,0.177,0.034,0.005,0.130,0.061,0.058,,,
2753.000,2754.000,True,presidenta,closeup,0.168,0.057,0.122,0.336,0.130,0.031,0.008,0.143,0.136,0.093,,,
2754.000,2755.000,True,presidenta,closeup,0.194,0.059,0.087,0.260,0.123,0.097,0.014,0.134,0.223,0.062,,,
2755.000,2756.000,True,presidenta,closeup,-0.101,0.112,0.204,0.069,0.081,0.138,0.022,0.359,0.070,0.057,,,
2756.000,2757.000,True,presidenta,closeup,0.155,0.086,0.112,0.197,0.079,0.060,0.013,0.222,0.064,0.254,,,
2757.000,2758.000,True,presidenta,closeup,0.213,0.108,0.058,0.207,0.073,0.097,0.043,0.159,0.281,0.083,,,
2758.000,2759.000,True,presidenta,closeup,0.427,0.192,0.034,0.492,0.023,0.050,0.005,0.060,0.143,0.193,,,
2759.000,2760.000,True,presidenta,closeup,0.016,0.125,0.158,0.085,0.076,0.083,0.026,0.244,0.159,0.167,,,
2760.000,2761.000,True,presidenta,closeup,0.125,0.054,0.080,0.154,0.170,0.087,0.041,0.108,0.273,0.087,,,
2761.000,2762.000,True,presidenta,closeup,-0.068,0.328,0.123,0.051,0.039,0.359,0.141,0.154,0.075,0.058,,,
2762.000,2763.000,True,presidenta,closeup,0.123,0.134,0.108,0.180,0.098,0.137,0.099,0.150,0.152,0.076,,,
2763.000,2764.000,True,presidenta,closeup,-0.163,0.192,0.233,0.050,0.089,0.232,0.087,0.232,0.050,0.027,,,
2764.000,2765.000,True,presidenta,closeup,-0.044,0.192,0.221,0.058,0.057,0.195,0.079,0.253,0.081,0.056,,,
2765.000,2766.000,True,presidenta,closeup,-0.023,0.251,0.127,0.058,0.034,0.206,0.058,0.151,0.331,0.035,,,
2766.000,2767.000,True,presidenta,closeup,0.110,0.053,0.149,0.170,0.103,0.117,0.016,0.193,0.154,0.097,,,
2767.000,2768.000,True,presidenta,closeup,-0.185,0.401,0.069,0.005,0.032,0.503,0.260,0.062,0.065,0.005,,,
2768.000,2769.000,True,presidenta,closeup,-0.349,0.070,0.074,0.005,0.158,0.099,0.243,0.064,0.348,0.008,,,
2769.000,2770.000,True,presidenta,closeup,0.007,0.025,0.149,0.092,0.112,0.289,0.078,0.079,0.083,0.118,,,
2770.000,2771.000,True,presidenta,closeup,0.181,0.059,0.042,0.217,0.070,0.121,0.048,0.027,0.202,0.273,,,
2771.000,2772.000,True,presidenta,closeup,0.088,0.198,0.069,0.090,0.062,0.439,0.198,0.051,0.062,0.029,,,
2772.000,2773.000,True,presidenta,closeup,-0.181,0.114,0.129,0.045,0.148,0.268,0.065,0.169,0.135,0.042,,,
2773.000,2774.000,True,presidenta,closeup,-0.237,0.423,0.103,0.013,0.074,0.412,0.168,0.138,0.069,0.022,,,
2774.000,2775.000,True,presidenta,closeup,-0.210,0.183,0.075,0.020,0.196,0.200,0.207,0.078,0.209,0.015,,,
2775.000,2776.000,True,presidenta,closeup,-0.115,0.289,0.120,0.027,0.084,0.287,0.077,0.185,0.184,0.036,,,
2776.000,2777.000,True,presidenta,closeup,-0.159,0.223,0.106,0.033,0.083,0.232,0.099,0.229,0.184,0.033,,,
2777.000,2778.000,True,presidenta,closeup,0.050,-0.006,0.136,0.133,0.188,0.189,0.062,0.155,0.077,0.060,,,
2778.000,2779.000,True,presidenta,closeup,-0.232,0.278,0.211,0.024,0.066,0.158,0.036,0.363,0.057,0.084,,,
2779.000,2780.000,True,presidenta,closeup,-0.214,0.260,0.218,0.016,0.076,0.304,0.040,0.237,0.083,0.027,,,
2780.000,2781.000,True,presidenta,closeup,-0.423,0.046,0.209,0.012,0.365,0.085,0.020,0.234,0.058,0.017,,,
2781.000,2782.000,True,presidenta,closeup,-0.417,0.100,0.192,0.013,0.270,0.083,0.028,0.258,0.143,0.013,,,
2782.000,2783.000,True,presidenta,closeup,0.014,0.167,0.126,0.082,0.056,0.291,0.116,0.131,0.138,0.059,,,
2783.000,2784.000,True,presidenta,closeup,0.015,0.297,0.045,0.055,0.038,0.298,0.186,0.071,0.232,0.075,,,
2784.000,2785.000,True,presidenta,closeup,-0.055,0.248,0.052,0.054,0.039,0.031,0.007,0.127,0.615,0.074,,,
2785.000,2786.000,True,presidenta,closeup,-0.085,-0.031,0.148,0.048,0.228,0.086,0.043,0.100,0.198,0.149,,,
2786.000,2787.000,True,presidenta,closeup,-0.159,0.241,0.054,0.014,0.089,0.444,0.161,0.091,0.133,0.014,,,
2787.000,2788.000,True,presidenta,closeup,-0.088,0.148,0.042,0.023,0.084,0.205,0.068,0.076,0.456,0.046,,,
2788.000,2789.000,True,presidenta,closeup,0.133,0.149,0.037,0.092,0.057,0.203,0.066,0.060,0.365,0.120,,,
2789.000,2790.000,True,presidenta,closeup,0.107,0.277,0.040,0.073,0.030,0.172,0.086,0.131,0.425,0.042,,,
2790.000,2791.000,True,presidenta,closeup,-0.193,0.187,0.046,0.016,0.087,0.202,0.057,0.100,0.467,0.026,,,
2791.000,2792.000,True,presidenta,closeup,-0.233,0.268,0.069,0.019,0.109,0.280,0.179,0.143,0.186,0.015,,,
2792.000,2793.000,True,presidenta,closeup,-0.237,0.103,0.105,0.022,0.179,0.207,0.083,0.139,0.223,0.042,,,
2793.000,2794.000,True,presidenta,closeup,-0.107,0.145,0.105,0.043,0.106,0.283,0.095,0.147,0.197,0.025,,,
2794.000,2795.000,True,presidenta,closeup,-0.067,0.071,0.145,0.055,0.170,0.149,0.012,0.199,0.197,0.074,,,
2795.000,2796.000,True,presidenta,closeup,-0.092,0.113,0.123,0.040,0.165,0.307,0.099,0.146,0.074,0.046,,,
2796.000,2797.000,True,presidenta,closeup,-0.085,0.034,0.096,0.054,0.208,0.285,0.042,0.121,0.149,0.045,,,
2797.000,2798.000,True,presidenta,closeup,0.002,0.124,0.076,0.091,0.137,0.222,0.159,0.122,0.139,0.054,,,
2798.000,2799.000,True,presidenta,closeup,0.040,0.179,0.042,0.079,0.083,0.192,0.200,0.085,0.299,0.020,,,
2799.000,2800.000,True,presidenta,closeup,0.182,0.046,0.048,0.241,0.140,0.135,0.041,0.080,0.190,0.126,,,
2800.000,2801.000,True,presidenta,closeup,-0.123,0.163,0.098,0.048,0.102,0.196,0.098,0.138,0.204,0.118,,,
2801.000,2802.000,True,presidenta,closeup,-0.164,0.126,0.123,0.026,0.129,0.412,0.128,0.090,0.044,0.049,,,
2802.000,2803.000,True,presidenta,closeup,-0.132,0.233,0.020,0.031,0.029,0.056,0.031,0.056,0.703,0.074,,,
2803.000,2804.000,True,presidenta,closeup,-0.122,-0.030,0.086,0.048,0.197,0.047,0.098,0.117,0.347,0.060,,,
2804.000,2805.000,True,presidenta,closeup,-0.196,0.078,0.049,0.020,0.115,0.059,0.096,0.086,0.537,0.039,,,
2805.000,2806.000,True,presidenta,closeup,0.041,0.076,0.180,0.063,0.079,0.162,0.025,0.184,0.139,0.167,,,
2806.000,2807.000,True,presidenta,closeup,-0.069,0.003,0.161,0.041,0.255,0.254,0.065,0.095,0.097,0.033,,,
2807.000,2808.000,True,presidenta,closeup,-0.230,0.189,0.065,0.010,0.123,0.132,0.025,0.113,0.522,0.009,,,
2808.000,2809.000,True,presidenta,closeup,-0.163,-0.070,0.138,0.046,0.330,0.145,0.064,0.135,0.072,0.071,,,
2809.000,2810.000,True,presidenta,closeup,-0.233,-0.004,0.082,0.027,0.289,0.210,0.086,0.084,0.189,0.034,,,
2810.000,2811.000,True,presidenta,closeup,-0.084,0.082,0.101,0.032,0.177,0.176,0.283,0.081,0.137,0.012,,,
2811.000,2812.000,True,presidenta,closeup,-0.016,0.021,0.073,0.114,0.186,0.145,0.105,0.076,0.249,0.052,,,
2812.000,2813.000,True,presidenta,closeup,-0.072,0.042,0.100,0.066,0.225,0.114,0.243,0.124,0.099,0.029,,,
2813.000,2814.000,True,presidenta,closeup,-0.011,-0.011,0.096,0.112,0.233,0.110,0.131,0.101,0.167,0.050,,,
2814.000,2815.000,True,presidenta,closeup,-0.154,0.362,0.040,0.018,0.085,0.328,0.315,0.052,0.155,0.007,,,
2815.000,2816.000,True,presidenta,closeup,-0.377,-0.197,0.126,0.024,0.634,0.018,0.014,0.097,0.063,0.025,,,
2816.000,2817.000,True,presidenta,closeup,-0.099,0.076,0.292,0.050,0.190,0.055,0.127,0.225,0.026,0.035,,,
2817.000,2818.000,True,presidenta,closeup,0.118,0.034,0.085,0.276,0.092,0.117,0.028,0.077,0.069,0.255,,,
2818.000,2819.000,True,presidenta,closeup,0.014,0.073,0.065,0.101,0.154,0.155,0.146,0.073,0.254,0.053,,,
2819.000,2820.000,True,presidenta,closeup,-0.400,0.221,0.145,0.012,0.163,0.169,0.109,0.244,0.142,0.017,,,
2820.000,2821.000,True,presidenta,closeup,-0.288,0.122,0.158,0.019,0.210,0.090,0.166,0.184,0.132,0.042,,,
2821.000,2822.000,True,presidenta,closeup,-0.331,0.234,0.136,0.020,0.139,0.107,0.097,0.341,0.128,0.032,,,
2822.000,2823.000,True,presidenta,closeup,-0.276,0.097,0.218,0.032,0.201,0.103,0.033,0.274,0.101,0.038,,,
2823.000,2824.000,True,presidenta,closeup,0.094,0.101,0.058,0.231,0.056,0.108,0.020,0.087,0.081,0.360,,,
2824.000,2825.000,True,presidenta,closeup,0.041,0.072,0.149,0.083,0.165,0.157,0.027,0.168,0.117,0.135,,,
2825.000,2826.000,True,presidenta,closeup,-0.187,0.145,0.094,0.044,0.161,0.144,0.130,0.158,0.232,0.036,,,
2826.000,2827.000,True,presidenta,closeup,-0.196,0.237,0.247,0.026,0.093,0.148,0.042,0.300,0.089,0.055,,,
2827.000,2828.000,True,presidenta,closeup,-0.079,0.066,0.196,0.050,0.117,0.179,0.023,0.185,0.116,0.133,,,
2828.000,2829.000,True,presidenta,closeup,-0.312,0.004,0.150,0.023,0.335,0.075,0.031,0.195,0.137,0.054,,,
2829.000,2830.000,True,presidenta,closeup,-0.337,0.267,0.055,0.006,0.114,0.109,0.069,0.229,0.401,0.017,,,
2830.000,2831.000,True,presidenta,closeup,-0.212,0.279,0.124,0.010,0.118,0.352,0.122,0.179,0.082,0.012,,,
2831.000,2832.000,True,presidenta,closeup,-0.301,0.067,0.091,0.012,0.209,0.139,0.030,0.142,0.335,0.043,,,
2832.000,2833.000,True,presidenta,closeup,0.182,0.210,0.059,0.079,0.042,0.239,0.042,0.062,0.436,0.041,,,
2833.000,2834.000,True,presidenta,closeup,-0.068,0.217,0.081,0.032,0.115,0.353,0.135,0.074,0.190,0.021,,,
2834.000,2835.000,True,presidenta,closeup,0.056,0.361,0.085,0.020,0.017,0.776,0.044,0.041,0.011,0.007,,,
2835.000,2836.000,True,presidenta,closeup,-0.069,0.074,0.255,0.072,0.064,0.118,0.023,0.168,0.103,0.196,,,
2836.000,2837.000,True,presidenta,closeup,-0.193,0.060,0.237,0.048,0.115,0.089,0.013,0.240,0.165,0.092,,,
2837.000,2838.000,True,presidenta,closeup,-0.188,0.247,0.168,0.019,0.049,0.126,0.031,0.292,0.298,0.017,,,
2838.000,2839.000,True,presidenta,closeup,-0.090,0.088,0.166,0.086,0.076,0.074,0.017,0.160,0.251,0.170,,,
2839.000,2840.000,True,presidenta,closeup,-0.139,0.143,0.243,0.048,0.047,0.081,0.014,0.330,0.023,0.215,,,
2840.000,2841.000,True,presidenta,closeup,0.195,0.088,0.139,0.188,0.059,0.023,0.004,0.101,0.063,0.422,,,
2841.000,2842.000,True,presidenta,closeup,-0.045,0.100,0.101,0.059,0.100,0.119,0.019,0.104,0.222,0.275,,,
2842.000,2843.000,True,presidenta,closeup,0.032,0.066,0.068,0.092,0.087,0.145,0.024,0.056,0.275,0.253,,,
2843.000,2844.000,True,presidenta,closeup,-0.290,0.088,0.086,0.023,0.251,0.013,0.003,0.160,0.258,0.206,,,
2844.000,2845.000,True,presidenta,closeup,-0.006,0.108,0.033,0.057,0.082,0.004,0.001,0.067,0.196,0.561,,,
2845.000,2846.000,True,presidenta,closeup,-0.096,0.207,0.059,0.030,0.093,0.010,0.003,0.190,0.096,0.518,,,
2846.000,2847.000,True,presidenta,closeup,-0.141,0.123,0.087,0.040,0.139,0.012,0.004,0.207,0.163,0.347,,,
2847.000,2848.000,True,presidenta,closeup,0.110,0.097,0.054,0.103,0.043,0.030,0.003,0.073,0.153,0.541,,,
2848.000,2849.000,True,presidenta,closeup,-0.069,0.194,0.112,0.018,0.033,0.084,0.006,0.157,0.514,0.077,,,
2849.000,2850.000,True,presidenta,closeup,0.079,0.171,0.037,0.054,0.023,0.087,0.010,0.053,0.445,0.292,,,
2850.000,2851.000,True,presidenta,closeup,0.420,0.228,0.025,0.378,0.007,0.212,0.033,0.023,0.241,0.081,,,
2851.000,2852.000,True,presidenta,closeup,0.270,0.295,0.060,0.238,0.018,0.243,0.074,0.088,0.231,0.048,,,
2852.000,2853.000,True,presidenta,closeup,-0.094,0.283,0.175,0.027,0.036,0.373,0.099,0.119,0.151,0.019,,,
2853.000,2854.000,True,presidenta,closeup,0.365,0.275,0.041,0.248,0.010,0.087,0.025,0.075,0.420,0.093,,,
2854.000,2855.000,True,presidenta,closeup,0.332,0.154,0.098,0.411,0.028,0.062,0.023,0.071,0.189,0.117,,,
2855.000,2856.000,True,presidenta,closeup,-0.052,0.071,0.191,0.092,0.074,0.100,0.043,0.134,0.165,0.201,,,
2856.000,2857.000,True,presidenta,closeup,0.052,0.144,0.128,0.098,0.050,0.092,0.056,0.097,0.393,0.086,,,
2857.000,2858.000,True,presidenta,closeup,0.021,0.169,0.153,0.076,0.053,0.209,0.051,0.126,0.279,0.051,,,
2858.000,2859.000,True,presidenta,closeup,0.123,0.269,0.070,0.069,0.013,0.131,0.018,0.110,0.540,0.049,,,
2859.000,2860.000,True,presidenta,closeup,-0.008,0.262,0.198,0.067,0.050,0.299,0.018,0.235,0.044,0.089,,,
2860.000,2861.000,True,presidenta,closeup,0.030,0.022,0.173,0.102,0.163,0.067,0.022,0.191,0.124,0.157,,,
2861.000,2862.000,True,presidenta,closeup,0.058,0.115,0.382,0.113,0.061,0.063,0.007,0.250,0.060,0.064,,,
2862.000,2863.000,True,presidenta,closeup,0.223,0.038,0.262,0.288,0.026,0.086,0.010,0.126,0.037,0.164,,,
2863.000,2864.000,True,presidenta,closeup,0.168,0.067,0.210,0.198,0.014,0.309,0.008,0.063,0.046,0.153,,,
2864.000,2865.000,True,presidenta,closeup,0.041,0.078,0.146,0.078,0.078,0.118,0.007,0.091,0.210,0.272,,,
2865.000,2866.000,True,presidenta,closeup,0.128,0.071,0.183,0.122,0.038,0.407,0.032,0.060,0.047,0.112,,,
2866.000,2867.000,True,presidenta,closeup,0.481,0.109,0.075,0.356,0.011,0.418,0.040,0.028,0.028,0.044,,,
2867.000,2868.000,True,presidenta,closeup,0.513,-0.003,0.106,0.648,0.027,0.055,0.021,0.027,0.026,0.090,,,
2868.000,2869.000,True,presidenta,closeup,0.410,-0.002,0.090,0.591,0.028,0.015,0.001,0.014,0.024,0.238,,,
2869.000,2870.000,True,presidenta,closeup,0.365,-0.014,0.081,0.321,0.051,0.018,0.001,0.037,0.090,0.402,,,
2870.000,2871.000,True,presidenta,closeup,-0.162,0.167,0.329,0.025,0.054,0.066,0.012,0.389,0.027,0.099,,,
2871.000,2872.000,True,presidenta,closeup,-0.261,0.029,0.272,0.020,0.159,0.258,0.019,0.206,0.022,0.044,,,
2872.000,2873.000,True,presidenta,closeup,-0.167,0.089,0.301,0.054,0.050,0.118,0.008,0.262,0.156,0.051,,,
2873.000,2874.000,True,presidenta,closeup,0.007,0.056,0.372,0.059,0.044,0.119,0.006,0.249,0.065,0.086,,,
2874.000,2875.000,True,presidenta,closeup,-0.062,0.246,0.199,0.051,0.031,0.329,0.126,0.159,0.070,0.033,,,
2875.000,2876.000,True,presidenta,closeup,0.076,0.019,0.211,0.146,0.215,0.050,0.012,0.114,0.138,0.113,,,
2876.000,2877.000,False,,wide,,,,,,,,,,,,,
2877.000,2878.000,False,,wide,,,,,,,,,,,,,
2878.000,2879.000,False,,wide,,,,,,,,,,,,,
2879.000,2880.000,False,,wide,,,,,,,,,,,,,
2880.000,2881.000,True,otro,closeup,0.110,-0.073,0.439,0.180,0.017,0.013,0.007,0.131,0.009,0.204,,,
2881.000,2882.000,True,otro,closeup,-0.134,0.012,0.450,0.065,0.103,0.017,0.053,0.186,0.039,0.085,,,
2882.000,2883.000,True,otro,closeup,0.250,-0.095,0.368,0.350,0.046,0.007,0.009,0.071,0.029,0.120,,,
2883.000,2884.000,True,otro,closeup,0.187,0.110,0.266,0.186,0.010,0.330,0.083,0.046,0.012,0.067,,,
2884.000,2885.000,True,otro,closeup,-0.091,-0.047,0.479,0.100,0.086,0.011,0.015,0.143,0.031,0.136,,,
2885.000,2886.000,True,otro,closeup,-0.118,0.100,0.242,0.093,0.054,0.031,0.026,0.172,0.281,0.101,,,
2886.000,2887.000,True,otro,closeup,-0.152,0.019,0.520,0.069,0.116,0.064,0.067,0.106,0.030,0.028,,,
2887.000,2888.000,True,otro,closeup,0.463,0.085,0.117,0.661,0.006,0.064,0.014,0.028,0.024,0.086,,,
2888.000,2889.000,True,otro,closeup,0.180,0.056,0.224,0.343,0.040,0.036,0.058,0.039,0.242,0.018,,,
2889.000,2890.000,True,otro,closeup,-0.046,0.193,0.139,0.128,0.056,0.013,0.040,0.218,0.387,0.019,,,
2890.000,2891.000,True,otro,closeup,-0.368,0.017,0.102,0.013,0.216,0.004,0.009,0.119,0.487,0.051,,,
2891.000,2892.000,True,otro,closeup,0.087,-0.050,0.495,0.140,0.052,0.096,0.024,0.113,0.031,0.048,,,
2892.000,2893.000,True,otro,closeup,0.311,0.105,0.139,0.518,0.011,0.082,0.108,0.054,0.043,0.045,,,
2893.000,2894.000,True,otro,closeup,0.361,0.179,0.052,0.626,0.007,0.029,0.045,0.066,0.159,0.016,,,
2894.000,2895.000,True,otro,closeup,0.097,0.067,0.206,0.305,0.078,0.022,0.109,0.055,0.196,0.029,,,
2895.000,2896.000,True,otro,closeup,0.450,0.013,0.113,0.672,0.006,0.024,0.003,0.028,0.005,0.148,,,
2896.000,2897.000,True,otro,closeup,0.461,-0.031,0.095,0.600,0.003,0.009,0.001,0.010,0.002,0.281,,,
2897.000,2898.000,True,otro,closeup,0.538,0.090,0.029,0.847,0.002,0.013,0.012,0.015,0.044,0.039,,,
2898.000,2899.000,True,otro,closeup,0.442,0.002,0.132,0.641,0.008,0.034,0.008,0.020,0.009,0.149,,,
2899.000,2900.000,True,otro,closeup,0.239,0.063,0.234,0.294,0.029,0.116,0.062,0.034,0.036,0.196,,,
2900.000,2901.000,True,otro,closeup,-0.034,0.298,0.170,0.026,0.026,0.492,0.203,0.041,0.017,0.025,,,
2901.000,2902.000,True,otro,closeup,-0.034,-0.063,0.512,0.071,0.148,0.044,0.050,0.049,0.111,0.016,,,
2902.000,2903.000,True,otro,closeup,0.181,0.068,0.280,0.226,0.044,0.198,0.116,0.047,0.020,0.070,,,
2903.000,2904.000,True,otro,closeup,0.146,-0.026,0.472,0.201,0.047,0.021,0.008,0.095,0.007,0.149,,,
2904.000,2905.000,True,otro,closeup,0.545,0.030,0.066,0.781,0.005,0.026,0.012,0.017,0.021,0.071,,,
2905.000,2906.000,True,otro,closeup,0.311,0.178,0.087,0.472,0.018,0.035,0.075,0.036,0.241,0.035,,,
2906.000,2907.000,True,otro,closeup,0.114,0.036,0.338,0.250,0.050,0.054,0.036,0.085,0.052,0.134,,,
2907.000,2908.000,True,otro,closeup,0.567,-0.009,0.106,0.714,0.008,0.019,0.018,0.014,0.037,0.085,,,
2908.000,2909.000,True,otro,closeup,0.091,0.032,0.228,0.187,0.075,0.010,0.004,0.092,0.235,0.170,,,
2909.000,2910.000,True,otro,closeup,-0.103,-0.002,0.292,0.073,0.066,0.021,0.013,0.054,0.131,0.352,,,
2910.000,2911.000,True,otro,closeup,-0.006,-0.043,0.236,0.109,0.096,0.012,0.008,0.048,0.254,0.237,,,
2911.000,2912.000,False,,wide,,,,,,,,,,,,,
2912.000,2913.000,False,,wide,,,,,,,,,,,,,
2913.000,2914.000,False,,wide,,,,,,,,,,,,,
2914.000,2915.000,False,,wide,,,,,,,,,,,,,
2915.000,2916.000,False,,wide,,,,,,,,,,,,,
2916.000,2917.000,False,,wide,,,,,,,,,,,,,
2917.000,2918.000,False,,wide,,,,,,,,,,,,,
2918.000,2919.000,False,,wide,,,,,,,,,,,,,
2919.000,2920.000,False,,wide,,,,,,,,,,,,,
2920.000,2921.000,False,,wide,,,,,,,,,,,,,
2921.000,2922.000,False,,wide,,,,,,,,,,,,,
2922.000,2923.000,False,,wide,,,,,,,,,,,,,
2923.000,2924.000,True,otro,closeup,-0.235,0.023,0.112,0.000,0.137,0.252,0.467,0.026,0.005,0.001,,,
2924.000,2925.000,True,otro,closeup,-0.222,-0.035,0.138,0.000,0.166,0.327,0.344,0.020,0.005,0.001,,,
2925.000,2926.000,True,otro,closeup,-0.234,-0.034,0.143,0.000,0.168,0.318,0.340,0.023,0.006,0.001,,,
2926.000,2927.000,True,otro,closeup,-0.251,-0.062,0.144,0.000,0.207,0.280,0.334,0.026,0.009,0.001,,,
2927.000,2928.000,True,otro,closeup,-0.262,-0.121,0.164,0.000,0.275,0.230,0.293,0.032,0.006,0.001,,,
2928.000,2929.000,True,otro,closeup,-0.220,-0.045,0.157,0.000,0.199,0.292,0.322,0.026,0.003,0.001,,,
2929.000,2930.000,True,otro,closeup,-0.329,-0.230,0.359,0.001,0.423,0.074,0.020,0.111,0.009,0.002,,,
2930.000,2931.000,True,otro,closeup,-0.309,-0.142,0.439,0.002,0.336,0.096,0.018,0.102,0.006,0.001,,,
2931.000,2932.000,True,otro,closeup,-0.309,-0.185,0.350,0.000,0.426,0.110,0.023,0.082,0.008,0.001,,,
2932.000,2933.000,True,otro,closeup,-0.193,0.069,0.204,0.000,0.145,0.236,0.326,0.076,0.010,0.002,,,
2933.000,2934.000,True,otro,closeup,-0.277,-0.087,0.178,0.000,0.304,0.148,0.311,0.052,0.004,0.002,,,
2934.000,2935.000,True,otro,closeup,-0.243,-0.071,0.199,0.000,0.236,0.197,0.321,0.042,0.004,0.001,,,
2935.000,2936.000,True,otro,closeup,-0.346,-0.157,0.310,0.002,0.463,0.056,0.019,0.139,0.009,0.002,,,
2936.000,2937.000,True,otro,closeup,-0.273,-0.073,0.414,0.003,0.280,0.106,0.015,0.152,0.027,0.002,,,
2937.000,2938.000,True,otro,closeup,-0.187,-0.081,0.394,0.009,0.307,0.164,0.016,0.067,0.040,0.004,,,
2938.000,2939.000,True,otro,closeup,-0.461,-0.217,0.154,0.002,0.643,0.032,0.077,0.083,0.006,0.003,,,
2939.000,2940.000,True,otro,closeup,-0.313,-0.059,0.369,0.001,0.315,0.141,0.024,0.144,0.004,0.001,,,
2940.000,2941.000,True,otro,closeup,-0.326,-0.070,0.283,0.003,0.327,0.020,0.075,0.281,0.007,0.004,,,
2941.000,2942.000,True,otro,closeup,-0.210,-0.084,0.423,0.000,0.281,0.143,0.048,0.100,0.002,0.003,,,
2942.000,2943.000,True,otro,closeup,-0.185,-0.049,0.351,0.000,0.267,0.207,0.082,0.088,0.001,0.002,,,
2943.000,2944.000,True,otro,closeup,-0.356,-0.239,0.405,0.000,0.440,0.065,0.013,0.074,0.002,0.002,,,
2944.000,2945.000,True,otro,closeup,-0.289,-0.177,0.464,0.001,0.361,0.077,0.014,0.079,0.003,0.001,,,
2945.000,2946.000,True,otro,closeup,-0.287,-0.160,0.437,0.001,0.358,0.076,0.012,0.108,0.006,0.001,,,
2946.000,2947.000,True,otro,closeup,-0.278,-0.188,0.491,0.001,0.317,0.075,0.012,0.097,0.006,0.001,,,
2947.000,2948.000,True,otro,closeup,-0.274,-0.159,0.444,0.001,0.348,0.083,0.014,0.103,0.006,0.001,,,
2948.000,2949.000,True,otro,closeup,-0.274,-0.067,0.444,0.001,0.304,0.089,0.012,0.141,0.006,0.002,,,
2949.000,2950.000,True,otro,closeup,-0.378,-0.274,0.426,0.001,0.439,0.049,0.008,0.075,0.001,0.001,,,
2950.000,2951.000,True,otro,closeup,-0.304,-0.121,0.473,0.002,0.281,0.109,0.008,0.123,0.002,0.001,,,
2951.000,2952.000,True,otro,closeup,-0.268,-0.102,0.487,0.002,0.305,0.095,0.009,0.097,0.003,0.001,,,
2952.000,2953.000,True,otro,closeup,-0.281,-0.144,0.334,0.003,0.443,0.062,0.013,0.133,0.010,0.002,,,
2953.000,2954.000,True,otro,closeup,-0.245,-0.143,0.461,0.003,0.331,0.085,0.014,0.100,0.005,0.001,,,
2954.000,2955.000,True,otro,closeup,-0.418,-0.140,0.221,0.002,0.501,0.025,0.082,0.162,0.005,0.002,,,
2955.000,2956.000,True,otro,closeup,-0.191,-0.030,0.506,0.001,0.192,0.071,0.017,0.196,0.007,0.009,,,
2956.000,2957.000,True,otro,closeup,-0.158,-0.047,0.373,0.000,0.261,0.133,0.093,0.132,0.004,0.004,,,
2957.000,2958.000,True,otro,closeup,-0.123,-0.042,0.387,0.001,0.257,0.123,0.087,0.139,0.003,0.004,,,
2958.000,2959.000,True,otro,closeup,-0.117,-0.015,0.359,0.001,0.238,0.119,0.088,0.186,0.004,0.006,,,
2959.000,2960.000,True,otro,closeup,-0.133,-0.035,0.398,0.001,0.235,0.141,0.077,0.139,0.003,0.006,,,
2960.000,2961.000,True,otro,closeup,-0.285,-0.266,0.421,0.000,0.382,0.109,0.041,0.044,0.001,0.002,,,
2961.000,2962.000,True,otro,closeup,-0.351,-0.179,0.355,0.001,0.422,0.088,0.017,0.114,0.002,0.001,,,
2962.000,2963.000,True,otro,closeup,-0.249,-0.088,0.399,0.002,0.306,0.139,0.022,0.124,0.006,0.002,,,
2963.000,2964.000,True,otro,closeup,-0.301,-0.048,0.423,0.002,0.292,0.090,0.012,0.164,0.016,0.002,,,
2964.000,2965.000,True,presidenta,closeup,0.214,-0.075,0.234,0.450,0.101,0.125,0.007,0.015,0.002,0.067,,,
2965.000,2966.000,True,presidenta,closeup,-0.195,-0.006,0.436,0.112,0.125,0.077,0.002,0.041,0.001,0.206,,,
2966.000,2967.000,True,presidenta,closeup,-0.250,0.084,0.199,0.009,0.177,0.478,0.095,0.035,0.001,0.005,,,
2967.000,2968.000,True,presidenta,closeup,-0.149,0.072,0.171,0.029,0.177,0.411,0.149,0.046,0.012,0.006,,,
2968.000,2969.000,True,presidenta,closeup,-0.462,-0.171,0.188,0.007,0.578,0.120,0.055,0.034,0.003,0.015,,,
2969.000,2970.000,True,presidenta,closeup,-0.322,0.163,0.095,0.007,0.179,0.223,0.439,0.040,0.014,0.003,,,
2970.000,2971.000,True,presidenta,closeup,-0.070,0.012,0.231,0.089,0.203,0.259,0.088,0.068,0.033,0.030,,,
2971.000,2972.000,True,presidenta,closeup,-0.228,-0.050,0.355,0.023,0.260,0.199,0.050,0.052,0.004,0.057,,,
2972.000,2973.000,True,presidenta,closeup,-0.231,-0.118,0.389,0.023,0.317,0.108,0.041,0.038,0.004,0.080,,,
2973.000,2974.000,True,presidenta,closeup,-0.262,0.044,0.292,0.012,0.250,0.213,0.107,0.113,0.002,0.012,,,
2974.000,2975.000,True,presidenta,closeup,-0.445,0.107,0.228,0.002,0.320,0.266,0.097,0.079,0.003,0.005,,,
2975.000,2976.000,True,presidenta,closeup,-0.175,0.110,0.226,0.038,0.177,0.417,0.070,0.032,0.007,0.032,,,
2976.000,2977.000,True,presidenta,closeup,0.123,0.104,0.193,0.140,0.071,0.359,0.118,0.039,0.049,0.032,,,
2977.000,2978.000,True,presidenta,closeup,-0.233,-0.012,0.428,0.026,0.190,0.207,0.060,0.058,0.003,0.029,,,
2978.000,2979.000,True,presidenta,closeup,-0.205,0.237,0.095,0.023,0.107,0.243,0.356,0.050,0.121,0.005,,,
2979.000,2980.000,True,presidenta,closeup,-0.207,-0.047,0.268,0.036,0.233,0.211,0.145,0.058,0.039,0.011,,,
2980.000,2981.000,True,presidenta,closeup,-0.386,-0.153,0.291,0.009,0.412,0.076,0.114,0.059,0.010,0.029,,,
2981.000,2982.000,True,presidenta,closeup,-0.456,0.012,0.246,0.003,0.325,0.172,0.175,0.059,0.016,0.004,,,
2982.000,2983.000,True,presidenta,closeup,-0.101,0.070,0.134,0.048,0.196,0.324,0.214,0.041,0.030,0.013,,,
2983.000,2984.000,True,presidenta,closeup,-0.279,-0.052,0.215,0.021,0.296,0.208,0.157,0.050,0.030,0.023,,,
2984.000,2985.000,True,presidenta,closeup,-0.202,0.135,0.095,0.022,0.146,0.196,0.422,0.045,0.069,0.005,,,
2985.000,2986.000,True,presidenta,closeup,-0.226,0.219,0.087,0.012,0.102,0.265,0.394,0.048,0.087,0.005,,,
2986.000,2987.000,True,presidenta,closeup,-0.353,-0.163,0.258,0.015,0.419,0.073,0.074,0.046,0.008,0.108,,,
2987.000,2988.000,True,presidenta,closeup,-0.411,0.008,0.301,0.005,0.264,0.276,0.068,0.070,0.001,0.015,,,
2988.000,2989.000,True,presidenta,closeup,-0.335,-0.138,0.197,0.012,0.458,0.160,0.132,0.022,0.002,0.017,,,
2989.000,2990.000,True,presidenta,closeup,-0.495,-0.237,0.124,0.001,0.696,0.047,0.101,0.020,0.006,0.004,,,
2990.000,2991.000,True,presidenta,closeup,-0.437,0.033,0.176,0.001,0.365,0.174,0.198,0.069,0.011,0.006,,,
2991.000,2992.000,True,presidenta,closeup,-0.236,0.220,0.131,0.023,0.144,0.301,0.113,0.112,0.170,0.007,,,
2992.000,2993.000,True,presidenta,closeup,-0.358,0.183,0.082,0.006,0.298,0.109,0.386,0.047,0.067,0.006,,,
2993.000,2994.000,True,presidenta,closeup,-0.192,0.340,0.129,0.009,0.099,0.344,0.367,0.033,0.015,0.004,,,
2994.000,2995.000,True,presidenta,closeup,-0.138,0.523,0.028,0.009,0.051,0.337,0.488,0.052,0.033,0.002,,,
2995.000,2996.000,True,presidenta,closeup,-0.279,0.247,0.086,0.008,0.198,0.176,0.410,0.064,0.047,0.011,,,
2996.000,2997.000,True,presidenta,closeup,-0.299,-0.200,0.407,0.012,0.388,0.051,0.075,0.045,0.004,0.019,,,
2997.000,2998.000,True,presidenta,closeup,0.057,-0.165,0.366,0.134,0.243,0.041,0.024,0.039,0.008,0.145,,,
2998.000,2999.000,True,presidenta,closeup,0.024,0.005,0.314,0.137,0.129,0.068,0.034,0.102,0.184,0.032,,,
2999.000,3000.000,True,presidenta,closeup,0.117,0.131,0.265,0.165,0.145,0.201,0.110,0.044,0.056,0.015,,,
3000.000,3001.000,True,presidenta,closeup,-0.231,0.098,0.551,0.036,0.089,0.184,0.009,0.090,0.001,0.040,,,
3001.000,3002.000,True,presidenta,closeup,-0.155,0.074,0.263,0.025,0.126,0.414,0.075,0.061,0.016,0.020,,,
3002.000,3003.000,True,presidenta,closeup,-0.181,-0.004,0.232,0.024,0.177,0.377,0.092,0.052,0.018,0.028,,,
3003.000,3004.000,True,presidenta,closeup,-0.418,-0.089,0.190,0.008,0.454,0.136,0.118,0.069,0.006,0.018,,,
3004.000,3005.000,True,presidenta,closeup,-0.299,0.202,0.105,0.005,0.182,0.334,0.327,0.031,0.009,0.008,,,
3005.000,3006.000,True,presidenta,closeup,-0.199,-0.026,0.385,0.029,0.216,0.240,0.031,0.043,0.001,0.055,,,
3006.000,3007.000,True,presidenta,closeup,0.062,0.025,0.315,0.181,0.119,0.123,0.043,0.081,0.083,0.055,,,
3007.000,3008.000,True,presidenta,closeup,-0.214,-0.088,0.442,0.037,0.223,0.088,0.042,0.108,0.020,0.040,,,
3008.000,3009.000,True,presidenta,closeup,-0.014,0.013,0.364,0.098,0.140,0.101,0.041,0.115,0.101,0.039,,,
3009.000,3010.000,True,presidenta,closeup,-0.206,-0.092,0.433,0.029,0.277,0.080,0.038,0.070,0.040,0.033,,,
3010.000,3011.000,True,presidenta,closeup,0.109,-0.079,0.218,0.129,0.245,0.080,0.066,0.126,0.102,0.035,,,
3011.000,3012.000,True,presidenta,closeup,-0.178,-0.092,0.213,0.066,0.320,0.135,0.097,0.062,0.088,0.018,,,
3012.000,3013.000,True,presidenta,closeup,-0.067,-0.096,0.080,0.119,0.357,0.058,0.166,0.056,0.150,0.014,,,
3013.000,3014.000,True,presidenta,closeup,-0.139,-0.091,0.155,0.075,0.401,0.067,0.066,0.124,0.087,0.024,,,
3014.000,3015.000,True,presidenta,closeup,-0.256,-0.143,0.213,0.071,0.411,0.037,0.037,0.122,0.069,0.040,,,
3015.000,3016.000,True,presidenta,closeup,-0.458,-0.109,0.191,0.005,0.522,0.071,0.121,0.077,0.006,0.007,,,
3016.000,3017.000,True,presidenta,closeup,-0.336,0.013,0.141,0.006,0.300,0.173,0.338,0.023,0.005,0.015,,,
3017.000,3018.000,True,presidenta,closeup,-0.358,-0.023,0.196,0.008,0.292,0.226,0.181,0.061,0.028,0.009,,,
3018.000,3019.000,True,presidenta,closeup,-0.411,-0.140,0.195,0.008,0.476,0.103,0.142,0.039,0.022,0.014,,,
3019.000,3020.000,True,presidenta,closeup,-0.270,0.042,0.153,0.025,0.340,0.186,0.214,0.035,0.038,0.008,,,
3020.000,3021.000,True,presidenta,closeup,-0.332,0.072,0.167,0.010,0.282,0.295,0.176,0.046,0.008,0.015,,,
3021.000,3022.000,True,presidenta,closeup,-0.258,0.104,0.161,0.006,0.174,0.413,0.187,0.030,0.008,0.021,,,
3022.000,3023.000,True,presidenta,closeup,-0.426,-0.153,0.137,0.004,0.611,0.119,0.097,0.016,0.001,0.014,,,
3023.000,3024.000,True,presidenta,closeup,-0.281,0.136,0.095,0.008,0.258,0.302,0.229,0.063,0.040,0.005,,,
3024.000,3025.000,True,presidenta,closeup,-0.395,0.156,0.223,0.006,0.193,0.324,0.218,0.031,0.003,0.001,,,
3025.000,3026.000,True,presidenta,closeup,-0.031,0.105,0.198,0.243,0.061,0.218,0.049,0.126,0.084,0.020,,,
3026.000,3027.000,True,presidenta,closeup,-0.231,0.084,0.414,0.034,0.125,0.248,0.026,0.079,0.003,0.070,,,
3027.000,3028.000,True,presidenta,closeup,-0.335,0.009,0.395,0.025,0.226,0.150,0.017,0.101,0.004,0.081,,,
3028.000,3029.000,True,presidenta,closeup,-0.416,-0.004,0.343,0.006,0.345,0.180,0.053,0.055,0.004,0.013,,,
3029.000,3030.000,True,presidenta,closeup,-0.425,-0.120,0.345,0.006,0.491,0.072,0.022,0.036,0.001,0.027,,,
3030.000,3031.000,True,presidenta,closeup,-0.284,0.081,0.417,0.021,0.126,0.187,0.073,0.117,0.044,0.015,,,
3031.000,3032.000,True,presidenta,closeup,-0.072,0.036,0.514,0.087,0.093,0.170,0.017,0.060,0.005,0.055,,,
3032.000,3033.000,True,presidenta,closeup,-0.236,0.137,0.420,0.028,0.056,0.329,0.028,0.105,0.002,0.031,,,
3033.000,3034.000,True,presidenta,closeup,-0.271,-0.047,0.563,0.018,0.171,0.074,0.024,0.085,0.003,0.062,,,
3034.000,3035.000,True,presidenta,closeup,-0.233,-0.043,0.583,0.020,0.126,0.049,0.012,0.153,0.004,0.054,,,
3035.000,3036.000,True,presidenta,closeup,-0.361,-0.054,0.358,0.017,0.304,0.176,0.019,0.074,0.003,0.048,,,
3036.000,3037.000,True,presidenta,closeup,-0.254,-0.104,0.347,0.022,0.314,0.200,0.054,0.030,0.003,0.031,,,
3037.000,3038.000,True,presidenta,closeup,-0.277,0.082,0.266,0.023,0.185,0.286,0.070,0.099,0.050,0.021,,,
3038.000,3039.000,True,presidenta,closeup,-0.393,-0.158,0.320,0.014,0.454,0.044,0.021,0.099,0.009,0.040,,,
3039.000,3040.000,True,presidenta,closeup,-0.207,-0.107,0.367,0.051,0.303,0.067,0.017,0.092,0.011,0.093,,,
3040.000,3041.000,True,presidenta,closeup,0.319,-0.056,0.299,0.364,0.053,0.030,0.005,0.012,0.003,0.235,,,
3041.000,3042.000,True,presidenta,closeup,0.227,0.188,0.064,0.348,0.063,0.075,0.007,0.158,0.165,0.120,,,
3042.000,3043.000,False,,wide,,,,,,,,,,,,,
3043.000,3044.000,False,,wide,,,,,,,,,,,,,
3044.000,3045.000,False,,wide,,,,,,,,,,,,,
3045.000,3046.000,False,,wide,,,,,,,,,,,,,
3046.000,3047.000,True,otro,closeup,-0.174,0.133,0.362,0.012,0.143,0.124,0.103,0.201,0.030,0.025,,,
3047.000,3048.000,True,otro,closeup,-0.185,0.035,0.491,0.014,0.062,0.068,0.041,0.262,0.018,0.044,,,
3048.000,3049.000,True,otro,closeup,-0.138,0.057,0.539,0.025,0.050,0.046,0.035,0.234,0.012,0.058,,,
3049.000,3050.000,True,otro,closeup,-0.160,0.124,0.303,0.015,0.074,0.093,0.266,0.153,0.072,0.024,,,
3050.000,3051.000,True,otro,closeup,-0.073,0.087,0.385,0.053,0.105,0.079,0.104,0.119,0.069,0.085,,,
3051.000,3052.000,True,otro,closeup,-0.056,0.085,0.354,0.054,0.041,0.078,0.103,0.189,0.085,0.098,,,
