start,end,arousal,valence,dominance
0.0,2.0,0.007061660755425692,0.0,0.0
1.0,3.0,0.003142228350043297,0.0,0.0018687914125621319
2.0,4.0,0.010986543260514736,0.0,0.0
3.0,5.0,0.009346742182970047,0.0,0.0
4.0,6.0,0.005335679277777672,0.0,0.0
5.0,7.0,0.019212160259485245,0.0,0.0
6.0,8.0,0.013341011479496956,0.0,0.0
7.0,9.0,0.01434649620205164,0.0,0.0
8.0,10.0,0.012697696685791016,0.0005611851811408997,0.0
9.0,11.0,0.0038601059932261705,0.002297820756211877,0.0
10.0,12.0,0.0,0.0,0.0
11.0,13.0,0.006589626427739859,0.0,0.0
12.0,14.0,0.0005779203493148088,0.0,0.0
13.0,15.0,0.013683277182281017,0.0,0.0
14.0,16.0,0.020874911919236183,0.0,0.0
15.0,17.0,0.004150086082518101,0.0,0.0
16.0,18.0,0.015186233446002007,0.0,0.0
17.0,19.0,0.013489127159118652,0.0,0.0
18.0,20.0,0.0030254896264523268,0.0,0.0
19.0,21.0,0.00978895928710699,0.004979101475328207,0.0
20.0,22.0,0.0,0.0,0.0
21.0,23.0,0.0,0.0,0.0
22.0,24.0,0.005936095956712961,0.0,0.0
23.0,25.0,0.004990857560187578,0.0031245211139321327,0.0
24.0,26.0,0.016785910353064537,0.0,0.0
25.0,27.0,0.019840694963932037,0.00444061728194356,0.0
26.0,28.0,0.005672492552548647,0.018868040293455124,0.0
27.0,29.0,0.006814311724156141,0.011168129742145538,0.0
28.0,30.0,0.014231985434889793,0.0024752216413617134,0.0
29.0,31.0,0.005898688919842243,0.0,0.0
30.0,32.0,0.0020509446039795876,0.0035032974556088448,0.0
31.0,33.0,0.00570255983620882,0.006996549665927887,0.0
32.0,34.0,0.005285386927425861,0.003246793057769537,0.0
33.0,35.0,0.015210988000035286,0.0,0.0
34.0,36.0,0.012670977972447872,0.0,0.0
35.0,37.0,0.0108679523691535,0.0012517140712589025,0.0
36.0,38.0,0.006081424653530121,0.0,0.0
37.0,39.0,0.007541218772530556,0.006191271357238293,0.0
38.0,40.0,0.0,0.010445738211274147,0.0
39.0,41.0,0.018332570791244507,0.0,0.0
40.0,42.0,0.02294006384909153,0.0016398064326494932,0.0
41.0,43.0,0.010727645829319954,0.0,0.0
42.0,44.0,0.0037662084214389324,0.00900486670434475,0.0
43.0,45.0,0.01145897340029478,0.008486440405249596,0.0
44.0,46.0,0.005902050994336605,0.0006264490075409412,0.0
45.0,47.0,0.002950637601315975,0.0,0.0
46.0,48.0,0.008986890316009521,0.005411842837929726,0.0
47.0,49.0,0.0032889950089156628,0.010682065039873123,0.0
48.0,50.0,0.0,0.00555570051074028,0.0
49.0,51.0,0.0,0.008354340679943562,0.0
50.0,52.0,0.008604302071034908,0.0017985254526138306,0.0
51.0,53.0,0.0027347332797944546,0.006168536376208067,0.0
52.0,54.0,0.004490172956138849,0.003911044914275408,0.0
53.0,55.0,0.008512761443853378,0.004856075160205364,0.0
54.0,56.0,0.009893249720335007,0.0,0.0
55.0,57.0,0.0034999768249690533,0.002207252662628889,0.0
56.0,58.0,0.00795991625636816,0.0,0.0
57.0,59.0,0.015155141241848469,0.006041301880031824,0.0
58.0,60.0,0.010489260777831078,0.0021770731545984745,0.0
59.0,61.0,0.016007935628294945,0.0,0.0
60.0,62.0,0.018756788223981857,0.0,0.0
61.0,63.0,0.011241419240832329,0.0,0.0
62.0,64.0,0.017760569229722023,0.0,0.0
63.0,65.0,0.014659330248832703,0.0,0.0
64.0,66.0,0.027047649025917053,0.0,0.0
65.0,67.0,0.006011319346725941,0.007437287364155054,0.0
66.0,68.0,0.013584553264081478,0.001978910993784666,0.0
67.0,69.0,0.020574582740664482,0.0022800248116254807,0.0
68.0,70.0,0.0173322930932045,0.007190311793237925,0.0
69.0,71.0,0.0069884043186903,0.0044286418706178665,0.0
70.0,72.0,0.006540514994412661,0.0,0.0
71.0,73.0,0.014739339239895344,0.0002955375239253044,0.0
72.0,74.0,0.014049431309103966,0.0006869351491332054,0.0002444664714857936
73.0,75.0,0.019198378548026085,0.0,0.004263840615749359
74.0,76.0,0.015019533224403858,0.0,0.0
75.0,77.0,0.010957079008221626,0.0,0.0
76.0,78.0,0.021299678832292557,0.0015552656259387732,0.0
77.0,79.0,0.020745672285556793,0.0027423202991485596,0.0
78.0,80.0,0.00991820078343153,0.0,0.0
79.0,81.0,0.009641580283641815,0.0,0.0
80.0,82.0,0.014401928521692753,0.0,0.0
81.0,83.0,0.01407813560217619,0.00163935124874115,0.0
82.0,84.0,0.02039499767124653,0.0,0.0
83.0,85.0,0.019091106951236725,0.0,0.0
84.0,86.0,0.01725846715271473,0.0,0.0
85.0,87.0,0.008506160229444504,0.0013544908724725246,0.0
86.0,88.0,0.010616276413202286,0.012763339094817638,0.0
87.0,89.0,0.014387791976332664,0.008417385630309582,0.0
88.0,90.0,0.013827607966959476,0.008350036107003689,0.0
89.0,91.0,0.005960478447377682,0.005785220768302679,0.0
90.0,92.0,0.014480464160442352,0.0,0.0
91.0,93.0,0.011930780485272408,0.003966805525124073,0.0
92.0,94.0,0.017568010836839676,0.0,0.0
93.0,95.0,0.022808797657489777,0.0,0.0
94.0,96.0,0.015906691551208496,0.0,0.0
95.0,97.0,0.00594220869243145,0.004522954113781452,0.0
96.0,98.0,0.013729218393564224,0.010753141716122627,0.0
97.0,99.0,0.02411716990172863,0.003076036460697651,0.0
98.0,100.0,0.012173816561698914,0.005192283540964127,0.0
99.0,101.0,0.006636214908212423,0.0,0.0
100.0,102.0,0.0,0.00307364109903574,0.0
101.0,103.0,0.0,0.00913296826183796,0.0
102.0,104.0,0.006177688483148813,0.008747803047299385,0.0
103.0,105.0,0.001452860189601779,0.009190996177494526,0.0
104.0,106.0,0.01157919131219387,0.009719092398881912,0.0
105.0,107.0,0.01939672976732254,0.006157493684440851,0.0
106.0,108.0,0.019779639318585396,0.006048888433724642,0.0
107.0,109.0,0.023530438542366028,0.0,0.00769187044352293
108.0,110.0,0.011394618079066277,0.0,0.0
109.0,111.0,0.012408577837049961,0.002042878419160843,0.0
110.0,112.0,0.005778164602816105,0.005710589233785868,0.0
111.0,113.0,0.006439629010856152,0.010370224714279175,0.0
112.0,114.0,0.009735303930938244,0.019197849556803703,0.0
113.0,115.0,0.0131709985435009,0.0033901904243975878,0.0
114.0,116.0,0.02025921456515789,0.0,0.0
115.0,117.0,0.015375804156064987,0.0,0.0
116.0,118.0,0.015061021782457829,0.0,0.0
117.0,119.0,0.010037951171398163,0.0,0.0
118.0,120.0,0.012066874653100967,0.0,0.0
119.0,121.0,0.0,0.010534437373280525,0.0
120.0,122.0,0.004824555478990078,0.011292990297079086,0.0
121.0,123.0,0.016874387860298157,0.0,0.0
122.0,124.0,0.0149332694709301,0.000141441123560071,0.0
123.0,125.0,0.018416695296764374,0.0,0.0
124.0,126.0,0.012321483343839645,0.0,0.0
125.0,127.0,0.008105320855975151,0.005471148528158665,0.0
126.0,128.0,0.00715650524944067,0.005858276970684528,0.0
127.0,129.0,0.0,0.0007493570446968079,0.0
128.0,130.0,0.0059911226853728294,0.0036153600085526705,0.0
129.0,131.0,0.01780887506902218,0.0,0.0
130.0,132.0,0.011363625526428223,0.0,0.0
131.0,133.0,0.005144916940480471,0.0,0.0
132.0,134.0,0.0030847741290926933,0.0,0.0
133.0,135.0,0.015968024730682373,0.0,0.0
134.0,136.0,0.005085489712655544,0.0035539462696760893,0.0
135.0,137.0,0.003001671750098467,0.0,0.0
136.0,138.0,0.006495415233075619,0.0,0.0
137.0,139.0,0.015710817649960518,0.0,0.0
138.0,140.0,0.010822692885994911,0.002890975447371602,0.0
139.0,141.0,0.007397717796266079,0.0004402659833431244,0.0
140.0,142.0,0.008987697772681713,0.0,0.0
141.0,143.0,0.00583253800868988,0.0009734751656651497,0.0
142.0,144.0,0.004512871149927378,0.0,0.0
143.0,145.0,0.01519808080047369,0.0,0.0
144.0,146.0,0.014387814328074455,0.0,0.0
145.0,147.0,0.012332702055573463,0.0,0.0
146.0,148.0,0.004941078834235668,0.005801849067211151,0.0
147.0,149.0,0.004423331934958696,0.001636844128370285,0.0
148.0,150.0,0.0067587546072900295,0.0,0.0
149.0,151.0,0.00934212189167738,0.005559314973652363,0.0
150.0,152.0,0.0,0.024932313710451126,0.0
151.0,153.0,0.012619085609912872,0.012074464932084084,0.0
152.0,154.0,0.02067890577018261,0.0035309470258653164,0.0
153.0,155.0,0.01211518794298172,0.0,0.0
154.0,156.0,0.0015774518251419067,0.0,0.0
155.0,157.0,0.007337026298046112,0.0,0.004444669466465712
156.0,158.0,0.010238967835903168,0.0010129092261195183,0.0
157.0,159.0,0.01206237729638815,0.003490265691652894,0.0
158.0,160.0,0.0059404680505394936,0.0,0.0
159.0,161.0,0.0,0.005320299416780472,0.0
160.0,162.0,0.007077459711581469,0.008762910962104797,0.0
161.0,163.0,0.01510869525372982,0.010020045563578606,0.0
162.0,164.0,0.00694784801453352,0.005819982849061489,0.0
163.0,165.0,0.013711730018258095,0.0035716183483600616,0.0
164.0,166.0,0.011970614083111286,0.0,0.0
165.0,167.0,0.004950652830302715,0.0,0.0
166.0,168.0,0.003724672133103013,0.0,0.0
167.0,169.0,0.008560985326766968,6.379233673214912e-05,0.0
168.0,170.0,0.025258976966142654,0.002747780177742243,0.0
169.0,171.0,0.007537905592471361,0.001259150798432529,0.0
170.0,172.0,0.007949097082018852,0.00382727338001132,0.0
171.0,173.0,0.008392364718019962,0.008106605149805546,0.0
172.0,174.0,0.008928466588258743,0.0,0.0
173.0,175.0,0.0038852165453135967,0.0060773370787501335,0.0
174.0,176.0,0.013561937026679516,0.0062861135229468346,0.0
175.0,177.0,0.014502709731459618,0.009718284010887146,0.0
176.0,178.0,0.011550679802894592,0.004392796196043491,0.0
177.0,179.0,0.014524921774864197,0.005542219616472721,0.0
178.0,180.0,0.006476342678070068,0.0025320786517113447,0.0
179.0,181.0,0.007369739469140768,0.005800006445497274,0.0
180.0,182.0,0.00789667759090662,0.0,0.0
181.0,183.0,0.016269508749246597,0.0,0.0
182.0,184.0,0.020489022135734558,0.006655983626842499,0.0
183.0,185.0,0.015184461139142513,0.0009077996946871281,0.0
184.0,186.0,0.013051887042820454,0.0,0.0
185.0,187.0,0.010199399664998055,0.0,0.0
186.0,188.0,0.018980160355567932,0.0,0.0
187.0,189.0,0.0023243864998221397,0.0,0.0
188.0,190.0,0.0,0.0,0.0
189.0,191.0,0.01503557525575161,0.0,0.0
190.0,192.0,0.013914590701460838,0.0016041602939367294,0.0
191.0,193.0,0.011242151260375977,0.011501405388116837,0.0
192.0,194.0,0.0,0.013879004865884781,0.0
193.0,195.0,0.0007306346669793129,0.01665085181593895,0.0
194.0,196.0,0.01641203835606575,0.0,0.0
195.0,197.0,0.011578189209103584,0.0,0.0
196.0,198.0,0.020504264160990715,0.0,0.0
197.0,199.0,0.02094259113073349,0.0030975784175097942,0.0
198.0,200.0,0.013679261319339275,0.0036773919127881527,0.0
199.0,201.0,0.004091931972652674,0.0,0.0
200.0,202.0,0.002346225082874298,0.006244289688766003,0.0
201.0,203.0,0.013591468334197998,0.006184854079037905,0.0
202.0,204.0,0.01325121708214283,0.008487988263368607,0.0
203.0,205.0,0.00940682552754879,0.006254273001104593,0.0
204.0,206.0,0.013098378665745258,0.0012320715468376875,0.0
205.0,207.0,0.011364723555743694,0.0,0.0
206.0,208.0,0.0,0.014343909919261932,0.0
207.0,209.0,0.010744222439825535,0.0,0.0
208.0,210.0,0.014188503846526146,0.008517272770404816,0.0
209.0,211.0,0.021342847496271133,0.01718020625412464,0.0
210.0,212.0,0.01602276600897312,0.013650845736265182,0.0
211.0,213.0,0.015057782642543316,0.0,0.0
212.0,214.0,0.01138351857662201,0.0,0.0
213.0,215.0,0.023380503058433533,0.0,0.0
214.0,216.0,0.021662892773747444,0.0,0.0
215.0,217.0,0.026356255635619164,0.0,0.0
216.0,218.0,0.013719271868467331,0.0,0.0
217.0,219.0,0.008499106392264366,0.012883653864264488,0.0
218.0,220.0,0.0010450789704918861,0.010198967531323433,0.0
219.0,221.0,0.0,0.011806504800915718,0.0
220.0,222.0,0.0055725607089698315,0.0080495560541749,0.0
221.0,223.0,0.0,0.010862870141863823,0.0
222.0,224.0,0.0,0.008674010634422302,0.0
223.0,225.0,0.005144331604242325,0.0,0.0
224.0,226.0,0.015726834535598755,0.0,0.0
225.0,227.0,0.0017789246048778296,0.007362124510109425,0.0
226.0,228.0,0.004499582573771477,0.003447383176535368,0.0
227.0,229.0,0.012721041217446327,0.0,0.0
228.0,230.0,0.014235522598028183,0.0,0.0
229.0,231.0,0.018545744940638542,0.0,0.0
230.0,232.0,0.008228047750890255,0.0013439278118312359,0.0
231.0,233.0,0.01307714357972145,0.0,0.0
232.0,234.0,0.003258960787206888,0.0,0.0
233.0,235.0,0.010011795908212662,0.003061275463551283,0.0
234.0,236.0,0.015156727284193039,0.0,0.0
235.0,237.0,0.011337608098983765,0.0,0.0
236.0,238.0,0.016484132036566734,0.0,0.0
237.0,239.0,0.02386823669075966,0.0,0.0
238.0,240.0,0.012792393565177917,0.0,0.0003647806588560343
239.0,241.0,0.0,0.0,0.0
240.0,242.0,0.007492796517908573,0.0025649643503129482,0.0
241.0,243.0,0.007383474614471197,0.0,0.0
242.0,244.0,0.010191047564148903,0.0,0.0
243.0,245.0,0.014193298295140266,0.0010958416387438774,0.0
244.0,246.0,0.014790929853916168,0.012859834358096123,0.0
245.0,247.0,0.01044333353638649,0.0022516106255352497,0.0
246.0,248.0,0.014415120705962181,0.004692171700298786,0.0
247.0,249.0,0.010681933723390102,0.0064660185016691685,0.0
248.0,250.0,0.010574137791991234,0.0005309185944497585,0.0
249.0,251.0,0.009824414737522602,0.002546424511820078,0.0
250.0,252.0,0.014118669554591179,0.003815393429249525,0.00033787195570766926
251.0,253.0,0.016752377152442932,0.0,0.0
252.0,254.0,0.01468226034194231,0.0,0.0
253.0,255.0,0.006575440522283316,0.0,0.0
254.0,256.0,0.011763609945774078,0.0,0.0
255.0,257.0,0.017449770122766495,0.0,0.0025270646438002586
256.0,258.0,0.02222185581922531,0.0,0.0
257.0,259.0,0.0,0.0,0.0
258.0,260.0,0.0,0.0,0.0
259.0,261.0,0.010271087288856506,0.0,0.0
260.0,262.0,0.005720791406929493,0.0,0.0
261.0,263.0,0.0,0.005518405698239803,0.0
262.0,264.0,0.015112130902707577,0.013945766724646091,0.0
263.0,265.0,0.024398257955908775,0.0013871467672288418,0.0
264.0,266.0,0.01862861029803753,0.0,0.0
265.0,267.0,0.01497636828571558,0.0,0.0
266.0,268.0,0.005084039177745581,0.004694564733654261,0.0
267.0,269.0,0.012865344993770123,0.0039785779081285,0.0
268.0,270.0,0.007174909580498934,0.0,0.0
269.0,271.0,0.00859795417636633,0.004566889721900225,0.0
270.0,272.0,0.004837982822209597,0.00796294491738081,0.0
271.0,273.0,0.0,0.0,0.0
272.0,274.0,0.0219254307448864,0.0,0.0
273.0,275.0,0.025413941591978073,0.0,0.0
274.0,276.0,0.016810210421681404,0.001197365578263998,0.0
275.0,277.0,0.00824978481978178,0.0,0.0
276.0,278.0,0.009580269455909729,0.0,0.0
277.0,279.0,0.01410998310893774,0.0,0.0
278.0,280.0,0.004738337360322475,0.00039780139923095703,0.0
279.0,281.0,0.0061178263276815414,0.0,0.0
280.0,282.0,0.009228566661477089,0.0,0.006601938512176275
281.0,283.0,0.004033172503113747,0.005665508098900318,0.004362053703516722
282.0,284.0,0.007170091383159161,0.007818568497896194,0.0
283.0,285.0,0.012050301767885685,0.006607783026993275,0.0
284.0,286.0,0.010995615273714066,0.0,0.006987761706113815
285.0,287.0,0.010614953935146332,0.0,0.0
286.0,288.0,0.005109265446662903,0.0,0.0
287.0,289.0,0.01810547150671482,0.0,0.0
288.0,290.0,0.01644754409790039,0.0,0.0
289.0,291.0,0.018496805801987648,0.0,0.0
290.0,292.0,0.01977178081870079,0.0,0.0
291.0,293.0,0.0019256733357906342,0.003549259388819337,0.0
292.0,294.0,0.0068641966208815575,0.0031352911610156298,0.0
293.0,295.0,0.011336486786603928,0.0023109791800379753,0.0
294.0,296.0,0.011684183962643147,0.0025267889723181725,0.0
295.0,297.0,0.0017132933717221022,0.0025858378503471613,0.0
296.0,298.0,0.015240203589200974,0.0,0.0
297.0,299.0,0.0210571251809597,0.0,0.0
298.0,300.0,0.01655130833387375,0.0,0.0
299.0,301.0,0.01251124870032072,0.006727459374815226,0.0
300.0,302.0,0.0026358505710959435,0.0034498493187129498,0.0
301.0,303.0,0.0037070484831929207,0.0051688458770513535,0.0
302.0,304.0,0.0027476081158965826,0.0049828351475298405,0.0
303.0,305.0,0.004285713657736778,0.0,0.0
304.0,306.0,0.009613481350243092,0.0,0.0030839433893561363
305.0,307.0,0.017857750877738,0.0014675017446279526,0.0
306.0,308.0,0.003062172792851925,0.003952343948185444,0.0
307.0,309.0,0.003974312916398048,0.003822311758995056,0.005416366271674633
308.0,310.0,0.012183018028736115,0.0011008998844772577,0.004926772788167
309.0,311.0,0.016521191224455833,0.0,0.0
310.0,312.0,0.010867453180253506,0.011586038395762444,0.0
311.0,313.0,0.03018384985625744,0.0,0.0
312.0,314.0,0.028180468827486038,0.007148362696170807,0.0
313.0,315.0,0.008211023174226284,0.006222044117748737,0.0
314.0,316.0,0.012699125334620476,0.0,0.0
315.0,317.0,0.01692693494260311,0.0,0.0
316.0,318.0,0.005369354039430618,0.004693644121289253,0.0
317.0,319.0,0.0020642862655222416,0.006231005769222975,0.0
318.0,320.0,0.007685515098273754,0.0009239462669938803,0.0
319.0,321.0,0.01532035693526268,0.0,0.002367494162172079
320.0,322.0,0.0,0.0,0.0
321.0,323.0,0.005630155093967915,0.0,0.0
322.0,324.0,0.02785336598753929,0.0,0.0
323.0,325.0,0.03389456868171692,0.0,0.0
324.0,326.0,0.020814744755625725,0.0002228766679763794,0.0
325.0,327.0,0.003952573053538799,0.01393069513142109,0.0
326.0,328.0,0.009812187403440475,0.020158419385552406,0.0
327.0,329.0,0.0068704672157764435,0.002091269940137863,0.0
328.0,330.0,0.0,0.0,0.0
329.0,331.0,0.003954403102397919,0.0007086801342666149,0.0
330.0,332.0,0.009387169033288956,0.0,0.0
331.0,333.0,0.0135725699365139,0.0031725959852337837,0.0
332.0,334.0,0.005766639020293951,0.012450835667550564,0.0
333.0,335.0,0.004945469554513693,0.0,0.0
334.0,336.0,0.0068483781069517136,0.0,0.0
335.0,337.0,0.012230312451720238,0.003215073375031352,0.0
336.0,338.0,0.013164826668798923,0.007144305855035782,0.0
337.0,339.0,0.011638462543487549,0.00292876735329628,0.0
338.0,340.0,0.01517283171415329,0.0,0.0
339.0,341.0,0.0016235572984442115,0.0,0.0
340.0,342.0,0.00798981823027134,0.004439723212271929,0.0
341.0,343.0,0.0,0.0,0.0
342.0,344.0,0.014359762892127037,0.0011386754922568798,0.0
343.0,345.0,0.0171231459826231,0.0,0.00432212371379137
344.0,346.0,0.020144658163189888,0.0,0.0
345.0,347.0,0.015982620418071747,0.0010652965866029263,0.0
346.0,348.0,0.0204029344022274,0.003843872807919979,0.0
347.0,349.0,0.008005132898688316,0.0,0.002354886382818222
348.0,350.0,0.010532881133258343,0.0,0.0
349.0,351.0,0.0,0.0,0.0
350.0,352.0,0.0,0.00438944436609745,0.0
351.0,353.0,0.0,0.0,0.0
352.0,354.0,0.006660708226263523,0.0022911056876182556,0.0
353.0,355.0,0.015406565740704536,0.0,0.0
354.0,356.0,0.022909430786967278,0.0,0.0
355.0,357.0,0.022939760237932205,0.005051222164183855,0.0
356.0,358.0,0.0075793080031871796,0.0028642485849559307,0.0
357.0,359.0,0.005514340475201607,0.0,0.0
358.0,360.0,0.019218530505895615,0.003287987783551216,0.0
359.0,361.0,0.008272230625152588,0.0006078798323869705,0.0
360.0,362.0,0.012556416913866997,0.0,0.0
361.0,363.0,0.024556033313274384,0.0,0.0
362.0,364.0,0.008710059337317944,0.008693804033100605,0.0
363.0,365.0,0.01425825897604227,0.0,0.0
364.0,366.0,0.01891348883509636,0.0,0.0
365.0,367.0,0.03253767639398575,0.0,0.0
366.0,368.0,0.013005329295992851,0.0,0.0
367.0,369.0,0.011090816929936409,0.0,0.0
368.0,370.0,0.01855234056711197,0.0,0.0
369.0,371.0,0.009795650839805603,0.0007119658403098583,0.0
370.0,372.0,0.0064054434187710285,0.004897112958133221,0.0
371.0,373.0,0.005601644981652498,0.008828521706163883,0.0
372.0,374.0,0.002327440306544304,0.012927926145493984,0.0
373.0,375.0,0.009895055554807186,0.0,0.0
374.0,376.0,0.015691591426730156,0.0,0.0
375.0,377.0,0.023522265255451202,0.0,0.0
376.0,378.0,0.01625066250562668,0.0,0.0
377.0,379.0,0.005438230931758881,0.0,0.0
378.0,380.0,0.0,0.002145660575479269,0.0
379.0,381.0,0.00914117880165577,0.0,0.0002865220885723829
380.0,382.0,0.00976091530174017,0.005922643467783928,0.0
381.0,383.0,0.003642147406935692,0.019215602427721024,0.0
382.0,384.0,0.00589267211034894,0.013974243775010109,0.0
383.0,385.0,0.006988382898271084,0.005285515449941158,0.0
384.0,386.0,0.0059470124542713165,0.0,0.003140977816656232
385.0,387.0,0.014876083470880985,0.0,0.0
386.0,388.0,0.014289624989032745,0.0,0.0
387.0,389.0,0.01559774111956358,0.003096274333074689,0.0
388.0,390.0,0.015624819323420525,0.0023209424689412117,0.0
389.0,391.0,0.010403499938547611,0.0002649175003170967,0.0
390.0,392.0,0.00873370561748743,0.0,0.0
391.0,393.0,0.007441402412950993,0.012302265502512455,0.0
392.0,394.0,0.012736091390252113,0.005632331594824791,0.0
393.0,395.0,0.0055631231516599655,0.0,0.0
394.0,396.0,0.008542818948626518,0.0,0.0
395.0,397.0,0.014777358621358871,0.0,0.0
396.0,398.0,0.014342915266752243,0.0,0.0
397.0,399.0,0.016969718039035797,0.007943636737763882,0.0
398.0,400.0,0.0034284046851098537,0.00798007845878601,0.0
399.0,401.0,0.007549087516963482,0.0,0.0
400.0,402.0,0.013433938845992088,0.0018183868378400803,0.0
401.0,403.0,0.007907228544354439,0.0,0.0
402.0,404.0,0.024615556001663208,0.0,0.0
403.0,405.0,0.02272241935133934,0.0,0.0
404.0,406.0,0.019776955246925354,0.0,0.0
405.0,407.0,0.01296267006546259,0.0,0.0
406.0,408.0,0.022241897881031036,0.0,0.0
407.0,409.0,0.024780280888080597,0.0,0.0
408.0,410.0,0.013916891999542713,0.0,0.0
409.0,411.0,0.007446767762303352,0.0024099647998809814,0.0
410.0,412.0,0.0071169594302773476,0.004968012683093548,0.0
411.0,413.0,0.016561120748519897,0.0,0.0
412.0,414.0,0.019084079191088676,0.0,0.0
413.0,415.0,0.019409365952014923,0.002027382142841816,0.0017370134592056274
414.0,416.0,0.010913506150245667,0.005677902139723301,0.0
415.0,417.0,0.00591262336820364,0.001174197532236576,0.0
416.0,418.0,0.009560028091073036,0.004691925831139088,0.0
417.0,419.0,0.020535869523882866,0.0,0.0
418.0,420.0,0.021746130660176277,0.0,0.0
419.0,421.0,0.019805267453193665,0.0,0.0
420.0,422.0,0.014431802555918694,0.0,0.0
421.0,423.0,0.010557841509580612,0.0,0.0
422.0,424.0,0.0,0.0,0.0
423.0,425.0,0.005787244066596031,0.0007343720644712448,0.0
424.0,426.0,0.016934579238295555,0.0,0.0
425.0,427.0,0.0,0.0,0.0
426.0,428.0,0.0,0.0,0.0
427.0,429.0,0.015257059596478939,0.0,0.0
428.0,430.0,0.017269793897867203,0.0085907606408,0.0
429.0,431.0,0.02790387161076069,0.0,0.0
430.0,432.0,0.0,0.011267130263149738,0.0
431.0,433.0,0.0,0.010673170909285545,0.0
432.0,434.0,0.0010352171957492828,0.0,0.0
433.0,435.0,0.015378138981759548,0.0,0.0
434.0,436.0,0.011584862135350704,0.00016820058226585388,0.0
435.0,437.0,0.005060016177594662,0.0,0.0
436.0,438.0,0.018319642171263695,0.0,8.507631719112396e-06
437.0,439.0,0.01946752332150936,0.0,0.0
438.0,440.0,0.010474573820829391,0.0013074614107608795,0.0
439.0,441.0,0.008180858567357063,0.005846897140145302,0.0
440.0,442.0,0.01036959607154131,0.0,0.0
441.0,443.0,0.013469316065311432,0.0033413353376090527,0.0007087299600243568
442.0,444.0,0.022425111383199692,0.0,0.0
443.0,445.0,0.020735133439302444,0.0,0.0
444.0,446.0,0.009160329587757587,0.0003391795326024294,0.0
445.0,447.0,0.0,0.010175997391343117,0.0
446.0,448.0,0.0077824946492910385,0.0,0.0
447.0,449.0,0.01947084069252014,0.0,0.0
448.0,450.0,0.01569443568587303,0.0017818179912865162,0.0
449.0,451.0,0.010851466096937656,0.00014236709102988243,0.0
450.0,452.0,0.016373487189412117,0.0,0.0006728190928697586
451.0,453.0,0.009171497076749802,0.0,0.0
452.0,454.0,0.005039464682340622,0.0,0.0
453.0,455.0,0.01182208489626646,0.0007325061596930027,0.0
454.0,456.0,0.001615295186638832,0.010014863684773445,0.0
455.0,457.0,0.0003925121854990721,0.004090458620339632,0.0
456.0,458.0,0.006111408118158579,0.0,0.0
457.0,459.0,0.02056615613400936,0.0015577063895761967,0.0
458.0,460.0,0.013025617226958275,0.0,0.007251274771988392
459.0,461.0,0.01377858966588974,0.003742652479559183,0.00260634976439178
460.0,462.0,0.013341397047042847,0.009594826027750969,0.0
461.0,463.0,0.01942596212029457,0.0,0.0
462.0,464.0,0.016206001862883568,0.0,0.0
463.0,465.0,0.022787250578403473,0.0,0.0
464.0,466.0,0.01636829413473606,0.0,0.0
465.0,467.0,0.009847483597695827,0.0,0.0
466.0,468.0,0.008408858440816402,0.0022481558844447136,0.0
467.0,469.0,0.00770502258092165,0.00020712986588478088,0.0
468.0,470.0,0.0038412169087678194,0.0,0.0
469.0,471.0,0.024538040161132812,0.005044220946729183,0.0
470.0,472.0,0.022942744195461273,0.008119596168398857,0.0
471.0,473.0,0.006071052514016628,0.013471435755491257,0.0
472.0,474.0,0.0037488327361643314,0.0,0.0
473.0,475.0,0.015844441950321198,0.0,0.0
474.0,476.0,0.013440840877592564,0.0,0.0
475.0,477.0,0.016531558707356453,0.0,0.0
476.0,478.0,0.013023634441196918,0.0010378516744822264,0.0
477.0,479.0,0.014729613438248634,0.0,0.0
478.0,480.0,0.01291516050696373,0.0030127028003335,0.0
479.0,481.0,0.009089832194149494,0.006775077432394028,0.0
480.0,482.0,0.025683056563138962,0.0,0.0
481.0,483.0,0.004672976676374674,0.018195226788520813,0.0
482.0,484.0,0.003741638734936714,0.0,0.0
483.0,485.0,0.003963174298405647,0.0,0.0
484.0,486.0,0.005026910919696093,0.0076838405802845955,0.0
485.0,487.0,0.005160553380846977,0.0,0.0
486.0,488.0,0.012849364429712296,0.0,0.0
487.0,489.0,0.021787621080875397,0.0,0.0
488.0,490.0,0.01919523812830448,0.0,0.0
489.0,491.0,0.01615188457071781,0.0012920532608404756,0.0
490.0,492.0,0.014482459984719753,0.007345225661993027,0.0
491.0,493.0,0.010461032390594482,0.00712315458804369,0.0
492.0,494.0,0.0,0.013726293109357357,0.0
493.0,495.0,0.007169289980083704,0.0007768990471959114,0.0
494.0,496.0,0.015930403023958206,0.0,0.0
495.0,497.0,0.015379223972558975,0.0,0.0
496.0,498.0,0.0033664428628981113,0.0003883335739374161,0.0
497.0,499.0,0.010202934965491295,0.0005824777763336897,0.0
498.0,500.0,0.010494210757315159,0.0,0.0
499.0,501.0,0.010838940739631653,0.0035133217461407185,0.0
500.0,502.0,0.010554850101470947,0.004562040790915489,0.0
501.0,503.0,0.01740187034010887,0.0028093960136175156,0.0
502.0,504.0,0.0,0.006428663153201342,0.0
503.0,505.0,0.0,0.0,0.0
504.0,506.0,0.00231586373411119,0.0,0.0
505.0,507.0,0.00924515537917614,0.0,0.0
506.0,508.0,0.019314086064696312,0.0,0.0
507.0,509.0,0.022240344434976578,0.0,0.0
508.0,510.0,0.01591574214398861,0.0,0.0
509.0,511.0,0.011046350002288818,0.0,0.0
510.0,512.0,0.012464616447687149,0.0,0.0
511.0,513.0,0.010242309421300888,0.0,0.0
512.0,514.0,0.00942961685359478,0.0,0.0
513.0,515.0,0.008423903957009315,0.0,0.004210265818983316
514.0,516.0,0.013852887786924839,0.0,0.0
515.0,517.0,0.002949175890535116,0.0,0.0
516.0,518.0,0.003276389092206955,0.0,0.0
517.0,519.0,0.009436704218387604,0.0,0.0
518.0,520.0,0.012498220428824425,0.0,0.0
519.0,521.0,0.0173746719956398,0.0,0.0
520.0,522.0,0.011588426306843758,0.0049023497849702835,0.0
521.0,523.0,0.005012837238609791,0.013458594679832458,0.0
522.0,524.0,0.003920963499695063,0.0,0.0
523.0,525.0,0.0025775961112231016,0.0,0.0
524.0,526.0,0.015469983220100403,0.001479512546211481,0.0
525.0,527.0,0.013420306146144867,0.0,0.0
526.0,528.0,0.010052374564111233,0.00596343819051981,0.0
527.0,529.0,0.011360552161931992,0.0062874392606318,0.0
528.0,530.0,0.015776142477989197,0.0006272390019148588,0.0
529.0,531.0,0.02169397845864296,0.0,0.0
530.0,532.0,0.01665673963725567,0.0,0.0
531.0,533.0,0.015367552638053894,0.002850480377674103,0.0
532.0,534.0,0.018012043088674545,0.0070790876634418964,0.0
533.0,535.0,0.015203006565570831,0.005535166710615158,0.0
534.0,536.0,0.012213651090860367,0.009536026045680046,0.0
535.0,537.0,0.015259293839335442,0.005285809747874737,0.0
536.0,538.0,0.011627095751464367,0.0,0.0
537.0,539.0,0.005152234807610512,0.0,0.0
538.0,540.0,0.007663545664399862,0.0001685845199972391,0.0
539.0,541.0,0.013656522147357464,0.007004553452134132,0.0
540.0,542.0,0.011713255196809769,0.008889151737093925,0.0
541.0,543.0,0.012959860265254974,0.009629196487367153,0.0
542.0,544.0,0.01876641809940338,0.0030078431591391563,0.0
543.0,545.0,0.008560128509998322,0.006482014898210764,0.0
544.0,546.0,0.023890575394034386,0.0,0.0
545.0,547.0,0.025215357542037964,0.005957613233476877,0.0014758827164769173
546.0,548.0,0.01040571928024292,0.0106505136936903,0.0
547.0,549.0,0.006337144877761602,0.00019432581029832363,0.00349722639657557
548.0,550.0,0.02279336005449295,0.0,0.0
549.0,551.0,0.020293178036808968,0.0,0.0
550.0,552.0,0.015581539832055569,0.0,0.0
551.0,553.0,0.021297559142112732,0.0,0.0
552.0,554.0,0.033109135925769806,0.0,0.0
553.0,555.0,0.01406598649919033,0.0,0.0
554.0,556.0,0.0166454017162323,0.0,0.0
555.0,557.0,0.006429189816117287,0.0,0.0
556.0,558.0,0.009260100312530994,0.0,0.0
557.0,559.0,0.015180546790361404,0.007207055110484362,0.0
558.0,560.0,0.0,0.0030169240199029446,0.0
559.0,561.0,0.0,0.0,0.00017620250582695007
560.0,562.0,0.014789257198572159,0.002970942296087742,0.0
561.0,563.0,0.00040834816172719,0.0026201894506812096,0.0
562.0,564.0,0.008289550431072712,0.0007601536926813424,0.0
563.0,565.0,0.01834368146955967,0.0023968645837157965,0.0
564.0,566.0,0.0051162270829081535,0.0,0.0
565.0,567.0,0.006432384252548218,0.0,0.0
566.0,568.0,0.006385665386915207,0.0028268075548112392,0.0
567.0,569.0,0.014610573649406433,0.0014620623551309109,0.0
568.0,570.0,0.017534205690026283,0.003351605497300625,0.0
569.0,571.0,0.014631081372499466,0.0,0.0
570.0,572.0,0.0018186978995800018,0.014715087600052357,0.0
571.0,573.0,0.007389197126030922,0.0,0.0
572.0,574.0,0.015946313738822937,0.0,0.008574898354709148
573.0,575.0,0.010750511661171913,0.0,0.0
574.0,576.0,0.006212268024682999,0.0,0.0
575.0,577.0,0.011059263721108437,0.0,0.0
576.0,578.0,0.01071204338222742,0.0,0.0
577.0,579.0,0.005026274360716343,0.004939202219247818,0.0
578.0,580.0,0.010852422565221786,0.007997517473995686,0.0
579.0,581.0,0.008513541892170906,0.003209086135029793,0.00146799860522151
580.0,582.0,0.0013289125636219978,0.01170446164906025,0.0
581.0,583.0,0.002869535470381379,0.005883828736841679,0.0
582.0,584.0,0.0,0.007150475867092609,0.0
583.0,585.0,0.017090024426579475,0.0,0.0
584.0,586.0,0.007977470755577087,0.0,0.0017896936042234302
585.0,587.0,0.020439300686120987,0.0,0.0
586.0,588.0,0.027133958414196968,0.0018082335591316223,0.0
587.0,589.0,0.011624578386545181,0.01918988674879074,0.0
588.0,590.0,0.00471960473805666,0.009741032496094704,0.0
589.0,591.0,0.009311815723776817,0.014495959505438805,0.0
590.0,592.0,0.010351567529141903,0.009276003576815128,0.0
591.0,593.0,0.007749675773084164,0.0027371535543352365,0.0
592.0,594.0,0.009347188286483288,0.0,0.0
593.0,595.0,0.01946740224957466,0.0,0.0
594.0,596.0,0.01478110533207655,0.004153825808316469,0.0
595.0,597.0,0.007023231592029333,0.007167089730501175,0.0
596.0,598.0,0.0190482996404171,0.0,0.0
597.0,599.0,0.01763857528567314,0.0,0.0
598.0,600.0,0.0018080510199069977,0.012613493017852306,0.0
599.0,601.0,0.004759748000651598,0.017045307904481888,0.0
600.0,602.0,0.007667932193726301,0.012202933430671692,0.0
601.0,603.0,0.0316336527466774,0.0,0.0
602.0,604.0,0.002123097889125347,0.0,0.0
603.0,605.0,0.0017552364151924849,0.0,0.0
604.0,606.0,0.008679676800966263,0.0,0.0
605.0,607.0,0.001044055912643671,0.004256114363670349,0.0
606.0,608.0,0.007526162546128035,0.0,0.0
607.0,609.0,0.0,0.004869861528277397,0.0
608.0,610.0,0.01129856612533331,0.0024567199870944023,0.0
609.0,611.0,0.01710638962686062,0.007583125960081816,0.0
610.0,612.0,0.013189162127673626,0.0,0.0
611.0,613.0,0.004247327800840139,0.0,0.0
612.0,614.0,0.009460675530135632,0.00649075023829937,0.0
613.0,615.0,0.0,0.0076537164859473705,0.0
614.0,616.0,0.016122164204716682,0.011908979155123234,0.0
615.0,617.0,0.012445718050003052,0.007388105150312185,0.0
616.0,618.0,0.00890484917908907,0.0,0.0
617.0,619.0,0.009438162669539452,0.0,0.0
618.0,620.0,0.018991917371749878,0.0,0.0
619.0,621.0,0.016507308930158615,0.0,0.0
620.0,622.0,0.006187724880874157,0.0042992206290364265,0.0
621.0,623.0,0.0275646410882473,0.0,0.0
622.0,624.0,0.0,0.006758028641343117,0.0
623.0,625.0,0.0021839013788849115,0.0011028214357793331,0.0
624.0,626.0,0.008727730251848698,0.004141378216445446,0.0
625.0,627.0,0.021181508898735046,0.0,0.0
626.0,628.0,0.013585329055786133,0.0,0.0
627.0,629.0,0.01203957386314869,0.0,0.0
628.0,630.0,0.006402814760804176,0.0,0.0
629.0,631.0,0.0037469540257006884,0.0,0.0
630.0,632.0,0.0,0.00018496857956051826,0.0
631.0,633.0,0.005270694848150015,0.0,0.0
632.0,634.0,0.004652171395719051,0.004675745498389006,0.0
633.0,635.0,0.005675650201737881,0.01292653288692236,0.0
634.0,636.0,0.0,0.007117856293916702,0.0
635.0,637.0,0.0036292015574872494,0.0,0.0
636.0,638.0,0.013832487165927887,0.0,0.001422668807208538
637.0,639.0,0.017064563930034637,0.0,0.0
638.0,640.0,0.0069952430203557014,0.009540964849293232,0.0
639.0,641.0,0.0030691686552017927,0.02283373288810253,0.0
640.0,642.0,0.004650574177503586,0.012741000391542912,0.0
641.0,643.0,0.022084280848503113,0.0,0.0
642.0,644.0,0.012727911584079266,0.004531635902822018,0.0
643.0,645.0,0.02436661720275879,0.0,0.0
644.0,646.0,0.01043994165956974,0.0,0.0
645.0,647.0,0.009724934585392475,0.0041144234128296375,0.0
646.0,648.0,0.017356235533952713,0.011067506857216358,0.0
647.0,649.0,0.01935751736164093,0.003763222135603428,0.0
648.0,650.0,0.0024111003149300814,0.001453582663089037,0.0
649.0,651.0,0.0026107211597263813,0.004382488317787647,0.0
650.0,652.0,0.00779370404779911,0.0018254900351166725,0.0
651.0,653.0,0.01261239405721426,0.0,0.0
652.0,654.0,0.012119298800826073,0.0,0.0
653.0,655.0,0.011756561696529388,0.004319542087614536,0.0
654.0,656.0,0.0,0.015095088630914688,0.0
655.0,657.0,0.0,0.0,0.0
656.0,658.0,0.015192873775959015,0.0,0.0
657.0,659.0,0.01507692039012909,0.0,0.0
658.0,660.0,0.030983196571469307,0.0,0.0
659.0,661.0,0.021076468750834465,0.0,0.0
660.0,662.0,0.013722091913223267,0.0,0.0
661.0,663.0,0.015398743562400341,0.0,0.0
662.0,664.0,0.00022656144574284554,0.00285058980807662,0.0
663.0,665.0,0.03756577894091606,0.0,0.0
664.0,666.0,0.006642044521868229,0.0,0.0
665.0,667.0,0.007952661253511906,0.0,0.0
666.0,668.0,0.014426782727241516,0.0035946527495980263,0.0
667.0,669.0,0.016713349148631096,0.0,0.0
668.0,670.0,0.0,0.004554239101707935,0.0
669.0,671.0,0.0,0.005700546316802502,0.0
670.0,672.0,0.005709714721888304,0.0,0.0
671.0,673.0,0.01621653512120247,0.0016763864550739527,0.0
672.0,674.0,0.021961122751235962,0.0,0.0
673.0,675.0,0.016783514991402626,0.00014480669051408768,0.0
674.0,676.0,0.00964139774441719,0.007090465631335974,0.0
675.0,677.0,0.014658110216259956,0.013305025175213814,0.0
676.0,678.0,0.0013819083105772734,0.0,0.0
677.0,679.0,0.011443929746747017,0.0008245706558227539,0.0031496654264628887
678.0,680.0,0.022762149572372437,0.0,0.0
679.0,681.0,0.017304250970482826,0.00014719879254698753,0.0
680.0,682.0,0.009550698101520538,0.0,0.0
681.0,683.0,0.02460019662976265,0.008720786310732365,0.0
682.0,684.0,0.010604079812765121,0.004500760231167078,0.0
683.0,685.0,0.0,0.0,0.0
684.0,686.0,0.012217757292091846,0.0,0.0
685.0,687.0,0.00894578080624342,0.0009654529276303947,0.0
686.0,688.0,0.00859715323895216,0.0,0.0
687.0,689.0,0.006537613458931446,0.0,0.0
688.0,690.0,0.0035693258978426456,0.00801084190607071,0.0
689.0,691.0,0.012859846465289593,0.006024917587637901,0.0
690.0,692.0,0.017506416887044907,0.0029634323436766863,0.0
691.0,693.0,0.009038475342094898,0.0027907812036573887,0.0
692.0,694.0,0.004371989518404007,0.0001889870036393404,0.0
693.0,695.0,0.0005968657787889242,0.001342550734989345,0.0
694.0,696.0,0.015435250476002693,0.0038517359644174576,0.0
695.0,697.0,0.005816674791276455,0.01091968733817339,0.0
696.0,698.0,0.0034439610317349434,0.008768262341618538,0.0
697.0,699.0,0.010750770568847656,0.010968038812279701,0.0
698.0,700.0,0.00842979084700346,0.005425213370472193,0.0
699.0,701.0,0.004862416069954634,0.00028520356863737106,0.0
700.0,702.0,0.006415573880076408,0.0,0.0
701.0,703.0,0.01395532488822937,0.0,0.0
702.0,704.0,0.013186457566916943,0.0,0.0
703.0,705.0,0.016645319759845734,0.0,0.0
704.0,706.0,0.020925333723425865,0.0,0.0
705.0,707.0,0.01224144920706749,0.0,0.0
706.0,708.0,0.0002210303209722042,0.004484379198402166,0.0
707.0,709.0,0.005777465645223856,0.0,0.0
708.0,710.0,0.007057154551148415,0.0,0.0
709.0,711.0,0.01223071850836277,0.0,0.0
710.0,712.0,0.018111921846866608,0.0,0.0
711.0,713.0,0.03009933978319168,0.0,0.0
712.0,714.0,0.020823761820793152,0.0,0.0
713.0,715.0,0.0,0.015899216756224632,0.0
714.0,716.0,0.0,0.0031204400584101677,0.0
715.0,717.0,0.0,0.0,0.0
716.0,718.0,0.010771391913294792,0.002102235797792673,0.0
717.0,719.0,0.012046599760651588,0.0,0.0
718.0,720.0,0.009677764028310776,0.0,0.0
719.0,721.0,0.009482594206929207,0.005328709725290537,0.0
720.0,722.0,0.0023876880295574665,0.0,0.0
721.0,723.0,0.003125804243609309,0.0,0.0
722.0,724.0,0.005387601442635059,0.0,0.0
723.0,725.0,0.0003498634323477745,0.007700436748564243,0.0
724.0,726.0,4.026712849736214e-05,0.0035709491930902004,0.0
725.0,727.0,0.0032126554287970066,0.0,0.0
726.0,728.0,0.013057535514235497,0.0,0.0
727.0,729.0,0.014151962473988533,0.0,0.0
728.0,730.0,0.011244596913456917,0.0,0.0
729.0,731.0,0.01514987088739872,0.0,0.0
730.0,732.0,0.00798985455185175,0.011353558860719204,0.0
731.0,733.0,0.013846032321453094,0.002492033177986741,0.0
732.0,734.0,0.00016783829778432846,0.0005385687109082937,0.0
733.0,735.0,0.005572771653532982,0.00013235025107860565,0.0
734.0,736.0,0.02022654563188553,0.0,0.0
735.0,737.0,0.016837526112794876,0.0,0.0
736.0,738.0,0.014713700860738754,0.0,0.0
737.0,739.0,0.00950905866920948,0.0018099439330399036,0.0
738.0,740.0,0.004182497970759869,0.003032072214409709,0.0
739.0,741.0,0.012870119884610176,0.0,0.0
740.0,742.0,0.011630421504378319,0.001464691711589694,0.0
741.0,743.0,0.0006973999552428722,0.003487992100417614,0.0
742.0,744.0,0.017340682446956635,0.0,0.0
743.0,745.0,0.015793394297361374,0.0,0.0
744.0,746.0,0.013500535860657692,0.0,0.0
745.0,747.0,0.016671350225806236,0.002558853942900896,0.0
746.0,748.0,0.007484401576220989,0.0,0.0
747.0,749.0,0.0,0.005756605416536331,0.0
748.0,750.0,0.0005370748694986105,0.0026179116684943438,0.0
749.0,751.0,0.010641675442457199,0.0,0.00639047846198082
750.0,752.0,0.016390830278396606,0.0,0.0
751.0,753.0,0.01005244068801403,0.0,0.0
752.0,754.0,0.014602895826101303,0.0,0.0013054003939032555
753.0,755.0,0.0,0.0,0.0006587924435734749
754.0,756.0,0.003254811279475689,0.006847046781331301,0.0
755.0,757.0,0.01815984398126602,0.0015611378476023674,0.0
756.0,758.0,0.009163652546703815,0.0026447568088769913,0.0
757.0,759.0,0.01333014015108347,0.0,0.0
758.0,760.0,0.010026484727859497,0.0,0.0
759.0,761.0,0.010893933475017548,0.012940682470798492,0.0
760.0,762.0,0.010115972720086575,0.0,0.0
761.0,763.0,0.01681869849562645,0.0,0.0
762.0,764.0,0.00937485508620739,0.0022033476270735264,0.0
763.0,765.0,0.011555266566574574,0.0,0.0
764.0,766.0,0.013012925162911415,0.0,0.0
765.0,767.0,0.008914644829928875,0.0,0.0
766.0,768.0,0.009924654848873615,0.002393759787082672,0.0
767.0,769.0,0.0088319331407547,0.0,0.0
768.0,770.0,0.01660449430346489,0.0,0.0
769.0,771.0,0.012907935306429863,0.0,0.0
770.0,772.0,0.010344823822379112,0.0,0.0
771.0,773.0,0.013847362250089645,0.0021723289974033833,0.0
772.0,774.0,0.0,0.01430297177284956,0.0
773.0,775.0,0.006673446390777826,0.0017433371394872665,0.0
774.0,776.0,0.01601862534880638,0.002264353446662426,0.0
775.0,777.0,0.0,0.008276982232928276,0.0
776.0,778.0,0.009524088352918625,0.0,0.0
777.0,779.0,0.013395850546658039,0.0,0.0
778.0,780.0,0.01592661440372467,0.0,0.009132388979196548
779.0,781.0,0.019630737602710724,0.0,0.0026609115302562714
780.0,782.0,0.01518603228032589,0.0,0.0
781.0,783.0,0.010500418953597546,0.0,0.0
782.0,784.0,0.00524927070364356,0.0,0.0
783.0,785.0,0.018207699060440063,0.0,0.0
784.0,786.0,0.01195351779460907,0.0011030142195522785,0.0
785.0,787.0,0.02197556383907795,0.0,0.0
786.0,788.0,0.020366143435239792,0.0,0.0
787.0,789.0,0.010201144963502884,0.0,0.0
788.0,790.0,0.01624296046793461,0.0050979373045265675,0.0
789.0,791.0,0.026010185480117798,0.0,0.0
790.0,792.0,0.0,0.00428918469697237,0.0
791.0,793.0,0.006614414043724537,0.0,0.0
792.0,794.0,0.017834749072790146,0.0,0.0
793.0,795.0,0.015112350694835186,0.0,0.0027923283632844687
794.0,796.0,0.01486959308385849,0.0026518735103309155,0.0
795.0,797.0,0.007604407612234354,0.0,0.0
796.0,798.0,0.0019749561324715614,0.0,0.0
797.0,799.0,0.008334273472428322,0.0038704751059412956,0.0
798.0,800.0,0.0,0.0,0.0023492123000323772
799.0,801.0,0.0,0.0,0.0020269760861992836
800.0,802.0,0.011614062823355198,0.0,0.0
801.0,803.0,0.015766868367791176,0.0,0.0
802.0,804.0,0.01895710825920105,0.0,0.0
803.0,805.0,0.011322575621306896,0.0,0.0
804.0,806.0,0.012628156691789627,0.0,0.0
805.0,807.0,0.012610668316483498,0.0043340325355529785,0.0
806.0,808.0,0.027765633538365364,0.0,0.0
807.0,809.0,0.0,0.0,0.0
808.0,810.0,0.0028857202269136906,0.0,0.0
809.0,811.0,0.0027667556423693895,0.0,0.0
810.0,812.0,0.009419595822691917,0.00534842861816287,0.0
811.0,813.0,0.0027934059035032988,0.00870338175445795,0.0
812.0,814.0,0.004223931580781937,0.010479314252734184,0.0
813.0,815.0,0.006833481602370739,0.009043017402291298,0.0
814.0,816.0,0.010628042742609978,0.014254637993872166,0.0
815.0,817.0,0.007353333290666342,0.010160863399505615,0.0
816.0,818.0,0.0049639856442809105,0.0,0.0
817.0,819.0,0.012927243486046791,0.0,0.0
818.0,820.0,0.008310563862323761,0.0,0.0
819.0,821.0,0.011957542970776558,0.0,0.0
820.0,822.0,0.0,0.0,0.0
821.0,823.0,0.016766317188739777,0.0,0.0
822.0,824.0,0.012142972089350224,0.0,0.0
823.0,825.0,0.0036399480886757374,0.00972982682287693,0.0
824.0,826.0,6.745755672454834e-05,0.001847512787207961,0.0
825.0,827.0,0.01556561328470707,0.0,0.0
826.0,828.0,0.03177759796380997,0.0,0.0
827.0,829.0,0.013187629170715809,0.0,0.0
828.0,830.0,0.015189450234174728,0.0,0.0
829.0,831.0,0.020478691905736923,0.005482390522956848,0.0
830.0,832.0,0.02021789737045765,0.0,0.0
831.0,833.0,0.017636911943554878,0.0,0.0
832.0,834.0,0.006679753307253122,0.0,0.0
833.0,835.0,0.006513792090117931,0.0,0.0
834.0,836.0,0.011489537544548512,0.0,0.0
835.0,837.0,0.005645434372127056,0.0,0.0
836.0,838.0,0.003829351859167218,0.0016688844189047813,0.0
837.0,839.0,0.011687059886753559,0.0042306361719965935,0.0
838.0,840.0,0.0026193466037511826,0.0,0.0
839.0,841.0,0.005299677141010761,0.0,0.0
840.0,842.0,0.0038627691101282835,0.0,0.0
841.0,843.0,0.0016129445284605026,0.0018362391274422407,0.0
842.0,844.0,0.023646242916584015,0.0007777853170409799,0.0015984419733285904
843.0,845.0,0.017406227067112923,0.0,0.0
844.0,846.0,0.012149984017014503,0.005537007004022598,0.0
845.0,847.0,0.000876343809068203,0.00010477658361196518,0.0
846.0,848.0,0.014541314914822578,0.0,0.0
847.0,849.0,0.007954390719532967,0.0,0.0
848.0,850.0,0.0,0.004165678285062313,0.0
849.0,851.0,0.006229617167264223,0.0,0.0
850.0,852.0,0.013911028392612934,0.0,0.0
851.0,853.0,0.01964605413377285,0.0,0.0
852.0,854.0,0.018325142562389374,0.0,0.0
853.0,855.0,0.0076860422268509865,0.001232344307936728,0.0011441037058830261
854.0,856.0,0.00777669670060277,0.0015315860509872437,0.0
855.0,857.0,0.020506512373685837,0.008605800569057465,0.0
856.0,858.0,0.014894449152052402,0.0,0.0
857.0,859.0,0.013432656414806843,0.0,0.0
858.0,860.0,0.01795707270503044,0.0,0.0
859.0,861.0,0.005752366501837969,0.010090801864862442,0.0
860.0,862.0,0.014054236933588982,0.0,0.0
861.0,863.0,0.01808837056159973,0.0008916417136788368,0.0
862.0,864.0,0.0010874951258301735,0.0022281003184616566,0.0
863.0,865.0,0.004086202476173639,0.0,0.0
864.0,866.0,0.010150067508220673,0.0,0.0
865.0,867.0,0.005825257860124111,0.0,0.0
866.0,868.0,0.0,0.0,0.0
867.0,869.0,0.009263414889574051,0.0,0.0010781018063426018
868.0,870.0,0.016777783632278442,0.0,0.0
869.0,871.0,0.010333327576518059,0.0,0.0
870.0,872.0,0.009109999053180218,0.0016387682408094406,0.0
871.0,873.0,0.010931795462965965,0.0025183933321386576,0.0
872.0,874.0,0.011762945912778378,0.0,0.0
873.0,875.0,0.012083339504897594,0.0,0.0
874.0,876.0,0.01486258115619421,0.0,0.0
875.0,877.0,0.008277214132249355,0.0,0.0
876.0,878.0,0.0007079651113599539,0.0,0.0
877.0,879.0,0.007165207993239164,0.0,0.0
878.0,880.0,0.006479959469288588,0.0033170715905725956,0.0
879.0,881.0,0.006432732101529837,0.0,0.0
880.0,882.0,0.0039670756086707115,0.0,0.0
881.0,883.0,0.0003368275938555598,0.005378155503422022,0.0
882.0,884.0,0.0063875168561935425,0.0,0.0
883.0,885.0,0.021553702652454376,0.0,0.0
884.0,886.0,0.03151837736368179,0.0,0.0
885.0,887.0,0.01768593117594719,0.0,0.0
886.0,888.0,0.014664240181446075,0.0,0.0
887.0,889.0,0.014011755585670471,0.0,0.0
888.0,890.0,0.017554838210344315,0.0021527153439819813,0.0
889.0,891.0,0.007499932777136564,0.003725272137671709,0.0
890.0,892.0,0.02388855069875717,0.0,0.0
891.0,893.0,0.009776809252798557,0.0,0.0
892.0,894.0,0.008069670759141445,0.0,0.0
893.0,895.0,0.01434064656496048,0.0,0.0
894.0,896.0,0.015375461429357529,0.0,0.0
895.0,897.0,0.005079605150967836,0.0,0.0
896.0,898.0,0.007225095294415951,0.0,0.0
897.0,899.0,0.01845834031701088,0.003968134988099337,0.0
898.0,900.0,0.012648594565689564,0.0,0.0
899.0,901.0,0.012436158023774624,0.0,0.0
900.0,902.0,0.01746630296111107,0.0016978043131530285,0.0005751536227762699
901.0,903.0,0.017122458666563034,0.0,0.006515998858958483
902.0,904.0,0.014136024750769138,0.0,0.0
903.0,905.0,0.010909965261816978,0.0,0.0
904.0,906.0,0.017433233559131622,0.0013116938062012196,0.0
905.0,907.0,0.011546536348760128,0.0,0.0
906.0,908.0,0.0027598715387284756,0.006696812808513641,0.0
907.0,909.0,0.027139723300933838,0.0,0.0
908.0,910.0,0.0,0.007626197300851345,0.0
909.0,911.0,0.0,0.0036488263867795467,0.0
910.0,912.0,0.00886364746838808,0.0,0.005372810177505016
911.0,913.0,0.01919030398130417,0.0,0.0019814814440906048
912.0,914.0,0.022844962775707245,0.0,0.0
913.0,915.0,0.023216627538204193,0.0,0.0
914.0,916.0,0.008534729480743408,0.0,0.0
915.0,917.0,0.004458626266568899,0.0,0.0
916.0,918.0,0.01606753095984459,0.007450805511325598,0.0
917.0,919.0,0.02497507631778717,0.0015548672527074814,0.0
918.0,920.0,0.018582593649625778,0.002061176812276244,0.0013620180543512106
919.0,921.0,0.008642674423754215,0.014363446272909641,0.0
920.0,922.0,0.003975605126470327,0.0,0.0
921.0,923.0,0.0068814558908343315,0.0,0.0
922.0,924.0,0.003180765314027667,0.0,0.0
923.0,925.0,0.02216419205069542,0.0,0.0
924.0,926.0,0.021215762943029404,0.0,0.0
925.0,927.0,0.016748551279306412,0.0033222483471035957,0.0
926.0,928.0,0.018458105623722076,0.0,0.0
927.0,929.0,0.016668733209371567,0.0,0.0
928.0,930.0,0.008576544001698494,0.008986108936369419,0.0
929.0,931.0,0.00685576256364584,0.0014047945151105523,0.0
930.0,932.0,0.0109644066542387,0.0,0.0
931.0,933.0,0.017264999449253082,0.0,0.0
932.0,934.0,0.015897279605269432,0.0,0.0
933.0,935.0,0.01065623015165329,0.0,0.005456455051898956
934.0,936.0,0.013649385422468185,0.0,0.0
935.0,937.0,0.020505772903561592,0.0,0.0
936.0,938.0,0.014565574005246162,0.0,0.0
937.0,939.0,0.008063893765211105,0.004074650816619396,0.0
938.0,940.0,0.016476964578032494,0.0015029509086161852,0.0
939.0,941.0,0.02063566818833351,0.000796531792730093,0.0
940.0,942.0,0.012898710556328297,0.0015538895968347788,0.0
941.0,943.0,0.012459982186555862,0.0013586808927357197,0.0
942.0,944.0,0.02157042734324932,0.0052396152168512344,0.0
943.0,945.0,0.006993310526013374,0.007247979287058115,0.0
944.0,946.0,0.0,0.006920496933162212,0.0
945.0,947.0,0.00662816921249032,0.0033347574062645435,0.0
946.0,948.0,0.009520893916487694,0.0034217280335724354,0.0
947.0,949.0,0.003728955751284957,0.010614113882184029,0.0
948.0,950.0,0.019711585715413094,0.004866509232670069,0.0
949.0,951.0,0.015359187498688698,0.006963967811316252,0.0
950.0,952.0,0.005051774438470602,0.008025581017136574,0.0
951.0,953.0,0.007794992532581091,0.006939624436199665,0.0
952.0,954.0,0.007528921589255333,0.004713855683803558,0.0
953.0,955.0,0.012565767392516136,0.0032198254484683275,0.0
954.0,956.0,0.0201867762953043,0.008847867138683796,0.0
955.0,957.0,0.0,0.011827623471617699,0.0
956.0,958.0,0.00157009600661695,0.00475208880379796,0.0
957.0,959.0,0.0,0.000645034946501255,0.0
958.0,960.0,0.005553839728236198,0.0,0.0
959.0,961.0,0.012270387262105942,0.0,0.0
960.0,962.0,0.022233717143535614,0.0,0.0
961.0,963.0,0.011664419434964657,0.0,0.0
962.0,964.0,0.016095751896500587,0.0,0.0
963.0,965.0,0.023672867566347122,0.0,0.0
964.0,966.0,0.012765196152031422,0.0,0.0
965.0,967.0,0.004728422500193119,0.0,0.0
966.0,968.0,0.0,0.0,0.0
967.0,969.0,0.006929622031748295,0.0062671080231666565,0.0
968.0,970.0,0.012052956037223339,0.0017771883867681026,0.0
969.0,971.0,0.016251856461167336,0.0,0.0
970.0,972.0,0.008754966780543327,2.2269319742918015e-05,0.0
971.0,973.0,0.014101352542638779,0.0,0.0
972.0,974.0,0.009454932995140553,0.008894672617316246,0.0
973.0,975.0,0.0025512422434985638,0.007562259212136269,0.0
974.0,976.0,0.00473485141992569,0.0,0.0
975.0,977.0,0.0,0.0019929951522499323,0.0
976.0,978.0,0.010310573503375053,0.0,0.0
977.0,979.0,0.010303361341357231,0.0,0.0
978.0,980.0,0.010199105367064476,0.0008751275017857552,0.0
979.0,981.0,0.010611043311655521,0.007298748474568129,0.0
980.0,982.0,0.006582038477063179,0.0,0.0
981.0,983.0,0.016597716137766838,0.0,0.0
982.0,984.0,0.022680597379803658,0.0,0.0
983.0,985.0,0.016012167558073997,0.0,0.0
984.0,986.0,0.021715713664889336,0.007288007531315088,0.0
985.0,987.0,0.00503635685890913,0.024688534438610077,0.0
986.0,988.0,0.01111240778118372,0.0,0.0
987.0,989.0,0.02411750704050064,0.0,0.0
988.0,990.0,0.01931821182370186,0.0,0.0
989.0,991.0,0.020601436495780945,0.0021305496338754892,0.0
990.0,992.0,0.016032245010137558,0.00044009159319102764,0.0
991.0,993.0,0.007675886154174805,0.00038203271105885506,0.0
992.0,994.0,0.016725797206163406,0.0,0.0
993.0,995.0,0.023154227063059807,0.0,0.0
994.0,996.0,0.009623248130083084,0.0,0.0
995.0,997.0,0.012504661455750465,0.0,0.0
996.0,998.0,0.021241039037704468,0.0,0.0
997.0,999.0,0.021109819412231445,0.0,0.0
998.0,1000.0,0.012133331038057804,0.0,0.0
999.0,1001.0,0.00712879654020071,0.0029996614903211594,0.0
1000.0,1002.0,0.01092548854649067,0.0036863163113594055,0.0
1001.0,1003.0,0.01675121672451496,0.00710706040263176,0.0
1002.0,1004.0,0.0171651691198349,0.0,0.0
1003.0,1005.0,0.018202003091573715,0.0042856899090111256,0.0
1004.0,1006.0,0.014310305006802082,0.008488178253173828,0.0
1005.0,1007.0,0.016019100323319435,0.004878129810094833,0.0
1006.0,1008.0,0.020705539733171463,0.0,0.0
1007.0,1009.0,0.017217380926012993,0.0,0.0
1008.0,1010.0,0.022100253030657768,0.0,0.0
1009.0,1011.0,0.010640468448400497,0.0,0.0
1010.0,1012.0,0.014988714829087257,0.002937455428764224,0.0
1011.0,1013.0,0.016984859481453896,0.005724415648728609,0.0
1012.0,1014.0,0.0006267320131883025,0.011476699262857437,0.0
1013.0,1015.0,0.007570962887257338,0.0007412396371364594,0.0
1014.0,1016.0,0.01730545237660408,0.0,0.0
1015.0,1017.0,0.024005848914384842,0.0,0.0
1016.0,1018.0,0.019100608304142952,0.0,0.0
1017.0,1019.0,0.011409604921936989,0.0,0.0
1018.0,1020.0,0.008529583923518658,0.007905427366495132,0.0
1019.0,1021.0,0.008355962112545967,0.00473223440349102,0.0
1020.0,1022.0,0.013669424690306187,0.0,0.0
1021.0,1023.0,0.019543081521987915,0.0,0.0
1022.0,1024.0,0.0,0.002796977059915662,0.0
1023.0,1025.0,0.0,0.0008763065561652184,0.0
1024.0,1026.0,0.009012948721647263,0.004167174454778433,0.0
1025.0,1027.0,0.02282315120100975,0.004342843312770128,0.0
1026.0,1028.0,0.02031300961971283,0.0,0.0
1027.0,1029.0,0.019465815275907516,0.0,0.0
1028.0,1030.0,0.00808132067322731,0.007717663422226906,0.0
1029.0,1031.0,0.022564951330423355,0.0,0.0
1030.0,1032.0,0.019590027630329132,0.0,0.0
1031.0,1033.0,0.01416008174419403,0.0010936455801129341,0.0
1032.0,1034.0,0.0,0.01343345083296299,0.0
1033.0,1035.0,0.008802032098174095,0.0,0.0
1034.0,1036.0,0.030747856944799423,0.0,0.0
1035.0,1037.0,0.025410689413547516,0.0,0.0
1036.0,1038.0,0.0005932946223765612,0.0,0.0
1037.0,1039.0,0.01144501008093357,0.0,0.0
1038.0,1040.0,0.019718727096915245,0.0,0.0
1039.0,1041.0,0.020294245332479477,0.0,0.0
1040.0,1042.0,0.012193027883768082,0.00025537796318531036,0.0
1041.0,1043.0,0.008391723968088627,0.0,0.0
1042.0,1044.0,0.0019090808928012848,0.0,0.009119548834860325
1043.0,1045.0,0.003586888313293457,0.0032456261105835438,0.0
1044.0,1046.0,0.0028157641645520926,0.0036103716120123863,0.0
1045.0,1047.0,0.013271769508719444,0.0,0.0
1046.0,1048.0,0.0019408424850553274,0.0,0.0
1047.0,1049.0,0.012584425508975983,0.0001932196319103241,0.0
1048.0,1050.0,0.014479270204901695,0.0,0.0
1049.0,1051.0,0.020704161375761032,0.0,0.0
1050.0,1052.0,0.017692038789391518,0.0,0.0
1051.0,1053.0,0.00851067341864109,0.0,0.0
1052.0,1054.0,0.014236430637538433,0.0,0.0
1053.0,1055.0,0.003510965732857585,0.003279979806393385,0.0
1054.0,1056.0,0.007391615305095911,0.004143895115703344,0.0
1055.0,1057.0,0.018109384924173355,0.01065603457391262,0.0
1056.0,1058.0,0.015727873891592026,0.0,0.0
1057.0,1059.0,0.027410253882408142,0.0,0.0
1058.0,1060.0,0.028051843866705894,0.00552483880892396,0.0
1059.0,1061.0,0.033725619316101074,0.004939991515129805,0.0
1060.0,1062.0,0.01127706840634346,0.0,0.0
1061.0,1063.0,1.9862083718180656e-05,0.0003303750418126583,0.0
1062.0,1064.0,0.012455126270651817,0.0,0.0
1063.0,1065.0,0.019676880910992622,0.0,0.0
1064.0,1066.0,0.023213019594550133,0.0,0.003640852402895689
1065.0,1067.0,0.004653673619031906,0.0019965949468314648,0.0
1066.0,1068.0,0.014705199748277664,0.0,0.0
1067.0,1069.0,0.012855724431574345,0.0005813675234094262,0.0
1068.0,1070.0,0.019842129200696945,0.00259957043454051,0.0
1069.0,1071.0,0.016869179904460907,0.0025464603677392006,0.0
1070.0,1072.0,0.024547670036554337,0.0,0.0
1071.0,1073.0,0.020280051976442337,0.0,0.0
1072.0,1074.0,0.01584748923778534,0.0,0.0
1073.0,1075.0,0.014504966326057911,0.0,0.0
1074.0,1076.0,0.018014006316661835,0.0,0.0
1075.0,1077.0,0.0167109165340662,0.0,0.0
1076.0,1078.0,0.011485172435641289,0.005963150877505541,0.0
1077.0,1079.0,0.006380867213010788,0.008714158087968826,0.0
1078.0,1080.0,0.019133081659674644,0.0017199642024934292,0.0
1079.0,1081.0,0.026643240824341774,0.0,0.0
1080.0,1082.0,0.02056935243308544,0.0,0.0
1081.0,1083.0,0.0382511205971241,0.002325369045138359,0.0
1082.0,1084.0,0.030001699924468994,0.0,0.0
1083.0,1085.0,0.03401418775320053,0.0,0.0
1084.0,1086.0,0.020423591136932373,0.0,0.0
1085.0,1087.0,0.025272399187088013,0.0,0.0
1086.0,1088.0,0.024036459624767303,0.0,0.0
1087.0,1089.0,0.018790651112794876,0.0,0.0
1088.0,1090.0,0.018618404865264893,0.0,0.0
1089.0,1091.0,0.020394187420606613,0.0,0.0
1090.0,1092.0,0.02333194389939308,0.0,0.006129681132733822
1091.0,1093.0,0.019777357578277588,0.0,0.003922394011169672
1092.0,1094.0,0.0026555638760328293,0.0,0.0
1093.0,1095.0,0.0,0.021196000277996063,0.0
1094.0,1096.0,0.0026604756712913513,0.011272968724370003,0.0
1095.0,1097.0,0.016597209498286247,0.0,0.0
1096.0,1098.0,0.016413573175668716,0.0,0.0
1097.0,1099.0,0.012296682223677635,0.0031449247617274523,0.0
1098.0,1100.0,0.0171451848000288,0.0,0.0
1099.0,1101.0,0.019519267603754997,0.0,0.0
1100.0,1102.0,0.012491126544773579,0.0021925270557403564,0.0
1101.0,1103.0,0.008316826075315475,0.00488683907315135,0.0
1102.0,1104.0,0.013058432377874851,0.0,0.0
1103.0,1105.0,0.008929779753088951,0.0,0.000941677950322628
1104.0,1106.0,0.008681423030793667,0.0004656938835978508,0.005931644234806299
1105.0,1107.0,0.007430011872202158,0.0,0.0
1106.0,1108.0,0.012950610369443893,0.0,0.0
1107.0,1109.0,0.01918609067797661,0.0006360374391078949,0.0
1108.0,1110.0,0.02097984403371811,0.0,0.0
1109.0,1111.0,0.015500526875257492,0.0,0.0003864108584821224
1110.0,1112.0,0.00752655602991581,0.0,0.0009907479397952557
1111.0,1113.0,0.011731794103980064,0.0,0.0
1112.0,1114.0,0.013427646830677986,0.005311694927513599,0.0
1113.0,1115.0,0.011489417403936386,0.0,0.0
1114.0,1116.0,0.008876556530594826,0.0,0.0
1115.0,1117.0,0.015793193131685257,0.0,0.0
1116.0,1118.0,0.011203940957784653,0.0,0.0
1117.0,1119.0,0.013832115568220615,0.0005647034849971533,0.0
1118.0,1120.0,0.014144392684102058,0.0011183242313563824,0.0
1119.0,1121.0,0.012831272557377815,0.0,0.0
1120.0,1122.0,0.017954206094145775,0.004557774402201176,0.0
1121.0,1123.0,0.015138691291213036,0.003946978598833084,0.0
1122.0,1124.0,0.019739456474781036,0.0,0.0
1123.0,1125.0,0.023890310898423195,7.580500096082687e-05,0.0
1124.0,1126.0,0.023540295660495758,0.0,0.0
1125.0,1127.0,0.021490616723895073,0.0,0.0
1126.0,1128.0,0.008103059604763985,0.0038546184077858925,0.0
1127.0,1129.0,0.006362614221870899,0.0033289194107055664,0.0
1128.0,1130.0,0.013898126780986786,0.0,0.0
1129.0,1131.0,0.009278552606701851,0.0,0.0
1130.0,1132.0,0.014055152423679829,0.0,0.0
1131.0,1133.0,0.010682117193937302,0.0,0.0
1132.0,1134.0,0.010799786075949669,0.0,0.0
1133.0,1135.0,0.012735229916870594,0.00382493669167161,0.0
1134.0,1136.0,0.01539474818855524,0.0,0.0
1135.0,1137.0,0.011400792747735977,0.0,0.0
1136.0,1138.0,0.013835228979587555,0.0,0.0
1137.0,1139.0,0.003657434368506074,0.004192958120256662,0.0
1138.0,1140.0,0.0125951636582613,0.0,0.007558089680969715
1139.0,1141.0,0.021191902458667755,0.0,0.0
1140.0,1142.0,0.028918065130710602,0.0,0.0
1141.0,1143.0,0.010325556620955467,0.0,0.0
1142.0,1144.0,0.009929018095135689,0.0,0.0
1143.0,1145.0,0.010492673143744469,0.0,0.0
1144.0,1146.0,0.019490323960781097,0.0,0.0
1145.0,1147.0,0.03191882744431496,0.0,0.0
1146.0,1148.0,0.00582614541053772,0.0,0.0
1147.0,1149.0,0.015555152669548988,0.0,0.0
1148.0,1150.0,0.014504669234156609,0.0,0.0
1149.0,1151.0,0.0,0.0,0.0
1150.0,1152.0,0.008575213141739368,0.0,0.0
1151.0,1153.0,0.0,0.0,0.0
1152.0,1154.0,0.005306498613208532,0.0,0.0
1153.0,1155.0,0.018208885565400124,0.0,0.0
1154.0,1156.0,0.01905103214085102,0.005141598172485828,0.0
1155.0,1157.0,0.010453298687934875,0.007926062680780888,0.0
1156.0,1158.0,0.000748214079067111,0.0017772098071873188,0.0
1157.0,1159.0,0.008073645643889904,0.003513053059577942,0.0
1158.0,1160.0,0.017240673303604126,0.005661814473569393,0.0
1159.0,1161.0,0.02352411299943924,0.0,0.0
1160.0,1162.0,0.013891591690480709,0.0,0.0
1161.0,1163.0,0.00029722927138209343,0.003250407986342907,0.0
1162.0,1164.0,0.016214845702052116,0.0038468893617391586,0.0
1163.0,1165.0,0.00504857674241066,0.007185355760157108,0.0
1164.0,1166.0,0.005461260210722685,0.0071216002106666565,0.0
1165.0,1167.0,0.011442560702562332,0.0,0.0
1166.0,1168.0,0.002944326028227806,0.0,0.0
1167.0,1169.0,0.005851767025887966,0.0,0.0
1168.0,1170.0,0.022056151181459427,0.0,0.0
1169.0,1171.0,0.0190825667232275,0.005282188765704632,0.0
1170.0,1172.0,0.018698133528232574,0.004683162085711956,0.0
1171.0,1173.0,0.018545426428318024,0.0008615059778094292,0.0
1172.0,1174.0,0.0051606264896690845,0.006060231477022171,0.0
1173.0,1175.0,0.00557164940983057,0.002169545041397214,0.0
1174.0,1176.0,0.024341505020856857,0.0,0.0
1175.0,1177.0,0.024392273277044296,0.0,0.0
1176.0,1178.0,0.012905644252896309,0.009015556424856186,0.0
1177.0,1179.0,0.010501457378268242,0.005785370245575905,0.0
1178.0,1180.0,0.011919515207409859,0.0025547961704432964,0.0
1179.0,1181.0,0.012674909085035324,0.0,0.0
1180.0,1182.0,0.017928307875990868,0.0,0.0
1181.0,1183.0,0.019596964120864868,0.002798907458782196,0.0
1182.0,1184.0,0.011228831484913826,0.004818432033061981,0.0
1183.0,1185.0,0.009841700084507465,0.0019051821436733007,0.0
1184.0,1186.0,0.013217352330684662,0.0,0.0
1185.0,1187.0,0.009071635082364082,0.0,0.0
1186.0,1188.0,0.005125688388943672,0.0,0.0
1187.0,1189.0,0.009801032021641731,0.00583761278539896,0.0
1188.0,1190.0,0.02073967084288597,0.009718433022499084,0.0
1189.0,1191.0,0.027970263734459877,0.005169442854821682,0.0
1190.0,1192.0,0.020753391087055206,0.0031852549873292446,0.0
1191.0,1193.0,0.018420305103063583,0.008515195921063423,0.0
1192.0,1194.0,0.015020996332168579,0.00441622082144022,0.0
1193.0,1195.0,0.013022039085626602,0.0,0.0
1194.0,1196.0,0.013426043093204498,0.0,0.0
1195.0,1197.0,0.009719319641590118,7.391045801341534e-05,0.0
1196.0,1198.0,0.012184353545308113,0.0,0.0
1197.0,1199.0,0.00850808434188366,0.0028441662434488535,0.0
1198.0,1200.0,0.011758207343518734,0.0,0.0
1199.0,1201.0,0.009887143969535828,0.0058332025073468685,0.0
1200.0,1202.0,0.012408016249537468,0.0,0.0
1201.0,1203.0,0.01176310982555151,0.0,0.0
1202.0,1204.0,0.027164679020643234,0.0,0.0
1203.0,1205.0,0.004792261868715286,0.005671878345310688,0.0
1204.0,1206.0,0.009118972346186638,0.0,0.0
1205.0,1207.0,0.0,0.00020918156951665878,0.0
1206.0,1208.0,0.019074030220508575,0.0,0.0
1207.0,1209.0,0.010821962729096413,0.004319646395742893,0.0
1208.0,1210.0,0.0,0.007483751513063908,0.0
1209.0,1211.0,0.006154147908091545,0.0023141133133322,0.0
1210.0,1212.0,0.016127046197652817,0.0,0.0
1211.0,1213.0,0.01799030229449272,0.0021317321807146072,0.0
1212.0,1214.0,0.01673012599349022,0.0006553297862410545,0.0
1213.0,1215.0,0.009260596707463264,0.01280350424349308,0.0
1214.0,1216.0,0.016097981482744217,0.004559803754091263,0.0
1215.0,1217.0,0.017413321882486343,0.0032337484881281853,0.0
1216.0,1218.0,0.009769823402166367,0.00566852604970336,0.0
1217.0,1219.0,0.013243267312645912,0.0,0.0
1218.0,1220.0,0.01630541868507862,0.003646271303296089,0.0
1219.0,1221.0,0.021811459213495255,0.002436276525259018,0.0
1220.0,1222.0,0.015202391892671585,0.0,0.0
1221.0,1223.0,0.011935906484723091,0.0,0.0
1222.0,1224.0,0.0017136232927441597,0.004824340343475342,0.0
1223.0,1225.0,0.005100363865494728,0.004858673550188541,0.0
1224.0,1226.0,0.009176596067845821,0.0,0.0
1225.0,1227.0,0.007799010723829269,0.0,0.0
1226.0,1228.0,0.00928543321788311,0.0,0.0
1227.0,1229.0,0.011511947959661484,0.0010337429121136665,0.0
1228.0,1230.0,0.01169305108487606,0.0005258833989500999,0.0
1229.0,1231.0,0.011841380968689919,0.0,0.0
1230.0,1232.0,0.01165919192135334,0.0,0.0
1231.0,1233.0,0.0,0.004402442369610071,0.0
1232.0,1234.0,0.0,0.007853379473090172,0.0
1233.0,1235.0,0.0,0.00832817330956459,0.0
1234.0,1236.0,0.0010931179858744144,0.0033262113574892282,0.0007794650737196207
1235.0,1237.0,0.0,0.0021762168034911156,0.0106652295216918
1236.0,1238.0,0.00469547463580966,0.0,0.0
1237.0,1239.0,0.007077476009726524,0.006145811639726162,0.0
1238.0,1240.0,0.013179589994251728,0.0,0.0
1239.0,1241.0,0.01355830766260624,0.0,0.0
1240.0,1242.0,0.005854166578501463,0.0,0.0
1241.0,1243.0,0.01611102931201458,0.0,0.0
1242.0,1244.0,0.0160837322473526,0.0,0.0
1243.0,1245.0,0.021091338247060776,0.005452783778309822,0.0
1244.0,1246.0,0.016016464680433273,0.004837986081838608,0.0
1245.0,1247.0,0.024812757968902588,0.0,0.0
1246.0,1248.0,0.031710948795080185,0.0,0.0
1247.0,1249.0,0.041026461869478226,0.0,0.0
1248.0,1250.0,0.007586386054754257,0.010078668594360352,0.0
1249.0,1251.0,0.007181547582149506,0.002810797654092312,0.0
1250.0,1252.0,0.012862720526754856,0.01147284172475338,0.0
1251.0,1253.0,0.014189882203936577,0.0,0.0
1252.0,1254.0,0.010735229589045048,0.0,0.0
1253.0,1255.0,0.006440998055040836,0.0004398277960717678,0.0
1254.0,1256.0,0.012931372970342636,0.0033834301866590977,0.0
1255.0,1257.0,0.01350984163582325,0.00776811596006155,0.0
1256.0,1258.0,0.004210171289741993,0.0090562729164958,0.0
1257.0,1259.0,0.0,0.009148901328444481,0.0
1258.0,1260.0,0.003718708176165819,0.019985774531960487,0.0
1259.0,1261.0,0.0035905027762055397,0.018000956624746323,0.0
1260.0,1262.0,0.012775368988513947,0.0025984598323702812,0.0
1261.0,1263.0,0.0,0.0032422454096376896,0.0
1262.0,1264.0,0.0012503768084570765,0.0,0.0
1263.0,1265.0,0.011134611442685127,0.0018689772114157677,0.0
1264.0,1266.0,0.0,0.008768053725361824,0.0
1265.0,1267.0,0.0,0.0,0.0
1266.0,1268.0,0.00624052481725812,0.0,0.0
1267.0,1269.0,0.01125384122133255,0.0,0.0
1268.0,1270.0,0.022096581757068634,0.0,0.0
1269.0,1271.0,0.018719686195254326,0.0,0.0
1270.0,1272.0,0.018934674561023712,4.984252154827118e-05,0.0
1271.0,1273.0,0.021396011114120483,0.0,0.0
1272.0,1274.0,0.011739012785255909,0.0,0.0
1273.0,1275.0,0.019419504329562187,0.0,0.0
1274.0,1276.0,0.024656787514686584,0.0,0.0
1275.0,1277.0,0.026703227311372757,0.0,0.0
1276.0,1278.0,0.02823789417743683,0.0,0.0
1277.0,1279.0,0.0169540923088789,0.0,0.0
1278.0,1280.0,0.011495167389512062,0.0,0.0
1279.0,1281.0,0.022060289978981018,0.0,0.0
1280.0,1282.0,0.033079423010349274,0.0,0.0
1281.0,1283.0,0.021695274859666824,0.0,0.0
1282.0,1284.0,0.013796718791127205,0.0,0.0
1283.0,1285.0,0.01412062719464302,0.0,0.0
1284.0,1286.0,0.014292887412011623,0.0,0.0
1285.0,1287.0,0.016509030014276505,0.004633248317986727,0.0
1286.0,1288.0,0.020244156941771507,0.0,0.0
1287.0,1289.0,0.013413912616670132,0.0,0.0
1288.0,1290.0,0.024593668058514595,0.0,0.0
1289.0,1291.0,0.02630620077252388,0.0,0.0
1290.0,1292.0,0.01989150047302246,0.0,0.0
1291.0,1293.0,0.00951136089861393,0.0,0.0
1292.0,1294.0,0.018287643790245056,0.0,0.0
1293.0,1295.0,0.0155556108802557,0.0,0.0
1294.0,1296.0,0.022820236161351204,0.0,0.0
1295.0,1297.0,0.013983748853206635,0.0,0.0
1296.0,1298.0,0.010825610719621181,0.0,0.0
1297.0,1299.0,0.01432883832603693,0.0,0.0
1298.0,1300.0,0.007685413118451834,0.0,0.0
1299.0,1301.0,0.009520292282104492,0.0,0.0
1300.0,1302.0,0.01676327735185623,0.0,0.0
1301.0,1303.0,0.023361366242170334,0.0,0.0
1302.0,1304.0,0.014436313882470131,0.0,0.0
1303.0,1305.0,0.011207272298634052,0.0,0.0
1304.0,1306.0,0.0,0.0,0.0
1305.0,1307.0,0.015382176265120506,0.0,0.0
1306.0,1308.0,0.017356252297759056,0.0,0.0
1307.0,1309.0,0.01739482581615448,0.0,0.0
1308.0,1310.0,0.0202467180788517,0.0,0.0
1309.0,1311.0,0.018978819251060486,0.0,0.0
1310.0,1312.0,0.016578366979956627,0.0,0.0
1311.0,1313.0,0.025988196954131126,0.0,0.0
1312.0,1314.0,0.005323403514921665,0.0,0.0
1313.0,1315.0,0.014903886243700981,0.004233518149703741,0.0
1314.0,1316.0,0.012026497162878513,0.0,0.0
1315.0,1317.0,0.0,0.011124840937554836,0.0
1316.0,1318.0,0.0004392575938254595,0.007887698709964752,0.0
1317.0,1319.0,0.006703692488372326,0.0027697330806404352,0.0
1318.0,1320.0,0.007815303280949593,0.006817588582634926,0.0
1319.0,1321.0,0.012260820716619492,0.004080189857631922,0.0
1320.0,1322.0,0.008433305658400059,0.0,0.0
1321.0,1323.0,0.01875581592321396,0.0,0.0
1322.0,1324.0,0.011209633201360703,0.0,0.0
1323.0,1325.0,0.014260019175708294,0.0,0.0
1324.0,1326.0,0.012586697936058044,0.0,0.0
1325.0,1327.0,0.019463103264570236,0.0051065352745354176,0.0
1326.0,1328.0,0.0021768612787127495,0.006203497759997845,0.0
1327.0,1329.0,0.01568780094385147,0.0,0.0
1328.0,1330.0,0.01739872805774212,0.0,0.0
1329.0,1331.0,0.014634654857218266,0.008157189004123211,0.0
1330.0,1332.0,0.016477126628160477,0.007539811544120312,0.0
1331.0,1333.0,0.010935081169009209,0.009318741969764233,0.0
1332.0,1334.0,0.005349850282073021,0.010723233222961426,0.0
1333.0,1335.0,0.0002871595788747072,0.012165078893303871,0.0
1334.0,1336.0,0.0020749205723404884,0.00458825659006834,0.0
1335.0,1337.0,0.011362973600625992,0.0010886846575886011,0.0
1336.0,1338.0,0.013308082707226276,0.002070783404633403,0.0
1337.0,1339.0,0.003307558596134186,0.0,0.0
1338.0,1340.0,0.004755455069243908,0.001938431989401579,0.0
1339.0,1341.0,0.015000559389591217,0.002500790636986494,0.0
1340.0,1342.0,0.009431898593902588,0.007682398892939091,0.0
1341.0,1343.0,0.0010076072067022324,0.006411607377231121,0.0
1342.0,1344.0,0.0064915502443909645,0.007042366545647383,0.0
1343.0,1345.0,0.013960631564259529,0.0009612934663891792,0.0
1344.0,1346.0,0.019804636016488075,0.004384457599371672,0.0
1345.0,1347.0,0.009934959933161736,0.006443770602345467,0.0
1346.0,1348.0,0.012230291962623596,0.002001323038712144,0.0
1347.0,1349.0,0.015145533718168736,0.0,0.0
1348.0,1350.0,0.012503035366535187,0.0019461095798760653,0.0
1349.0,1351.0,0.006388078443706036,0.012793954461812973,0.0
1350.0,1352.0,0.030940301716327667,0.0,0.0
1351.0,1353.0,0.020291965454816818,0.0,0.0
1352.0,1354.0,0.02612474374473095,0.007456799037754536,0.0
1353.0,1355.0,0.010926161892712116,0.0,0.0
1354.0,1356.0,0.029313931241631508,0.0,0.0
1355.0,1357.0,0.02579566091299057,0.0,0.0
1356.0,1358.0,0.012660124339163303,0.0,0.0
1357.0,1359.0,0.008786218240857124,0.0,0.0
1358.0,1360.0,0.01300407201051712,0.0,0.0002598315477371216
1359.0,1361.0,0.033936262130737305,0.0,0.0
1360.0,1362.0,0.03520447015762329,0.0,0.0
1361.0,1363.0,0.027460850775241852,0.0,0.0
1362.0,1364.0,0.02484806254506111,0.0,0.0
1363.0,1365.0,0.01356431283056736,0.0,0.0
1364.0,1366.0,0.04592030867934227,0.0,0.0
1365.0,1367.0,0.032286979258060455,0.0,0.0
1366.0,1368.0,0.03170762583613396,0.0,0.0
1367.0,1369.0,0.011543202213943005,0.006971550174057484,0.0
1368.0,1370.0,0.015357837080955505,0.001754458760842681,0.0
1369.0,1371.0,0.019392184913158417,0.00211766897700727,0.0
1370.0,1372.0,0.020254220813512802,0.0029914097394794226,0.0
1371.0,1373.0,0.010499327443540096,0.007991593331098557,0.0
1372.0,1374.0,0.036011211574077606,0.0,0.0
1373.0,1375.0,0.0339401513338089,0.0,0.0
1374.0,1376.0,0.034200046211481094,0.0,0.0
1375.0,1377.0,0.02710901014506817,0.0,0.0
1376.0,1378.0,0.011580816470086575,0.0,0.0
1377.0,1379.0,0.01081298291683197,0.0,0.0
1378.0,1380.0,0.0019813578110188246,0.0,0.0
1379.0,1381.0,0.0031418506987392902,0.0,0.0
1380.0,1382.0,0.008109320886433125,0.005973889958113432,0.0
1381.0,1383.0,0.0,0.0024168267846107483,0.0
1382.0,1384.0,0.0,0.0,0.0
1383.0,1385.0,0.007506492547690868,0.009848333895206451,0.0
1384.0,1386.0,0.02008754014968872,0.01351139135658741,0.0
1385.0,1387.0,0.022694457322359085,0.0038516719359904528,0.0
1386.0,1388.0,0.017539560794830322,0.0012783771380782127,0.0
1387.0,1389.0,0.016952188685536385,0.001590521540492773,0.0
1388.0,1390.0,0.01518297754228115,0.0,0.0
1389.0,1391.0,0.0,0.0,0.0
1390.0,1392.0,0.0,0.0,0.0
1391.0,1393.0,0.004177841357886791,0.00014832522720098495,0.0
1392.0,1394.0,0.011402752250432968,0.0,0.0
1393.0,1395.0,0.012056083418428898,0.0,0.0
1394.0,1396.0,0.014015969820320606,0.0,0.0
1395.0,1397.0,0.0035224524326622486,0.004134851042181253,0.0
1396.0,1398.0,0.00039038120303303003,3.6656856536865234e-06,0.0
1397.0,1399.0,0.007570188958197832,0.0,0.0
1398.0,1400.0,0.009332718327641487,0.0008043886628001928,0.0
1399.0,1401.0,0.004974242765456438,0.01113199070096016,0.0
1400.0,1402.0,0.009378446266055107,0.0,0.0
1401.0,1403.0,0.009028890170156956,0.0032491888850927353,0.0
1402.0,1404.0,0.0098615363240242,0.017976852133870125,0.0
1403.0,1405.0,0.005557236261665821,0.006206906866282225,0.0
1404.0,1406.0,0.009042011573910713,0.0034497613087296486,0.0
1405.0,1407.0,0.017868800088763237,0.0009222920052707195,0.0
1406.0,1408.0,0.014518728479743004,0.0,0.0
1407.0,1409.0,0.0014662423636764288,0.006763249635696411,0.0
1408.0,1410.0,0.02966872602701187,0.0008171021472662687,0.0
1409.0,1411.0,0.0030697043985128403,0.0034183557145297527,0.0
1410.0,1412.0,0.004972363822162151,0.0,0.0
1411.0,1413.0,0.012004271149635315,0.0,0.0
1412.0,1414.0,0.0006577371386811137,0.0,0.0
1413.0,1415.0,0.0019158630166202784,0.00575772300362587,0.0
1414.0,1416.0,0.019236551597714424,0.0,0.0
1415.0,1417.0,0.015614895150065422,0.0,0.0
1416.0,1418.0,0.00811729859560728,0.0,0.0
1417.0,1419.0,0.010039148852229118,0.0,0.0
1418.0,1420.0,0.012095227837562561,0.0,0.0
1419.0,1421.0,0.0014675636775791645,0.0,0.0
1420.0,1422.0,0.0013786440249532461,0.0,0.0
1421.0,1423.0,0.0,0.005188780836760998,0.0
1422.0,1424.0,0.0025711373891681433,0.0045290542766451836,0.0
1423.0,1425.0,0.002775887493044138,0.003701852634549141,0.0
1424.0,1426.0,0.01716950163245201,0.0001039602211676538,1.4642486348748207e-05
1425.0,1427.0,0.00941111333668232,0.006048588547855616,0.0
1426.0,1428.0,0.011677986942231655,0.0,0.0
1427.0,1429.0,0.016391532495617867,0.0,0.0
1428.0,1430.0,0.011217501945793629,0.0,0.0
1429.0,1431.0,0.0044376361183822155,0.0,0.0
1430.0,1432.0,0.00031675235368311405,0.0001393090933561325,0.0
1431.0,1433.0,0.0027363630943000317,0.001389963086694479,0.0
1432.0,1434.0,0.012434661388397217,0.0,0.0
1433.0,1435.0,0.0066362591460347176,0.0,0.0
1434.0,1436.0,0.005611429922282696,0.0,0.0
1435.0,1437.0,0.008445610292255878,0.004997347481548786,0.0
1436.0,1438.0,0.0065496573224663734,0.0002915658988058567,0.0
1437.0,1439.0,0.010042055509984493,0.0,0.0
1438.0,1440.0,0.004840918816626072,0.0,0.0
1439.0,1441.0,0.010253219865262508,0.0,0.0
1440.0,1442.0,0.010841134935617447,0.0,0.0
1441.0,1443.0,0.010957254096865654,0.0,0.0
1442.0,1444.0,0.00397688802331686,0.004495353437960148,0.0007944060489535332
1443.0,1445.0,0.005953743122518063,0.0,0.0
1444.0,1446.0,0.015015987679362297,0.004361194558441639,0.0
1445.0,1447.0,0.004376591183245182,0.01388043724000454,0.002006078837439418
1446.0,1448.0,0.0,0.004734693095088005,0.0
1447.0,1449.0,0.0,0.0,0.0
1448.0,1450.0,0.013491177931427956,0.0,0.0
1449.0,1451.0,0.012853749096393585,0.0006055985577404499,0.0
1450.0,1452.0,0.0,0.02003401145339012,0.0
1451.0,1453.0,0.006919743958860636,0.004725436680018902,0.0
1452.0,1454.0,0.01661641336977482,0.0007303128950297832,0.0
1453.0,1455.0,0.009696371853351593,0.00015606050146743655,0.0
1454.0,1456.0,0.01326713990420103,0.0,0.0
1455.0,1457.0,0.0030311692971736193,0.003349707927554846,0.0
1456.0,1458.0,0.004022230394184589,0.0,0.0
1457.0,1459.0,0.01127954013645649,0.0,0.0
1458.0,1460.0,0.01485472358763218,0.001521106343716383,0.0
1459.0,1461.0,0.008730992674827576,0.0,0.0
1460.0,1462.0,0.0,0.0018113453406840563,0.0
1461.0,1463.0,0.018180128186941147,0.0034196963533759117,0.0
1462.0,1464.0,0.02209918200969696,0.0,0.0
1463.0,1465.0,0.011180799454450607,0.003765867091715336,0.0
1464.0,1466.0,0.012301957234740257,0.0,0.0
1465.0,1467.0,0.007871252484619617,0.00808898638933897,0.0
1466.0,1468.0,0.013378268107771873,0.006112565286457539,0.0
1467.0,1469.0,0.016392692923545837,0.004393758252263069,0.0
1468.0,1470.0,0.020574335008859634,0.0,0.0
1469.0,1471.0,0.013226920738816261,0.0,0.0
1470.0,1472.0,0.014727811329066753,0.001372343860566616,0.0
1471.0,1473.0,0.01015356183052063,0.0064210910350084305,0.0
1472.0,1474.0,0.015695340931415558,0.0006769625470042229,0.0
1473.0,1475.0,0.01894272118806839,0.0,0.0
1474.0,1476.0,0.01492815837264061,0.0,0.0
1475.0,1477.0,0.007600340526551008,0.006525223143398762,0.0
1476.0,1478.0,0.013404371216893196,0.006163370329886675,0.0
1477.0,1479.0,0.015855461359024048,0.008800291456282139,0.0
1478.0,1480.0,0.01667061075568199,0.006551432888954878,0.0
1479.0,1481.0,0.004014031961560249,0.002572624711319804,0.0
1480.0,1482.0,0.010938300751149654,0.0,0.0
1481.0,1483.0,0.012139827013015747,0.006521542556583881,0.0
1482.0,1484.0,0.006330515258014202,0.0035472544841468334,0.0
1483.0,1485.0,0.008667239919304848,0.0,0.0
1484.0,1486.0,0.0017149015329778194,0.0,0.0
1485.0,1487.0,0.006873727310448885,0.00026803137734532356,0.0
1486.0,1488.0,0.02806275337934494,0.0,0.0
1487.0,1489.0,0.0058771888725459576,0.013254787772893906,0.0
1488.0,1490.0,0.011761443689465523,0.0011445549316704273,0.0
1489.0,1491.0,0.013723321259021759,0.0018481053411960602,0.0
1490.0,1492.0,0.005551162175834179,0.005746153648942709,0.0
1491.0,1493.0,0.008243897929787636,0.0,0.0
1492.0,1494.0,0.008720551617443562,0.0,0.004862877074629068
1493.0,1495.0,0.014828920364379883,0.0,0.0
1494.0,1496.0,0.017424995079636574,0.012912139296531677,0.0
1495.0,1497.0,0.018846075981855392,0.0062017180025577545,0.0
1496.0,1498.0,0.018426552414894104,0.0,0.0
1497.0,1499.0,0.027197718620300293,0.0,0.0
1498.0,1500.0,0.02267596498131752,0.0,0.0
1499.0,1501.0,0.017275065183639526,0.0008233393309637904,0.0
1500.0,1502.0,0.023432321846485138,0.0,0.0
1501.0,1503.0,0.022682949900627136,0.0,0.0
1502.0,1504.0,0.012839009054005146,0.0,0.0
1503.0,1505.0,0.019164077937602997,0.0,0.0
1504.0,1506.0,0.017178013920783997,0.0,0.0
1505.0,1507.0,0.007556675933301449,0.0,0.0
1506.0,1508.0,0.005303381942212582,0.0012178337201476097,0.0
1507.0,1509.0,0.013910355977714062,0.004970394540578127,0.0
1508.0,1510.0,0.013460596092045307,0.00029198580887168646,0.0
1509.0,1511.0,0.009091531857848167,0.0,0.0
1510.0,1512.0,0.017916912212967873,0.002024244051426649,0.0
1511.0,1513.0,0.017998136579990387,0.0,0.0
1512.0,1514.0,0.017254449427127838,0.0,0.0
1513.0,1515.0,0.009782394394278526,0.0,0.0
1514.0,1516.0,0.0017777420580387115,0.0024020294658839703,0.0
1515.0,1517.0,0.0,0.006019045133143663,0.000889850314706564
1516.0,1518.0,0.0,0.004957720637321472,0.0
1517.0,1519.0,0.012095091864466667,0.0065526352263987064,0.0
1518.0,1520.0,0.014722496271133423,0.011086510494351387,0.0
1519.0,1521.0,0.014059657230973244,0.0016599628143012524,0.0
1520.0,1522.0,0.008275404572486877,0.0,0.0
1521.0,1523.0,0.0,0.0,0.0
1522.0,1524.0,0.0,0.001058334717527032,0.0
1523.0,1525.0,0.010592501610517502,0.003431808203458786,0.0
1524.0,1526.0,0.004959984682500362,0.0,0.0
1525.0,1527.0,0.0,0.0,0.0
1526.0,1528.0,0.0,0.0,0.0
1527.0,1529.0,0.004588180221617222,0.0,0.0
1528.0,1530.0,0.012839937582612038,0.0,0.0
1529.0,1531.0,0.015658995136618614,0.0,0.0
1530.0,1532.0,0.01368794683367014,0.0,0.0
1531.0,1533.0,0.005833645351231098,0.0,0.0018515619449317455
1532.0,1534.0,0.008463519625365734,0.008921892382204533,0.0
1533.0,1535.0,0.005633750930428505,0.007151354104280472,0.0
1534.0,1536.0,0.01238685380667448,0.00579793518409133,0.0
1535.0,1537.0,0.008621390908956528,0.008718390017747879,0.0
1536.0,1538.0,0.01273031160235405,0.0,0.0
1537.0,1539.0,0.0023039495572447777,0.0,0.0
1538.0,1540.0,0.003994874656200409,0.0,0.0
1539.0,1541.0,0.015244387090206146,0.0,0.0
1540.0,1542.0,0.020656097680330276,0.0,0.0
1541.0,1543.0,0.01312914490699768,0.004667467903345823,0.0
1542.0,1544.0,0.00496822502464056,0.007397966925054789,0.0
1543.0,1545.0,0.006297514773905277,0.0,0.0
1544.0,1546.0,0.018321748822927475,0.0,0.0
1545.0,1547.0,0.015387944877147675,0.006865436676889658,0.0
1546.0,1548.0,0.010020021349191666,0.008188048377633095,0.0
1547.0,1549.0,0.010920193046331406,0.011020387522876263,0.0
1548.0,1550.0,0.012420447543263435,0.0035674148239195347,0.0
1549.0,1551.0,0.01555420272052288,0.0019621876999735832,0.0
1550.0,1552.0,0.015882570296525955,0.0031315707601606846,0.0
1551.0,1553.0,0.012840819545090199,0.0,0.0
1552.0,1554.0,0.01809963956475258,0.00574762187898159,0.0
1553.0,1555.0,0.003720100736245513,0.004618436098098755,0.0
1554.0,1556.0,0.000587730435654521,0.0,0.0
1555.0,1557.0,0.0,0.0076849330216646194,0.0
1556.0,1558.0,0.02438640221953392,0.017152605578303337,0.0
1557.0,1559.0,0.017241831868886948,0.012993546202778816,0.0
1558.0,1560.0,0.006979948841035366,0.007047545164823532,0.0
1559.0,1561.0,0.014707193709909916,0.004015768878161907,0.0
1560.0,1562.0,0.010797825641930103,0.0009600184857845306,0.0
1561.0,1563.0,0.0031330049969255924,0.0,0.0
1562.0,1564.0,0.0,0.0,0.0
1563.0,1565.0,0.011255167424678802,0.0,0.0
1564.0,1566.0,0.02847142331302166,0.0,0.0
1565.0,1567.0,0.012835132889449596,0.0,0.0
1566.0,1568.0,0.0029842257499694824,0.0,0.0
1567.0,1569.0,0.007711984217166901,0.000986460130661726,0.0
1568.0,1570.0,0.014334335923194885,0.0,0.0
1569.0,1571.0,0.014159778133034706,0.0,0.0
1570.0,1572.0,0.006385705433785915,0.00229968992061913,0.0
1571.0,1573.0,0.010634834878146648,0.0,0.0
1572.0,1574.0,0.026008425280451775,0.007740429602563381,0.0
1573.0,1575.0,0.00789998471736908,0.009516734629869461,0.0
1574.0,1576.0,0.007539799436926842,0.01114820409566164,0.0
1575.0,1577.0,0.0043311649933457375,0.0038190861232578754,0.0
1576.0,1578.0,0.005541383754462004,0.0014261075993999839,0.0
1577.0,1579.0,0.003127847798168659,0.0020547795575112104,0.0
1578.0,1580.0,0.022401459515094757,0.0,0.0
1579.0,1581.0,0.014900092966854572,0.007602671626955271,0.0
1580.0,1582.0,0.013974444009363651,0.0025396288838237524,0.0
1581.0,1583.0,0.0044730063527822495,0.004229043610394001,0.0
1582.0,1584.0,0.011239162646234035,0.00763043062761426,0.00287072965875268
1583.0,1585.0,0.013442013412714005,0.0,0.0
1584.0,1586.0,0.01451396569609642,0.0,0.0
1585.0,1587.0,0.017180919647216797,0.007227244786918163,0.0022641518153250217
1586.0,1588.0,0.01818566583096981,0.000575630459934473,0.0
1587.0,1589.0,0.011155773885548115,0.0,0.0
1588.0,1590.0,0.02061057835817337,0.0,0.004185914993286133
1589.0,1591.0,0.024582616984844208,0.0023767328821122646,0.0
1590.0,1592.0,0.013946108520030975,0.0011479798704385757,0.0
1591.0,1593.0,0.013363786041736603,0.0021317806094884872,0.0
1592.0,1594.0,0.0018821104895323515,0.0,0.0
1593.0,1595.0,0.0,0.002438169438391924,0.0
1594.0,1596.0,0.017250200733542442,0.0,0.0
1595.0,1597.0,0.025527045130729675,0.0,0.0
1596.0,1598.0,0.027017366141080856,0.0,0.0
1597.0,1599.0,0.017628714442253113,0.0,0.0
1598.0,1600.0,0.005666595883667469,0.0,0.0
1599.0,1601.0,0.018002206459641457,0.0,0.0
1600.0,1602.0,0.0011209793156012893,0.002811162732541561,0.0012559776660054922
1601.0,1603.0,0.009165728464722633,0.0,0.0042908936738967896
1602.0,1604.0,0.0,0.0,0.0
1603.0,1605.0,0.0015332031762227416,0.0024180226027965546,0.0
1604.0,1606.0,0.024405479431152344,0.0,0.0
1605.0,1607.0,0.012852048501372337,0.006354825105518103,0.006678970064967871
1606.0,1608.0,0.003780605271458626,0.0027556875720620155,0.0
1607.0,1609.0,0.006809190846979618,0.0,0.0
1608.0,1610.0,0.01674366183578968,0.0,0.0021043121814727783
1609.0,1611.0,0.00913739763200283,0.0,0.0024046828038990498
1610.0,1612.0,0.005795628763735294,0.0,0.009197286330163479
1611.0,1613.0,0.023070883005857468,0.0,0.0012957560829818249
1612.0,1614.0,0.01891336217522621,0.006113294046372175,0.0
1613.0,1615.0,0.0075486088171601295,0.004325996618717909,0.0
1614.0,1616.0,0.015111837536096573,0.001095163868740201,0.0
1615.0,1617.0,0.0061829835176467896,0.0,0.0024335160851478577
1616.0,1618.0,0.019610200077295303,0.0,0.0
1617.0,1619.0,0.015508709475398064,0.0,0.0
1618.0,1620.0,0.005738235078752041,0.0,0.004885392263531685
1619.0,1621.0,0.01794624887406826,0.0,0.0092106182128191
1620.0,1622.0,0.02377999573945999,0.0,0.008779752999544144
1621.0,1623.0,0.001330656697973609,0.0,0.009172428399324417
1622.0,1624.0,0.013211156241595745,0.0,0.0
1623.0,1625.0,0.023799151182174683,0.0,0.0
1624.0,1626.0,0.01831112802028656,0.0,0.0
1625.0,1627.0,0.017817433923482895,0.0,0.0
1626.0,1628.0,0.022306855767965317,0.0022931303828954697,0.0
1627.0,1629.0,0.01974322274327278,0.0017554108053445816,0.0
1628.0,1630.0,0.014266569167375565,0.002585930284112692,0.0
1629.0,1631.0,0.020776279270648956,0.0,0.0
1630.0,1632.0,0.015365807339549065,0.0,0.0
1631.0,1633.0,0.02859240397810936,0.0,0.0
1632.0,1634.0,0.02173609659075737,0.0,0.0
1633.0,1635.0,0.01850152388215065,0.0,0.0
1634.0,1636.0,0.01655147597193718,0.0,0.0
1635.0,1637.0,0.005004489794373512,0.0,0.0
1636.0,1638.0,0.014037282206118107,0.0,0.0
1637.0,1639.0,0.015050838701426983,0.0,0.0
1638.0,1640.0,0.019982149824500084,0.0,0.0
1639.0,1641.0,0.017419971525669098,0.0,0.0
1640.0,1642.0,0.017587102949619293,0.0,0.0
1641.0,1643.0,0.014934301376342773,0.0,0.0
1642.0,1644.0,0.013468163087964058,0.0,0.0
1643.0,1645.0,0.02313873916864395,0.0,0.0
1644.0,1646.0,0.029739532619714737,0.0,0.0
1645.0,1647.0,0.008859889581799507,0.0,0.0
1646.0,1648.0,0.016283690929412842,0.0,0.0
1647.0,1649.0,0.005607324652373791,0.0,0.0
1648.0,1650.0,5.7218712754547596e-05,0.006036950275301933,0.0
1649.0,1651.0,0.0022253943607211113,0.007942523807287216,0.0
1650.0,1652.0,0.009789302945137024,0.0,0.0
1651.0,1653.0,0.010186243802309036,0.0,0.0
1652.0,1654.0,0.016153592616319656,0.0,0.0
1653.0,1655.0,0.018352020531892776,0.0,0.0
1654.0,1656.0,0.013413745909929276,0.0,0.0
1655.0,1657.0,0.0014218790456652641,0.0,0.0
1656.0,1658.0,0.008210706524550915,0.0,0.0
1657.0,1659.0,0.02160726487636566,0.0,0.0
1658.0,1660.0,0.01329701766371727,0.0,0.0
1659.0,1661.0,0.019993234425783157,0.0,0.0
1660.0,1662.0,0.016957411542534828,0.0,0.0
1661.0,1663.0,0.01071036234498024,0.0,0.0
1662.0,1664.0,0.01678873784840107,0.0,0.0
1663.0,1665.0,0.00258428743109107,0.0,0.0
1664.0,1666.0,0.007629066240042448,0.0,0.0
1665.0,1667.0,0.0027672203723341227,0.0,0.0
1666.0,1668.0,0.0,0.0,0.008384030312299728
1667.0,1669.0,0.015054823830723763,0.0,0.005294214468449354
1668.0,1670.0,0.015840649604797363,0.0,0.0
1669.0,1671.0,0.007767454721033573,0.000979163683950901,0.0
1670.0,1672.0,0.007066710852086544,0.005924514960497618,0.0
1671.0,1673.0,0.013590594753623009,0.0,0.0
1672.0,1674.0,0.01439463347196579,0.0,0.002400256460532546
1673.0,1675.0,0.005711446050554514,0.0,0.0
1674.0,1676.0,0.018363257870078087,0.0,0.0
1675.0,1677.0,0.017230156809091568,0.0,0.0
1676.0,1678.0,0.01138833723962307,0.0,0.0
1677.0,1679.0,0.00574119295924902,0.0,0.0
1678.0,1680.0,0.0,0.0,0.001967255026102066
1679.0,1681.0,0.006751591339707375,0.0,0.0
1680.0,1682.0,0.005755382589995861,0.0,0.0
1681.0,1683.0,0.019150132313370705,0.0,0.0
1682.0,1684.0,0.009066944010555744,0.0,0.0
1683.0,1685.0,0.005290426779538393,0.0002182736061513424,0.0
1684.0,1686.0,0.022789645940065384,0.0,0.0013161269016563892
1685.0,1687.0,0.01575705036520958,0.0,0.0
1686.0,1688.0,0.02898843213915825,0.0,0.0
1687.0,1689.0,0.012815146706998348,0.0,0.0
1688.0,1690.0,0.013745776377618313,0.0034369861241430044,0.0
1689.0,1691.0,0.019391203299164772,0.0043666479177773,0.002515229396522045
1690.0,1692.0,0.015907879918813705,0.0004586648428812623,0.0006921766325831413
1691.0,1693.0,0.011843238025903702,0.0,0.0
1692.0,1694.0,0.010506879538297653,0.0019389851950109005,0.0
1693.0,1695.0,0.007993781939148903,0.008620694279670715,0.0
1694.0,1696.0,0.014226303435862064,0.0,0.0009200832573696971
1695.0,1697.0,0.018602563068270683,0.0,0.0
1696.0,1698.0,0.015246234834194183,0.0,0.0
1697.0,1699.0,0.019015483558177948,0.0,0.0
1698.0,1700.0,0.02152325212955475,0.0,0.0
1699.0,1701.0,0.010230235755443573,0.00196242006495595,0.0
1700.0,1702.0,0.018416667357087135,0.0018550640670582652,0.0
1701.0,1703.0,0.0198257714509964,0.0,0.0
1702.0,1704.0,0.02176636829972267,0.0,0.0
1703.0,1705.0,0.02052963525056839,0.0,0.0
1704.0,1706.0,0.01265307143330574,0.0,0.0
1705.0,1707.0,0.010833309963345528,0.0,0.0
1706.0,1708.0,0.0064920177683234215,0.0,0.00036149565130472183
1707.0,1709.0,0.010993244126439095,0.0,0.0
1708.0,1710.0,0.006960524246096611,0.0,0.0
1709.0,1711.0,0.011970002204179764,0.0,0.0
1710.0,1712.0,0.00794632826000452,0.004303799942135811,0.0
1711.0,1713.0,0.014942830428481102,0.0,0.008754195645451546
1712.0,1714.0,0.013489394448697567,0.003178022801876068,0.0
1713.0,1715.0,0.016104724258184433,0.004605375230312347,0.0
1714.0,1716.0,0.019467126578092575,0.0,0.0
1715.0,1717.0,0.019575046375393867,0.0,0.0
1716.0,1718.0,0.020345835015177727,0.0,0.0
1717.0,1719.0,0.0031657801009714603,0.0,0.0
1718.0,1720.0,0.007913634181022644,0.0,0.0
1719.0,1721.0,0.011763013899326324,0.009010931476950645,0.0
1720.0,1722.0,0.014854964800179005,0.0003096197033300996,0.0
1721.0,1723.0,0.027637330815196037,0.0009434083476662636,0.0
1722.0,1724.0,0.021925145760178566,0.009590991772711277,0.0
1723.0,1725.0,0.0002161575248464942,0.011228172108530998,0.0
1724.0,1726.0,0.0,0.0,0.0
1725.0,1727.0,0.015268017537891865,0.011341405101120472,0.0
1726.0,1728.0,0.008524063974618912,0.009805740788578987,0.0
1727.0,1729.0,0.017723340541124344,0.0,0.0
1728.0,1730.0,0.026880774646997452,0.0,0.0
1729.0,1731.0,0.026382897049188614,0.0,0.0
1730.0,1732.0,0.014004739932715893,0.0,0.0
1731.0,1733.0,0.010625019669532776,0.0,0.0
1732.0,1734.0,0.008665472269058228,0.0,0.0
1733.0,1735.0,0.011831143870949745,0.0031194165349006653,0.0
1734.0,1736.0,0.03321705013513565,0.0018499740399420261,0.0
1735.0,1737.0,0.007702101022005081,0.0024118791334331036,0.0
1736.0,1738.0,0.0008021246176213026,0.0,0.0
1737.0,1739.0,0.005808261223137379,0.009000381454825401,0.0
1738.0,1740.0,0.004552575293928385,0.007524775341153145,0.0
1739.0,1741.0,0.012667868286371231,0.0,0.0
1740.0,1742.0,0.01048952341079712,0.0,0.0
1741.0,1743.0,0.01717398501932621,0.0,0.0
1742.0,1744.0,0.012536252848803997,0.0,0.0
1743.0,1745.0,0.018605493009090424,0.0,0.0
1744.0,1746.0,0.012211157940328121,0.0,0.0
1745.0,1747.0,0.008375832810997963,0.0,0.0
1746.0,1748.0,0.015568112023174763,0.0,0.0
1747.0,1749.0,0.02017759159207344,0.0,0.0
1748.0,1750.0,0.015719261020421982,0.0052558304741978645,0.0
1749.0,1751.0,0.015371812507510185,0.00484879594296217,0.0
1750.0,1752.0,0.012708617374300957,0.0,0.0
1751.0,1753.0,0.007089970633387566,0.0,0.0
1752.0,1754.0,0.008276629261672497,0.0,0.002741171745583415
1753.0,1755.0,0.0037261543329805136,0.0,0.0
1754.0,1756.0,0.010241741314530373,0.0,0.0
1755.0,1757.0,0.02318132482469082,0.0,0.0
1756.0,1758.0,0.021685179322957993,0.0,0.0
1757.0,1759.0,0.012661955319344997,0.0,0.0
1758.0,1760.0,0.009076305665075779,0.0,0.0
1759.0,1761.0,0.01635589450597763,0.0,0.0
1760.0,1762.0,0.020996904000639915,0.0033435826189816,0.0
1761.0,1763.0,0.009782446548342705,0.0,0.0
1762.0,1764.0,0.011853402480483055,0.0,0.0
1763.0,1765.0,0.019577043130993843,0.0017886641435325146,0.0
1764.0,1766.0,0.02314302884042263,0.002944590523838997,0.0
1765.0,1767.0,0.01546097919344902,0.0,0.0
1766.0,1768.0,0.006201576441526413,0.0,0.0
1767.0,1769.0,0.015799710527062416,0.0,0.0
1768.0,1770.0,0.018441814929246902,0.0045630550011992455,0.0
1769.0,1771.0,0.009469360113143921,0.00240526907145977,0.0
1770.0,1772.0,0.010177655145525932,0.0,0.0
1771.0,1773.0,0.013719743117690086,0.0,0.0
1772.0,1774.0,0.006566354539245367,0.0,0.0
1773.0,1775.0,0.01133717317134142,4.7654262743890285e-05,0.0
1774.0,1776.0,0.020133502781391144,0.0,0.0
1775.0,1777.0,0.018901819363236427,0.0027955099940299988,0.0
1776.0,1778.0,0.020427029579877853,0.008607279509305954,0.0
1777.0,1779.0,0.019981522113084793,0.004088920541107655,0.0
1778.0,1780.0,0.008440379053354263,0.0,0.0
1779.0,1781.0,0.008679386228322983,0.0,0.0
1780.0,1782.0,0.01116534136235714,0.0,0.0
1781.0,1783.0,0.0,0.0089944526553154,0.0
1782.0,1784.0,0.01139345858246088,0.0,0.0
1783.0,1785.0,0.0009974511340260506,0.0,0.0
1784.0,1786.0,0.0233713760972023,0.0,0.0
1785.0,1787.0,0.014030050486326218,0.0,0.0
1786.0,1788.0,0.016403179615736008,0.0,0.0
1787.0,1789.0,0.021995369344949722,0.0,0.0
1788.0,1790.0,0.005894483998417854,0.0038684499450027943,0.0
1789.0,1791.0,0.0028511525597423315,0.002137913601472974,0.0
1790.0,1792.0,0.01644042506814003,0.0,0.0
1791.0,1793.0,0.006260172463953495,0.0,0.0
1792.0,1794.0,0.006715643685311079,0.001836312934756279,0.0
1793.0,1795.0,0.01649722084403038,0.00522540882229805,0.0
1794.0,1796.0,0.006987813860177994,0.0,0.0
1795.0,1797.0,0.010628472082316875,0.0,0.0
1796.0,1798.0,0.02268161065876484,0.0,0.0
1797.0,1799.0,0.026549190282821655,0.0,0.0
1798.0,1800.0,0.015643063932657242,0.0,0.0
1799.0,1801.0,0.014315037988126278,0.0,0.0
1800.0,1802.0,0.02251887135207653,0.0,0.0
1801.0,1803.0,0.020097365602850914,0.002856495790183544,0.0
1802.0,1804.0,0.018384456634521484,0.013757494278252125,0.0
1803.0,1805.0,0.0,0.002336419653147459,0.0
1804.0,1806.0,0.012060309760272503,0.0,0.0
1805.0,1807.0,0.01840907894074917,0.0,0.0
1806.0,1808.0,0.007468005642294884,0.0,0.0
1807.0,1809.0,0.0019456800073385239,0.0,0.0
1808.0,1810.0,0.005770462565124035,0.0,0.0
1809.0,1811.0,0.009724476374685764,0.0,0.0
1810.0,1812.0,0.010965830646455288,0.0,0.0
1811.0,1813.0,0.012228649109601974,0.0,0.0
1812.0,1814.0,0.014546363614499569,0.0,0.0
1813.0,1815.0,0.015110441483557224,0.0,0.0
1814.0,1816.0,0.017953094094991684,0.0,0.0
1815.0,1817.0,0.03273632377386093,0.0,0.0
1816.0,1818.0,0.019628169015049934,0.004730392247438431,0.0
1817.0,1819.0,0.018811995163559914,0.008623041212558746,0.0
1818.0,1820.0,0.0,0.008172070607542992,0.0
1819.0,1821.0,0.009170502424240112,0.0022121132351458073,0.0
1820.0,1822.0,0.007663649972528219,0.0,0.0
1821.0,1823.0,0.013314278796315193,0.0,0.0
1822.0,1824.0,0.009842440485954285,0.0,0.0
1823.0,1825.0,0.012510068714618683,0.0008974344236776233,0.0
1824.0,1826.0,0.011634902097284794,0.0063628689385950565,0.0
1825.0,1827.0,0.007106907665729523,0.003518803045153618,0.0
1826.0,1828.0,0.0,0.011405989527702332,0.0
1827.0,1829.0,0.003325370140373707,0.0005637126741930842,0.0
1828.0,1830.0,0.012241155840456486,0.0009174856822937727,0.0058882590383291245
1829.0,1831.0,0.011663301847875118,0.008722306229174137,0.002811489161103964
1830.0,1832.0,0.00608463678508997,0.0,0.0
1831.0,1833.0,0.0,0.0,0.0
1832.0,1834.0,0.001060302834957838,0.0007532625459134579,0.0
1833.0,1835.0,0.008002251386642456,0.0,0.0
1834.0,1836.0,0.01379283145070076,0.00228832196444273,0.0
1835.0,1837.0,0.017341043800115585,0.00815937016159296,0.0
1836.0,1838.0,0.02468491718173027,0.0009522773325443268,0.0
1837.0,1839.0,0.003518040059134364,0.01704508811235428,0.0
1838.0,1840.0,0.011314242146909237,0.005568786524236202,0.0
1839.0,1841.0,0.007265451364219189,0.0017138267867267132,0.0
1840.0,1842.0,0.008542646653950214,0.0008613285608589649,0.0
1841.0,1843.0,0.01617581769824028,0.0,0.0
1842.0,1844.0,0.017621925100684166,0.0,0.0
1843.0,1845.0,0.02025517076253891,0.0027621821500360966,0.0
1844.0,1846.0,0.023230472579598427,0.0,0.0
1845.0,1847.0,0.0326094850897789,0.0,0.0
1846.0,1848.0,0.04001668095588684,0.0,0.0
1847.0,1849.0,0.03450840339064598,0.001386858057230711,0.0
1848.0,1850.0,0.01088718045502901,0.0006285435520112514,0.0
1849.0,1851.0,5.085626617074013e-05,0.0048053208738565445,0.0
1850.0,1852.0,0.011340188793838024,0.0,0.0
1851.0,1853.0,0.02451195754110813,0.0,0.0
1852.0,1854.0,0.024463582783937454,0.0,0.0
1853.0,1855.0,0.0294811949133873,0.0,0.0
1854.0,1856.0,0.013894930481910706,0.0,0.0
1855.0,1857.0,0.015639416873455048,0.0,0.0
1856.0,1858.0,0.02446954883635044,0.0,0.0
1857.0,1859.0,0.03378574550151825,0.0,0.0
1858.0,1860.0,0.029354412108659744,0.0,0.0
1859.0,1861.0,0.008930378593504429,0.0,0.0
1860.0,1862.0,0.008614303544163704,0.009157499298453331,0.0
1861.0,1863.0,0.015601680614054203,0.008607465773820877,0.0
1862.0,1864.0,0.01771780103445053,0.0,0.0
1863.0,1865.0,0.020933933556079865,0.0,0.0
1864.0,1866.0,0.017448078840970993,0.00027219392359256744,0.0
1865.0,1867.0,0.02432537078857422,0.0,0.0
1866.0,1868.0,0.020010611042380333,0.0,0.0
1867.0,1869.0,0.004229979123920202,0.0007191477343440056,0.0
1868.0,1870.0,0.009449997916817665,0.0,0.0
1869.0,1871.0,0.006369209848344326,0.0,0.0
1870.0,1872.0,0.003587715793401003,0.002320513129234314,0.0
1871.0,1873.0,0.0175593513995409,0.0005506004672497511,0.0
1872.0,1874.0,0.02548537403345108,0.0007877025054767728,0.0
1873.0,1875.0,0.030418971553444862,0.0014443914406001568,0.0
1874.0,1876.0,0.02174163982272148,0.0,0.0
1875.0,1877.0,0.025802310556173325,0.013054433278739452,0.0
1876.0,1878.0,0.014390178956091404,0.023967672139406204,0.0
1877.0,1879.0,0.016223285347223282,0.023539816960692406,0.0
1878.0,1880.0,0.01569909229874611,0.030291978269815445,0.004988196771591902
1879.0,1881.0,0.011517236940562725,0.03702015057206154,0.015273768454790115
1880.0,1882.0,0.013677909970283508,0.024953145533800125,0.0016251858323812485
1881.0,1883.0,0.014751682057976723,0.010641603730618954,0.0
1882.0,1884.0,0.020090226083993912,0.023015733808279037,0.0
1883.0,1885.0,0.020868152379989624,0.02380109578371048,0.0
1884.0,1886.0,0.006328369490802288,0.015645723789930344,0.0
1885.0,1887.0,0.0,0.004896337166428566,0.0
1886.0,1888.0,0.009780516847968102,0.0,0.0
1887.0,1889.0,0.00892606284469366,0.0036237339954823256,0.0
1888.0,1890.0,0.011241493746638298,0.00689570652320981,0.0
1889.0,1891.0,0.023916874080896378,0.0,0.0
1890.0,1892.0,0.02239503711462021,0.0,0.0
1891.0,1893.0,0.016974154859781265,0.0,0.0
1892.0,1894.0,0.008094078861176968,0.0,0.0
1893.0,1895.0,0.016037743538618088,0.0015763118863105774,0.0
1894.0,1896.0,0.022500477731227875,0.0,0.0
1895.0,1897.0,0.012084019370377064,0.0,0.0
1896.0,1898.0,0.01360434852540493,0.0,0.0
1897.0,1899.0,0.012311919592320919,0.004607069306075573,0.00021641794592142105
1898.0,1900.0,0.02101094275712967,0.008921831846237183,0.0
1899.0,1901.0,0.0005260223988443613,0.011410186067223549,0.0
1900.0,1902.0,0.0039216442964971066,0.006067976355552673,0.0
1901.0,1903.0,0.009229375049471855,0.0,0.0
1902.0,1904.0,0.011106710880994797,0.0,0.0
1903.0,1905.0,0.0216591265052557,0.0,0.0
1904.0,1906.0,0.021629003807902336,0.00552724814042449,0.0
1905.0,1907.0,0.007734402548521757,0.0,0.0
1906.0,1908.0,0.012116688303649426,0.0,0.0
1907.0,1909.0,0.030103076249361038,0.0008837454952299595,0.0
1908.0,1910.0,0.02034895494580269,0.005598248448222876,0.0
1909.0,1911.0,0.014477153308689594,0.0,0.0
1910.0,1912.0,0.01346246711909771,0.0,0.0
1911.0,1913.0,0.0,0.0,0.0
1912.0,1914.0,0.013117002323269844,0.0,0.0
1913.0,1915.0,0.015514487400650978,0.004160686396062374,0.0
1914.0,1916.0,0.0179583802819252,0.0,0.0
1915.0,1917.0,0.016952864825725555,0.0,0.0
1916.0,1918.0,0.012882955372333527,0.0,0.0
1917.0,1919.0,0.015967492014169693,0.0,0.0
1918.0,1920.0,0.019342247396707535,0.0,0.0
1919.0,1921.0,0.012737593613564968,0.0,0.0
1920.0,1922.0,0.007808296009898186,0.0029420293867588043,0.0
1921.0,1923.0,0.004918654449284077,0.0,0.0
1922.0,1924.0,0.0,0.0007151614408940077,0.0
1923.0,1925.0,0.0028231139294803143,0.008498834446072578,0.0
1924.0,1926.0,0.018961602821946144,0.0,0.0
1925.0,1927.0,0.015413690358400345,0.0,0.0
1926.0,1928.0,0.014019648544490337,0.0,0.0
1927.0,1929.0,0.006767943035811186,0.0,0.0
1928.0,1930.0,0.007095081266015768,0.0,0.0
1929.0,1931.0,0.015006108209490776,0.0008060999680310488,0.0
1930.0,1932.0,0.006275201216340065,0.0004156287759542465,0.0
1931.0,1933.0,0.0018191169947385788,0.0,0.0
1932.0,1934.0,0.005759290419518948,0.0,0.0
1933.0,1935.0,0.004716729745268822,0.00971054658293724,0.0
1934.0,1936.0,0.005402385722845793,0.0036498853005468845,0.0
1935.0,1937.0,0.007620425894856453,0.0,0.0
1936.0,1938.0,0.0011381085496395826,0.007960399612784386,0.0
1937.0,1939.0,0.03438195586204529,0.0,0.0
1938.0,1940.0,0.0008402604144066572,0.00961976870894432,0.0
1939.0,1941.0,0.0,0.006428027059882879,0.0
1940.0,1942.0,0.0031254179775714874,0.008892785757780075,0.0
1941.0,1943.0,0.021950095891952515,0.0,0.0
1942.0,1944.0,0.006801695097237825,0.0020505553111433983,0.0
1943.0,1945.0,0.006798947229981422,0.003912386018782854,0.0
1944.0,1946.0,0.014614194631576538,0.0,0.0
1945.0,1947.0,0.013824047520756721,0.0,0.0
1946.0,1948.0,0.010799309238791466,0.0,0.0
1947.0,1949.0,0.012965424917638302,0.0,0.0
1948.0,1950.0,0.005435686558485031,0.0,0.0
1949.0,1951.0,0.003131532808765769,0.0,0.0
1950.0,1952.0,0.014219895005226135,0.0,0.0
1951.0,1953.0,0.011670178733766079,0.0,0.0
1952.0,1954.0,0.007671751081943512,0.0,0.0
1953.0,1955.0,0.00678294850513339,0.0,0.0
1954.0,1956.0,0.004265109542757273,0.008619287982583046,0.0
1955.0,1957.0,0.006682564038783312,0.006080297287553549,0.0
1956.0,1958.0,0.005123936105519533,0.0008955379016697407,0.0
1957.0,1959.0,0.007589863613247871,0.0018932502716779709,0.0
1958.0,1960.0,0.011993061751127243,0.0,0.0
1959.0,1961.0,0.011559458449482918,0.0,0.0
1960.0,1962.0,0.0,0.0,0.0
1961.0,1963.0,0.007900498807430267,0.00014710635878145695,0.0
1962.0,1964.0,0.005791235249489546,0.0,0.0
1963.0,1965.0,0.0,0.0,0.0
1964.0,1966.0,0.0,0.0008014431223273277,0.0
1965.0,1967.0,0.0006078558508306742,0.010147680528461933,0.0
1966.0,1968.0,0.003167745191603899,0.005693849176168442,0.0
1967.0,1969.0,0.007076970301568508,0.003984939306974411,0.0
1968.0,1970.0,0.019046097993850708,0.0,0.0
1969.0,1971.0,0.0,0.0,0.001466565765440464
1970.0,1972.0,0.0,0.0,7.864460349082947e-05
1971.0,1973.0,0.010961465537548065,0.0006573114078491926,0.0
1972.0,1974.0,0.009320665150880814,0.0004636305384337902,0.0
1973.0,1975.0,0.0,0.008520402014255524,0.0
1974.0,1976.0,0.006770930252969265,0.001568520674481988,0.0
1975.0,1977.0,0.008658885024487972,0.0014535023365169764,0.0
1976.0,1978.0,0.01598980277776718,0.0005296734161674976,0.0
1977.0,1979.0,0.004999322351068258,0.00047762133181095123,0.0
1978.0,1980.0,0.0,0.0,0.0
1979.0,1981.0,0.00673182588070631,0.0030901776626706123,0.0
1980.0,1982.0,0.03930399566888809,0.0,0.0
1981.0,1983.0,0.005859667435288429,0.004846776835620403,0.0
1982.0,1984.0,0.02317613922059536,0.005215715616941452,0.0
1983.0,1985.0,0.02874276041984558,0.001949293538928032,0.0
1984.0,1986.0,0.014605391770601273,0.0,0.0
1985.0,1987.0,0.017405478283762932,0.0,0.0
1986.0,1988.0,0.0006230869330465794,0.0,0.0
1987.0,1989.0,0.004834784660488367,0.0,0.0
1988.0,1990.0,0.020730789750814438,0.012891344726085663,0.0
1989.0,1991.0,0.02094084955751896,0.005794950760900974,0.0
1990.0,1992.0,0.01798461563885212,0.0,0.0
1991.0,1993.0,0.008872023783624172,0.0031379838474094868,0.0
1992.0,1994.0,0.02441321685910225,0.006824072450399399,0.0
1993.0,1995.0,0.008286936208605766,0.009372806176543236,0.0
1994.0,1996.0,0.012853938154876232,0.009704498574137688,0.0
1995.0,1997.0,0.00927591510117054,0.0011417674832046032,0.0
1996.0,1998.0,0.013966463506221771,0.0,0.0
1997.0,1999.0,0.013044035993516445,0.0,0.0
1998.0,2000.0,0.0177873857319355,0.0,0.0
1999.0,2001.0,0.012739396654069424,0.0,0.0
2000.0,2002.0,0.01018922496587038,0.00014615803956985474,0.0
2001.0,2003.0,0.007656097412109375,0.004283439833670855,0.0
2002.0,2004.0,0.015551886521279812,0.0020820340141654015,0.0007721097208559513
2003.0,2005.0,0.005592492874711752,0.0006291018798947334,0.0
2004.0,2006.0,0.009283018298447132,0.0,0.0
2005.0,2007.0,0.021817032247781754,0.009761985391378403,0.0
2006.0,2008.0,0.02491147443652153,0.004800632130354643,0.0
2007.0,2009.0,0.018281850963830948,0.0,0.0
2008.0,2010.0,0.015585867688059807,0.0,0.0037101907655596733
2009.0,2011.0,0.008383551612496376,0.0,0.004064165987074375
2010.0,2012.0,0.008792574517428875,0.0,0.0
2011.0,2013.0,0.01537261065095663,0.0,0.0
2012.0,2014.0,0.015498612076044083,0.0,0.0
2013.0,2015.0,0.007923109456896782,0.0,0.0
2014.0,2016.0,0.00954592227935791,0.003081220667809248,0.0
2015.0,2017.0,0.026006117463111877,0.0,0.0
2016.0,2018.0,0.023665111511945724,0.0,0.0
2017.0,2019.0,0.016619428992271423,0.0013007530942559242,0.0
2018.0,2020.0,0.019415341317653656,0.0,0.0
2019.0,2021.0,0.015457935631275177,0.0,0.0
2020.0,2022.0,0.02478419803082943,0.0,0.0
2021.0,2023.0,0.021450679749250412,0.0,0.0
2022.0,2024.0,0.015348601154983044,0.0,0.0
2023.0,2025.0,0.01586005836725235,0.0053632548078894615,0.0
2024.0,2026.0,0.012098710052669048,0.0019421561155468225,0.0
2025.0,2027.0,0.00481802923604846,0.0,0.0
2026.0,2028.0,0.021312877535820007,0.003380576381459832,0.0
2027.0,2029.0,0.013872071169316769,0.012272676452994347,0.0
2028.0,2030.0,0.01058016624301672,0.0011383506935089827,0.0
2029.0,2031.0,0.01029173657298088,0.0011949660256505013,0.0
2030.0,2032.0,0.016116555780172348,0.0,0.0
2031.0,2033.0,0.009630022570490837,0.017212092876434326,0.0
2032.0,2034.0,0.005699547939002514,0.003964154981076717,0.0
2033.0,2035.0,0.011363556608557701,0.0,0.0
2034.0,2036.0,0.015457965433597565,0.0,0.0
2035.0,2037.0,0.015930626541376114,0.005014547612518072,0.0
2036.0,2038.0,0.012543935328722,0.0,0.0
2037.0,2039.0,0.0030009946785867214,0.0,0.0
2038.0,2040.0,0.0,0.0,0.0
2039.0,2041.0,0.01325845904648304,0.0,0.0
2040.0,2042.0,0.016725920140743256,0.0,0.0
2041.0,2043.0,0.011858966201543808,0.0,0.0
2042.0,2044.0,0.004581504501402378,0.0,0.0
2043.0,2045.0,0.014243745245039463,0.0,0.0
2044.0,2046.0,0.00902407057583332,0.0,0.0
2045.0,2047.0,0.017478814348578453,0.0,0.0
2046.0,2048.0,0.018607860431075096,0.0,0.0
2047.0,2049.0,0.0,0.0,0.0
2048.0,2050.0,0.008126745000481606,0.0,0.0
2049.0,2051.0,0.014413513243198395,0.0,0.0
2050.0,2052.0,0.004568174481391907,0.00022045942023396492,0.0
2051.0,2053.0,0.020067844539880753,0.0,0.0
2052.0,2054.0,0.016897127032279968,0.0,0.0
2053.0,2055.0,0.002895588520914316,0.000981984194368124,0.0
2054.0,2056.0,0.009581208229064941,0.0,0.0
2055.0,2057.0,0.010366635397076607,0.006859550718218088,0.0
2056.0,2058.0,0.009895029477775097,0.005030219443142414,0.00036650383844971657
2057.0,2059.0,0.0,0.012201867997646332,0.0
2058.0,2060.0,0.00828909408301115,0.0043371738865971565,0.0
2059.0,2061.0,0.009721918031573296,0.0,0.0
2060.0,2062.0,0.011480267159640789,0.0,0.005029072053730488
2061.0,2063.0,0.02134217694401741,0.0,0.0
2062.0,2064.0,0.01185915432870388,0.0,0.0
2063.0,2065.0,0.010053292848169804,0.0014790203422307968,0.0
2064.0,2066.0,0.01957729272544384,0.0026419046334922314,0.0
2065.0,2067.0,0.020791146904230118,0.0,0.0
2066.0,2068.0,0.006956995464861393,0.0,0.0020951249171048403
2067.0,2069.0,0.004509876482188702,0.000543517991900444,0.0
2068.0,2070.0,0.008754990063607693,0.0,0.0
2069.0,2071.0,0.008242935873568058,0.0,0.0
2070.0,2072.0,0.011686640791594982,0.0,0.0
2071.0,2073.0,0.014718705788254738,0.0,0.0
2072.0,2074.0,0.010908886790275574,0.0,0.0
2073.0,2075.0,0.0058551449328660965,0.003844148013740778,0.0
2074.0,2076.0,0.007027247454971075,0.0,0.0
2075.0,2077.0,0.011317436583340168,0.0,0.0
2076.0,2078.0,0.02357345074415207,0.0,0.0
2077.0,2079.0,0.014166329987347126,0.010757583193480968,0.0
2078.0,2080.0,0.013359556905925274,0.018062904477119446,0.0
2079.0,2081.0,0.022137582302093506,0.00018160406034439802,0.0
2080.0,2082.0,0.025963589549064636,0.002909672912210226,0.0
2081.0,2083.0,0.023163218051195145,0.0,0.0
2082.0,2084.0,0.010344180278480053,0.003948121797293425,0.0
2083.0,2085.0,0.0015693427994847298,0.011745472438633442,0.0
2084.0,2086.0,0.0,0.0,0.0
2085.0,2087.0,0.002508876845240593,0.0,0.0
2086.0,2088.0,0.00722827622666955,0.0,0.0
2087.0,2089.0,0.011725600808858871,0.0,0.0
2088.0,2090.0,0.00785958394408226,0.0,0.0
2089.0,2091.0,0.016034215688705444,0.0,0.0
2090.0,2092.0,0.017323661595582962,0.0,0.0
2091.0,2093.0,0.010715890675783157,1.6183359548449516e-05,0.0
2092.0,2094.0,0.009431366808712482,0.0,0.0
2093.0,2095.0,0.019274577498435974,0.0,0.0
2094.0,2096.0,0.01382751576602459,0.0,0.0
2095.0,2097.0,0.01152762584388256,0.0,0.0
2096.0,2098.0,0.012992212548851967,0.0,0.0
2097.0,2099.0,0.016492810100317,0.0,0.0
2098.0,2100.0,0.022879911586642265,0.005731248762458563,0.0
2099.0,2101.0,0.013748926110565662,0.0013678743271157146,0.0
2100.0,2102.0,0.011792218312621117,0.0,0.0
2101.0,2103.0,0.013866772875189781,0.00293576717376709,0.0
2102.0,2104.0,0.019789770245552063,0.0,0.0
2103.0,2105.0,0.022509025409817696,0.0,0.0
2104.0,2106.0,0.026812991127371788,0.00026717502623796463,0.0
2105.0,2107.0,0.026984386146068573,0.009315543808043003,0.0
2106.0,2108.0,0.03634972870349884,0.0,0.0
2107.0,2109.0,0.013671007938683033,0.013161057606339455,0.0
2108.0,2110.0,0.010171044617891312,0.012794951908290386,0.0
2109.0,2111.0,0.010345453396439552,0.014509246684610844,0.0
2110.0,2112.0,0.0,0.010805414989590645,0.0
2111.0,2113.0,0.001647458877414465,0.006716380827128887,0.0
2112.0,2114.0,0.01212006900459528,0.0,0.0
2113.0,2115.0,0.009967610239982605,0.0,0.0
2114.0,2116.0,0.015672622248530388,0.0,0.0
2115.0,2117.0,0.007637783419340849,0.0,0.0
2116.0,2118.0,0.0,0.0,0.0
2117.0,2119.0,0.017444297671318054,0.0,0.0
2118.0,2120.0,0.014291544444859028,0.0,0.0
2119.0,2121.0,0.0047988928854465485,0.0,0.0
2120.0,2122.0,0.0,0.007368285674601793,0.0
2121.0,2123.0,0.005248701199889183,0.0,0.0
2122.0,2124.0,0.0,0.0,0.0
2123.0,2125.0,0.00581700261682272,0.0,0.0
2124.0,2126.0,0.0063742296770215034,0.0,0.0
2125.0,2127.0,0.004475365858525038,0.0,0.0
2126.0,2128.0,0.01555150281637907,0.0,0.0
2127.0,2129.0,0.0179914440959692,0.003469443880021572,0.0
2128.0,2130.0,0.012955453246831894,0.010399720631539822,0.0
2129.0,2131.0,0.03180335834622383,0.0,0.0
2130.0,2132.0,0.012790706008672714,0.003291051834821701,0.0
2131.0,2133.0,0.011840840801596642,0.0,0.0
2132.0,2134.0,0.011180832982063293,0.0,0.0
2133.0,2135.0,0.014809422194957733,0.0,0.0
2134.0,2136.0,0.021514184772968292,0.0,0.0
2135.0,2137.0,0.021533992141485214,0.0,0.0
2136.0,2138.0,0.021625928580760956,0.0,0.0
2137.0,2139.0,0.023116761818528175,0.0,0.0
2138.0,2140.0,0.01449287123978138,0.0,0.003643495962023735
2139.0,2141.0,0.008031439036130905,0.0,6.831903010606766e-05
2140.0,2142.0,0.008352113887667656,0.0,3.88026237487793e-05
2141.0,2143.0,0.012945510447025299,0.0016472674906253815,0.0
2142.0,2144.0,0.0162360779941082,0.008339039981365204,0.0
2143.0,2145.0,0.022899428382515907,0.0032921701204031706,0.0
2144.0,2146.0,0.012612884864211082,0.006847483105957508,0.0
2145.0,2147.0,0.0006434547249227762,0.01366028655320406,0.0
2146.0,2148.0,0.008250761777162552,0.007756486535072327,0.0
2147.0,2149.0,0.02355005592107773,0.0026703933253884315,0.0
2148.0,2150.0,0.020560044795274734,0.0,0.0
2149.0,2151.0,0.00551201868802309,0.00745120644569397,0.0
2150.0,2152.0,0.014568377286195755,0.004466863814741373,0.0
2151.0,2153.0,0.02333424612879753,0.0,0.0
2152.0,2154.0,0.0024114511907100677,0.004625295288860798,0.002334472257643938
2153.0,2155.0,0.006263335235416889,0.006134232506155968,0.0016646194271743298
2154.0,2156.0,0.013296188786625862,0.0,0.0
2155.0,2157.0,0.007533726282417774,0.0,0.0
2156.0,2158.0,0.011463001370429993,0.0,0.0
2157.0,2159.0,0.009459596127271652,0.0,0.0
2158.0,2160.0,0.01111606229096651,0.0,0.007454006001353264
2159.0,2161.0,0.01174730435013771,0.0,0.011402333155274391
2160.0,2162.0,0.004758812952786684,0.0,0.0
2161.0,2163.0,0.007033585570752621,0.0,0.0
2162.0,2164.0,0.014401369728147984,0.002139875665307045,0.0
2163.0,2165.0,0.017329907044768333,0.0,0.0
2164.0,2166.0,0.011655347421765327,0.0,0.0
2165.0,2167.0,0.02223605290055275,0.0,0.0
2166.0,2168.0,0.016228649765253067,0.006504214368760586,0.0
2167.0,2169.0,0.010316580533981323,0.0,0.0
2168.0,2170.0,0.0038685831241309643,0.004925569985061884,0.0
2169.0,2171.0,0.005777179729193449,0.004114245995879173,0.0
2170.0,2172.0,0.020105130970478058,0.0,0.0
2171.0,2173.0,0.02122945338487625,0.0,0.0
2172.0,2174.0,0.011099436320364475,0.0015488825738430023,0.0
2173.0,2175.0,0.0008995970711112022,0.0,0.004047440830618143
2174.0,2176.0,0.013205399736762047,0.00638243742287159,0.0
2175.0,2177.0,0.016535751521587372,0.01687391847372055,0.0
2176.0,2178.0,0.00983036495745182,0.006974498275667429,0.0
2177.0,2179.0,0.004222268238663673,0.011038689874112606,0.0
2178.0,2180.0,0.01543829683214426,0.02782701514661312,0.003480547573417425
2179.0,2181.0,0.011970569379627705,0.016572045162320137,0.0055220602080225945
2180.0,2182.0,0.0,0.005941480863839388,0.0
2181.0,2183.0,0.0,0.0008307953248731792,0.0
2182.0,2184.0,4.924507811665535e-05,0.0,0.0
2183.0,2185.0,0.00942252017557621,0.0,0.003088971134275198
2184.0,2186.0,0.00448207464069128,0.0048587024211883545,0.003977159969508648
2185.0,2187.0,0.0033077059779316187,0.0,0.0
2186.0,2188.0,0.010120191611349583,0.0,0.0020080506801605225
2187.0,2189.0,0.008165688253939152,0.00830187276005745,0.0
2188.0,2190.0,0.015067679807543755,0.0006727667059749365,0.0
2189.0,2191.0,0.015248680487275124,0.0,0.0
2190.0,2192.0,0.001673699589446187,0.0,0.0
2191.0,2193.0,0.0004928188864141703,0.003130885772407055,0.0
2192.0,2194.0,0.010310046374797821,0.0,0.0
2193.0,2195.0,0.00558664184063673,0.0,0.0
2194.0,2196.0,0.008515522815287113,0.0,0.0
2195.0,2197.0,0.0059236399829387665,0.0017051027389243245,0.0
2196.0,2198.0,0.0071789175271987915,0.007785285357385874,0.0
2197.0,2199.0,0.015434270724654198,0.0007865669904276729,0.0
2198.0,2200.0,0.016932880505919456,0.0,0.0
2199.0,2201.0,0.01673935353755951,0.0,0.005922205746173859
2200.0,2202.0,0.01655719056725502,0.0,0.0
2201.0,2203.0,0.016248775646090508,0.004778535570949316,0.0
2202.0,2204.0,0.009750357829034328,0.0,0.0
2203.0,2205.0,0.00703782681375742,0.0,0.0
2204.0,2206.0,0.015103443525731564,0.0,0.0
2205.0,2207.0,0.011245539411902428,0.0,0.001459712628275156
2206.0,2208.0,0.004588170442730188,0.0,0.0
2207.0,2209.0,0.0,0.0031741689890623093,0.01204993948340416
2208.0,2210.0,0.007633366622030735,0.005117556545883417,0.01153795700520277
2209.0,2211.0,0.015528863295912743,0.0,0.0
2210.0,2212.0,0.006943131797015667,0.0,0.0
2211.0,2213.0,0.005921174306422472,0.0,0.0006498779403045774
2212.0,2214.0,0.012218853458762169,0.0,0.00023378967307507992
2213.0,2215.0,0.027490681037306786,0.0,0.0003572385758161545
2214.0,2216.0,0.01955406740307808,0.0,0.0
2215.0,2217.0,0.011978931725025177,0.0,0.0
2216.0,2218.0,0.016764257103204727,0.0009893840178847313,0.0
2217.0,2219.0,0.027698775753378868,0.0,0.0
2218.0,2220.0,0.023500770330429077,0.0,0.0
2219.0,2221.0,0.026184510439634323,0.0,0.0
2220.0,2222.0,0.010794434696435928,0.0013956865295767784,0.004535241052508354
2221.0,2223.0,0.004946008790284395,0.008022361434996128,0.000443754019215703
2222.0,2224.0,0.0,0.00886838510632515,0.0
2223.0,2225.0,0.00852192658931017,0.0,0.0
2224.0,2226.0,0.006877006962895393,0.0,0.0
2225.0,2227.0,0.009531611576676369,0.0,0.0
2226.0,2228.0,0.010828718543052673,0.003189859911799431,0.0
2227.0,2229.0,0.023099353536963463,0.0,0.0
2228.0,2230.0,0.019396033138036728,0.003072295105084777,0.0
2229.0,2231.0,0.028953460976481438,0.0006650574505329132,0.0
2230.0,2232.0,0.024055540561676025,0.003975420258939266,0.0
2231.0,2233.0,0.03132493793964386,0.0,0.0
2232.0,2234.0,0.023752361536026,0.0055811647325754166,0.0
2233.0,2235.0,0.00955501664429903,0.0008375521283596754,0.0
2234.0,2236.0,0.00588382501155138,0.001310392515733838,0.0
2235.0,2237.0,0.01053815521299839,0.0032774722203612328,0.0
2236.0,2238.0,0.012376081198453903,0.0,0.0
2237.0,2239.0,0.003762634005397558,0.0,0.0
2238.0,2240.0,0.008641008287668228,0.0,0.0
2239.0,2241.0,0.017744889482855797,0.0,0.0
2240.0,2242.0,0.01234778854995966,0.0,0.0
2241.0,2243.0,0.01681172102689743,0.0,0.0
2242.0,2244.0,0.01085018739104271,0.0,0.0
2243.0,2245.0,0.012613564729690552,0.0,5.866400897502899e-05
2244.0,2246.0,0.022108256816864014,0.0,0.0
2245.0,2247.0,0.021725181490182877,0.0,0.0
2246.0,2248.0,0.023623179644346237,0.0,0.0004903990775346756
2247.0,2249.0,0.016945799812674522,0.0,0.0
2248.0,2250.0,0.008305860683321953,0.0,0.0
2249.0,2251.0,0.00602135993540287,0.0013730234932154417,0.0
2250.0,2252.0,0.008860861882567406,0.0,0.0
2251.0,2253.0,0.018830101937055588,0.0,0.0
2252.0,2254.0,0.016949407756328583,0.0,0.0
2253.0,2255.0,0.008766742423176765,0.0,0.0
2254.0,2256.0,0.007996413856744766,0.0020630431827157736,0.0
2255.0,2257.0,0.010349739342927933,0.001030417624861002,0.0
2256.0,2258.0,0.0,0.0,0.0
2257.0,2259.0,0.01483671274036169,0.0,0.0
2258.0,2260.0,0.015845147892832756,0.0,0.0
2259.0,2261.0,0.0031424108892679214,0.0,0.0
2260.0,2262.0,0.01562019158154726,0.003435460850596428,0.0
2261.0,2263.0,0.008409492671489716,0.0,0.0
2262.0,2264.0,0.005684317089617252,0.0,0.0
2263.0,2265.0,0.004288314841687679,0.0,0.0
2264.0,2266.0,0.008073519915342331,0.0,0.0
2265.0,2267.0,0.00970321986824274,0.0,0.0
2266.0,2268.0,0.005007056053727865,0.012734755873680115,0.0
2267.0,2269.0,0.007653949316591024,0.004625665955245495,0.0
2268.0,2270.0,0.008390307426452637,0.0,0.0
2269.0,2271.0,0.017557106912136078,0.0,0.0
2270.0,2272.0,0.007470529526472092,0.0,0.0
2271.0,2273.0,0.017029639333486557,0.0,0.0
2272.0,2274.0,0.026734676212072372,0.0,0.0
2273.0,2275.0,0.012685379013419151,0.0,0.0
2274.0,2276.0,0.01926073431968689,0.0,0.0
2275.0,2277.0,0.020236017182469368,0.0,0.0
2276.0,2278.0,0.021368559449911118,0.0,0.0
2277.0,2279.0,0.016521450132131577,0.0,0.0
2278.0,2280.0,0.005309110973030329,0.0,0.0
2279.0,2281.0,0.0,0.007603839505463839,0.0
2280.0,2282.0,0.009119207039475441,0.008004268631339073,0.0
2281.0,2283.0,0.007489467039704323,0.0,0.0
2282.0,2284.0,0.006287998985499144,0.009053194895386696,0.0
2283.0,2285.0,0.010323201306164265,0.005842401646077633,0.0
2284.0,2286.0,0.014727337285876274,0.0,0.0
2285.0,2287.0,0.017324041575193405,0.0008383183740079403,0.0
2286.0,2288.0,0.0144564900547266,0.0027551762759685516,0.0
2287.0,2289.0,0.020092736929655075,0.0,0.0
2288.0,2290.0,0.008961077779531479,0.01057448424398899,0.0
2289.0,2291.0,0.0009018955752253532,0.004134415648877621,0.0
2290.0,2292.0,0.0003987275995314121,0.002397838979959488,0.0
2291.0,2293.0,0.006518910173326731,0.007738310843706131,0.0
2292.0,2294.0,0.002729051513597369,0.004757755436003208,0.0
2293.0,2295.0,0.009201683104038239,0.0,0.0
2294.0,2296.0,0.007390814367681742,0.0,0.0
2295.0,2297.0,0.020884022116661072,0.0,0.0
2296.0,2298.0,0.015002463012933731,0.010065951384603977,0.0
2297.0,2299.0,0.015180431306362152,0.0,0.0
2298.0,2300.0,0.012877875007689,0.0009330834727734327,0.0
2299.0,2301.0,0.010173898190259933,0.007507714442908764,0.0
2300.0,2302.0,0.004991722293198109,0.0008727759122848511,0.0
2301.0,2303.0,0.008869681507349014,0.0010231341002508998,0.0
2302.0,2304.0,0.007541632279753685,0.002664279192686081,0.0
2303.0,2305.0,0.0053765010088682175,0.0,0.0
2304.0,2306.0,0.009701918810606003,0.0,0.0
2305.0,2307.0,0.0035116563085466623,0.0,0.0
2306.0,2308.0,0.007275360636413097,0.0,0.0010290287900716066
2307.0,2309.0,0.02085868827998638,0.0,0.0
2308.0,2310.0,0.011112336069345474,0.0,0.0
2309.0,2311.0,0.008050492964684963,0.00413840776309371,0.0
2310.0,2312.0,0.007707773242145777,0.009585665538907051,0.0
2311.0,2313.0,0.0,0.0020047752186656,0.0
2312.0,2314.0,0.007211239077150822,0.0,0.0
2313.0,2315.0,0.015064381062984467,0.0,0.0
2314.0,2316.0,0.012944592162966728,0.0,0.0
2315.0,2317.0,0.021448399871587753,0.0,0.0
2316.0,2318.0,0.01610216684639454,0.0006391371134668589,0.0
2317.0,2319.0,0.02099725976586342,0.0,0.0
2318.0,2320.0,0.009547014720737934,0.0,0.0
2319.0,2321.0,0.011544141918420792,0.0,0.0
2320.0,2322.0,0.0073714288882911205,0.0,0.0
2321.0,2323.0,0.012591404840350151,0.0,0.0
2322.0,2324.0,0.012885252013802528,0.0,0.0
2323.0,2325.0,0.00673878425732255,0.0,0.0
2324.0,2326.0,0.01133502833545208,0.0,0.0
2325.0,2327.0,0.001082796836271882,0.0,0.0
2326.0,2328.0,0.005100972950458527,0.0014794871676713228,0.0
2327.0,2329.0,0.012413350865244865,0.0,0.0
2328.0,2330.0,0.011327987536787987,0.0,0.0
2329.0,2331.0,0.0055831242352724075,0.0,0.0
2330.0,2332.0,0.0038166665472090244,0.0,0.0
2331.0,2333.0,0.007123020943254232,0.0031752027571201324,0.0
2332.0,2334.0,0.01380379218608141,0.0010668666800484061,0.0
2333.0,2335.0,0.0,0.006884608883410692,0.0026662349700927734
2334.0,2336.0,0.0,0.0037797056138515472,0.0
2335.0,2337.0,0.010798084549605846,0.004309447016566992,0.0
2336.0,2338.0,0.005760997533798218,0.010852837935090065,0.0
2337.0,2339.0,0.01609344780445099,0.0038825180381536484,0.0
2338.0,2340.0,0.009554129093885422,0.0035036818590015173,0.0
2339.0,2341.0,0.012966455891728401,0.0,0.0
2340.0,2342.0,0.014064470306038857,0.0004245014861226082,0.0
2341.0,2343.0,0.017363697290420532,0.0,0.0
2342.0,2344.0,0.009747464209794998,0.008373050950467587,0.0
2343.0,2345.0,0.027310844510793686,0.00553703960031271,0.0
2344.0,2346.0,0.031278207898139954,0.005067594815045595,0.0
2345.0,2347.0,0.04970483109354973,0.0,0.0
2346.0,2348.0,0.018453994765877724,0.0,0.0
2347.0,2349.0,0.01941109448671341,0.0,0.0
2348.0,2350.0,0.003982664551585913,0.0,0.0
2349.0,2351.0,0.004652787931263447,0.009481361135840416,0.0
2350.0,2352.0,0.009537172503769398,0.0072733135893940926,0.0
2351.0,2353.0,0.005120232701301575,0.0,0.0
2352.0,2354.0,0.0005493606440722942,0.0,0.0
2353.0,2355.0,0.0,0.0,0.0
2354.0,2356.0,0.005881817080080509,0.0012976853176951408,0.0
2355.0,2357.0,0.012812548317015171,0.0043771471828222275,0.0
2356.0,2358.0,0.007651335559785366,0.00510309636592865,0.0
2357.0,2359.0,0.0061357226222753525,0.0009875800460577011,0.0
2358.0,2360.0,0.004226711578667164,0.003207182977348566,0.0
2359.0,2361.0,0.01055672112852335,0.0,0.0
2360.0,2362.0,0.01676207222044468,0.0,0.0
2361.0,2363.0,0.025408659130334854,0.0,0.0
2362.0,2364.0,0.016936056315898895,0.0,0.0
2363.0,2365.0,0.0058039091527462006,0.0,0.0061049871146678925
2364.0,2366.0,0.012884790077805519,0.0,0.0
2365.0,2367.0,0.00844066683202982,0.0,0.0
2366.0,2368.0,0.010606639087200165,0.0,0.0
2367.0,2369.0,0.007559418678283691,0.0,0.0
2368.0,2370.0,0.007528781425207853,0.0,0.0
2369.0,2371.0,0.0,0.0,0.0
2370.0,2372.0,0.0,0.005492799915373325,0.0
2371.0,2373.0,0.009589897468686104,0.005838618613779545,0.0
2372.0,2374.0,0.007235923316329718,0.0,0.0
2373.0,2375.0,0.010235651396214962,0.0,0.0
2374.0,2376.0,0.021066412329673767,0.0,0.0
2375.0,2377.0,0.015362909063696861,0.0006923438049852848,0.0
2376.0,2378.0,0.013720260933041573,0.0024650359991937876,0.0
2377.0,2379.0,0.003343811258673668,0.0,0.0
2378.0,2380.0,0.0,0.0,0.0
2379.0,2381.0,0.0,0.006803546100854874,0.0
2380.0,2382.0,0.01567317545413971,0.004280701279640198,0.0
2381.0,2383.0,0.014637996442615986,0.0,0.0
2382.0,2384.0,0.01042318344116211,7.190415635704994e-05,0.0
2383.0,2385.0,0.011630676686763763,0.015348212793469429,0.0
2384.0,2386.0,0.026889920234680176,0.0,0.0
2385.0,2387.0,0.02339564636349678,0.0,0.0
2386.0,2388.0,0.009345843456685543,0.004355764016509056,0.0
2387.0,2389.0,0.0,0.0,0.0
2388.0,2390.0,0.002961414633318782,0.0,0.0
2389.0,2391.0,0.009152553975582123,0.0,0.0
2390.0,2392.0,0.014690883457660675,0.0,0.0
2391.0,2393.0,0.02263355255126953,0.0,0.0
2392.0,2394.0,0.008045860566198826,0.0,0.0
2393.0,2395.0,0.007005687337368727,0.01321492251008749,0.0
2394.0,2396.0,0.0,0.014716032892465591,0.0
2395.0,2397.0,0.0,0.0036940742284059525,0.0
2396.0,2398.0,0.002673189155757427,0.0028820987790822983,0.0
2397.0,2399.0,0.014085990376770496,0.0017404446844011545,0.0
2398.0,2400.0,0.017415370792150497,0.0,0.0
2399.0,2401.0,0.023976899683475494,0.001392093487083912,0.0
2400.0,2402.0,0.013122186064720154,0.0,0.0
2401.0,2403.0,0.02013758011162281,0.0,0.0
2402.0,2404.0,0.008482093922793865,0.0,0.0
2403.0,2405.0,0.00887905340641737,0.0,0.0
2404.0,2406.0,0.01298367790877819,0.0034729717299342155,0.0
2405.0,2407.0,0.010956371203064919,0.008642692118883133,0.0
2406.0,2408.0,0.03227175027132034,0.0,0.0
2407.0,2409.0,0.037521086633205414,0.0,0.0
2408.0,2410.0,0.036920174956321716,0.0,0.0
2409.0,2411.0,0.036175183951854706,0.0,0.0
2410.0,2412.0,0.01868322305381298,0.0017540184780955315,0.0
2411.0,2413.0,0.005780049599707127,1.6698322724550962e-05,0.0
2412.0,2414.0,0.011753392405807972,0.0,0.0
2413.0,2415.0,0.0058905743062496185,0.0,0.0
2414.0,2416.0,0.007256959564983845,0.006272975355386734,0.0
2415.0,2417.0,0.009312731213867664,0.0014485218562185764,0.0
2416.0,2418.0,0.016187872737646103,0.0,0.0
2417.0,2419.0,0.023103516548871994,0.003437591716647148,0.0
2418.0,2420.0,0.011541209183633327,0.0,0.0
2419.0,2421.0,0.021458599716424942,0.0,0.0006776172667741776
2420.0,2422.0,0.023684583604335785,0.0,0.0
2421.0,2423.0,0.012156575918197632,0.0006675319746136665,0.002461465774103999
2422.0,2424.0,0.008023446425795555,0.014355861581861973,0.0
2423.0,2425.0,0.015191563405096531,0.0,0.0
2424.0,2426.0,0.008247565478086472,0.0005690664984285831,0.0
2425.0,2427.0,0.0030219003092497587,0.0029793777503073215,0.0
2426.0,2428.0,0.005322635639458895,0.0012678098864853382,0.0
2427.0,2429.0,0.012405287474393845,0.0,0.0
2428.0,2430.0,0.01092866063117981,0.00017698202282190323,0.0
2429.0,2431.0,0.004581172950565815,0.006531418301165104,0.0
2430.0,2432.0,0.008631225675344467,0.0,0.0
2431.0,2433.0,0.015617383643984795,0.0,0.0
2432.0,2434.0,0.014161809347569942,0.00033028237521648407,0.0012812697095796466
2433.0,2435.0,0.02155320905148983,0.0,0.0
2434.0,2436.0,0.017185701057314873,0.003488116431981325,0.0
2435.0,2437.0,0.013156761415302753,0.014125803485512733,0.0
2436.0,2438.0,0.01567698083817959,0.0025005072820931673,0.0
2437.0,2439.0,0.015483327209949493,0.0,0.0
2438.0,2440.0,0.006523848045617342,0.0,0.0
2439.0,2441.0,0.005853696726262569,0.0,0.0
2440.0,2442.0,0.00889631174504757,0.0,0.0
2441.0,2443.0,0.015008279122412205,0.0,0.0
2442.0,2444.0,0.016663819551467896,0.0,0.0
2443.0,2445.0,0.01373217161744833,0.0,0.0
2444.0,2446.0,0.007766438648104668,0.0,0.0
2445.0,2447.0,0.015858562663197517,0.0,0.0
2446.0,2448.0,0.016746552661061287,0.005158750340342522,0.0
2447.0,2449.0,0.02010626718401909,0.004296393599361181,0.0
2448.0,2450.0,0.021933749318122864,0.0,0.0
2449.0,2451.0,0.008413512259721756,0.0,0.0
2450.0,2452.0,0.005877472925931215,0.0,0.0
2451.0,2453.0,0.009549586102366447,0.006098891142755747,0.0
2452.0,2454.0,0.014522033743560314,0.0004487195983529091,0.0
2453.0,2455.0,0.018138129264116287,0.0,0.0
2454.0,2456.0,0.018252316862344742,0.0,0.0
2455.0,2457.0,0.005639847368001938,0.0,0.0
2456.0,2458.0,0.016034867614507675,0.0,0.00028703222051262856
2457.0,2459.0,0.017027784138917923,0.0,0.0017792446305975318
2458.0,2460.0,0.020281828939914703,0.0,0.0
2459.0,2461.0,0.02055707946419716,0.0,0.0
2460.0,2462.0,0.01505126990377903,0.0,0.0
2461.0,2463.0,0.005504638887941837,0.005211149342358112,0.0
2462.0,2464.0,0.013356426730751991,0.0038323295302689075,0.0
2463.0,2465.0,0.010268463753163815,0.005360817536711693,0.0
2464.0,2466.0,0.0,0.0,0.0
2465.0,2467.0,0.012705040164291859,0.0,0.007634667679667473
2466.0,2468.0,0.01722586341202259,0.0,0.004977955482900143
2467.0,2469.0,0.006059709936380386,0.0,0.0
2468.0,2470.0,0.010329503566026688,0.0,0.0
2469.0,2471.0,0.013437246903777122,0.0,0.0
2470.0,2472.0,0.00712464889511466,0.004056178964674473,0.0
2471.0,2473.0,0.009354550391435623,0.0,0.001267915591597557
2472.0,2474.0,0.011325869709253311,0.0,0.0
2473.0,2475.0,0.014905771240592003,0.011379173956811428,0.0
2474.0,2476.0,0.02186819352209568,0.0037449002265930176,0.00580216059461236
2475.0,2477.0,0.00957603007555008,0.0005162493325769901,0.0
2476.0,2478.0,0.014990558847784996,0.0027983973268419504,0.0
2477.0,2479.0,0.015525925904512405,0.0020131028722971678,0.0
2478.0,2480.0,0.026101740077137947,0.0,0.0
2479.0,2481.0,0.02432088553905487,0.0,0.0
2480.0,2482.0,0.004430907778441906,0.0014820471405982971,0.0
2481.0,2483.0,0.012669829651713371,0.0,0.0
2482.0,2484.0,0.02318922057747841,0.0,0.004539164714515209
2483.0,2485.0,0.01879245974123478,0.0,0.0
2484.0,2486.0,0.014817615039646626,0.0,0.0
2485.0,2487.0,0.011665431782603264,0.007532353512942791,0.0
2486.0,2488.0,0.028855029493570328,0.0,0.0
2487.0,2489.0,0.022143837064504623,0.0,0.0
2488.0,2490.0,0.008041957393288612,0.0,0.0
2489.0,2491.0,0.010838400572538376,0.0,0.0
2490.0,2492.0,0.016925586387515068,0.0,0.003902750788256526
2491.0,2493.0,0.01226486824452877,0.0,0.010648319497704506
2492.0,2494.0,0.00834483839571476,0.0,0.002883791457861662
2493.0,2495.0,0.023233387619256973,0.0,0.0
2494.0,2496.0,0.02559562772512436,0.0,0.0
2495.0,2497.0,0.027015112340450287,0.0,0.0
2496.0,2498.0,0.02025333233177662,0.0,0.0
2497.0,2499.0,0.02447625622153282,0.0,0.0
2498.0,2500.0,0.015525883063673973,0.0,0.0
2499.0,2501.0,0.015209289267659187,0.0,0.0
2500.0,2502.0,0.01108144223690033,0.0,0.0
2501.0,2503.0,0.01233605481684208,0.0,0.0
2502.0,2504.0,0.015192135237157345,0.0,0.0
2503.0,2505.0,0.012591823935508728,0.0,0.0
2504.0,2506.0,0.022689243778586388,0.0,0.0
2505.0,2507.0,0.015290353447198868,0.0,0.0
2506.0,2508.0,0.010579162277281284,0.005028340965509415,0.0
2507.0,2509.0,0.010068979114294052,0.0,0.0
2508.0,2510.0,0.0023548328317701817,0.0,0.0
2509.0,2511.0,0.01112251728773117,0.003727409988641739,0.0
2510.0,2512.0,0.014267681166529655,0.0027139801532030106,0.0
2511.0,2513.0,0.010232064872980118,0.007317597046494484,0.0
2512.0,2514.0,0.0,0.002599557861685753,0.0
2513.0,2515.0,0.0013676162343472242,0.006669066846370697,0.0
2514.0,2516.0,0.004270370118319988,0.0,0.0
2515.0,2517.0,0.0151042640209198,0.0,0.0
2516.0,2518.0,0.042682748287916183,0.0,0.0
2517.0,2519.0,0.0,0.005732357501983643,0.0
2518.0,2520.0,0.0018738883081823587,0.0017442163079977036,0.0
2519.0,2521.0,0.004687119275331497,0.0,0.0028765874449163675
2520.0,2522.0,0.007136298343539238,0.0,0.0
2521.0,2523.0,0.01074089203029871,0.0,0.0
2522.0,2524.0,0.010535528883337975,0.0,0.0
2523.0,2525.0,0.012324654497206211,0.0,0.0
2524.0,2526.0,0.0060445815324783325,0.0,0.0
2525.0,2527.0,0.009368158876895905,0.0,0.0034904535859823227
2526.0,2528.0,0.014952432364225388,0.0,0.0
2527.0,2529.0,0.01916562207043171,0.0,0.0
2528.0,2530.0,0.008253807201981544,0.0,0.0
2529.0,2531.0,0.01533931028097868,0.0,0.0
2530.0,2532.0,0.010020274668931961,0.0,0.0
2531.0,2533.0,0.01662762090563774,0.0,0.0
2532.0,2534.0,0.009915142320096493,0.0005423021502792835,0.0
2533.0,2535.0,0.008654654957354069,0.004290619865059853,0.0
2534.0,2536.0,0.01368536427617073,0.0,0.0
2535.0,2537.0,0.004150801338255405,0.0,0.0016998883802443743
2536.0,2538.0,0.016385462135076523,0.0,0.0
2537.0,2539.0,0.022298535332083702,0.0,0.0
2538.0,2540.0,0.020052112638950348,0.0,0.0
2539.0,2541.0,0.013712740503251553,0.0,0.0010082544758915901
2540.0,2542.0,0.002778614405542612,0.0,0.0003058686852455139
2541.0,2543.0,0.0055436501279473305,0.0,0.0
2542.0,2544.0,0.006166882812976837,0.0,0.0
2543.0,2545.0,0.013267970643937588,0.0,0.0012195438612252474
2544.0,2546.0,0.016304507851600647,0.0,0.0
2545.0,2547.0,0.010213807225227356,0.0,0.0
2546.0,2548.0,0.011477615684270859,0.0,0.017206231132149696
2547.0,2549.0,0.008589154109358788,0.0,0.0025033315178006887
2548.0,2550.0,0.012649659998714924,0.0,0.0
2549.0,2551.0,0.0037742634303867817,0.0,0.0
2550.0,2552.0,0.006992719601839781,0.007102014496922493,0.0
2551.0,2553.0,0.013756665401160717,0.007641071919351816,0.0
2552.0,2554.0,0.01975059136748314,0.0009032576344907284,0.0
2553.0,2555.0,0.003925229888409376,0.00605023093521595,0.0
2554.0,2556.0,0.008556798100471497,0.002240297617390752,0.00020074332132935524
2555.0,2557.0,0.015408337116241455,0.0020629786886274815,0.0
2556.0,2558.0,0.005405763164162636,0.0006047384813427925,0.008180622942745686
2557.0,2559.0,0.0,0.006212365347892046,0.0
2558.0,2560.0,0.021691180765628815,0.0,0.0
2559.0,2561.0,0.004180078394711018,0.0,0.0
2560.0,2562.0,0.012795851565897465,0.0,0.001908350270241499
2561.0,2563.0,0.029466163367033005,0.0,0.0
2562.0,2564.0,0.021988090127706528,0.0005155899561941624,0.0
2563.0,2565.0,0.010159172117710114,0.0,0.0
2564.0,2566.0,0.014096913859248161,0.0,0.0
2565.0,2567.0,0.02342565543949604,0.0,0.0
2566.0,2568.0,0.027212519198656082,0.0,0.0
2567.0,2569.0,0.016837939620018005,0.0,0.0
2568.0,2570.0,0.023519493639469147,0.0,0.0
2569.0,2571.0,0.015408283099532127,0.0,0.0
2570.0,2572.0,0.01995987817645073,0.0,0.0
2571.0,2573.0,0.018837669864296913,0.0,0.0
2572.0,2574.0,0.010018369182944298,0.0,0.0
2573.0,2575.0,0.01769033633172512,0.0,0.0007881119381636381
2574.0,2576.0,0.009366098791360855,0.0,0.0
2575.0,2577.0,0.0028649806044995785,0.0,0.0
2576.0,2578.0,0.014185771346092224,0.00158212473616004,0.00013581535313278437
2577.0,2579.0,0.018374215811491013,0.0,0.005351793020963669
2578.0,2580.0,0.013095637783408165,0.0,0.0
2579.0,2581.0,0.0024134244304150343,0.0,0.0
2580.0,2582.0,0.019117938354611397,0.0,0.0
2581.0,2583.0,0.023779600858688354,0.0,0.004543776158243418
2582.0,2584.0,0.012432293966412544,0.0,0.0
2583.0,2585.0,0.011474810540676117,0.0,0.0
2584.0,2586.0,0.002966262400150299,0.002207037527114153,0.0
2585.0,2587.0,0.013600754551589489,0.0,0.0
2586.0,2588.0,0.0078464075922966,0.0,0.0
2587.0,2589.0,0.005726992152631283,0.009038597345352173,0.0
2588.0,2590.0,0.008590154349803925,0.0,0.0
2589.0,2591.0,0.008568125776946545,0.0,0.0
2590.0,2592.0,0.006666797678917646,0.0,0.0
2591.0,2593.0,0.011263186112046242,0.0,0.0
2592.0,2594.0,0.00545142125338316,0.00923171453177929,0.005212822929024696
2593.0,2595.0,0.0,0.012167254462838173,0.009164068847894669
2594.0,2596.0,0.010872887447476387,0.0,0.0020880834199488163
2595.0,2597.0,0.020151568576693535,0.0,0.0021426361054182053
2596.0,2598.0,0.020922483876347542,0.0008133095689117908,0.0003827037289738655
2597.0,2599.0,0.022295227274298668,0.0,0.005322503857314587
2598.0,2600.0,0.020450696349143982,0.0,0.00587438652291894
2599.0,2601.0,0.010657085105776787,0.0,0.0052228644490242004
2600.0,2602.0,0.008065314963459969,0.0,0.011003800667822361
2601.0,2603.0,0.005669811274856329,0.005063354969024658,0.01228055264800787
2602.0,2604.0,0.008572225458920002,0.0,0.0
2603.0,2605.0,0.022479090839624405,0.0,0.0
2604.0,2606.0,0.019264984875917435,0.0,0.0
2605.0,2607.0,0.011031785048544407,0.0,0.0
2606.0,2608.0,0.022460009902715683,0.0,0.0
2607.0,2609.0,0.012474844232201576,0.0,0.0
2608.0,2610.0,0.011065357364714146,0.0,0.0
2609.0,2611.0,0.0201784148812294,0.0,0.0
2610.0,2612.0,0.008134694769978523,0.0,0.0
2611.0,2613.0,0.010581620037555695,0.0,0.0
2612.0,2614.0,0.0,0.0030057330150157213,0.0
2613.0,2615.0,0.0,0.003927364945411682,0.0
2614.0,2616.0,0.0,0.00455346517264843,0.0
2615.0,2617.0,0.0,0.0,0.0
2616.0,2618.0,0.024359919130802155,0.0,0.0
2617.0,2619.0,0.019749663770198822,0.0,0.0
2618.0,2620.0,0.014301817864179611,0.0,0.0
2619.0,2621.0,0.004525383003056049,0.0,0.006908101961016655
2620.0,2622.0,0.006509279832243919,0.0022754825185984373,0.0
2621.0,2623.0,0.022794073447585106,0.0,0.0
2622.0,2624.0,0.015264347195625305,0.007531038485467434,0.0
2623.0,2625.0,0.008796961978077888,0.0027669621631503105,0.0
2624.0,2626.0,0.017094239592552185,0.0,0.0
2625.0,2627.0,0.017829302698373795,0.0,0.0
2626.0,2628.0,0.014178776182234287,0.0,0.0
2627.0,2629.0,0.00979594886302948,0.0,0.0
2628.0,2630.0,0.00910275150090456,0.0,0.0
2629.0,2631.0,0.0041724080219864845,0.0,0.0
2630.0,2632.0,0.003663636278361082,0.007041526958346367,0.0
2631.0,2633.0,0.020592454820871353,0.0,0.0
2632.0,2634.0,0.019509056583046913,0.00040430575609207153,0.0
2633.0,2635.0,0.0052351318299770355,0.0,0.0
2634.0,2636.0,0.020434513688087463,0.0,0.0
2635.0,2637.0,0.010798889212310314,0.005998736713081598,0.0
2636.0,2638.0,0.0038611190393567085,0.005554262548685074,0.0
2637.0,2639.0,0.0018589672399684787,0.0050138188526034355,0.0
2638.0,2640.0,0.0038642107974737883,0.00643651420250535,0.0
2639.0,2641.0,0.012037107720971107,0.0,0.0
2640.0,2642.0,0.01557386014610529,0.0,0.0
2641.0,2643.0,0.012174351140856743,0.0,0.0
2642.0,2644.0,0.018133647739887238,0.0,0.0
2643.0,2645.0,0.022810623049736023,0.0,0.0
2644.0,2646.0,0.014612752944231033,0.000542706809937954,0.0
2645.0,2647.0,0.020422684028744698,0.0,0.0
2646.0,2648.0,0.011934284120798111,0.0,0.0
2647.0,2649.0,0.017770124599337578,0.0,0.0
2648.0,2650.0,0.025740446522831917,0.0,0.0
2649.0,2651.0,0.018545670434832573,0.0,0.0
2650.0,2652.0,0.013435479253530502,0.0,0.0
2651.0,2653.0,0.015442104078829288,0.0016822302713990211,0.0
2652.0,2654.0,0.0049508921802043915,0.0037805670872330666,0.0
2653.0,2655.0,0.008513927459716797,0.009697134606540203,0.0
2654.0,2656.0,0.017030935734510422,0.0011278011370450258,0.0
2655.0,2657.0,0.014216573908925056,0.0,0.0
2656.0,2658.0,0.010195103473961353,0.0,0.006518078036606312
2657.0,2659.0,0.007975796237587929,0.0,0.0
2658.0,2660.0,0.009344671852886677,0.0,0.0
2659.0,2661.0,0.02110118418931961,0.0,0.0
2660.0,2662.0,0.0059504760429263115,0.0,0.0
2661.0,2663.0,0.0,0.0,0.0
2662.0,2664.0,0.009489934891462326,0.0,0.0
2663.0,2665.0,0.018286030739545822,0.0,0.0026776427403092384
2664.0,2666.0,0.008923189714550972,0.0,0.0
2665.0,2667.0,0.011525439098477364,6.279093213379383e-05,0.0
2666.0,2668.0,0.015266681089997292,0.0010838229209184647,0.0
2667.0,2669.0,0.01443585753440857,0.0,0.0
2668.0,2670.0,0.006278494372963905,0.005547549109905958,0.0
2669.0,2671.0,0.009830411523580551,0.008176255971193314,0.0
2670.0,2672.0,0.013074834831058979,0.0043023498728871346,0.0
2671.0,2673.0,0.004149082116782665,0.0,0.0
2672.0,2674.0,0.0010666438611224294,0.0,0.0
2673.0,2675.0,0.0037080885376781225,0.0028006285429000854,0.0
2674.0,2676.0,0.012172384187579155,0.0016687167808413506,0.0
2675.0,2677.0,0.014502646401524544,0.0009061004966497421,0.0
2676.0,2678.0,0.0168564822524786,0.0,0.0
2677.0,2679.0,0.01621965691447258,0.0,0.0
2678.0,2680.0,0.016363149508833885,0.0,0.0
2679.0,2681.0,0.014707478694617748,0.0,0.0
2680.0,2682.0,0.009133737534284592,0.0,0.0
2681.0,2683.0,0.015922216698527336,0.0,0.0
2682.0,2684.0,0.018451746553182602,0.0,0.0
2683.0,2685.0,0.003213329240679741,0.010922851040959358,0.0
2684.0,2686.0,0.002657542238011956,0.009229537099599838,0.0
2685.0,2687.0,0.006549747660756111,0.0005467664450407028,0.0
2686.0,2688.0,0.00887724943459034,0.0014880434609949589,0.0
2687.0,2689.0,0.010952779091894627,0.0026610055938363075,0.0
2688.0,2690.0,0.015871161594986916,0.014509705826640129,0.0
2689.0,2691.0,0.0012987828813493252,0.001978558022528887,0.0
2690.0,2692.0,0.01439545676112175,0.0,0.0
2691.0,2693.0,0.014075647108256817,0.0,0.0
2692.0,2694.0,0.014630204997956753,0.0,0.0
2693.0,2695.0,0.01826009899377823,0.0,0.0
2694.0,2696.0,0.014485095627605915,0.0,0.0
2695.0,2697.0,0.007214795798063278,0.0,0.0
2696.0,2698.0,0.01786193810403347,0.0,0.0
2697.0,2699.0,0.012613342143595219,0.0,0.0
2698.0,2700.0,0.010343320667743683,0.00328280171379447,0.0
2699.0,2701.0,0.00656612403690815,0.0,0.0
2700.0,2702.0,0.016435276716947556,0.0,0.0
2701.0,2703.0,0.015782754868268967,0.0,0.0
2702.0,2704.0,0.004537827335298061,0.0,0.0
2703.0,2705.0,0.005461846478283405,0.0,0.0
2704.0,2706.0,0.014664201065897942,0.0,0.0
2705.0,2707.0,0.013241752982139587,0.0,0.0
2706.0,2708.0,0.004171849228441715,0.0,0.0
2707.0,2709.0,0.0,0.010905426926910877,0.0
2708.0,2710.0,0.005353888031095266,0.006665339227765799,0.0
2709.0,2711.0,0.005181627348065376,0.0,0.0
2710.0,2712.0,0.010107609443366528,0.0,0.0
2711.0,2713.0,0.013985134661197662,0.0,0.0
2712.0,2714.0,0.02733767405152321,0.0,0.0
2713.0,2715.0,0.015701016411185265,0.0,0.0
2714.0,2716.0,0.01600584015250206,0.0,0.0
2715.0,2717.0,0.012763305567204952,0.0,0.0
2716.0,2718.0,0.010002369061112404,0.007223820313811302,0.004337961319833994
2717.0,2719.0,0.0084617268294096,0.0,0.0
2718.0,2720.0,0.010515972971916199,0.0,0.0
2719.0,2721.0,0.014876850880682468,0.0,0.0
2720.0,2722.0,0.01668519712984562,0.0,0.0
2721.0,2723.0,0.007545914966613054,0.0,0.0
2722.0,2724.0,0.007929740473628044,0.0,0.0
2723.0,2725.0,0.02622547559440136,0.0,0.0
2724.0,2726.0,0.017545100301504135,0.0,0.0
2725.0,2727.0,0.00613725371658802,0.0,0.0
2726.0,2728.0,0.007312131114304066,0.0,0.0
2727.0,2729.0,0.012594226747751236,0.0033981776796281338,0.0
2728.0,2730.0,0.023624373599886894,0.0,0.0
2729.0,2731.0,0.024829713627696037,0.0,0.0
2730.0,2732.0,0.015027725137770176,0.0,0.0
2731.0,2733.0,0.012057067826390266,0.0,0.0
2732.0,2734.0,0.015891384333372116,0.0,0.0
2733.0,2735.0,0.011974241584539413,0.0,0.0003737206570804119
2734.0,2736.0,0.010940338484942913,0.0,0.005203569307923317
2735.0,2737.0,0.01280946284532547,0.0,0.0
2736.0,2738.0,0.013535469770431519,0.0,0.0
2737.0,2739.0,0.01008531078696251,0.0,0.0
2738.0,2740.0,0.004052012227475643,0.0,0.0
2739.0,2741.0,0.013326163403689861,0.0,0.0
2740.0,2742.0,0.02110361121594906,0.0,0.0
2741.0,2743.0,0.022396773099899292,0.0,0.0
2742.0,2744.0,0.019514165818691254,0.006866833660751581,0.0
2743.0,2745.0,0.0076763383112847805,0.009861300699412823,0.0
2744.0,2746.0,0.010931234806776047,0.013964006677269936,0.0
2745.0,2747.0,0.01416735164821148,0.010476049035787582,0.0
2746.0,2748.0,0.01727871596813202,0.0,0.0
2747.0,2749.0,0.007866321131587029,0.0013513397425413132,0.0
2748.0,2750.0,0.007325652055442333,0.0,0.0
2749.0,2751.0,0.0194891095161438,0.0,0.0
2750.0,2752.0,0.017015457153320312,0.0,0.0
2751.0,2753.0,0.015076716430485249,0.0,0.0
2752.0,2754.0,0.006308248732239008,0.0008461731486022472,0.0
2753.0,2755.0,0.01882215216755867,0.0,0.0
2754.0,2756.0,0.028927884995937347,0.0,0.0
2755.0,2757.0,0.01709391549229622,0.0,0.0
2756.0,2758.0,0.01901608519256115,0.0,0.0
2757.0,2759.0,0.02201995626091957,0.0,0.0
2758.0,2760.0,0.019130080938339233,0.0,0.0
2759.0,2761.0,0.011699856258928776,0.0,0.0
2760.0,2762.0,0.01332466397434473,0.0,0.0
2761.0,2763.0,0.011905170977115631,0.0,0.0
2762.0,2764.0,0.010095587931573391,0.00277154054492712,0.0
2763.0,2765.0,0.008037126623094082,0.0,0.0
2764.0,2766.0,0.009046977385878563,0.0,0.0
2765.0,2767.0,0.016592657193541527,0.0008229627273976803,0.0
2766.0,2768.0,0.01218288205564022,0.0,0.0
2767.0,2769.0,0.014024944044649601,0.0,0.0
2768.0,2770.0,0.01165949460119009,0.0,0.0
2769.0,2771.0,0.006285236217081547,0.0019302850123494864,0.0
2770.0,2772.0,0.007090514991432428,0.0,0.0
2771.0,2773.0,0.0019332242663949728,0.0019764495082199574,0.0
2772.0,2774.0,0.0,0.0,0.0
2773.0,2775.0,0.005974793806672096,0.0,0.0
2774.0,2776.0,0.014121051877737045,0.0,0.0
2775.0,2777.0,0.010924218222498894,6.849411875009537e-06,0.0
2776.0,2778.0,0.011136265471577644,0.00962083786725998,0.0
2777.0,2779.0,0.015074832364916801,0.0066477530635893345,0.0
2778.0,2780.0,0.010329164564609528,0.0,0.0
2779.0,2781.0,0.012744732201099396,0.0,0.0
2780.0,2782.0,0.015146097168326378,0.0,0.0
2781.0,2783.0,0.01464648637920618,0.0,0.0
2782.0,2784.0,0.010314150713384151,0.0,0.0
2783.0,2785.0,0.010082827880978584,0.0006697108037769794,0.0
2784.0,2786.0,0.007179420441389084,0.0,0.0
2785.0,2787.0,0.014236986637115479,0.0,0.0
2786.0,2788.0,0.007273002061992884,0.0,0.0
2787.0,2789.0,0.004974083509296179,0.0,0.0
2788.0,2790.0,0.004026155453175306,0.0,0.0
2789.0,2791.0,0.0,0.0025787344202399254,0.0009188763797283173
2790.0,2792.0,0.006940111517906189,0.0,0.0
2791.0,2793.0,0.019147560000419617,0.0,0.0
2792.0,2794.0,0.019044581800699234,0.003731672652065754,0.0
2793.0,2795.0,0.0219294223934412,0.0,0.0
2794.0,2796.0,0.015893479809165,0.0,0.0
2795.0,2797.0,0.009524554014205933,0.0,0.0
2796.0,2798.0,0.016320394352078438,0.0,0.0
2797.0,2799.0,0.022794421762228012,0.0,0.0
2798.0,2800.0,0.002207054290920496,0.0,0.0
2799.0,2801.0,0.006525846663862467,0.0,0.0
2800.0,2802.0,0.008733270689845085,0.0,0.0
2801.0,2803.0,0.011851213872432709,0.0,0.0
2802.0,2804.0,0.008692986331880093,0.0002587765920907259,0.0
2803.0,2805.0,0.005554061383008957,0.00230422499589622,0.005987677723169327
2804.0,2806.0,0.009573744609951973,0.0036289161071181297,0.0015452441293746233
2805.0,2807.0,0.006320417858660221,0.0,0.0
2806.0,2808.0,0.007520702667534351,0.0,0.0
2807.0,2809.0,0.011303866282105446,0.0,0.0
2808.0,2810.0,0.014714980497956276,0.0015399339608848095,0.0
2809.0,2811.0,0.01776820793747902,0.0,0.0
2810.0,2812.0,0.01190884318202734,0.0,0.0
2811.0,2813.0,0.010733761824667454,0.0,0.0
2812.0,2814.0,0.015153830870985985,0.0,0.0
2813.0,2815.0,0.0034422946628183126,0.005031188018620014,0.0
2814.0,2816.0,0.005678593181073666,0.0,0.0
2815.0,2817.0,0.010721086524426937,0.005198818631470203,0.0
2816.0,2818.0,0.013551815412938595,0.0,0.0
2817.0,2819.0,0.02257648855447769,0.0007357262074947357,0.0
2818.0,2820.0,0.015071338042616844,0.0,0.0
2819.0,2821.0,0.004519210197031498,0.0,0.0
2820.0,2822.0,0.006171137560158968,0.0,0.0
2821.0,2823.0,0.010194364935159683,0.0,0.0
2822.0,2824.0,0.01497417688369751,0.0,0.0
2823.0,2825.0,0.020611722022294998,0.0,0.0
2824.0,2826.0,0.016295623034238815,0.0,0.0
2825.0,2827.0,0.018481837585568428,0.0,0.0
2826.0,2828.0,0.01178224291652441,0.0014392505399882793,0.0
2827.0,2829.0,0.001070008845999837,0.007307062391191721,0.0
2828.0,2830.0,0.013354864902794361,0.0,0.0
2829.0,2831.0,0.01155354455113411,0.0,0.0
2830.0,2832.0,0.005868361797183752,0.0,0.0
2831.0,2833.0,0.013168150559067726,0.0,0.0
2832.0,2834.0,0.019875556230545044,0.0,0.0
2833.0,2835.0,0.003053785301744938,0.0,0.0
2834.0,2836.0,0.0,0.0,0.0
2835.0,2837.0,0.009475678205490112,0.0,0.0
2836.0,2838.0,0.006558564491569996,0.0,0.0
2837.0,2839.0,0.0,0.010920034721493721,0.0
2838.0,2840.0,0.0006265875417739153,0.004116942174732685,0.0
2839.0,2841.0,0.0,0.0015630734851583838,0.0
2840.0,2842.0,0.0024650651030242443,0.0,0.0
2841.0,2843.0,0.020589450374245644,0.0,0.0
2842.0,2844.0,0.016151951625943184,0.0,0.0
2843.0,2845.0,0.01814933493733406,0.0,0.0
2844.0,2846.0,0.025498734787106514,0.0,0.0
2845.0,2847.0,0.007973726838827133,0.0,0.0
2846.0,2848.0,0.011381298303604126,0.0037108235992491245,0.0
2847.0,2849.0,0.02329975739121437,0.004569207318127155,0.0
2848.0,2850.0,0.020310664549469948,0.0031301076523959637,0.0
2849.0,2851.0,0.021945983171463013,0.0,0.0
2850.0,2852.0,0.018939103931188583,0.0,0.0
2851.0,2853.0,0.010390423238277435,0.0023780916817486286,0.0
2852.0,2854.0,0.022064540535211563,0.0,0.0
2853.0,2855.0,0.024040598422288895,0.0,0.0
2854.0,2856.0,0.009785369038581848,0.004840999376028776,0.0
2855.0,2857.0,0.00277490122243762,0.010768353007733822,0.0
2856.0,2858.0,0.006007800810039043,0.017346784472465515,0.0
2857.0,2859.0,0.005922089330852032,0.004118936136364937,0.0
2858.0,2860.0,0.020380103960633278,0.0,0.0
2859.0,2861.0,0.0162490364164114,0.0,0.0
2860.0,2862.0,0.021267464384436607,0.0,0.0
2861.0,2863.0,0.01560954935848713,0.0,0.006195909809321165
2862.0,2864.0,0.010423943400382996,0.0010947282426059246,0.001168298302218318
2863.0,2865.0,0.016685742884874344,0.00014741718769073486,0.0
2864.0,2866.0,0.006279091350734234,0.0067480867728590965,0.0
2865.0,2867.0,0.007288061082363129,0.012394454330205917,0.0009497189894318581
2866.0,2868.0,0.014333544299006462,0.0018603079952299595,0.0
2867.0,2869.0,0.019349008798599243,0.0,0.0
2868.0,2870.0,0.02080533280968666,0.0,0.0
2869.0,2871.0,0.010428838431835175,0.0,0.0
2870.0,2872.0,0.00903306808322668,0.0,0.0
2871.0,2873.0,0.007596292532980442,0.0029656318947672844,0.0
2872.0,2874.0,0.015045505948364735,0.016177181154489517,0.0
2873.0,2875.0,0.025106992572546005,0.002932735253125429,0.0
2874.0,2876.0,0.015258973464369774,0.008404688909649849,0.0
2875.0,2877.0,0.014651385135948658,0.002034772653132677,0.0
2876.0,2878.0,0.026090940460562706,0.0,0.0
2877.0,2879.0,0.027183502912521362,0.0,0.0
2878.0,2880.0,0.01279250718653202,0.0006666018161922693,0.0
2879.0,2881.0,0.0,0.007911029271781445,0.0
2880.0,2882.0,0.0,0.005686626769602299,0.0
2881.0,2883.0,0.0,0.0009252775926142931,0.0
2882.0,2884.0,0.00019285175949335098,0.0,0.0
2883.0,2885.0,0.009264370426535606,0.0,0.0
2884.0,2886.0,0.0031479783356189728,0.0,0.0
2885.0,2887.0,0.014950239099562168,0.0,0.007117787376046181
2886.0,2888.0,0.010234583169221878,0.0,0.0
2887.0,2889.0,0.007906305603682995,0.0,0.0
2888.0,2890.0,0.0,0.0006966483779251575,0.001651764614507556
2889.0,2891.0,0.011420859955251217,0.0013717240653932095,0.0
2890.0,2892.0,0.00758041488006711,0.0,0.0
2891.0,2893.0,0.00670262984931469,9.417952969670296e-05,0.0
2892.0,2894.0,0.009629377163946629,0.0,0.0
2893.0,2895.0,0.00703885592520237,0.0,0.0
2894.0,2896.0,0.014656941406428814,0.001062760129570961,0.0
2895.0,2897.0,0.014205391518771648,0.0,0.0029017203487455845
2896.0,2898.0,0.019699422642588615,0.0,0.0
2897.0,2899.0,0.012819519266486168,0.0,0.0
2898.0,2900.0,0.012614930048584938,0.0,0.0
2899.0,2901.0,0.00953936018049717,0.0,0.0
2900.0,2902.0,0.00469204830005765,0.006431217305362225,0.0
2901.0,2903.0,0.01536058820784092,2.8324313461780548e-05,0.0
2902.0,2904.0,0.015972446650266647,0.0,0.0
2903.0,2905.0,0.011289305053651333,0.0,0.0
2904.0,2906.0,0.0033086093608289957,0.0,0.0
2905.0,2907.0,0.0022084717638790607,0.0,0.0
2906.0,2908.0,0.008257288485765457,0.0027617812156677246,0.0
2907.0,2909.0,0.03072962537407875,0.0,0.0
2908.0,2910.0,0.0,0.02081907168030739,0.0
2909.0,2911.0,0.004036149941384792,0.0,0.0
2910.0,2912.0,0.01063319481909275,0.0,0.0
2911.0,2913.0,0.022128604352474213,0.0,0.002373242285102606
2912.0,2914.0,0.02042008936405182,0.0,0.006817074492573738
2913.0,2915.0,0.00010171136818826199,0.0,0.0
2914.0,2916.0,0.0032490817829966545,0.0,0.0
2915.0,2917.0,0.00908258743584156,0.0,0.0
2916.0,2918.0,0.021029876545071602,0.0,0.0
2917.0,2919.0,0.010998147539794445,0.014608797617256641,0.0
2918.0,2920.0,0.021750321611762047,0.00023488560691475868,0.0
2919.0,2921.0,0.032090745866298676,0.0,0.0
2920.0,2922.0,0.020744014531373978,0.004568520002067089,0.0
2921.0,2923.0,0.012903595343232155,0.01064977515488863,0.0
2922.0,2924.0,0.012504039332270622,0.0,0.0
2923.0,2925.0,0.018004940822720528,0.0005403604591265321,0.0
2924.0,2926.0,0.026841118931770325,0.0,0.0
2925.0,2927.0,0.020258773118257523,0.002304591704159975,0.0
2926.0,2928.0,0.0,0.0008326603565365076,0.0020680022425949574
2927.0,2929.0,0.01277985144406557,0.0,0.0
2928.0,2930.0,0.017480818554759026,0.0,0.0
2929.0,2931.0,0.01704077608883381,0.0,0.0
2930.0,2932.0,0.00637890724465251,0.013594910502433777,0.0
2931.0,2933.0,0.0032034991309046745,0.012662043794989586,0.0
2932.0,2934.0,0.010584513656795025,0.006876588799059391,0.0
2933.0,2935.0,0.004275870509445667,0.008230764418840408,0.002714826725423336
2934.0,2936.0,0.0,0.00779900886118412,0.009367835707962513
2935.0,2937.0,0.008339843712747097,0.007257677614688873,0.0
2936.0,2938.0,0.013726213946938515,0.0012866477482020855,0.0
2937.0,2939.0,0.013859059661626816,0.0,0.0
2938.0,2940.0,0.00501430407166481,0.0010437029413878918,1.1977972462773323e-05
2939.0,2941.0,0.00703250989317894,0.009583117440342903,0.0
2940.0,2942.0,0.0015474550891667604,0.007386044133454561,0.001379135763272643
2941.0,2943.0,0.008940783329308033,0.0,0.0022122440859675407
2942.0,2944.0,0.020823920145630836,0.0,0.0
2943.0,2945.0,0.004946536384522915,0.006676636170595884,0.00724116200581193
2944.0,2946.0,0.0036038486286997795,0.0,0.00826308410614729
2945.0,2947.0,0.015600156038999557,0.0,0.0
2946.0,2948.0,0.0187784843146801,0.0,0.0
2947.0,2949.0,0.012177955359220505,0.0,0.0
2948.0,2950.0,0.008995914831757545,0.014235565438866615,0.006995200179517269
2949.0,2951.0,0.0056527405977249146,0.014112780801951885,0.012484302744269371
2950.0,2952.0,0.008046438917517662,0.0,0.0028362898156046867
2951.0,2953.0,0.016467798501253128,0.0013753632083535194,0.00044298754073679447
2952.0,2954.0,0.01633543148636818,0.0,0.017314041033387184
2953.0,2955.0,0.013704976066946983,0.0,0.00230342335999012
2954.0,2956.0,0.014984054490923882,0.0,0.0
2955.0,2957.0,0.009381885640323162,0.0066199819557368755,0.0
2956.0,2958.0,0.010832086205482483,0.0,0.0
2957.0,2959.0,0.016727691516280174,0.0,0.0
2958.0,2960.0,0.01730714924633503,0.0,0.0
2959.0,2961.0,0.010952349752187729,0.0,0.0
2960.0,2962.0,0.021527554839849472,0.010595489293336868,0.0
2961.0,2963.0,0.024933211505413055,0.0,0.0
2962.0,2964.0,0.012414464727044106,0.002458748407661915,0.0
2963.0,2965.0,0.015572779811918736,0.0,0.0
2964.0,2966.0,0.013452909886837006,0.0,0.0
2965.0,2967.0,0.02618063986301422,0.0,0.0
2966.0,2968.0,0.01441237237304449,0.0006575589068233967,0.003700855653733015
2967.0,2969.0,0.012065361253917217,0.0017741392366588116,0.0013383585028350353
2968.0,2970.0,0.018903492018580437,0.0,0.0
2969.0,2971.0,0.013999163173139095,0.004498684778809547,0.0
2970.0,2972.0,0.01252887211740017,0.012131746858358383,0.0
2971.0,2973.0,0.006210558582097292,0.021994348615407944,0.0
2972.0,2974.0,0.0037510995753109455,0.008532481268048286,0.0
2973.0,2975.0,0.006883872207254171,0.00875668041408062,0.0
2974.0,2976.0,0.010476397350430489,0.0,0.0
2975.0,2977.0,0.021855128929018974,0.0,0.0
2976.0,2978.0,0.01755911484360695,0.0,0.0
2977.0,2979.0,0.007161449640989304,0.0,0.0
2978.0,2980.0,0.013040300458669662,0.0018726729322224855,0.0
2979.0,2981.0,0.01246115006506443,0.00010013766586780548,0.0
2980.0,2982.0,0.01322740688920021,0.0011233221739530563,0.0
2981.0,2983.0,0.015518567524850368,0.002527163363993168,0.0
2982.0,2984.0,0.016377011314034462,0.0,0.0
2983.0,2985.0,0.023083634674549103,0.0,0.0
2984.0,2986.0,0.016548963263630867,0.0,0.006064434535801411
2985.0,2987.0,0.010143940337002277,0.0,0.0022743293084204197
2986.0,2988.0,0.00989873893558979,0.0,0.0
2987.0,2989.0,0.015167147852480412,0.007608958054333925,0.0
2988.0,2990.0,0.014559919014573097,0.003904414363205433,0.0
2989.0,2991.0,0.0060191708616912365,0.0,0.0
2990.0,2992.0,0.007846266031265259,0.0,0.0
2991.0,2993.0,0.009539001621305943,0.008677206933498383,0.0
2992.0,2994.0,0.0034793303348124027,0.00861147977411747,0.0
2993.0,2995.0,0.0,0.004406957887113094,0.0
2994.0,2996.0,0.00043927691876888275,0.0032284497283399105,0.0
2995.0,2997.0,0.010374744422733784,0.0,0.0
2996.0,2998.0,0.0,0.0031879818998277187,0.0
2997.0,2999.0,0.007558679208159447,0.010433392599225044,0.0
2998.0,3000.0,0.00905727967619896,0.0,0.0
2999.0,3001.0,0.013656439259648323,0.0,0.0
3000.0,3002.0,0.01180455181747675,0.0,0.0
3001.0,3003.0,0.00844973511993885,0.0,0.0
3002.0,3004.0,0.017061103135347366,0.0,0.0
3003.0,3005.0,0.021256020292639732,0.0,0.0
3004.0,3006.0,0.020576609298586845,0.0,0.0
3005.0,3007.0,0.011400521732866764,0.0,0.0
3006.0,3008.0,0.014486399479210377,0.0,0.0
3007.0,3009.0,0.015691524371504784,0.0,0.0
3008.0,3010.0,0.006007823161780834,0.003614441491663456,0.0
3009.0,3011.0,0.0,0.014839195646345615,0.0
3010.0,3012.0,0.008989457041025162,0.012280692346394062,0.0
3011.0,3013.0,0.014750169590115547,0.0,0.0
3012.0,3014.0,0.017237938940525055,0.0,0.0
3013.0,3015.0,0.018315209075808525,0.0,0.0
3014.0,3016.0,0.012047937139868736,0.0,0.0
3015.0,3017.0,0.0011650584638118744,0.0,0.0
3016.0,3018.0,0.0016215515788644552,0.0,0.0
3017.0,3019.0,0.0,0.0,0.0
3018.0,3020.0,0.008069423958659172,0.0,0.0
3019.0,3021.0,0.007598614785820246,0.005534813739359379,0.0
3020.0,3022.0,0.004408047068864107,0.0,0.0
3021.0,3023.0,0.0074926274828612804,0.0,0.0
3022.0,3024.0,0.005886593833565712,0.0,0.0
3023.0,3025.0,0.0016006836667656898,0.0,0.00020992523059248924
3024.0,3026.0,0.012589357793331146,0.0,0.0
3025.0,3027.0,0.02360210195183754,0.0,0.0
3026.0,3028.0,0.018556170165538788,0.0,0.0
3027.0,3029.0,0.00819548312574625,0.0,0.0
3028.0,3030.0,0.006431129761040211,0.0,0.0
3029.0,3031.0,0.0059004612267017365,0.0,0.0
3030.0,3032.0,0.005487834103405476,0.0,0.0
3031.0,3033.0,0.006148376502096653,0.0,0.0014805174432694912
3032.0,3034.0,0.015553683042526245,0.0013733550440520048,0.0
3033.0,3035.0,0.017369719222187996,0.0,0.0
3034.0,3036.0,0.01531919650733471,0.0015232190489768982,0.0
3035.0,3037.0,0.007999418303370476,0.0023430674336850643,0.0
3036.0,3038.0,0.009918112307786942,0.0009572235867381096,0.0
3037.0,3039.0,0.008670715615153313,0.0034147221595048904,0.0
3038.0,3040.0,0.01980997994542122,0.005306412931531668,0.0
3039.0,3041.0,0.012452647089958191,0.005601479206234217,0.0
3040.0,3042.0,0.015068555250763893,0.0010276481043547392,0.0
3041.0,3043.0,0.008881707675755024,0.0,0.0
3042.0,3044.0,0.0019652973860502243,0.0,0.0
3043.0,3045.0,0.011094095185399055,0.0,0.0012956061400473118
3044.0,3046.0,0.011186586692929268,0.0006874091923236847,0.003261086530983448
3045.0,3047.0,0.008495563641190529,0.005272810813039541,0.0
3046.0,3048.0,0.0,0.0067778220400214195,0.0
3047.0,3049.0,0.0045014917850494385,0.0,0.0
3048.0,3050.0,0.02838357537984848,0.0,0.0
3049.0,3051.0,0.012806377373635769,0.00422990508377552,0.0
3050.0,3051.78,0.01130096148699522,0.0,0.0
3051.0,3051.78,0.03040468879044056,0.01729920320212841,0.0
