start,end,arousal,valence,dominance
0.0,2.0,0.021668756380677223,0.0004238367546349764,0.009840879589319229
1.0,3.0,0.01766854338347912,0.0028653768822550774,0.0063441116362810135
2.0,4.0,0.013655931688845158,0.003269416280090809,0.00889731664210558
3.0,5.0,0.014396036975085735,0.0,0.0030683567747473717
4.0,6.0,0.014637425541877747,0.0,0.01530633307993412
5.0,7.0,0.0,0.0012133168056607246,0.008528698235750198
6.0,8.0,0.0011503580026328564,0.0,0.014266462996602058
7.0,9.0,0.00958973914384842,0.0,0.02550298534333706
8.0,10.0,0.0007557542994618416,0.0,0.022239957004785538
9.0,11.0,0.003215970005840063,0.0030426341108977795,0.012024166993796825
10.0,12.0,0.0031912964768707752,0.0,0.0
11.0,13.0,0.0025237100198864937,0.0,0.0
12.0,14.0,0.0,0.0,0.0
13.0,15.0,0.0,0.00490402290597558,0.0
14.0,16.0,0.014493255876004696,0.004049455747008324,0.0
15.0,17.0,0.02147076465189457,0.007912496104836464,0.0033323061652481556
16.0,18.0,0.0,0.0,0.0069553665816783905
17.0,19.0,0.0,0.0,0.007031911984086037
18.0,20.0,0.0,0.0,0.0
19.0,21.0,0.010501891374588013,0.0027719554491341114,0.010898279026150703
20.0,22.0,0.013708071783185005,0.004166703205555677,0.015168767422437668
21.0,23.0,0.002465778961777687,0.005109551828354597,0.0
22.0,24.0,0.003442669752985239,0.00019972119480371475,0.0036605289205908775
23.0,25.0,0.004360470455139875,0.0013171150349080563,0.014210384339094162
24.0,26.0,0.0,0.014446946792304516,0.016174599528312683
25.0,27.0,0.008969983085989952,0.014577016234397888,0.023834209889173508
26.0,28.0,0.02898450382053852,0.009389868006110191,0.007536095567047596
27.0,29.0,0.03523551672697067,0.0038470285944640636,0.0
28.0,30.0,0.031896088272333145,0.0018268348649144173,0.011909810826182365
29.0,31.0,0.016696784645318985,0.0,0.011196648702025414
30.0,32.0,0.009893440641462803,0.004154922440648079,0.008511637337505817
31.0,33.0,0.0018542683683335781,0.010418618097901344,0.007313312962651253
32.0,34.0,0.01264528650790453,0.00814054161310196,0.004539789631962776
33.0,35.0,0.02303849160671234,0.001432524062693119,0.008151300251483917
34.0,36.0,0.021893087774515152,0.009128705598413944,0.021577659994363785
35.0,37.0,0.02088533341884613,0.0,0.020843446254730225
36.0,38.0,0.020070258527994156,0.0,0.00841145683079958
37.0,39.0,0.016106989234685898,0.0,0.008094247430562973
38.0,40.0,0.012885740958154202,0.0,0.0029812483116984367
39.0,41.0,0.0236176997423172,0.0,0.0033250250853598118
40.0,42.0,0.01798359677195549,0.0,0.0
41.0,43.0,0.011857530102133751,0.006024070084095001,0.0011189884971827269
42.0,44.0,0.006706189829856157,0.005576710216701031,0.0
43.0,45.0,0.011390101164579391,0.004531562328338623,0.004680689889937639
44.0,46.0,0.01964065060019493,0.0,0.0009228624403476715
45.0,47.0,0.03182821720838547,0.0,0.007747190538793802
46.0,48.0,0.022388769313693047,0.0,0.0017858520150184631
47.0,49.0,0.0191058162599802,0.0,0.0
48.0,50.0,0.020770924165844917,0.0,0.0
49.0,51.0,0.01927700638771057,0.006802829913794994,0.007921267300844193
50.0,52.0,0.01322257798165083,0.0,0.003836824093014002
51.0,53.0,0.00766732869669795,0.004719617776572704,0.0
52.0,54.0,0.004829272627830505,0.007786515634506941,0.002665452193468809
53.0,55.0,0.005710624624043703,0.0031941866036504507,0.0
54.0,56.0,0.016437169164419174,0.0020188377238810062,0.006590899080038071
55.0,57.0,0.02041800320148468,0.010966313071548939,0.011063309386372566
56.0,58.0,0.007973472587764263,0.01715259626507759,0.019372984766960144
57.0,59.0,0.0009285351261496544,0.01384219340980053,0.007288573309779167
58.0,60.0,0.0035029216669499874,0.02324390411376953,0.013727047480642796
59.0,61.0,0.006292652804404497,0.012113183736801147,0.01571729965507984
60.0,62.0,0.023594936355948448,0.0,0.011407590471208096
61.0,63.0,0.02360779233276844,0.003323622979223728,0.005447098985314369
62.0,64.0,0.015201637521386147,0.004631455056369305,0.009345096535980701
63.0,65.0,0.01481618918478489,0.0,0.007194220088422298
64.0,66.0,0.026815354824066162,0.0,0.0
65.0,67.0,0.005215697921812534,0.0,0.006856419146060944
66.0,68.0,0.008159991353750229,0.0,0.0015167342498898506
67.0,69.0,0.012145232409238815,0.0,0.0158914253115654
68.0,70.0,0.0,0.008484001271426678,0.0
69.0,71.0,0.016124507412314415,0.0,0.01935010775923729
70.0,72.0,0.02590685710310936,0.0,0.00792635791003704
71.0,73.0,0.021428842097520828,0.008652066811919212,0.0007659210823476315
72.0,74.0,0.01570747047662735,0.01576153002679348,0.010970224626362324
73.0,75.0,0.015001794323325157,0.005920288152992725,0.008951662108302116
74.0,76.0,0.023184683173894882,0.0065180715173482895,0.0036278406623750925
75.0,77.0,0.017304975539445877,0.003114922670647502,0.001279155258089304
76.0,78.0,0.009125136770308018,0.004809770733118057,0.0
77.0,79.0,0.016916025429964066,0.0,0.001452205702662468
78.0,80.0,0.016127031296491623,0.0,0.024817217141389847
79.0,81.0,0.006418134085834026,0.01599195972084999,0.012859527952969074
80.0,82.0,0.021143432706594467,0.0104061309248209,0.0030079418793320656
81.0,83.0,0.026788849383592606,0.004542525392025709,0.0016142805106937885
82.0,84.0,0.017375510185956955,0.005522323772311211,0.0009903041645884514
83.0,85.0,0.02378460019826889,0.0,0.008760418742895126
84.0,86.0,0.022052783519029617,0.0,0.020893704146146774
85.0,87.0,0.024193355813622475,0.002937150187790394,0.0059543089009821415
86.0,88.0,0.008279161527752876,0.0,0.0
87.0,89.0,0.015725551173090935,0.0,0.004662357736378908
88.0,90.0,0.022788021713495255,0.0,0.014631315134465694
89.0,91.0,0.03104366734623909,0.0,0.01118885725736618
90.0,92.0,0.011233481578528881,0.003200940554961562,0.006284644827246666
91.0,93.0,0.0,0.0091410456225276,0.0
92.0,94.0,0.007250241935253143,0.000999650452286005,0.0
93.0,95.0,0.013422953896224499,0.0,0.0
94.0,96.0,0.0020924299024045467,0.004400263540446758,0.007611223962157965
95.0,97.0,0.011930020526051521,0.007446995936334133,0.021060388535261154
96.0,98.0,0.0,0.0,0.016396068036556244
97.0,99.0,0.01444297470152378,0.0,0.00990707240998745
98.0,100.0,0.009449083358049393,0.0,0.0022291946224868298
99.0,101.0,0.011848772875964642,0.00015906896442174911,0.009621422737836838
100.0,102.0,0.010087652131915092,0.007049005478620529,0.0
101.0,103.0,0.003485575783997774,0.00827393401414156,0.006680038757622242
102.0,104.0,0.022599928081035614,0.007223334163427353,0.005865682847797871
103.0,105.0,0.027340926229953766,0.0009213276207447052,0.0015763216651976109
104.0,106.0,0.029258541762828827,0.008569750934839249,0.0
105.0,107.0,0.02324984222650528,0.02024131454527378,0.01027266588062048
106.0,108.0,0.01637587696313858,0.01001763716340065,0.008942749351263046
107.0,109.0,0.01167583093047142,0.0004877544706687331,0.022903844714164734
108.0,110.0,0.005288099870085716,0.0,0.03160850703716278
109.0,111.0,0.0013111922889947891,0.010116731747984886,0.006357477977871895
110.0,112.0,0.002381817437708378,0.022001110017299652,0.011978266760706902
111.0,113.0,0.023512182757258415,0.0006540156900882721,0.007423019036650658
112.0,114.0,0.009170095436275005,0.0,0.0
113.0,115.0,0.012682906351983547,0.0005746881943196058,0.0
114.0,116.0,0.019398469477891922,0.008461244404315948,0.02358943596482277
115.0,117.0,0.014335437677800655,0.001984969712793827,0.010607486590743065
116.0,118.0,0.01090923510491848,0.0,0.004505366552621126
117.0,119.0,0.020002000033855438,0.004567990079522133,0.011464390903711319
118.0,120.0,0.01940719410777092,0.0,0.0031522666104137897
119.0,121.0,0.010800538584589958,0.01354814600199461,0.0
120.0,122.0,0.01857692375779152,0.0016283635050058365,0.0
121.0,123.0,0.01635163277387619,0.0,0.00377513375133276
122.0,124.0,0.004874653648585081,0.006754836067557335,0.01326029747724533
123.0,125.0,0.006144173908978701,0.005422541871666908,0.01944819465279579
124.0,126.0,0.02430964633822441,0.0025123003870248795,0.002416507340967655
125.0,127.0,0.019496843218803406,0.0047546690329909325,0.00910879299044609
126.0,128.0,0.01567188650369644,0.009213671088218689,0.019646000117063522
127.0,129.0,0.008088717237114906,0.0,0.014766547828912735
128.0,130.0,0.015678055584430695,0.0012705978006124496,0.001236960757523775
129.0,131.0,0.020975207909941673,0.0,0.0
130.0,132.0,0.03321252763271332,0.013533618301153183,0.002707454841583967
131.0,133.0,0.011631304398179054,0.015983186662197113,0.006453333422541618
132.0,134.0,0.005484146066009998,0.0,0.0013819036539644003
133.0,135.0,0.0,0.010709647089242935,0.007754671853035688
134.0,136.0,0.01621978171169758,0.008755883201956749,0.0016188182635232806
135.0,137.0,0.031937375664711,0.00121235940605402,0.004582350607961416
136.0,138.0,0.025695037096738815,0.001361723756417632,0.008150378242135048
137.0,139.0,0.02831096574664116,0.0,0.0033688307739794254
138.0,140.0,0.02521265298128128,0.017338348552584648,0.010322807356715202
139.0,141.0,0.01695406809449196,0.025703687220811844,0.008887650445103645
140.0,142.0,0.0057912664487957954,0.014246641658246517,0.008413579314947128
141.0,143.0,0.023136932402849197,0.0,0.016369471326470375
142.0,144.0,0.01617950014770031,0.0,0.008167771622538567
143.0,145.0,0.012744590640068054,0.0,0.0024228363763540983
144.0,146.0,0.009382946416735649,0.0,0.0
145.0,147.0,0.022340595722198486,0.0,0.0
146.0,148.0,0.020984619855880737,0.0,0.011370716616511345
147.0,149.0,0.026128612458705902,0.0,0.00668230839073658
148.0,150.0,0.02111686021089554,0.0,0.003176521509885788
149.0,151.0,0.022486746311187744,0.0,0.0019223112612962723
150.0,152.0,0.02593855932354927,0.00016424665227532387,0.020629391074180603
151.0,153.0,0.003930390812456608,0.0049622803926467896,0.011473572812974453
152.0,154.0,0.0019273647340014577,0.018829621374607086,0.008478155359625816
153.0,155.0,0.018285971134901047,0.002588568488135934,0.00891495868563652
154.0,156.0,0.03409816697239876,0.0,0.0
155.0,157.0,0.02537480928003788,0.0,0.0010810000821948051
156.0,158.0,0.027692191302776337,0.0,0.0
157.0,159.0,0.012901151552796364,0.00956577155739069,0.0
158.0,160.0,0.002243978437036276,0.013102107681334019,0.0008961050771176815
159.0,161.0,0.017753243446350098,0.0,0.01023187953978777
160.0,162.0,0.020781666040420532,0.0010529146529734135,0.008012618869543076
161.0,163.0,0.019637545570731163,0.0,0.006974593736231327
162.0,164.0,0.016674822196364403,0.0,0.004807505756616592
163.0,165.0,0.01106297131627798,0.0,0.0
164.0,166.0,0.017171379178762436,0.0,0.0
165.0,167.0,0.01828354224562645,0.0,0.0
166.0,168.0,0.020968755707144737,0.0047628190368413925,0.010454881936311722
167.0,169.0,0.018767578527331352,0.003548969514667988,0.008839942514896393
168.0,170.0,0.02733284793794155,0.0,0.014712784439325333
169.0,171.0,0.01912066712975502,0.004053017124533653,0.014750187285244465
170.0,172.0,0.014889314770698547,0.02383238635957241,0.018143298104405403
171.0,173.0,0.01332690566778183,0.024260062724351883,0.0159103162586689
172.0,174.0,0.014774439856410027,0.0051017506048083305,0.006739488802850246
173.0,175.0,0.019330276176333427,0.007277496624737978,0.017451927065849304
174.0,176.0,0.01898622326552868,0.004592228215187788,0.01172914169728756
175.0,177.0,0.013252046890556812,0.0,0.004369385540485382
176.0,178.0,0.010592622682452202,0.0,0.0004892779979854822
177.0,179.0,0.0018604230135679245,0.004665210843086243,0.0
178.0,180.0,0.014680776745080948,0.0,0.005130756180733442
179.0,181.0,0.01960364729166031,0.005390962585806847,0.0040854946710169315
180.0,182.0,0.020790059119462967,0.009004829451441765,0.022453997284173965
181.0,183.0,0.007864555343985558,0.02077755331993103,0.00581151619553566
182.0,184.0,0.0005881043616682291,0.004810389596968889,0.0
183.0,185.0,0.018482737243175507,0.0,0.011609364300966263
184.0,186.0,0.016741890460252762,0.0,0.018569180741906166
185.0,187.0,0.002754218177869916,0.0,0.008049007505178452
186.0,188.0,0.027254674583673477,0.0,0.009941954165697098
187.0,189.0,0.028392545878887177,0.000614893389865756,0.00018037273548543453
188.0,190.0,0.005072539672255516,0.0019803508184850216,0.004419531673192978
189.0,191.0,0.01668529585003853,0.0028344534803181887,0.005643248558044434
190.0,192.0,0.024448098614811897,0.0,0.005207142326980829
191.0,193.0,0.02824125811457634,0.0,0.014539636671543121
192.0,194.0,0.017112664878368378,0.00515576358884573,0.019205546006560326
193.0,195.0,0.0,0.014847934246063232,0.0
194.0,196.0,0.00417267857119441,0.0,0.014023516327142715
195.0,197.0,0.004297570325434208,0.0,0.01428564265370369
196.0,198.0,0.01014143880456686,0.004221869632601738,0.012247802689671516
197.0,199.0,0.004846499767154455,0.015273051336407661,0.003096369095146656
198.0,200.0,0.011041970923542976,0.0029021308291703463,0.010334542021155357
199.0,201.0,0.018144503235816956,0.0,0.0024521909654140472
200.0,202.0,0.014495430514216423,0.0,0.001326720230281353
201.0,203.0,0.014120028354227543,0.005439991131424904,0.011970971710979939
202.0,204.0,0.02695377916097641,0.01730571687221527,0.025185946375131607
203.0,205.0,0.02769359201192856,0.011899543926119804,0.017089281231164932
204.0,206.0,0.03342068940401077,0.009804808534681797,0.014771154150366783
205.0,207.0,0.01895808055996895,0.0,0.011464204639196396
206.0,208.0,0.0123825091868639,0.0,0.0007159929955378175
207.0,209.0,0.006749145220965147,0.0,0.0019255797378718853
208.0,210.0,0.008838213980197906,0.0,0.006832888815551996
209.0,211.0,0.023205678910017014,0.0,0.007396857254207134
210.0,212.0,0.023727379739284515,0.004579651169478893,0.006312180310487747
211.0,213.0,0.012988908216357231,0.010525831021368504,0.020259913057088852
212.0,214.0,0.01020178571343422,0.0,0.013851878233253956
213.0,215.0,0.021035732701420784,0.0,0.004419825505465269
214.0,216.0,0.0363154336810112,0.0,0.005686636082828045
215.0,217.0,0.037792012095451355,0.0,0.003451867261901498
216.0,218.0,0.020671838894486427,0.0038088541477918625,0.002989943139255047
217.0,219.0,0.021434474736452103,0.0,0.0057463073171675205
218.0,220.0,0.029375124722719193,0.0,0.022505521774291992
219.0,221.0,0.018315594643354416,0.012681032530963421,0.017151834443211555
220.0,222.0,0.01894775964319706,0.02392423525452614,0.010141629725694656
221.0,223.0,0.011966926977038383,0.00416328851133585,0.023091275244951248
222.0,224.0,0.0032100272364914417,0.00348666962236166,0.006118910387158394
223.0,225.0,0.008500341325998306,0.0,0.0
224.0,226.0,0.0057089971378445625,0.0,0.0
225.0,227.0,0.006977285258471966,0.0002770076971501112,0.0
226.0,228.0,0.013422483578324318,0.0,0.004417745396494865
227.0,229.0,0.013375413604080677,0.0,0.00926697626709938
228.0,230.0,0.0,0.0,0.0
229.0,231.0,0.017951607704162598,0.0,0.009480344131588936
230.0,232.0,0.026772387325763702,0.004797062836587429,0.01962258294224739
231.0,233.0,0.027620280161499977,0.0,0.014495931565761566
232.0,234.0,0.015091096982359886,0.0034596333280205727,0.012244859710335732
233.0,235.0,0.009779936634004116,0.0,0.0016012853011488914
234.0,236.0,0.015012195333838463,0.0012067093048244715,0.0
235.0,237.0,0.018360957503318787,0.013373318128287792,0.019154604524374008
236.0,238.0,0.0029819461051374674,0.009799754247069359,0.007819502614438534
237.0,239.0,0.013495618477463722,0.007436675950884819,0.015458829700946808
238.0,240.0,0.02039232850074768,0.006670630071312189,0.011233621276915073
239.0,241.0,0.022123191505670547,0.0,0.013471368700265884
240.0,242.0,0.00815329235047102,0.005730318836867809,0.012740034610033035
241.0,243.0,0.023701483383774757,0.006774828769266605,0.0
242.0,244.0,0.02567027136683464,0.013086900115013123,0.012261232361197472
243.0,245.0,0.01659778319299221,0.008892464451491833,0.022976059466600418
244.0,246.0,0.010699797421693802,0.0,0.01586005836725235
245.0,247.0,0.01812218502163887,0.0,0.0
246.0,248.0,0.016969680786132812,0.005931634921580553,0.011240657418966293
247.0,249.0,0.00905575416982174,0.0,0.0
248.0,250.0,0.013212751597166061,0.0,0.001890336163341999
249.0,251.0,0.018312819302082062,0.002180743496865034,0.0
250.0,252.0,0.023236878216266632,0.0,0.01001621875911951
251.0,253.0,0.017137454822659492,0.0,0.012816994450986385
252.0,254.0,0.014711616560816765,0.0,0.023877250030636787
253.0,255.0,0.026378272101283073,0.0003724023699760437,0.02599991112947464
254.0,256.0,0.018531691282987595,0.0,0.0051751951687037945
255.0,257.0,0.01788249984383583,0.0,0.005851929076015949
256.0,258.0,0.018817756325006485,0.0009058441501110792,0.013744134455919266
257.0,259.0,0.017623810097575188,0.01524002943187952,0.0
258.0,260.0,0.014499364420771599,0.013655321672558784,0.011107298545539379
259.0,261.0,0.013973569497466087,0.0,0.015431512147188187
260.0,262.0,0.009938398376107216,0.0,0.007397615350782871
261.0,263.0,0.012429301626980305,0.007209408096969128,0.0
262.0,264.0,0.013415059074759483,0.011963007971644402,0.015348818153142929
263.0,265.0,0.0,0.00590031361207366,0.0
264.0,266.0,0.016970407217741013,0.0,0.0
265.0,267.0,0.016298215836286545,0.0,0.0011029004817828536
266.0,268.0,0.011314642615616322,0.014066608622670174,0.014204753562808037
267.0,269.0,0.012768341228365898,0.00509270653128624,0.002886382397264242
268.0,270.0,0.014398099854588509,0.006307213567197323,0.0009628024417907
269.0,271.0,0.01603654958307743,0.0033501945436000824,0.0
270.0,272.0,0.014180303551256657,0.009214655496180058,0.012182359583675861
271.0,273.0,0.010448703542351723,0.0,0.010447167791426182
272.0,274.0,0.01398311834782362,0.0,0.0
273.0,275.0,0.02339882031083107,0.006050901487469673,0.0
274.0,276.0,0.019583221524953842,0.00952198076993227,0.013298459351062775
275.0,277.0,0.004226219840347767,0.0009916136041283607,0.006873703096061945
276.0,278.0,0.014187460765242577,0.0068477606400847435,0.018568795174360275
277.0,279.0,0.00995430164039135,0.003229505382478237,0.01643167808651924
278.0,280.0,0.01242133416235447,0.0051548597402870655,0.003104135161265731
279.0,281.0,0.018686525523662567,0.004978880751878023,0.0
280.0,282.0,0.024884197860956192,0.010591220110654831,0.009119068272411823
281.0,283.0,0.023847311735153198,0.008295891806483269,0.012951051816344261
282.0,284.0,0.019390415400266647,0.0,0.0
283.0,285.0,0.008327335119247437,0.0,0.0022077877074480057
284.0,286.0,0.013871230185031891,0.009768906980752945,0.007214184384793043
285.0,287.0,0.0140621867030859,0.018179142847657204,0.014214091002941132
286.0,288.0,0.015426205471158028,0.009550511837005615,0.02599985897541046
287.0,289.0,0.014924902468919754,0.0,0.016417795792222023
288.0,290.0,0.017467385157942772,0.0,0.0023256028071045876
289.0,291.0,0.014249347150325775,0.0,0.0
290.0,292.0,0.018084131181240082,0.0,0.01696126163005829
291.0,293.0,0.01522970013320446,0.009577151387929916,0.0
292.0,294.0,0.005823247134685516,0.004051458090543747,0.0
293.0,295.0,0.011219155043363571,0.0,0.000782904215157032
294.0,296.0,0.01496172696352005,0.007473187521100044,0.0051304735243320465
295.0,297.0,0.015119850635528564,0.0127822645008564,0.007114814128726721
296.0,298.0,0.01972738280892372,0.008483413606882095,0.003288423642516136
297.0,299.0,0.018347809091210365,0.0,0.0026208721101284027
298.0,300.0,0.018804660066962242,0.005563828162848949,0.00731420423835516
299.0,301.0,0.012217540293931961,0.0010947065893560648,0.0075521767139434814
300.0,302.0,0.016034845262765884,0.0,0.010474154725670815
301.0,303.0,0.013120226562023163,0.00195759697817266,0.0025386956986039877
302.0,304.0,0.01614668034017086,0.0,0.012776939198374748
303.0,305.0,0.021155662834644318,0.008379420265555382,0.021127263084053993
304.0,306.0,0.020296011120080948,0.012464920990169048,0.013702775351703167
305.0,307.0,0.014029555954039097,0.006924488581717014,0.007014548406004906
306.0,308.0,0.0,0.005368370562791824,0.0
307.0,309.0,0.00559013057500124,0.003216685727238655,0.0
308.0,310.0,0.012969906441867352,0.018788881599903107,0.0
309.0,311.0,0.02737404778599739,0.009693162515759468,0.0073054395616054535
310.0,312.0,0.02469850890338421,0.0033008940517902374,0.012282398529350758
311.0,313.0,0.02352341264486313,0.0,0.019518136978149414
312.0,314.0,0.02738839015364647,0.004766981117427349,0.025217529386281967
313.0,315.0,0.009280221536755562,0.003136439248919487,0.013716344721615314
314.0,316.0,0.02196764014661312,0.0,0.005174621473997831
315.0,317.0,0.032444365322589874,0.0,0.005778126418590546
316.0,318.0,0.020772118121385574,0.0,0.006879054009914398
317.0,319.0,0.012762057594954967,0.005074251908808947,0.00014362891670316458
318.0,320.0,0.02369597740471363,0.00877879187464714,0.0
319.0,321.0,0.020703045651316643,0.007457394618541002,0.0117338290438056
320.0,322.0,0.013191897422075272,0.004579954780638218,0.021672815084457397
321.0,323.0,0.014279602095484734,0.0008697817102074623,0.014538377523422241
322.0,324.0,0.014897498302161694,0.0,0.0005636159330606461
323.0,325.0,0.015471537597477436,0.0,0.0025260308757424355
324.0,326.0,0.019536171108484268,0.010419218800961971,0.0024020669516175985
325.0,327.0,0.021261945366859436,0.01031371857970953,0.008468997664749622
326.0,328.0,0.010394833981990814,0.0014176410622894764,0.010136188939213753
327.0,329.0,0.0019516509491950274,0.0,0.013663893565535545
328.0,330.0,0.01162315346300602,0.0,0.009671901352703571
329.0,331.0,0.019942983984947205,0.0,0.00722708273679018
330.0,332.0,0.022591743618249893,0.0,0.01577504351735115
331.0,333.0,0.017206192016601562,0.0023883541580289602,0.014423107728362083
332.0,334.0,0.010998835787177086,0.0,0.0
333.0,335.0,0.025826042518019676,0.0,0.0
334.0,336.0,0.01845496892929077,0.0,0.01323031634092331
335.0,337.0,0.010600387118756771,0.0,0.009708985686302185
336.0,338.0,0.009239884093403816,0.0,0.0
337.0,339.0,0.006049870513379574,0.0,0.007329082116484642
338.0,340.0,0.017607999965548515,0.013082693330943584,0.021480249240994453
339.0,341.0,0.02296006865799427,0.004085572436451912,0.006795511115342379
340.0,342.0,0.009671386331319809,0.0,0.0
341.0,343.0,0.02329358085989952,0.0,0.0
342.0,344.0,0.028350817039608955,0.002791070379316807,0.0
343.0,345.0,0.013140860944986343,0.0024124644696712494,0.0
344.0,346.0,0.010397723875939846,0.010696865618228912,0.013547196984291077
345.0,347.0,0.025987401604652405,0.0,0.017079651355743408
346.0,348.0,0.026827281340956688,0.0,0.010005985386669636
347.0,349.0,0.023110821843147278,0.0,0.0
348.0,350.0,0.009110742248594761,0.0,0.0011365599930286407
349.0,351.0,0.019202347844839096,0.0,0.003759243991225958
350.0,352.0,0.027141738682985306,0.01127801276743412,0.012976708821952343
351.0,353.0,0.021228497847914696,0.01140189915895462,0.01517474465072155
352.0,354.0,0.01786644570529461,0.0,0.013132793828845024
353.0,355.0,0.017695900052785873,0.0,0.009942136704921722
354.0,356.0,0.014210497960448265,0.0,0.01364051178097725
355.0,357.0,0.025859396904706955,0.0,0.008678017184138298
356.0,358.0,0.026993785053491592,0.0,0.013511317782104015
357.0,359.0,0.01971394568681717,0.0,0.008608199656009674
358.0,360.0,0.016847286373376846,0.0,0.006627247668802738
359.0,361.0,0.024242376908659935,0.0,0.006506828591227531
360.0,362.0,0.021802114322781563,0.016280855983495712,0.018317244946956635
361.0,363.0,0.014892010018229485,0.017723344266414642,0.012891172431409359
362.0,364.0,0.015020769089460373,0.0059473286382853985,0.018093779683113098
363.0,365.0,0.014873068779706955,0.009633470326662064,0.017166651785373688
364.0,366.0,0.0019197307992726564,0.0,0.004152236972004175
365.0,367.0,0.010063397698104382,0.0,0.0019884519279003143
366.0,368.0,0.012283127754926682,0.0003487910144031048,0.009115815162658691
367.0,369.0,0.008397981524467468,0.0,0.0
368.0,370.0,0.017910104244947433,0.0,0.0
369.0,371.0,0.014507494866847992,0.0,0.011421737261116505
370.0,372.0,0.026944797486066818,0.0,0.018311122432351112
371.0,373.0,0.028306052088737488,0.0,0.012126297689974308
372.0,374.0,0.022487062960863113,0.0,0.0014325547963380814
373.0,375.0,0.016087377443909645,0.0029735914431512356,0.0007835454307496548
374.0,376.0,0.013102009892463684,0.00019041146151721478,0.008915768936276436
375.0,377.0,0.01638840138912201,0.009094912558794022,0.026697155088186264
376.0,378.0,0.007511585019528866,0.008795292116701603,0.0061219967901706696
377.0,379.0,0.01910308003425598,0.0052895634435117245,0.012480787932872772
378.0,380.0,0.032637517899274826,0.004321522079408169,0.012259578332304955
379.0,381.0,0.02788025327026844,0.0,0.013532839715480804
380.0,382.0,0.028072070330381393,0.0,0.006120721809566021
381.0,383.0,0.020612331107258797,0.0,0.006211363710463047
382.0,384.0,0.015941014513373375,0.008019261062145233,0.018437650054693222
383.0,385.0,0.017848068848252296,0.0,0.027184855192899704
384.0,386.0,0.0068832323886454105,0.012036985717713833,0.0
385.0,387.0,0.007650112733244896,0.007175047416239977,0.005180114880204201
386.0,388.0,0.015648577362298965,0.0,0.0
387.0,389.0,0.029683850705623627,0.0,0.0
388.0,390.0,0.03522658348083496,0.0,0.00342732947319746
389.0,391.0,0.014218101277947426,0.004331332631409168,0.01061759889125824
390.0,392.0,0.020277250558137894,0.0,0.008949028328061104
391.0,393.0,0.010768717154860497,0.0,0.0
392.0,394.0,0.008299779146909714,0.011250406503677368,0.0019919956102967262
393.0,395.0,0.0,0.011102555319666862,0.006695335730910301
394.0,396.0,0.0037361830472946167,0.023525185883045197,0.0
395.0,397.0,0.006349827628582716,0.013902156613767147,0.005809555761516094
396.0,398.0,0.017301060259342194,0.020779771730303764,0.007313803769648075
397.0,399.0,0.01593765802681446,0.004682641476392746,0.0043361191637814045
398.0,400.0,0.019753452390432358,0.0117456940934062,0.014084791764616966
399.0,401.0,0.02901030331850052,0.013663012534379959,0.009482651948928833
400.0,402.0,0.020281556993722916,0.004733746871352196,0.009700294584035873
401.0,403.0,0.011809561401605606,0.005994668696075678,0.009480671025812626
402.0,404.0,0.027539610862731934,0.011379779316484928,0.011521879583597183
403.0,405.0,0.020183976739645004,0.006017501465976238,0.008926213718950748
404.0,406.0,0.011470391415059566,0.007928130216896534,0.0022908884566277266
405.0,407.0,0.022527504712343216,0.004683409817516804,0.01705821603536606
406.0,408.0,0.01651226356625557,0.007556768134236336,0.007803110871464014
407.0,409.0,0.01972317323088646,0.009468731470406055,0.0
408.0,410.0,0.020594485104084015,0.00029865384567528963,0.0
409.0,411.0,0.020636212080717087,0.002287706360220909,0.004020914435386658
410.0,412.0,0.012833856046199799,0.006592366378754377,0.0
411.0,413.0,0.017784111201763153,0.0,0.011545516550540924
412.0,414.0,0.017863953486084938,0.0,0.024900611490011215
413.0,415.0,0.013787172734737396,0.010615402832627296,0.01237338688224554
414.0,416.0,0.021425437182188034,0.008803088217973709,0.01110483892261982
415.0,417.0,0.0237354077398777,0.013301990926265717,0.011776947416365147
416.0,418.0,0.026425451040267944,0.023906797170639038,0.02130505070090294
417.0,419.0,0.029392339289188385,0.021026957780122757,0.020940233021974564
418.0,420.0,0.03077961876988411,0.007969425059854984,0.016117678955197334
419.0,421.0,0.015087263658642769,0.005673794075846672,0.0
420.0,422.0,0.022709008306264877,0.008675120770931244,0.0051253121346235275
421.0,423.0,0.023447398096323013,0.006917247083038092,0.01982569508254528
422.0,424.0,0.01506576593965292,0.00972304679453373,0.01637844555079937
423.0,425.0,0.005519075319170952,0.013349504210054874,0.02157638967037201
424.0,426.0,0.01990683190524578,0.0,0.010112272575497627
425.0,427.0,0.01792335696518421,0.0028836876153945923,0.0015088100917637348
426.0,428.0,0.019023723900318146,0.015969261527061462,0.008613395504653454
427.0,429.0,0.020168498158454895,0.006921781226992607,0.011201340705156326
428.0,430.0,0.02409295365214348,0.013522680848836899,0.013622410595417023
429.0,431.0,0.02101418375968933,0.017295319586992264,0.013877833262085915
430.0,432.0,0.011586951091885567,0.014717211946845055,0.012245044112205505
431.0,433.0,0.02163201943039894,0.007350150030106306,0.012028818018734455
432.0,434.0,0.021809779107570648,0.010116571560502052,0.022419694811105728
433.0,435.0,0.009646562859416008,0.02271612361073494,0.019713105633854866
434.0,436.0,0.009871094487607479,0.008609864860773087,0.017977682873606682
435.0,437.0,0.014905992895364761,0.006801466923207045,0.02125091291964054
436.0,438.0,0.014953972771763802,0.014370687305927277,0.016805248335003853
437.0,439.0,0.011597298085689545,0.011516174301505089,0.01178025919944048
438.0,440.0,0.024507779628038406,0.012522505596280098,0.020290948450565338
439.0,441.0,0.027935324236750603,0.0008468262385576963,0.013098413124680519
440.0,442.0,0.025356654077768326,0.0,0.002992919646203518
441.0,443.0,0.018682491034269333,0.010841378010809422,0.018162019550800323
442.0,444.0,0.002299633575603366,0.009567620232701302,0.004893396515399218
443.0,445.0,0.008667029440402985,0.016153810545802116,0.005701182410120964
444.0,446.0,0.011891307309269905,0.017358917742967606,0.0
445.0,447.0,0.00625741807743907,0.012954995036125183,0.005803646519780159
446.0,448.0,0.011366471648216248,0.00595555454492569,0.02055486850440502
447.0,449.0,0.018177732825279236,0.0,0.014035817235708237
448.0,450.0,0.015451358631253242,0.005070952232927084,0.0008673201082274318
449.0,451.0,0.004478247370570898,0.009068758226931095,0.005734816659241915
450.0,452.0,0.01661764271557331,0.0014159264974296093,0.010328706353902817
451.0,453.0,0.018535606563091278,0.018151476979255676,0.017679039388895035
452.0,454.0,0.01722647249698639,0.018125634640455246,0.028017841279506683
453.0,455.0,0.017607692629098892,0.022039733827114105,0.02470865100622177
454.0,456.0,0.018773790448904037,0.011677260510623455,0.022693058475852013
455.0,457.0,0.016321716830134392,0.010719233192503452,0.008593506179749966
456.0,458.0,0.022089358419179916,0.006088674999773502,0.008187567815184593
457.0,459.0,0.018129583448171616,0.007623857818543911,0.012757698073983192
458.0,460.0,0.02348184585571289,0.007467813324183226,0.008689472451806068
459.0,461.0,0.018494071438908577,0.00533289834856987,0.012541760690510273
460.0,462.0,0.013729007914662361,0.011349665001034737,0.016961537301540375
461.0,463.0,0.00897250697016716,0.01666264981031418,0.010126733221113682
462.0,464.0,0.011656994000077248,0.0,0.004381111823022366
463.0,465.0,0.011369586922228336,0.0,0.0
464.0,466.0,0.012031025253236294,0.0,0.0
465.0,467.0,0.01566445641219616,0.0,0.011828506365418434
466.0,468.0,0.021498702466487885,0.0,0.006230562925338745
467.0,469.0,0.011904420331120491,0.005940025206655264,0.009720327332615852
468.0,470.0,0.011507680639624596,0.018169935792684555,0.012737836688756943
469.0,471.0,0.016856724396348,0.01009309757500887,0.002360521350055933
470.0,472.0,0.022952251136302948,0.0005226582288742065,0.0
471.0,473.0,0.0252178106456995,0.0,0.0
472.0,474.0,0.026210518553853035,0.001026347279548645,0.007241145707666874
473.0,475.0,0.015334890224039555,0.0039824023842811584,0.008440244942903519
474.0,476.0,0.009425225667655468,0.0,0.0018138128798455
475.0,477.0,0.012135187163949013,0.0,0.0018837789539247751
476.0,478.0,0.014020513743162155,0.0,0.0
477.0,479.0,0.01263586338609457,0.005009615793824196,0.014055999927222729
478.0,480.0,0.002045033499598503,0.016399143263697624,0.01050755474716425
479.0,481.0,0.012228718027472496,0.014284441247582436,0.0
480.0,482.0,0.013950349763035774,0.0012033842504024506,6.541609764099121e-05
481.0,483.0,0.009831632487475872,0.007847046479582787,0.0031925365328788757
482.0,484.0,0.012560886330902576,0.007176011335104704,0.011662818491458893
483.0,485.0,0.013716270215809345,0.0052271210588514805,0.0
484.0,486.0,0.015319892205297947,0.0019838847219944,0.008142426609992981
485.0,487.0,0.0067046028561890125,0.005683635361492634,0.004640971776098013
486.0,488.0,0.0042959945276379585,0.0012600503396242857,0.0
487.0,489.0,0.014898131601512432,0.00507794413715601,0.01689707115292549
488.0,490.0,0.0,0.009420683607459068,0.0029645850881934166
489.0,491.0,0.01188880205154419,0.01407469529658556,0.0035612001083791256
490.0,492.0,0.017276622354984283,0.0034576733596622944,0.0038157240487635136
491.0,493.0,0.031035814434289932,0.003866547718644142,0.004628387279808521
492.0,494.0,0.02942764014005661,0.0011892400216311216,0.0
493.0,495.0,0.022903772071003914,0.008702380582690239,0.0025650556199252605
494.0,496.0,0.02579006366431713,0.009937293827533722,0.015573795884847641
495.0,497.0,0.013305524364113808,0.006746758706867695,0.009528927505016327
496.0,498.0,0.012466531246900558,0.010048012249171734,0.017390858381986618
497.0,499.0,0.01494948472827673,0.00148154073394835,0.007665490731596947
498.0,500.0,0.015562319196760654,0.006650097202509642,0.0
499.0,501.0,0.019750578328967094,0.0,0.003098346758633852
500.0,502.0,0.01811637356877327,0.0030952359084039927,0.00883064791560173
501.0,503.0,0.013798066414892673,0.0,0.0
502.0,504.0,0.01969805173575878,0.0023167741019278765,0.01442507654428482
503.0,505.0,0.026497408747673035,0.0,0.013749274425208569
504.0,506.0,0.027785347774624825,0.0,0.0007619215175509453
505.0,507.0,0.02434420958161354,0.0,0.0
506.0,508.0,0.013116179965436459,0.0,0.007476515602320433
507.0,509.0,0.0019318293780088425,0.003133176825940609,0.00998378824442625
508.0,510.0,0.0,0.0,0.00757646607235074
509.0,511.0,0.014348780736327171,0.01632007583975792,0.019502155482769012
510.0,512.0,0.024026423692703247,0.012056443840265274,0.01659223437309265
511.0,513.0,0.02627108432352543,0.012792679481208324,0.013361300341784954
512.0,514.0,0.02265184186398983,0.0012624928494915366,0.005182134918868542
513.0,515.0,0.04166190326213837,0.007391314022243023,0.00555682647973299
514.0,516.0,0.029948744922876358,0.007418874651193619,0.0050196778029203415
515.0,517.0,0.00947030633687973,0.000590659212321043,0.003287968225777149
516.0,518.0,0.0076550887897610664,0.003086415585130453,0.007254922296851873
517.0,519.0,0.008228138089179993,0.0,0.0
518.0,520.0,0.010018929839134216,0.004929543472826481,0.0007557542994618416
519.0,521.0,0.010618681088089943,0.006212595850229263,0.002748403698205948
520.0,522.0,0.011339982971549034,0.009237641468644142,0.01278161071240902
521.0,523.0,0.014761827886104584,0.0,0.009176293388009071
522.0,524.0,0.02141355723142624,0.010411625728011131,0.0
523.0,525.0,0.029255252331495285,0.011114289052784443,0.008115196600556374
524.0,526.0,0.030502336099743843,0.0,0.0
525.0,527.0,0.007933585904538631,0.0,0.0
526.0,528.0,0.005711246281862259,0.0,0.001343160169199109
527.0,529.0,0.0005884403362870216,0.009920459240674973,0.018324371427297592
528.0,530.0,0.002774803200736642,0.008244618773460388,0.009625377133488655
529.0,531.0,0.015867572277784348,0.014283191412687302,0.01149897649884224
530.0,532.0,0.024059537798166275,0.0,0.011423450894653797
531.0,533.0,0.015739398077130318,0.0,0.0
532.0,534.0,0.026020079851150513,0.0,0.0039187269285321236
533.0,535.0,0.017677200958132744,0.003202462336048484,0.002236750442534685
534.0,536.0,0.00632338086143136,0.0036932569928467274,0.0
535.0,537.0,0.0020460658706724644,0.0,0.0
536.0,538.0,0.015556729398667812,0.0,0.0
537.0,539.0,0.02126450464129448,0.0003119013272225857,0.006287056487053633
538.0,540.0,0.018842989578843117,0.01591670699417591,0.005202229134738445
539.0,541.0,0.022482680156826973,0.008627623319625854,0.007165315095335245
540.0,542.0,0.01988999918103218,0.010701825842261314,0.010180508717894554
541.0,543.0,0.018250448629260063,0.0,0.013143794611096382
542.0,544.0,0.025181671604514122,0.0069280341267585754,0.029618950560688972
543.0,545.0,0.01736268773674965,0.025828145444393158,0.032267842441797256
544.0,546.0,0.0,0.009870000183582306,0.0
545.0,547.0,0.005579601041972637,0.022716879844665527,0.0016910077538341284
546.0,548.0,0.011722922325134277,0.01849745586514473,0.008341013453900814
547.0,549.0,0.02304849401116371,0.000237154308706522,0.0017726537771522999
548.0,550.0,0.013053243979811668,0.006090792827308178,0.011287828907370567
549.0,551.0,0.0017949240282177925,0.003536623902618885,0.014136604964733124
550.0,552.0,0.009475276805460453,0.007220415864139795,0.022791065275669098
551.0,553.0,0.0,0.007203872315585613,0.016549518331885338
552.0,554.0,0.025345129892230034,0.003786226734519005,0.021675970405340195
553.0,555.0,0.024912243708968163,0.0,0.013124481774866581
554.0,556.0,0.00947173498570919,0.0,2.2581778466701508e-05
555.0,557.0,0.009741529822349548,0.005077942740172148,0.0
556.0,558.0,0.005939946509897709,1.5472061932086945e-05,0.006947847083210945
557.0,559.0,0.004795662127435207,0.005715281702578068,0.000924952793866396
558.0,560.0,0.007288129068911076,0.0,0.0
559.0,561.0,0.020679820328950882,0.0,0.0
560.0,562.0,0.0240606889128685,0.0,0.011422976851463318
561.0,563.0,0.01608344353735447,0.0,0.019801167771220207
562.0,564.0,0.010760565288364887,0.0005741056520491838,0.009994697757065296
563.0,565.0,0.020749831572175026,0.013215591199696064,0.010199412703514099
564.0,566.0,0.01849369890987873,0.0010116994380950928,0.0
565.0,567.0,0.01782224513590336,0.0034170576836913824,0.004319706000387669
566.0,568.0,0.018045051023364067,0.002015422796830535,0.010734321549534798
567.0,569.0,0.019870681688189507,0.0,0.0038188318721950054
568.0,570.0,0.021221982315182686,0.00231219083070755,0.0
569.0,571.0,0.012366154231131077,0.0023738895542919636,0.0
570.0,572.0,0.014978080987930298,0.0022587538696825504,0.008573256433010101
571.0,573.0,0.006034478545188904,0.01499856635928154,0.010860761627554893
572.0,574.0,0.013932140544056892,0.009092481806874275,0.009131564758718014
573.0,575.0,0.016571063548326492,0.012506012804806232,0.0007307124324142933
574.0,576.0,0.006005414761602879,0.015161287970840931,0.010159716010093689
575.0,577.0,0.020972300320863724,0.004464658908545971,0.0007192273624241352
576.0,578.0,0.021367060020565987,0.0,0.0
577.0,579.0,0.023574762046337128,0.00047560606617480516,0.0
578.0,580.0,0.01215749979019165,0.0,0.004559876397252083
579.0,581.0,0.0023539094254374504,0.0,0.011375315487384796
580.0,582.0,0.010125759989023209,0.0,0.02074459195137024
581.0,583.0,0.02714473009109497,0.007367435377091169,0.021331466734409332
582.0,584.0,0.014034098014235497,0.004684506915509701,0.0024984516203403473
583.0,585.0,0.0024849707260727882,0.013254824094474316,0.009275189600884914
584.0,586.0,0.017054758965969086,0.0030079088173806667,0.004223272204399109
585.0,587.0,0.032016821205616,0.0,0.0
586.0,588.0,0.03298458084464073,0.00965894851833582,0.01350529957562685
587.0,589.0,0.01207888312637806,0.014133702963590622,0.0
588.0,590.0,0.010064607486128807,0.014863364398479462,0.0
589.0,591.0,0.013399716466665268,0.010008666664361954,0.01028505340218544
590.0,592.0,0.021810483187437057,0.008656028658151627,0.003979293163865805
591.0,593.0,0.024447424337267876,0.012524421326816082,0.013471879065036774
592.0,594.0,0.008587118238210678,0.013277367688715458,0.008097793906927109
593.0,595.0,0.024204064160585403,0.02097966894507408,0.0
594.0,596.0,0.018287280574440956,0.007423801813274622,0.0008905199356377125
595.0,597.0,0.010381029918789864,0.004119844641536474,0.0
596.0,598.0,0.01533367671072483,0.008505122736096382,0.016466567292809486
597.0,599.0,0.01788974739611149,0.011773993261158466,0.02259434014558792
598.0,600.0,0.02008752152323723,0.004015819169580936,0.0
599.0,601.0,0.029177896678447723,0.0,0.0012642145156860352
600.0,602.0,0.022816127166152,0.0,0.017629511654376984
601.0,603.0,0.013930972665548325,0.0,0.00840153731405735
602.0,604.0,0.01419774629175663,0.004156919661909342,0.014118618331849575
603.0,605.0,0.008540935814380646,0.0041271718218922615,0.017027786001563072
604.0,606.0,0.01668345369398594,0.01596830040216446,0.013675936497747898
605.0,607.0,0.022517720237374306,0.00914932880550623,0.004586425609886646
606.0,608.0,0.019071388989686966,0.003251192858442664,0.02082127332687378
607.0,609.0,0.01197478175163269,0.0016223267884925008,0.0
608.0,610.0,0.004104677587747574,0.008458721451461315,0.004303028341382742
609.0,611.0,0.015585111454129219,0.0,0.004770907107740641
610.0,612.0,0.01889120787382126,0.006792793516069651,0.006451745983213186
611.0,613.0,0.025820549577474594,0.006253587082028389,0.009261758998036385
612.0,614.0,0.020072925835847855,0.009740264154970646,0.011160658672451973
613.0,615.0,0.012831468135118484,0.0,0.0
614.0,616.0,0.01806403324007988,0.0,0.013136742636561394
615.0,617.0,0.016295403242111206,0.010031217709183693,0.021911438554525375
616.0,618.0,0.011875373311340809,0.0,0.010384620167315006
617.0,619.0,0.013727463781833649,0.0,0.006899883970618248
618.0,620.0,0.023467831313610077,0.0,0.00894876103848219
619.0,621.0,0.0065030744299292564,0.0,0.007012529764324427
620.0,622.0,0.013112388551235199,0.001108609139919281,0.0
621.0,623.0,0.012459991499781609,0.008646417409181595,0.0
622.0,624.0,0.014170046895742416,0.011994007974863052,0.0
623.0,625.0,0.024086540564894676,0.005151828750967979,0.0
624.0,626.0,0.025702929124236107,0.0018756366334855556,0.0
625.0,627.0,0.023911120370030403,0.004165679216384888,0.017852479591965675
626.0,628.0,0.012664608657360077,0.0,0.009434998035430908
627.0,629.0,0.023437682539224625,0.006849090103060007,0.010856724344193935
628.0,630.0,0.0337725505232811,0.007196841761469841,0.017304211854934692
629.0,631.0,0.021577147766947746,0.002409289125353098,0.0
630.0,632.0,0.013350524939596653,0.0,0.0
631.0,633.0,0.015290109440684319,0.011065569706261158,0.006849878933280706
632.0,634.0,0.021180087700486183,0.013067400082945824,0.0075224824249744415
633.0,635.0,0.03204338252544403,0.005486887879669666,0.010177846066653728
634.0,636.0,0.025033798068761826,0.007884406484663486,0.013493847101926804
635.0,637.0,0.0134970061480999,0.009804097935557365,0.004203993361443281
636.0,638.0,0.016505904495716095,0.0,0.0014707017689943314
637.0,639.0,0.018574219197034836,0.003493755590170622,0.012201203033328056
638.0,640.0,0.017478380352258682,0.008738357573747635,0.0
639.0,641.0,0.026492904871702194,0.014835059642791748,0.0
640.0,642.0,0.015352465212345123,0.008138085715472698,0.010958636179566383
641.0,643.0,0.015148217789828777,0.0004437980242073536,0.0024921437725424767
642.0,644.0,0.011761046014726162,0.010922124609351158,0.010493000969290733
643.0,645.0,0.010562407784163952,0.017608458176255226,0.009374909102916718
644.0,646.0,0.03143353387713432,0.00526392413303256,0.005667342804372311
645.0,647.0,0.03546075522899628,0.0,0.00408475985750556
646.0,648.0,0.0,0.0016761571168899536,0.0
647.0,649.0,0.01688108779489994,0.010339990258216858,0.0018128054216504097
648.0,650.0,0.01716809719800949,0.0019166520796716213,0.006912770681083202
649.0,651.0,0.012658532708883286,0.0,0.005091299302875996
650.0,652.0,0.027352381497621536,0.0033750785514712334,0.00895426981151104
651.0,653.0,0.02071738988161087,0.013350801542401314,0.0065252576023340225
652.0,654.0,0.030950311571359634,0.0,0.011697000823915005
653.0,655.0,0.024000920355319977,0.0030061325524002314,0.0234447680413723
654.0,656.0,0.018764512613415718,0.013651538640260696,0.015912242233753204
655.0,657.0,0.010193809866905212,0.012589970603585243,0.0015285550616681576
656.0,658.0,0.01596483215689659,0.01205235905945301,0.008683517575263977
657.0,659.0,0.007749384734779596,0.00395603571087122,0.015749631449580193
658.0,660.0,0.00837494432926178,7.181614637374878e-05,0.01881602592766285
659.0,661.0,0.027809632942080498,0.012384078465402126,0.022056546062231064
660.0,662.0,0.026633456349372864,0.011224737390875816,0.014495594426989555
661.0,663.0,0.013618786819279194,0.005435975734144449,0.00572796119377017
662.0,664.0,0.019196314737200737,0.0,0.0
663.0,665.0,0.015030743554234505,0.004204857163131237,0.004834304563701153
664.0,666.0,0.021392397582530975,0.001266647595912218,0.009340431541204453
665.0,667.0,0.021753400564193726,0.003570335451513529,0.00914860237389803
666.0,668.0,0.016743535175919533,0.009463994763791561,0.01791737601161003
667.0,669.0,0.015855582430958748,0.02685026451945305,0.0
668.0,670.0,0.004949718248099089,0.009221803396940231,0.009473096579313278
669.0,671.0,0.004680432844907045,0.029639264568686485,0.0036143725737929344
670.0,672.0,0.019598722457885742,0.013540241867303848,0.009971966966986656
671.0,673.0,0.02101626992225647,0.013032481074333191,0.013060086406767368
672.0,674.0,0.019503386691212654,0.01534619927406311,0.010136439464986324
673.0,675.0,0.008944564498960972,0.009522996842861176,0.01159603986889124
674.0,676.0,0.021676497533917427,0.015662696212530136,0.015268484130501747
675.0,677.0,0.023920265957713127,0.0023899604566395283,0.005975124426186085
676.0,678.0,0.020255405455827713,8.030328899621964e-06,0.00010089017450809479
677.0,679.0,0.014495063573122025,0.0007761316373944283,0.005191081669181585
678.0,680.0,0.018746022135019302,0.006502458825707436,0.0024147145450115204
679.0,681.0,0.014395812526345253,8.225347846746445e-05,0.0
680.0,682.0,0.014135962352156639,0.009151634760200977,0.00381929031573236
681.0,683.0,0.012965118512511253,0.009167376905679703,0.013335200026631355
682.0,684.0,0.02430650219321251,0.01866127923130989,0.008773328736424446
683.0,685.0,0.020808199420571327,0.010372081771492958,0.010679108090698719
684.0,686.0,0.018161136656999588,0.006666297558695078,0.013559390790760517
685.0,687.0,0.010763629339635372,0.005044643767178059,0.022577915340662003
686.0,688.0,0.02132391557097435,0.00954348873347044,0.004632432013750076
687.0,689.0,0.0251033753156662,0.006432013586163521,0.005170298740267754
688.0,690.0,0.017864074558019638,0.009452419355511665,0.005896813236176968
689.0,691.0,0.0108209028840065,0.018790457397699356,0.006650167983025312
690.0,692.0,0.017260780557990074,0.01166975311934948,0.010837843641638756
691.0,693.0,0.01145307719707489,0.004013633821159601,0.0
692.0,694.0,0.015266511589288712,0.0024398742243647575,0.0
693.0,695.0,0.016930807381868362,0.0037765109445899725,0.0
694.0,696.0,0.011318007484078407,0.006878187879920006,0.0026056310161948204
695.0,697.0,0.014686712995171547,0.008358193561434746,0.006000043358653784
696.0,698.0,0.016280779615044594,0.01515425555408001,0.006345417816191912
697.0,699.0,0.012718936428427696,0.0018322346732020378,0.0
698.0,700.0,0.018113188445568085,0.0,0.0
699.0,701.0,0.025375403463840485,0.0013190953759476542,0.002152804983779788
700.0,702.0,0.022446034476161003,0.00989094004034996,0.0002255667932331562
701.0,703.0,0.012717523612082005,0.007380235008895397,0.004957339260727167
702.0,704.0,0.006674350704997778,0.0031449533998966217,0.0039342474192380905
703.0,705.0,0.01642688736319542,0.017536478117108345,0.007200550753623247
704.0,706.0,0.028720546513795853,0.02205611765384674,0.021677516400814056
705.0,707.0,0.002315315417945385,0.0037048151716589928,0.0
706.0,708.0,0.01973034255206585,0.0,0.014023598283529282
707.0,709.0,0.022823546081781387,0.0,0.005718746222555637
708.0,710.0,0.016485650092363358,0.0,0.005224515683948994
709.0,711.0,0.022953063249588013,0.0032306553330272436,0.013928389176726341
710.0,712.0,0.01600174605846405,0.004810451529920101,0.015832146629691124
711.0,713.0,0.012916640378534794,0.0,0.003845224156975746
712.0,714.0,0.009337125346064568,0.0008097446989268064,0.0
713.0,715.0,0.015742052346467972,0.0023619914427399635,0.0024759587831795216
714.0,716.0,0.00015900563448667526,0.007822519168257713,0.0
715.0,717.0,0.0,0.0011939611285924911,0.0017022974789142609
716.0,718.0,0.015623144805431366,0.0,0.0025193917099386454
717.0,719.0,0.005510562099516392,0.0036524864844977856,0.015020247548818588
718.0,720.0,0.01647786796092987,0.0,0.023513898253440857
719.0,721.0,0.009037114679813385,0.0044388133101165295,0.009486404247581959
720.0,722.0,0.014632897451519966,0.011239989660680294,0.006032697390764952
721.0,723.0,0.013344516977667809,0.0055060735903680325,0.005562885664403439
722.0,724.0,0.021420679986476898,0.0,0.0
723.0,725.0,0.01613571122288704,0.015531581826508045,0.0049813915975391865
724.0,726.0,0.012879399582743645,0.01446012407541275,0.008770518936216831
725.0,727.0,0.017687994986772537,0.0007840069010853767,0.005811294540762901
726.0,728.0,0.022816292941570282,0.0,0.013570670038461685
727.0,729.0,0.021988922730088234,0.001999487867578864,0.0042516086250543594
728.0,730.0,0.020053133368492126,0.020669158548116684,0.008074609562754631
729.0,731.0,0.017642434686422348,0.016638800501823425,0.009817695245146751
730.0,732.0,0.007908695377409458,0.0021791947074234486,0.0
731.0,733.0,0.0076201967895030975,0.0027168390806764364,0.0
732.0,734.0,0.01122433040291071,0.012086497619748116,0.0
733.0,735.0,0.012858620844781399,0.0,0.0
734.0,736.0,0.011238077655434608,0.0031628659926354885,0.0
735.0,737.0,0.016517890617251396,0.005160584580153227,0.0
736.0,738.0,0.008460880257189274,0.0,0.009746789932250977
737.0,739.0,0.005528493784368038,0.010955341160297394,0.01593376137316227
738.0,740.0,0.013674264773726463,0.004653540905565023,0.0
739.0,741.0,0.01131209172308445,0.0,0.0
740.0,742.0,0.014157581143081188,0.0,0.00032752129482105374
741.0,743.0,0.016844995319843292,0.0008824202232062817,0.0051644970662891865
742.0,744.0,0.005609506741166115,0.001416651881299913,0.008960060775279999
743.0,745.0,0.0006446638144552708,0.004312816541641951,0.0004925925750285387
744.0,746.0,0.0011110343039035797,0.00957658514380455,0.0011912065092474222
745.0,747.0,0.010536011308431625,0.017719268798828125,0.017588162794709206
746.0,748.0,0.003126119263470173,0.003257899545133114,0.024579718708992004
747.0,749.0,0.0,0.018779482692480087,0.0
748.0,750.0,0.016147639602422714,0.005219128914177418,0.013291222043335438
749.0,751.0,0.021977439522743225,0.0021964851766824722,0.015390248969197273
750.0,752.0,0.014981324784457684,0.006839004345238209,0.0
751.0,753.0,0.01662609726190567,0.0,0.0
752.0,754.0,0.023114386945962906,0.0,0.0061273397877812386
753.0,755.0,0.012946484610438347,0.0,0.015549431554973125
754.0,756.0,0.010120242834091187,0.0,0.01845000870525837
755.0,757.0,0.024925561621785164,0.0,0.010709465481340885
756.0,758.0,0.029260952025651932,0.0,0.004677598364651203
757.0,759.0,0.025934569537639618,0.0013714946107938886,0.0010581891983747482
758.0,760.0,0.020321136340498924,0.009236814454197884,0.0
759.0,761.0,0.01081782765686512,0.006932980380952358,0.009217647835612297
760.0,762.0,0.01882350817322731,0.0001424923539161682,0.020481597632169724
761.0,763.0,0.007761069107800722,0.0030857985839247704,0.005365687422454357
762.0,764.0,0.01638880744576454,0.0010399455204606056,0.0
763.0,765.0,0.003161252476274967,0.005431785248219967,0.0007080440409481525
764.0,766.0,0.012708721682429314,0.003477604128420353,0.009563823230564594
765.0,767.0,0.022405901923775673,0.0,0.011208228766918182
766.0,768.0,0.014461367391049862,0.007339654490351677,0.007401143666356802
767.0,769.0,0.023661531507968903,0.018519744277000427,0.01428794115781784
768.0,770.0,0.017866134643554688,0.007284374907612801,0.006914839148521423
769.0,771.0,0.006147871725261211,0.01668284833431244,0.009014650247991085
770.0,772.0,0.01430939044803381,0.01355639100074768,0.013428164646029472
771.0,773.0,0.01941322535276413,0.0025519696064293385,0.0045880042016506195
772.0,774.0,0.024067526683211327,0.0,0.0
773.0,775.0,0.01970495656132698,0.0,0.0
774.0,776.0,0.020099690183997154,0.0,0.0
775.0,777.0,0.013902261853218079,0.0,0.007278777193278074
776.0,778.0,0.024653049185872078,0.015361709520220757,0.0
777.0,779.0,0.02030388079583645,0.00799684040248394,0.0
778.0,780.0,0.012960031628608704,0.0,0.006989524699747562
779.0,781.0,0.007577022537589073,0.017311152070760727,0.0032908404245972633
780.0,782.0,0.013643600046634674,0.012638814747333527,0.008398538455367088
781.0,783.0,0.009575082920491695,0.005980929359793663,0.007838883437216282
782.0,784.0,0.014996561221778393,0.009736094623804092,0.007868848741054535
783.0,785.0,0.017918039113283157,0.016714641824364662,0.027067219838500023
784.0,786.0,0.00410070177167654,0.001306129153817892,0.018594972789287567
785.0,787.0,0.027391117066144943,0.0,0.006401149556040764
786.0,788.0,0.031469251960515976,0.002535773441195488,0.0
787.0,789.0,0.023707453161478043,0.0019750159699469805,0.0
788.0,790.0,0.02394382283091545,0.0,0.005558654200285673
789.0,791.0,0.01659703440964222,0.007187106646597385,0.010022254660725594
790.0,792.0,0.01930762454867363,0.004229229409247637,0.016621433198451996
791.0,793.0,0.016629919409751892,0.007063792087137699,0.011236402206122875
792.0,794.0,0.015581397339701653,0.010209858417510986,0.005692130886018276
793.0,795.0,0.011117181740701199,0.0120612857863307,0.0017539644613862038
794.0,796.0,0.02545708417892456,0.005058443173766136,0.0
795.0,797.0,0.017087075859308243,0.0,0.0
796.0,798.0,0.010466303676366806,0.0,0.0
797.0,799.0,0.0,0.002174185123294592,0.0008126168977469206
798.0,800.0,0.009408567100763321,0.00439098896458745,0.0074114445596933365
799.0,801.0,0.01642773672938347,0.0076933386735618114,0.020570578053593636
800.0,802.0,0.021601613610982895,0.008018072694540024,0.01026970986276865
801.0,803.0,0.01589534804224968,0.013304892927408218,0.006568446289747953
802.0,804.0,0.006241038907319307,0.010048425756394863,0.0
803.0,805.0,0.014421403408050537,0.013252065517008305,0.02256793901324272
804.0,806.0,0.016748350113630295,0.0,0.01504826731979847
805.0,807.0,0.02105557732284069,0.002345877233892679,0.009891564026474953
806.0,808.0,0.013703722506761551,0.005467032548040152,0.0
807.0,809.0,0.007692356593906879,0.0,0.0
808.0,810.0,0.015103580430150032,0.0030479650013148785,0.0
809.0,811.0,0.019389722496271133,0.0031347707845270634,0.0025506343226879835
810.0,812.0,0.021086575463414192,0.0,0.007269704714417458
811.0,813.0,0.00927165150642395,0.004687602631747723,0.0050011808052659035
812.0,814.0,0.008788063190877438,0.012939441949129105,0.012590362690389156
813.0,815.0,0.02154851146042347,0.005872215144336224,0.009739208966493607
814.0,816.0,0.009854319505393505,0.013087093830108643,0.014894477091729641
815.0,817.0,0.015532411634922028,0.018210429698228836,0.011458491906523705
816.0,818.0,0.011858928948640823,0.00974348559975624,0.005223467946052551
817.0,819.0,0.01083883736282587,0.0,0.0
818.0,820.0,0.006894220598042011,0.0032260799780488014,0.0
819.0,821.0,0.005180392414331436,0.0,0.0
820.0,822.0,0.013851407915353775,0.0,0.014203865081071854
821.0,823.0,0.014237304218113422,0.0004696552059613168,0.009216748178005219
822.0,824.0,0.020894169807434082,0.0026576635427773,0.0013682544231414795
823.0,825.0,0.012204745784401894,0.005725928116589785,0.007616986054927111
824.0,826.0,0.006726677063852549,0.02028815448284149,0.01125294342637062
825.0,827.0,0.006909733638167381,0.0007722598966211081,0.0
826.0,828.0,0.01387640181928873,0.0,0.0012049076613038778
827.0,829.0,0.011910725384950638,0.0115006472915411,0.0025776091497391462
828.0,830.0,0.015578105114400387,0.003367967437952757,0.007101799827069044
829.0,831.0,0.0216669961810112,0.0036499639973044395,0.018074925988912582
830.0,832.0,0.008203556761145592,0.012834216468036175,0.016236908733844757
831.0,833.0,0.02750372141599655,0.019539419561624527,0.015593676827847958
832.0,834.0,0.018220337107777596,0.007043718826025724,0.0011106189340353012
833.0,835.0,0.00992800947278738,0.003905429970473051,0.00478484807536006
834.0,836.0,0.007896818220615387,0.001224037492647767,0.001958806999027729
835.0,837.0,0.013621806167066097,0.002348502865061164,0.006168876774609089
836.0,838.0,0.020308718085289,0.010169235989451408,0.011000524275004864
837.0,839.0,0.002900234889239073,0.009925050660967827,0.0
838.0,840.0,0.01765781082212925,0.007338311057537794,0.0
839.0,841.0,0.028031274676322937,0.0,0.0061194817535579205
840.0,842.0,0.019611217081546783,0.0,0.0076019493862986565
841.0,843.0,0.010027658194303513,0.006703514605760574,0.002087092027068138
842.0,844.0,0.01031219307333231,0.0027250840794295073,0.012585844844579697
843.0,845.0,0.004930226132273674,0.00694312434643507,0.0175122432410717
844.0,846.0,0.017563896253705025,0.007446358911693096,0.005814297124743462
845.0,847.0,0.018917517736554146,0.015259292908012867,0.008106151595711708
846.0,848.0,0.015258172526955605,0.002282861853018403,0.01030014082789421
847.0,849.0,0.020995816215872765,0.0,0.0026664123870432377
848.0,850.0,0.014673944562673569,0.0,0.013173049315810204
849.0,851.0,0.025506550446152687,0.0,0.007793130353093147
850.0,852.0,0.02449122816324234,0.0,0.004624771885573864
851.0,853.0,0.0138940354809165,0.009284616447985172,0.0018817530944943428
852.0,854.0,0.018586449325084686,0.004906404763460159,0.008232340216636658
853.0,855.0,0.0013295598328113556,0.010463668033480644,0.017437897622585297
854.0,856.0,0.01100551150739193,0.017908794805407524,0.016842467710375786
855.0,857.0,0.013937395997345448,0.0,0.009604505263268948
856.0,858.0,0.021981656551361084,0.0007555880583822727,0.008434895426034927
857.0,859.0,0.013730084523558617,0.0005489420145750046,0.007509499788284302
858.0,860.0,0.014854592271149158,0.0,0.00010150205343961716
859.0,861.0,0.017529791221022606,0.0,0.0
860.0,862.0,0.01216233242303133,0.0,0.004137718118727207
861.0,863.0,0.004318659659475088,0.0,0.0042915064841508865
862.0,864.0,0.012034842744469643,0.0065927933901548386,0.006053830496966839
863.0,865.0,0.010875454172492027,0.0,0.008836963213980198
864.0,866.0,0.026964295655488968,0.0,0.0
865.0,867.0,0.029080504551529884,0.0,0.002368547022342682
866.0,868.0,0.02845938503742218,0.0,0.004892041906714439
867.0,869.0,0.02384752780199051,0.0,0.0042068930342793465
868.0,870.0,0.016683541238307953,0.0,0.00234518526121974
869.0,871.0,0.01502779871225357,0.0,0.010152647271752357
870.0,872.0,0.016021590679883957,0.0,0.010267038829624653
871.0,873.0,0.010434226132929325,0.0008641534950584173,0.009892581030726433
872.0,874.0,0.024638041853904724,0.0,0.002584796166047454
873.0,875.0,0.027234189212322235,0.0,0.002087188884615898
874.0,876.0,0.02067052200436592,0.0,0.004231549799442291
875.0,877.0,0.013001888059079647,0.003938567359000444,0.0019269497133791447
876.0,878.0,0.0007146189454942942,0.005677754059433937,0.0
877.0,879.0,0.005271643400192261,0.006723637692630291,0.0069376020692288876
878.0,880.0,0.02125363051891327,0.0023002736270427704,0.009938104078173637
879.0,881.0,0.019901471212506294,0.0003217598423361778,0.008038969710469246
880.0,882.0,0.017008384689688683,0.0,0.010499274358153343
881.0,883.0,0.017332425341010094,0.0,0.0010139085352420807
882.0,884.0,0.020771365612745285,0.0024551870301365852,0.00115591986104846
883.0,885.0,0.014306291937828064,0.0,0.0
884.0,886.0,0.012881322763860226,0.0,0.0
885.0,887.0,0.018862150609493256,0.0,0.0052627259865403175
886.0,888.0,0.030497565865516663,0.0,0.006308106239885092
887.0,889.0,0.023429827764630318,0.0,0.017708681523799896
888.0,890.0,0.01489420235157013,0.01886705867946148,0.026320628821849823
889.0,891.0,0.0151357501745224,0.015152158215641975,0.01768087036907673
890.0,892.0,0.01573565974831581,0.0,0.004421539604663849
891.0,893.0,0.005944435950368643,0.0136701799929142,0.0191320963203907
892.0,894.0,0.005930423270910978,0.009542097337543964,0.005831338465213776
893.0,895.0,0.010135481134057045,0.009023871272802353,0.005392423830926418
894.0,896.0,0.019607432186603546,0.0,0.005173639860004187
895.0,897.0,0.024902738630771637,0.0,0.009725591167807579
896.0,898.0,0.03184008598327637,0.0,0.010016015730798244
897.0,899.0,0.008916052989661694,0.004941183608025312,0.015882406383752823
898.0,900.0,0.010499538853764534,0.0,0.01596720516681671
899.0,901.0,0.027731021866202354,0.0,0.0
900.0,902.0,0.024052683264017105,0.0,0.001015570480376482
901.0,903.0,0.019321659579873085,0.0,0.0
902.0,904.0,0.005521842744201422,0.0007023459766060114,0.0019208260346204042
903.0,905.0,0.004138347692787647,0.0,0.006339020561426878
904.0,906.0,0.024290941655635834,0.0,0.005175719503313303
905.0,907.0,0.02285327948629856,0.0,0.005863979458808899
906.0,908.0,0.0164913572371006,0.0,0.005139472428709269
907.0,909.0,0.026197630912065506,0.006215229630470276,0.017496930435299873
908.0,910.0,0.011319623328745365,0.005402299575507641,0.014338265173137188
909.0,911.0,0.003847778309136629,0.012924321927130222,0.005975594278424978
910.0,912.0,0.0181766115128994,0.010556701570749283,0.015471909195184708
911.0,913.0,0.02227468602359295,0.012143900617957115,0.025713736191391945
912.0,914.0,0.008936122991144657,0.0,0.018146440386772156
913.0,915.0,0.011267205700278282,0.0,0.0
914.0,916.0,0.0,0.0,0.010257011279463768
915.0,917.0,0.006211086176335812,0.0041954368352890015,0.024666035547852516
916.0,918.0,0.02622833102941513,0.019191622734069824,0.015463965944945812
917.0,919.0,0.021100489422678947,0.015582778491079807,0.0005421917885541916
918.0,920.0,0.0,0.0,0.014365077018737793
919.0,921.0,0.003618940245360136,0.011823738925158978,0.013313207775354385
920.0,922.0,0.01020599715411663,0.009174016304314137,0.01666763797402382
921.0,923.0,0.0076364316046237946,0.0,0.007273390889167786
922.0,924.0,0.007107184734195471,0.0,0.0
923.0,925.0,0.0059697567485272884,0.0,0.0
924.0,926.0,0.016040325164794922,0.0,0.0032119005918502808
925.0,927.0,0.0033915722742676735,0.0,0.0
926.0,928.0,0.006521434057503939,0.005625746678560972,0.0021969452500343323
927.0,929.0,0.004069196991622448,0.0,0.010633479803800583
928.0,930.0,0.014147227630019188,0.0,0.005197075195610523
929.0,931.0,0.02370818518102169,0.0,0.0049540800973773
930.0,932.0,0.022650176659226418,0.0,0.008628301322460175
931.0,933.0,0.012129884213209152,0.0,0.0032919771037995815
932.0,934.0,0.013343805447220802,0.0,0.0
933.0,935.0,0.01927516981959343,0.0,0.0
934.0,936.0,0.012531081214547157,0.0006000353023409843,0.0010566872078925371
935.0,937.0,0.009385861456394196,0.0,0.00840599462389946
936.0,938.0,0.003513270989060402,0.0,0.0034072818234562874
937.0,939.0,0.002826053649187088,0.0,0.0
938.0,940.0,0.008330386132001877,0.0,0.0015409629559144378
939.0,941.0,0.006683059968054295,0.0,0.0
940.0,942.0,0.013340008445084095,0.0,0.0004978468641638756
941.0,943.0,0.002067359397187829,0.0,0.0070238979533314705
942.0,944.0,0.0036037424579262733,0.0,0.0012140530161559582
943.0,945.0,0.013789091259241104,0.0,0.0
944.0,946.0,0.01607470214366913,0.0,0.0
945.0,947.0,0.015378805808722973,0.0,0.0
946.0,948.0,0.011825986206531525,0.013838558457791805,0.007318791002035141
947.0,949.0,0.016271840780973434,0.0004320130683481693,0.0027038156986236572
948.0,950.0,0.01353512518107891,0.0,0.0
949.0,951.0,0.013642729260027409,0.002885772380977869,0.0038978036027401686
950.0,952.0,0.015082906931638718,0.00875126849859953,0.026811935007572174
951.0,953.0,0.011076809838414192,0.01457152795046568,0.0
952.0,954.0,0.007631136104464531,0.0016995647456496954,0.01855231635272503
953.0,955.0,0.008985151536762714,0.012397987768054008,0.009295050986111164
954.0,956.0,0.015242324210703373,0.009403595700860023,0.005621382966637611
955.0,957.0,0.01861739158630371,0.018935920670628548,0.006488904356956482
956.0,958.0,0.0032003717496991158,0.012368847616016865,0.016612283885478973
957.0,959.0,0.012662678025662899,0.00193825364112854,0.00305341649800539
958.0,960.0,0.011903135105967522,0.009965736418962479,0.009616279043257236
959.0,961.0,0.00575207220390439,0.007623334415256977,0.01518774963915348
960.0,962.0,0.017448699101805687,0.018533214926719666,0.0
961.0,963.0,0.019235875457525253,0.0014699932653456926,0.002509034238755703
962.0,964.0,0.022097812965512276,0.0,0.005596292670816183
963.0,965.0,0.012938907369971275,0.0,0.01786273904144764
964.0,966.0,0.02503971755504608,0.008652660995721817,0.026414696127176285
965.0,967.0,0.007813132368028164,0.025348138064146042,0.008142974227666855
966.0,968.0,0.0,0.021340761333703995,0.012644737027585506
967.0,969.0,0.005966715980321169,0.013855076394975185,0.014619161374866962
968.0,970.0,0.00829924363642931,0.00043317885138094425,0.010913163423538208
969.0,971.0,0.012263409793376923,0.0,0.007384052965790033
970.0,972.0,0.012530289590358734,0.009235220029950142,0.01266490574926138
971.0,973.0,0.005496656056493521,0.0003190883435308933,0.001748974435031414
972.0,974.0,0.0,0.012275484390556812,0.0
973.0,975.0,0.0056406594812870026,0.02556440979242325,0.015991538763046265
974.0,976.0,0.015455497428774834,0.009199198335409164,0.009397629648447037
975.0,977.0,0.021800518035888672,0.0008580470457673073,0.011146805249154568
976.0,978.0,0.01690257340669632,0.003735142759978771,0.014517528936266899
977.0,979.0,0.0,0.015105662867426872,0.0
978.0,980.0,0.004343162290751934,0.02259724959731102,0.01569628342986107
979.0,981.0,0.018589133396744728,0.024868955835700035,0.007135486230254173
980.0,982.0,0.021310899406671524,0.0021604876965284348,0.0
981.0,983.0,0.018820002675056458,0.0,0.0013233444187790155
982.0,984.0,0.0027065183967351913,0.0,0.0
983.0,985.0,0.008919584564864635,0.0,0.004247607663273811
984.0,986.0,0.019100390374660492,0.005029217805713415,0.01559789851307869
985.0,987.0,0.007464234717190266,0.020234517753124237,0.004394958261400461
986.0,988.0,0.006091125775128603,0.006854744628071785,0.0008105307351797819
987.0,989.0,0.01642250083386898,0.0,0.012968873605132103
988.0,990.0,0.01103811152279377,0.009416630491614342,0.007023957092314959
989.0,991.0,0.002602988388389349,0.001628488302230835,0.0
990.0,992.0,0.011370926164090633,0.0,0.0006986402440816164
991.0,993.0,0.01097169704735279,0.0,0.002918185433372855
992.0,994.0,0.011483492329716682,0.0,0.010461447760462761
993.0,995.0,0.0,0.012733821757137775,0.004813461098819971
994.0,996.0,0.0,0.012350420467555523,0.002591607626527548
995.0,997.0,0.010070517659187317,0.0013271570205688477,0.02479315549135208
996.0,998.0,0.014885976910591125,0.004852111451327801,0.009131649509072304
997.0,999.0,0.01662416383624077,0.0,0.0
998.0,1000.0,0.014972183853387833,0.0031901514157652855,0.009053448215126991
999.0,1001.0,0.010880246758460999,0.0,0.012000638991594315
1000.0,1002.0,0.017290599644184113,0.0,0.007449215743690729
1001.0,1003.0,0.03127352148294449,0.005794275086373091,0.013994809240102768
1002.0,1004.0,0.022411230951547623,0.005568532273173332,0.003252968657761812
1003.0,1005.0,0.009755941107869148,0.005825452506542206,0.0025176233612000942
1004.0,1006.0,0.0,0.003774779848754406,0.002460111863911152
1005.0,1007.0,0.0,0.01898728311061859,0.0
1006.0,1008.0,0.011462025344371796,0.010432778857648373,0.004227652680128813
1007.0,1009.0,0.013318220153450966,0.0,0.0026497284416109324
1008.0,1010.0,0.007968892343342304,0.0,0.004499825648963451
1009.0,1011.0,0.020658934488892555,0.001674717990681529,0.0032438193447887897
1010.0,1012.0,0.01957879401743412,0.0,0.0
1011.0,1013.0,0.008225585334002972,0.0,0.0
1012.0,1014.0,0.0015488023636862636,0.0,0.0
1013.0,1015.0,0.00574783468618989,0.016620324924588203,0.0025714081712067127
1014.0,1016.0,0.0092268455773592,0.007977066561579704,0.009688912890851498
1015.0,1017.0,0.013455422595143318,0.008405489847064018,0.019353561103343964
1016.0,1018.0,0.02943352796137333,0.0022735234815627337,0.0010395944118499756
1017.0,1019.0,0.028031639754772186,0.0,0.006610261742025614
1018.0,1020.0,0.012190715409815311,0.019016627222299576,0.025236617773771286
1019.0,1021.0,0.019879350438714027,0.014093691483139992,0.026225309818983078
1020.0,1022.0,0.01226704753935337,0.006090703420341015,0.007335401605814695
1021.0,1023.0,0.002708344254642725,0.003230745904147625,0.0010318856220692396
1022.0,1024.0,0.008853351697325706,0.0031594610773026943,0.003232022747397423
1023.0,1025.0,0.014284564182162285,0.0,0.0
1024.0,1026.0,0.02199944667518139,0.003035535803064704,0.002502536168321967
1025.0,1027.0,0.02641609124839306,0.0,0.013400099240243435
1026.0,1028.0,0.014931997284293175,0.0,0.011503811925649643
1027.0,1029.0,0.011818381026387215,0.018569163978099823,0.0
1028.0,1030.0,0.005659171380102634,0.0,0.0
1029.0,1031.0,0.004399721976369619,0.0,0.0
1030.0,1032.0,0.005254315212368965,0.003445611335337162,0.0
1031.0,1033.0,0.024678148329257965,0.0,0.009364243596792221
1032.0,1034.0,0.026957275345921516,0.00046437722630798817,0.013750710524618626
1033.0,1035.0,0.015505312010645866,0.01271749846637249,0.0023155196104198694
1034.0,1036.0,0.015499992296099663,0.0022912519052624702,0.0020232433453202248
1035.0,1037.0,0.01954684592783451,0.005185267422348261,0.00848972424864769
1036.0,1038.0,0.005136881023645401,0.007579512428492308,0.012984080240130424
1037.0,1039.0,0.014395873062312603,0.0,0.012816042639315128
1038.0,1040.0,0.01836867444217205,0.0,0.010830909013748169
1039.0,1041.0,0.016758933663368225,0.0035364532377570868,0.006801098585128784
1040.0,1042.0,0.006325955037027597,0.011979983188211918,0.004558264277875423
1041.0,1043.0,0.014538944698870182,0.007104631047695875,0.0022911003325134516
1042.0,1044.0,0.019041631370782852,0.0,0.007315009366720915
1043.0,1045.0,0.01608554646372795,0.0,0.007997237145900726
1044.0,1046.0,0.0067792548798024654,0.009761999361217022,0.008422485552728176
1045.0,1047.0,0.001621933071874082,0.00812741369009018,0.006321930792182684
1046.0,1048.0,0.0,0.0,0.003838110249489546
1047.0,1049.0,0.0200796015560627,0.004189413972198963,0.006261452101171017
1048.0,1050.0,0.025194015353918076,0.0013416344299912453,0.016113007441163063
1049.0,1051.0,0.023024454712867737,0.0,0.011118657886981964
1050.0,1052.0,0.012858503498136997,0.004504375159740448,0.0
1051.0,1053.0,0.010201931931078434,0.02114078775048256,0.004216844215989113
1052.0,1054.0,0.0163815189152956,0.013875983655452728,0.007662365213036537
1053.0,1055.0,0.020204421132802963,0.004214451182633638,0.020405247807502747
1054.0,1056.0,0.016122940927743912,0.0018782279221341014,0.017211224883794785
1055.0,1057.0,0.0,0.0,0.001357922563329339
1056.0,1058.0,0.00612564105540514,0.0,0.0011302120983600616
1057.0,1059.0,0.029662000015378,0.01394677720963955,0.018855614587664604
1058.0,1060.0,0.009676961228251457,0.009092988446354866,0.011067025363445282
1059.0,1061.0,0.014466851949691772,0.00926775112748146,0.0038587157614529133
1060.0,1062.0,0.014154274947941303,0.019428802654147148,0.009151591919362545
1061.0,1063.0,0.016796758398413658,0.0287319365888834,0.005000639706850052
1062.0,1064.0,0.019237739965319633,0.014346009120345116,0.0032452677842229605
1063.0,1065.0,0.013665659353137016,0.017893431708216667,0.021025778725743294
1064.0,1066.0,0.014050017111003399,0.011264601722359657,0.0290698129683733
1065.0,1067.0,0.02004357799887657,0.014443942345678806,0.022207312285900116
1066.0,1068.0,0.016439519822597504,0.021680280566215515,0.018325816839933395
1067.0,1069.0,0.014853129163384438,0.019358951598405838,0.011798067018389702
1068.0,1070.0,0.018344808369874954,0.011825686320662498,0.020870191976428032
1069.0,1071.0,0.014858413487672806,0.006460565607994795,0.018669690936803818
1070.0,1072.0,0.02217472717165947,0.0,0.008109645918011665
1071.0,1073.0,0.031608253717422485,0.011939577758312225,0.012769493274390697
1072.0,1074.0,0.021113764494657516,0.009790070354938507,0.012961262837052345
1073.0,1075.0,0.011657699942588806,0.01033218577504158,0.00937732495367527
1074.0,1076.0,0.011763042770326138,0.0066954465582966805,0.0
1075.0,1077.0,0.014213179238140583,0.006000378169119358,0.006076857913285494
1076.0,1078.0,0.021456193178892136,0.0088674770668149,0.014742366969585419
1077.0,1079.0,0.02005959302186966,0.008429430425167084,0.01708049327135086
1078.0,1080.0,0.01893170177936554,0.004548707045614719,0.010102635249495506
1079.0,1081.0,0.017612718045711517,0.0076962304301559925,0.010112988762557507
1080.0,1082.0,0.01719665341079235,0.011278916150331497,0.012744592502713203
1081.0,1083.0,0.017646560445427895,0.0,0.012582071125507355
1082.0,1084.0,0.012554808519780636,0.01277281902730465,0.005126656964421272
1083.0,1085.0,0.018347281962633133,0.010971860028803349,0.0
1084.0,1086.0,0.024027517065405846,0.0,0.002740234835073352
1085.0,1087.0,0.015271628275513649,0.011698699556291103,0.01903003454208374
1086.0,1088.0,0.01803116872906685,0.010127806104719639,0.021641654893755913
1087.0,1089.0,0.027707256376743317,0.003681934904307127,0.01721780188381672
1088.0,1090.0,0.01759064942598343,0.009415021166205406,0.00019518239423632622
1089.0,1091.0,0.01909843645989895,0.023909375071525574,0.0
1090.0,1092.0,0.02394239231944084,0.01861705258488655,0.0031498561147600412
1091.0,1093.0,0.014846136793494225,0.0,0.002782913390547037
1092.0,1094.0,0.008523051626980305,0.009097583591938019,0.0
1093.0,1095.0,0.015409475192427635,0.01719297654926777,0.006469580344855785
1094.0,1096.0,0.013851746916770935,0.01748768985271454,0.014622541144490242
1095.0,1097.0,0.006184711121022701,0.019521886482834816,0.0076431469060480595
1096.0,1098.0,0.013852820731699467,0.026024390012025833,0.0025687708985060453
1097.0,1099.0,0.012321339920163155,0.028026539832353592,0.010043379850685596
1098.0,1100.0,0.020644012838602066,0.025048546493053436,0.012682859785854816
1099.0,1101.0,0.006824953947216272,0.010615534149110317,0.010969486087560654
1100.0,1102.0,0.00603316817432642,0.007029979024082422,0.009801890701055527
1101.0,1103.0,0.01564689539372921,0.0015597552992403507,0.001862144097685814
1102.0,1104.0,0.020425964146852493,0.0,0.008316218852996826
1103.0,1105.0,0.016148852184414864,0.013833191245794296,0.016888704150915146
1104.0,1106.0,0.015822047367691994,0.007387691643089056,8.7774358689785e-05
1105.0,1107.0,0.018820174038410187,0.008062038570642471,0.0062585691921412945
1106.0,1108.0,0.00951570924371481,0.014087310060858727,0.014243419282138348
1107.0,1109.0,0.021653633564710617,0.0013713357038795948,0.0059622786939144135
1108.0,1110.0,0.026841698214411736,0.0,0.012082920409739017
1109.0,1111.0,0.019956983625888824,0.0,0.0103281419724226
1110.0,1112.0,0.00598516222089529,0.0,0.004731491673737764
1111.0,1113.0,0.006975583732128143,0.009642068296670914,0.008305227383971214
1112.0,1114.0,0.0,0.014946420677006245,0.00583611661568284
1113.0,1115.0,0.0,0.011054928414523602,0.002307634335011244
1114.0,1116.0,0.005313033238053322,0.013842392712831497,0.0053139436058700085
1115.0,1117.0,0.026629619300365448,0.0083913030102849,0.010008631274104118
1116.0,1118.0,0.02708205208182335,0.0,0.000638989731669426
1117.0,1119.0,0.010415572673082352,0.0,0.0
1118.0,1120.0,0.017474476248025894,0.0027121142484247684,0.003904771525412798
1119.0,1121.0,0.01985223963856697,0.006383903324604034,0.0207673329859972
1120.0,1122.0,0.02056240662932396,0.006862209178507328,0.01673220470547676
1121.0,1123.0,0.0,0.028407283127307892,0.00474237184971571
1122.0,1124.0,0.0028169811703264713,0.004954526200890541,0.010842396877706051
1123.0,1125.0,0.015292933210730553,0.01064049731940031,0.021415727213025093
1124.0,1126.0,0.007171148434281349,0.0,0.0
1125.0,1127.0,0.008676734752953053,0.0,0.0
1126.0,1128.0,0.027249768376350403,0.013888664543628693,0.015830926597118378
1127.0,1129.0,0.02113049104809761,0.00754107441753149,0.013937080278992653
1128.0,1130.0,0.02598092146217823,0.007779504172503948,0.007025334984064102
1129.0,1131.0,0.015910517424345016,0.011642205528914928,0.015476329252123833
1130.0,1132.0,0.0,0.0010355138219892979,0.007806817069649696
1131.0,1133.0,0.008290636353194714,0.0066489349119365215,0.0026040086522698402
1132.0,1134.0,0.01077284850180149,0.013064054772257805,0.015069259330630302
1133.0,1135.0,0.010929938405752182,0.015180922113358974,0.0019251143094152212
1134.0,1136.0,0.005632425658404827,0.020034346729516983,0.0019512687576934695
1135.0,1137.0,0.012915549799799919,0.011631982401013374,0.0
1136.0,1138.0,0.016592644155025482,0.0026957918889820576,0.013976717367768288
1137.0,1139.0,0.009675613604485989,0.0076572890393435955,0.014298902824521065
1138.0,1140.0,0.010074067860841751,0.002308144234120846,0.012220141477882862
1139.0,1141.0,0.007756498642265797,0.0,0.012204866856336594
1140.0,1142.0,0.00601708609610796,4.715682007372379e-05,0.0015370510518550873
1141.0,1143.0,0.02201329544186592,0.01317569985985756,0.009542870335280895
1142.0,1144.0,0.020284391939640045,0.007971690967679024,0.02080022171139717
1143.0,1145.0,0.016400836408138275,0.004738383926451206,0.018612384796142578
1144.0,1146.0,0.011123646050691605,0.0,0.008299773558974266
1145.0,1147.0,0.02230134978890419,0.0,0.015784552320837975
1146.0,1148.0,0.015409829095005989,0.01175433024764061,0.012065272778272629
1147.0,1149.0,0.009634116664528847,0.009023899212479591,0.00636969693005085
1148.0,1150.0,0.01913665607571602,0.0,0.010704699903726578
1149.0,1151.0,0.02385025843977928,0.0010713092051446438,0.017288874834775925
1150.0,1152.0,0.016237914562225342,0.020439088344573975,0.03133762627840042
1151.0,1153.0,0.006735242437571287,0.0,0.012424198910593987
1152.0,1154.0,0.011206263676285744,0.0,0.01564331352710724
1153.0,1155.0,0.014838533475995064,0.0,0.004496448207646608
1154.0,1156.0,0.012574195861816406,0.0,0.0019675949588418007
1155.0,1157.0,0.022570064291357994,0.004925999790430069,0.014798060990869999
1156.0,1158.0,0.023852631449699402,0.020494790747761726,0.031234074383974075
1157.0,1159.0,0.01285554375499487,0.006417231634259224,0.024691689759492874
1158.0,1160.0,0.016125431284308434,0.0,0.016150852665305138
1159.0,1161.0,0.025010239332914352,0.0019918237812817097,0.016392571851611137
1160.0,1162.0,0.020267827436327934,0.0,0.013228975236415863
1161.0,1163.0,0.007994303479790688,0.0,0.010837040841579437
1162.0,1164.0,0.008373865857720375,0.011773982085287571,0.010056646540760994
1163.0,1165.0,0.008799334987998009,0.016782589256763458,0.010517806746065617
1164.0,1166.0,0.022720061242580414,0.0,0.026603545993566513
1165.0,1167.0,0.021234188228845596,0.0,0.011609011329710484
1166.0,1168.0,0.011253208853304386,0.008636612445116043,0.007268823217600584
1167.0,1169.0,0.023173771798610687,0.0,0.0035580331459641457
1168.0,1170.0,0.024071794003248215,0.0,0.01574670523405075
1169.0,1171.0,0.011096874251961708,0.0,0.0010985388653352857
1170.0,1172.0,0.021880054846405983,0.0,0.004629001021385193
1171.0,1173.0,0.016982117667794228,0.009873466566205025,0.010710084810853004
1172.0,1174.0,0.015987133607268333,0.011421933770179749,0.008768980391323566
1173.0,1175.0,0.02137836441397667,0.0171937458217144,0.003843411337584257
1174.0,1176.0,0.017242515459656715,0.018397033214569092,0.0
1175.0,1177.0,0.020571738481521606,0.015484190545976162,0.0030184369534254074
1176.0,1178.0,0.02227666974067688,0.0048111979849636555,0.0
1177.0,1179.0,0.024200595915317535,0.008810175582766533,0.0037453044205904007
1178.0,1180.0,0.013175122439861298,0.01185976155102253,0.00501912971958518
1179.0,1181.0,0.007060782052576542,0.012449987232685089,0.012088402174413204
1180.0,1182.0,0.016065185889601707,0.013528245501220226,0.00957572739571333
1181.0,1183.0,0.018871817737817764,0.0036583004985004663,0.005411464720964432
1182.0,1184.0,0.015968207269906998,0.006046095862984657,0.0
1183.0,1185.0,0.01634911820292473,0.01301469374448061,0.002056763507425785
1184.0,1186.0,0.020896757021546364,0.01618915982544422,0.0034733721986413
1185.0,1187.0,0.030479099601507187,0.007483285386115313,0.007215873338282108
1186.0,1188.0,0.024951491504907608,0.0,0.008593231439590454
1187.0,1189.0,0.01728213205933571,0.0,0.011427421122789383
1188.0,1190.0,0.012522177770733833,0.0028286948800086975,0.01949356123805046
1189.0,1191.0,0.02422407642006874,0.007618342991918325,0.017628183588385582
1190.0,1192.0,0.019330330193042755,0.010668611153960228,0.010448829270899296
1191.0,1193.0,0.008132013492286205,0.015341674908995628,0.005999838467687368
1192.0,1194.0,0.003997416701167822,0.0,0.005031241569668055
1193.0,1195.0,0.024499788880348206,0.010664524510502815,0.01481689978390932
1194.0,1196.0,0.02115015499293804,0.007011693902313709,0.023217903450131416
1195.0,1197.0,0.012436507269740105,0.0,0.006464600097388029
1196.0,1198.0,0.004609785974025726,0.004349362570792437,0.007637025322765112
1197.0,1199.0,0.01203802041709423,0.0,0.022982493042945862
1198.0,1200.0,0.0014763548970222473,0.0232616625726223,0.013678285293281078
1199.0,1201.0,0.0,0.0019471650011837482,0.003763700369745493
1200.0,1202.0,0.004592812620103359,0.0,0.001772124320268631
1201.0,1203.0,0.0,0.006130652502179146,0.010693750344216824
1202.0,1204.0,0.0,0.004714213311672211,0.014907311648130417
1203.0,1205.0,0.007432583719491959,0.022720210254192352,1.4946796000003815e-05
1204.0,1206.0,0.0020396593026816845,0.03691171854734421,0.0006698053330183029
1205.0,1207.0,0.00761893205344677,0.019945664331316948,0.0
1206.0,1208.0,0.008936305530369282,0.0,0.0
1207.0,1209.0,0.01223566010594368,0.0,0.0
1208.0,1210.0,0.01012448687106371,0.0,0.0
1209.0,1211.0,0.004431841894984245,0.0068673305213451385,0.005630430765450001
1210.0,1212.0,0.010058150626718998,0.0,0.00035005947574973106
1211.0,1213.0,0.014379069209098816,0.015232115983963013,0.0
1212.0,1214.0,0.011549144983291626,0.0,0.0
1213.0,1215.0,0.018023336306214333,0.0,0.0
1214.0,1216.0,0.007841778919100761,0.0,0.0
1215.0,1217.0,0.0,0.0,0.0
1216.0,1218.0,0.010061020031571388,0.004600565414875746,0.0
1217.0,1219.0,0.0013539036735892296,0.014815980568528175,0.0
1218.0,1220.0,0.005241462029516697,0.011006530374288559,0.003957253880798817
1219.0,1221.0,0.002937369979918003,0.013011274859309196,0.0
1220.0,1222.0,0.007697488646954298,0.011174389161169529,0.0045380727387964725
1221.0,1223.0,0.009615050628781319,0.0,0.0
1222.0,1224.0,0.007439416833221912,0.0,0.0
1223.0,1225.0,0.008088784292340279,0.0,0.0
1224.0,1226.0,0.00937765371054411,0.0,0.0
1225.0,1227.0,0.017395952716469765,0.012159200385212898,0.0
1226.0,1228.0,0.01676725223660469,0.0038517010398209095,0.0015003192238509655
1227.0,1229.0,0.01588515192270279,0.0,0.0
1228.0,1230.0,0.023032082244753838,0.0,0.0
1229.0,1231.0,0.03189615160226822,0.020415298640727997,0.009270526468753815
1230.0,1232.0,0.02419298142194748,0.021649997681379318,0.012643035501241684
1231.0,1233.0,0.020732462406158447,0.0,0.009758926928043365
1232.0,1234.0,0.0180389154702425,0.0,0.0
1233.0,1235.0,0.007281728088855743,0.0021585384383797646,0.0
1234.0,1236.0,0.005599498748779297,0.0015912116505205631,0.0
1235.0,1237.0,0.0,0.0011287275701761246,0.0
1236.0,1238.0,0.015726007521152496,0.0078080142848193645,0.0
1237.0,1239.0,0.027098312973976135,0.024600142613053322,0.0061083026230335236
1238.0,1240.0,0.011587420478463173,0.01932920329272747,0.0
1239.0,1241.0,0.0190532598644495,0.0,0.0
1240.0,1242.0,0.003320390824228525,0.0,0.005729219876229763
1241.0,1243.0,0.013988707214593887,0.010452318005263805,0.012094984762370586
1242.0,1244.0,0.0,0.018534250557422638,0.009308034554123878
1243.0,1245.0,0.003918888512998819,0.009358047507703304,0.016542233526706696
1244.0,1246.0,0.019861355423927307,0.0,0.0021907975897192955
1245.0,1247.0,0.01301986537873745,0.0,0.008831359446048737
1246.0,1248.0,0.0035676779225468636,0.021155351772904396,0.01845191977918148
1247.0,1249.0,0.0,0.02516169846057892,0.0001624375581741333
1248.0,1250.0,0.004202546551823616,0.03189820051193237,0.0
1249.0,1251.0,0.01930847018957138,0.014299524948000908,0.006868160329759121
1250.0,1252.0,0.01735331118106842,0.004253918305039406,0.01584445685148239
1251.0,1253.0,0.01680295169353485,0.0,0.008105773478746414
1252.0,1254.0,0.003707884345203638,0.015310818329453468,0.0026427663397043943
1253.0,1255.0,0.005625902209430933,0.02397097647190094,0.02523319609463215
1254.0,1256.0,8.428818546235561e-05,0.030403001233935356,0.012616089545190334
1255.0,1257.0,0.0,0.006994679104536772,0.0
1256.0,1258.0,0.0077397506684064865,0.015413960441946983,0.00533958338201046
1257.0,1259.0,0.014587359502911568,0.009181507863104343,0.006760288029909134
1258.0,1260.0,0.015453498810529709,0.0027711018919944763,0.0019898517057299614
1259.0,1261.0,0.018121056258678436,0.00786750577390194,7.682712748646736e-06
1260.0,1262.0,0.008945516310632229,0.006473560351878405,0.0
1261.0,1263.0,0.0038030301220715046,0.0032299370504915714,0.006992210168391466
1262.0,1264.0,0.002635474782437086,0.020026175305247307,0.017470765858888626
1263.0,1265.0,0.01674807444214821,0.016199583187699318,0.007449503988027573
1264.0,1266.0,0.015429551713168621,0.004185819067060947,0.005484608002007008
1265.0,1267.0,0.008960623294115067,0.0,0.006304487586021423
1266.0,1268.0,0.019593805074691772,0.0,0.008849069476127625
1267.0,1269.0,0.019810650497674942,0.0,0.007017543073743582
1268.0,1270.0,0.012190588749945164,0.0,0.0
1269.0,1271.0,0.00610137265175581,0.0,0.010187248699367046
1270.0,1272.0,0.0022870125249028206,0.009046334773302078,0.013718796893954277
1271.0,1273.0,0.01560012437403202,0.007393616251647472,0.0
1272.0,1274.0,0.0168526079505682,0.012848406098783016,0.0024751578457653522
1273.0,1275.0,0.002319629769772291,0.012205792590975761,0.0065387217327952385
1274.0,1276.0,0.013169439509510994,0.015171848237514496,0.009196404367685318
1275.0,1277.0,0.0025553179439157248,0.0,0.006970196962356567
1276.0,1278.0,0.01576310209929943,0.0,0.006167418789118528
1277.0,1279.0,0.017620688304305077,0.0,0.010009026154875755
1278.0,1280.0,0.01577811874449253,0.0,0.008051815442740917
1279.0,1281.0,0.007174896541982889,0.006743966601788998,0.011868542991578579
1280.0,1282.0,0.008246230892837048,0.020282834768295288,0.009446807205677032
1281.0,1283.0,0.012477348558604717,0.011752025224268436,0.014705648645758629
1282.0,1284.0,0.013992938213050365,0.007843348197638988,0.019119352102279663
1283.0,1285.0,0.012518195435404778,0.007700731977820396,0.01228133961558342
1284.0,1286.0,0.023864392191171646,0.00060245580971241,0.0
1285.0,1287.0,0.020282240584492683,0.0,0.0
1286.0,1288.0,0.01299342606216669,0.004162909463047981,0.0
1287.0,1289.0,0.013410643674433231,0.012180846184492111,0.0
1288.0,1290.0,0.022766605019569397,0.004446011036634445,0.005720994900912046
1289.0,1291.0,0.014746133238077164,0.0,0.002421682234853506
1290.0,1292.0,0.008006429299712181,0.00496668228879571,0.004144622478634119
1291.0,1293.0,0.006975969299674034,0.003688037395477295,0.007624369114637375
1292.0,1294.0,0.007306685205549002,0.0056220609694719315,0.007855858653783798
1293.0,1295.0,0.0041814460419118404,0.0,0.006947074551135302
1294.0,1296.0,0.011073756963014603,0.0,0.0
1295.0,1297.0,0.01578747108578682,0.0,0.0
1296.0,1298.0,0.013499751687049866,0.0,0.018009908497333527
1297.0,1299.0,0.01734059862792492,0.010797332040965557,0.009780646301805973
1298.0,1300.0,0.010227654129266739,0.02835516817867756,0.014669172465801239
1299.0,1301.0,0.0,0.01164255291223526,0.010583152994513512
1300.0,1302.0,0.006774529814720154,0.00380896613933146,0.0034638363867998123
1301.0,1303.0,0.021351471543312073,0.004287165589630604,0.003018349874764681
1302.0,1304.0,0.006306597031652927,0.0,0.0
1303.0,1305.0,0.007826031185686588,0.0,0.0
1304.0,1306.0,0.01533440500497818,0.0,0.003674653824418783
1305.0,1307.0,0.010504258796572685,0.0,0.005420967470854521
1306.0,1308.0,0.006948569789528847,0.0,0.0
1307.0,1309.0,0.004629721399396658,0.0,0.0009674038738012314
1308.0,1310.0,0.009896967560052872,0.010163327679038048,0.01612991839647293
1309.0,1311.0,0.01586422324180603,0.0034480695612728596,0.02254484035074711
1310.0,1312.0,0.004442472476512194,0.00659970473498106,0.019810227677226067
1311.0,1313.0,0.005344703793525696,0.009117338806390762,0.011827077716588974
1312.0,1314.0,0.025984415784478188,0.01041844580322504,0.016752615571022034
1313.0,1315.0,0.024095410481095314,0.01670822873711586,0.022894661873579025
1314.0,1316.0,0.018525805324316025,0.033981554210186005,0.015583171509206295
1315.0,1317.0,0.015210220590233803,0.017833005636930466,0.007390871178358793
1316.0,1318.0,0.024374201893806458,0.009217998012900352,0.0029072738252580166
1317.0,1319.0,0.01815524697303772,0.010914288461208344,0.013954699039459229
1318.0,1320.0,0.003927227109670639,0.0,0.009091092273592949
1319.0,1321.0,0.00452379509806633,0.0,0.00862432736903429
1320.0,1322.0,0.016712967306375504,0.006937596946954727,0.004470336716622114
1321.0,1323.0,0.02558664046227932,0.015763448551297188,0.004178349394351244
1322.0,1324.0,0.020981591194868088,0.00421810382977128,0.0063679940067231655
1323.0,1325.0,0.01756211929023266,0.0,0.006287844385951757
1324.0,1326.0,0.013855290599167347,0.0,0.005386678501963615
1325.0,1327.0,0.0005922028794884682,0.00708354264497757,0.0
1326.0,1328.0,0.003154965816065669,0.007977232336997986,0.0
1327.0,1329.0,0.008916460908949375,0.0077799297869205475,0.00226398603990674
1328.0,1330.0,0.009285151958465576,0.0,0.009005941450595856
1329.0,1331.0,0.006179887801408768,0.0013393437257036567,0.007173164747655392
1330.0,1332.0,0.017972247675061226,0.0,0.012588853016495705
1331.0,1333.0,0.01326590683311224,0.0,0.006318081170320511
1332.0,1334.0,0.007990634068846703,0.0038352119736373425,0.006082320585846901
1333.0,1335.0,0.007027984596788883,0.0,0.012009238824248314
1334.0,1336.0,0.01369516272097826,0.011409583501517773,0.004334426485002041
1335.0,1337.0,0.015938688069581985,0.00963113084435463,0.0077130114659667015
1336.0,1338.0,0.0,0.0,0.0005849357694387436
1337.0,1339.0,0.012176903896033764,0.0,0.01727653294801712
1338.0,1340.0,0.004895076155662537,0.03148284927010536,0.02547154203057289
1339.0,1341.0,0.0027971838135272264,0.020089473575353622,0.023971568793058395
1340.0,1342.0,0.0018597068265080452,0.0,0.00946076400578022
1341.0,1343.0,0.0071113514713943005,0.0,0.0
1342.0,1344.0,0.013674844056367874,0.0008777917828410864,0.023152878507971764
1343.0,1345.0,0.0,0.0028608031570911407,0.0034975921735167503
1344.0,1346.0,0.009598947130143642,0.01949360780417919,0.025043506175279617
1345.0,1347.0,0.014744080603122711,0.017285972833633423,0.018250267952680588
1346.0,1348.0,0.004450158681720495,0.015864895656704903,0.0007603376870974898
1347.0,1349.0,0.005766194313764572,0.0,0.0
1348.0,1350.0,0.011743681505322456,0.0,0.013511598110198975
1349.0,1351.0,0.014453588053584099,0.0,0.010444861836731434
1350.0,1352.0,0.013130350038409233,0.0,0.0
1351.0,1353.0,0.02724529057741165,0.0,0.0030307285487651825
1352.0,1354.0,0.024486713111400604,0.0,0.017566686496138573
1353.0,1355.0,0.0011935639195144176,0.014553899876773357,0.010545783676207066
1354.0,1356.0,0.004341584630310535,0.003806808963418007,0.0079578198492527
1355.0,1357.0,0.010067149065434933,0.0025350418873131275,0.01904124766588211
1356.0,1358.0,0.0004628347232937813,0.000535712344571948,0.014672469347715378
1357.0,1359.0,0.0,0.0,0.0048592304810881615
1358.0,1360.0,0.006284063681960106,0.0,0.007504629902541637
1359.0,1361.0,0.0070546469651162624,0.011728305369615555,0.012369799427688122
1360.0,1362.0,0.0,0.007222810760140419,0.0010539544746279716
1361.0,1363.0,0.0,0.0,0.0
1362.0,1364.0,0.0,0.0,0.0
1363.0,1365.0,0.00460069440305233,0.006742867175489664,0.0
1364.0,1366.0,0.0006067231297492981,0.008716003969311714,0.0019097859039902687
1365.0,1367.0,0.004026326816529036,0.0037082741037011147,0.0
1366.0,1368.0,0.011411919258534908,0.0,0.0072799790650606155
1367.0,1369.0,0.0,0.00234804954379797,0.01170998066663742
1368.0,1370.0,0.0,0.0,0.0004964894615113735
1369.0,1371.0,0.0,0.0,0.0
1370.0,1372.0,0.0,0.0,0.0019840318709611893
1371.0,1373.0,0.0,0.0,0.01923251897096634
1372.0,1374.0,0.0,0.012158277444541454,0.0195460207760334
1373.0,1375.0,0.0,0.014478534460067749,0.0
1374.0,1376.0,0.025149429216980934,0.012266334146261215,0.0
1375.0,1377.0,0.016486672684550285,0.015250153839588165,0.006238972302526236
1376.0,1378.0,0.007809384260326624,0.011574449017643929,0.0
1377.0,1379.0,0.02649267204105854,0.0074567608535289764,0.003885322716087103
1378.0,1380.0,0.020539697259664536,0.0024391524493694305,0.0
1379.0,1381.0,0.0034683579578995705,0.020424149930477142,0.0
1380.0,1382.0,0.018095776438713074,0.008469006046652794,0.0
1381.0,1383.0,0.0,0.015046692453324795,0.01985618844628334
1382.0,1384.0,0.010854348540306091,0.013094879686832428,0.015847720205783844
1383.0,1385.0,0.010885469615459442,0.002696547657251358,0.01574958860874176
1384.0,1386.0,3.236904740333557e-05,0.01838511973619461,0.0
1385.0,1387.0,0.0,0.015530731528997421,0.0
1386.0,1388.0,0.0007928614504635334,0.02564707212150097,0.0
1387.0,1389.0,0.0009270496666431427,0.0317169688642025,0.012324945069849491
1388.0,1390.0,0.0017712318804115057,0.004811528138816357,0.012693841010332108
1389.0,1391.0,0.021251361817121506,0.00017239805310964584,0.003618321381509304
1390.0,1392.0,0.016293499618768692,0.013332713395357132,0.005141018889844418
1391.0,1393.0,0.011243699118494987,0.01846519485116005,0.011821812018752098
1392.0,1394.0,0.014723160304129124,0.0,0.002538747154176235
1393.0,1395.0,0.019877474755048752,0.0,0.0004585634160321206
1394.0,1396.0,0.01894720271229744,0.0,0.0025529281701892614
1395.0,1397.0,0.00677589513361454,0.0012503243051469326,0.0
1396.0,1398.0,0.012261724099516869,0.005729226395487785,0.0
1397.0,1399.0,0.023900773376226425,0.0,0.0
1398.0,1400.0,0.019247744232416153,0.0,0.006090077105909586
1399.0,1401.0,0.0200832337141037,0.00792277604341507,8.868251461535692e-05
1400.0,1402.0,0.03716052323579788,0.005019390024244785,0.0026343597564846277
1401.0,1403.0,0.01926419511437416,0.009279122576117516,0.004924055188894272
1402.0,1404.0,0.010701083578169346,0.004863330628722906,0.0
1403.0,1405.0,0.008476647548377514,0.0137654859572649,0.012648176401853561
1404.0,1406.0,0.022218115627765656,0.003081660717725754,0.009743054397404194
1405.0,1407.0,0.017712488770484924,0.0,0.007970374077558517
1406.0,1408.0,0.0054511334747076035,0.009578685276210308,0.004717124160379171
1407.0,1409.0,0.007264098152518272,0.004889458883553743,0.0
1408.0,1410.0,0.012928332202136517,0.0,0.0018142960034310818
1409.0,1411.0,0.010608681477606297,0.0,0.0
1410.0,1412.0,0.0055047934874892235,0.0,0.0
1411.0,1413.0,0.010634265840053558,0.0,0.0
1412.0,1414.0,0.015415303409099579,0.0,0.00416451133787632
1413.0,1415.0,0.011545062996447086,0.0,0.0024564634077250957
1414.0,1416.0,0.009422585368156433,0.002261387649923563,0.008581556379795074
1415.0,1417.0,0.0065170698799192905,0.0035282731987535954,0.010744601488113403
1416.0,1418.0,0.009738934226334095,0.0,0.01372724398970604
1417.0,1419.0,0.003519098274409771,0.0,0.018137317150831223
1418.0,1420.0,0.00647352309897542,0.0,0.009428722783923149
1419.0,1421.0,0.0,0.011934810318052769,0.007413337007164955
1420.0,1422.0,0.005051315296441317,0.017580682411789894,0.0055625420063734055
1421.0,1423.0,0.013736128807067871,0.016381561756134033,0.010997824370861053
1422.0,1424.0,0.007352117914706469,0.01712900958955288,0.015860460698604584
1423.0,1425.0,0.010399393737316132,0.023121176287531853,0.01543466653674841
1424.0,1426.0,0.016178693622350693,0.013653375208377838,0.018533220514655113
1425.0,1427.0,0.016209039837121964,0.030303435400128365,0.019462689757347107
1426.0,1428.0,0.013347085565328598,0.01706051640212536,0.007641749922186136
1427.0,1429.0,0.007068031467497349,0.007085409946739674,0.010231873020529747
1428.0,1430.0,0.0030470206402242184,0.011156655848026276,0.012395373545587063
1429.0,1431.0,0.004788260441273451,0.015138988383114338,0.006280946079641581
1430.0,1432.0,0.009968949481844902,0.0,0.00723108509555459
1431.0,1433.0,0.016034064814448357,0.0,0.0
1432.0,1434.0,0.012414051219820976,0.0,0.005745816044509411
1433.0,1435.0,0.02290327660739422,0.001303281169384718,0.009724687784910202
1434.0,1436.0,0.025038493797183037,0.010048987343907356,0.0
1435.0,1437.0,0.009402317926287651,0.010035993531346321,0.0
1436.0,1438.0,0.0,0.006363831460475922,0.0
1437.0,1439.0,0.011971095576882362,0.009433274157345295,0.01708737015724182
1438.0,1440.0,0.010588188655674458,0.00795260164886713,0.012061264365911484
1439.0,1441.0,0.015919221565127373,0.009968375787138939,0.007709108293056488
1440.0,1442.0,0.01684267818927765,0.0033644489012658596,0.00987211149185896
1441.0,1443.0,0.020680060610175133,0.02177954837679863,0.02247532829642296
1442.0,1444.0,0.017913393676280975,0.01971033588051796,0.010050072334706783
1443.0,1445.0,0.0017214715480804443,0.014798366464674473,0.01140742376446724
1444.0,1446.0,0.009061341173946857,0.017600854858756065,0.01976938545703888
1445.0,1447.0,0.01634964346885681,0.016749165952205658,0.027957625687122345
1446.0,1448.0,0.02279292605817318,0.006132770329713821,0.0176362544298172
1447.0,1449.0,0.007533542811870575,0.01766497641801834,0.010998740792274475
1448.0,1450.0,0.015778979286551476,0.01770755462348461,0.008393745869398117
1449.0,1451.0,0.01863684318959713,0.028469979763031006,0.018788613379001617
1450.0,1452.0,0.018872089684009552,0.01193163450807333,0.022564195096492767
1451.0,1453.0,0.016734451055526733,0.006347638554871082,0.015466738492250443
1452.0,1454.0,0.008308693766593933,0.0041511766612529755,0.0034176819026470184
1453.0,1455.0,0.002767614321783185,0.0,0.006363478023558855
1454.0,1456.0,0.016169998794794083,0.005091515369713306,0.0018523726612329483
1455.0,1457.0,0.022054482251405716,0.009798601269721985,0.006666092202067375
1456.0,1458.0,0.02554386481642723,0.007233116310089827,0.008189023472368717
1457.0,1459.0,0.01455247588455677,0.00408470444381237,0.01079366821795702
1458.0,1460.0,0.017210088670253754,0.0024762721732258797,0.0046617561019957066
1459.0,1461.0,0.005461080931127071,0.02047242969274521,0.008039056323468685
1460.0,1462.0,0.011786442250013351,0.005826106294989586,0.0007855757139623165
1461.0,1463.0,0.022589407861232758,0.0,0.0
1462.0,1464.0,0.024352699518203735,0.007702029310166836,0.00018906407058238983
1463.0,1465.0,0.009887652471661568,0.0122421495616436,0.005447092931717634
1464.0,1466.0,0.0108896903693676,0.0049206288531422615,0.0070003024302423
1465.0,1467.0,0.02319192700088024,0.0,0.013116700574755669
1466.0,1468.0,0.018630322068929672,0.004005268216133118,0.01637585647404194
1467.0,1469.0,0.018572669476270676,0.005058645270764828,0.011208558455109596
1468.0,1470.0,0.010860093869268894,0.0,0.005505328066647053
1469.0,1471.0,0.016636479645967484,0.0,0.009320450015366077
1470.0,1472.0,0.01978927105665207,0.0,0.014339439570903778
1471.0,1473.0,0.015423259697854519,0.007560931146144867,0.0064965225756168365
1472.0,1474.0,0.009445316158235073,0.02514009177684784,0.009421691298484802
1473.0,1475.0,0.01614018902182579,0.022392448037862778,0.014272241853177547
1474.0,1476.0,0.02537238597869873,0.014787161722779274,0.0
1475.0,1477.0,0.01986711472272873,0.0012919916771352291,0.0
1476.0,1478.0,0.023658202961087227,0.0,0.0
1477.0,1479.0,0.01173369400203228,0.001728489063680172,0.008863463997840881
1478.0,1480.0,0.013723150826990604,0.005473867990076542,0.0016206389991566539
1479.0,1481.0,0.01041088905185461,0.0058905757032334805,0.002695325296372175
1480.0,1482.0,0.010829724371433258,0.00026278942823410034,0.005269773304462433
1481.0,1483.0,0.01602175459265709,0.010086346417665482,0.017106754705309868
1482.0,1484.0,0.024997688829898834,0.008605552837252617,0.013831639662384987
1483.0,1485.0,0.020722705870866776,0.0,0.0
1484.0,1486.0,0.01636255346238613,0.0,0.0019058259204030037
1485.0,1487.0,0.015787484124302864,0.0,0.011473406106233597
1486.0,1488.0,0.021854516118764877,0.0,0.0016535804606974125
1487.0,1489.0,0.03010226972401142,0.006359221413731575,0.0
1488.0,1490.0,0.0210691150277853,0.0,0.00746703939512372
1489.0,1491.0,0.009333713911473751,0.00682988204061985,0.011135406792163849
1490.0,1492.0,0.024691006168723106,0.004395407158881426,0.004763089586049318
1491.0,1493.0,0.017713619396090508,0.0,0.002022381406277418
1492.0,1494.0,0.016369814053177834,0.0,0.005828598514199257
1493.0,1495.0,0.019528305158019066,0.0,0.0
1494.0,1496.0,0.02015199139714241,0.0,0.0
1495.0,1497.0,0.02418193221092224,0.013081243261694908,0.0
1496.0,1498.0,0.002002557273954153,0.013787154108285904,0.0
1497.0,1499.0,0.00161319924518466,0.0,0.0
1498.0,1500.0,0.0054998332634568214,0.00710882805287838,0.010073376819491386
1499.0,1501.0,0.0062156859785318375,0.014441773295402527,0.0018887085607275367
1500.0,1502.0,0.027254397049546242,0.019454333931207657,0.01168022770434618
1501.0,1503.0,0.023410795256495476,0.012920967303216457,0.011529648676514626
1502.0,1504.0,0.02209729328751564,0.014685938134789467,0.0003899515140801668
1503.0,1505.0,0.0199831984937191,0.010681195184588432,0.0
1504.0,1506.0,0.008352844044566154,0.0019279492553323507,0.0
1505.0,1507.0,0.026954418048262596,0.0,0.009747236967086792
1506.0,1508.0,0.027821293100714684,0.012393105775117874,0.005052273627370596
1507.0,1509.0,0.022731075063347816,0.009605227038264275,0.0047345831990242004
1508.0,1510.0,0.01704324036836624,0.022479727864265442,0.004153096117079258
1509.0,1511.0,0.00684146024286747,0.01231544278562069,0.0028032143600285053
1510.0,1512.0,0.013124911114573479,0.0,0.0
1511.0,1513.0,0.010570932179689407,0.0,0.0
1512.0,1514.0,0.010980533435940742,0.0,0.0
1513.0,1515.0,0.02072025090456009,0.0,0.012142293155193329
1514.0,1516.0,0.023355407640337944,0.0029552485793828964,0.0035296259447932243
1515.0,1517.0,0.027328472584486008,0.0,0.016992025077342987
1516.0,1518.0,0.02335738204419613,0.005469975061714649,0.01884448528289795
1517.0,1519.0,0.021348562091588974,0.019434168934822083,0.0055122338235378265
1518.0,1520.0,0.02927445061504841,0.0,0.003882216289639473
1519.0,1521.0,0.023972300812602043,0.0,0.014658467844128609
1520.0,1522.0,0.024741526693105698,0.0,0.024166250601410866
1521.0,1523.0,0.021722353994846344,0.0,0.009185021743178368
1522.0,1524.0,0.016505487263202667,0.0,0.0014818627387285233
1523.0,1525.0,0.020173247903585434,0.004534560721367598,0.005729516036808491
1524.0,1526.0,0.015436597168445587,0.0,0.0
1525.0,1527.0,0.012794261798262596,0.0,0.0029296712018549442
1526.0,1528.0,0.017820272594690323,0.0016962962690740824,0.0
1527.0,1529.0,0.006285746581852436,0.018933694809675217,0.007568042259663343
1528.0,1530.0,0.006670650560408831,0.00576152466237545,0.0007169186137616634
1529.0,1531.0,0.01090766116976738,0.00039810920134186745,0.005118314176797867
1530.0,1532.0,0.02024468407034874,0.0,0.008153831586241722
1531.0,1533.0,0.012817852199077606,0.006420607212930918,0.01406538113951683
1532.0,1534.0,0.011283205822110176,0.015848413109779358,0.0035484693944454193
1533.0,1535.0,0.008278533816337585,0.0036735553294420242,0.016822881996631622
1534.0,1536.0,0.015758942812681198,0.0006079538725316525,0.012524574995040894
1535.0,1537.0,0.01886117085814476,0.004698737524449825,0.01660793274641037
1536.0,1538.0,0.011963862925767899,0.012517910450696945,0.014600628986954689
1537.0,1539.0,0.015431717038154602,0.0011574230156838894,0.0014593219384551048
1538.0,1540.0,0.007595024071633816,0.0,0.014797080308198929
1539.0,1541.0,0.01672164909541607,0.0010573829058557749,0.011423256248235703
1540.0,1542.0,0.008806056343019009,0.018718447536230087,0.011089791543781757
1541.0,1543.0,0.004019305109977722,0.019801119342446327,0.0008132951334118843
1542.0,1544.0,0.0,0.014088491909205914,0.00377096189185977
1543.0,1545.0,0.007497290149331093,0.005590793676674366,0.004335275385528803
1544.0,1546.0,0.005998057313263416,0.004727762192487717,0.008566483855247498
1545.0,1547.0,0.002026377245783806,0.016744766384363174,0.014331799000501633
1546.0,1548.0,0.0,0.01075899600982666,0.000916559249162674
1547.0,1549.0,0.0,0.0035489536821842194,0.0
1548.0,1550.0,0.009809650480747223,0.004266980569809675,0.011419227346777916
1549.0,1551.0,0.02069319412112236,0.005562153644859791,0.014537133276462555
1550.0,1552.0,0.02060864306986332,0.0,0.01461055502295494
1551.0,1553.0,0.01508732233196497,0.0,0.0014431304298341274
1552.0,1554.0,0.01077311858534813,0.004768959246575832,0.0034209354780614376
1553.0,1555.0,0.01843634806573391,0.006877850741147995,0.0059502022340893745
1554.0,1556.0,0.021280450746417046,0.0,0.006030801683664322
1555.0,1557.0,0.0009269809816032648,0.0,0.0
1556.0,1558.0,0.01759786531329155,0.0,0.0
1557.0,1559.0,0.0183962881565094,0.005745272152125835,0.0
1558.0,1560.0,0.001878742128610611,0.018164046108722687,0.0
1559.0,1561.0,0.014652220532298088,0.00868894997984171,0.0
1560.0,1562.0,0.025105852633714676,0.016828693449497223,0.005989380180835724
1561.0,1563.0,0.02084178477525711,0.01724562793970108,0.002089893212541938
1562.0,1564.0,0.015275375917553902,0.00521065853536129,0.0031151825096458197
1563.0,1565.0,0.011229400523006916,0.0058254050090909,0.0035430220887064934
1564.0,1566.0,0.006792716681957245,0.006995675154030323,0.0001896542962640524
1565.0,1567.0,0.012349994853138924,0.009286757558584213,0.010151846334338188
1566.0,1568.0,0.0178576298058033,0.0,0.005596379283815622
1567.0,1569.0,0.01313178613781929,0.0011715535074472427,0.0
1568.0,1570.0,0.021834712475538254,0.006117991171777248,0.004927419126033783
1569.0,1571.0,0.01896504871547222,0.01207825355231762,0.01043674349784851
1570.0,1572.0,0.011780982837080956,0.022246945649385452,0.004886906128376722
1571.0,1573.0,0.01865653321146965,0.014063959009945393,0.0011690502287819982
1572.0,1574.0,0.012747127562761307,0.010709293186664581,0.012461654841899872
1573.0,1575.0,0.013391725718975067,0.00582494493573904,0.005216061137616634
1574.0,1576.0,0.01153964176774025,0.0,0.0
1575.0,1577.0,0.0099658677354455,0.004575549624860287,0.0015731980092823505
1576.0,1578.0,0.007241994142532349,0.0034578321501612663,0.0122255003079772
1577.0,1579.0,0.0,0.005221292842179537,0.017615798860788345
1578.0,1580.0,0.012060929089784622,0.0030554141849279404,0.0030682645738124847
1579.0,1581.0,0.014657378196716309,0.003338105045258999,0.008533123880624771
1580.0,1582.0,0.012156750075519085,0.0,0.004070746246725321
1581.0,1583.0,0.013798126019537449,0.006068029440939426,0.021590976044535637
1582.0,1584.0,0.006636049598455429,0.016634441912174225,0.012131959199905396
1583.0,1585.0,0.006787614431232214,0.006864309310913086,0.016766583546996117
1584.0,1586.0,0.00706824054941535,0.0036215241998434067,0.005872837733477354
1585.0,1587.0,0.0,0.01942315883934498,0.004741379991173744
1586.0,1588.0,0.0016096848994493484,0.03926478326320648,0.012177408672869205
1587.0,1589.0,0.016544649377465248,0.017096571624279022,0.001813307055272162
1588.0,1590.0,0.010373717173933983,0.011490353383123875,0.002354743890464306
1589.0,1591.0,0.007566071581095457,0.03051603026688099,0.01377369835972786
1590.0,1592.0,0.0,0.00027664005756378174,0.0
1591.0,1593.0,0.0,0.0010815192945301533,0.0
1592.0,1594.0,0.011504554189741611,0.00587910832837224,0.0
1593.0,1595.0,0.011265682056546211,0.0060330284759402275,0.006528012920171022
1594.0,1596.0,0.010000796057283878,0.004062813241034746,0.0038781592156738043
1595.0,1597.0,0.02016483061015606,0.0,0.005328169092535973
1596.0,1598.0,0.01672029122710228,0.0,0.0021612662822008133
1597.0,1599.0,0.00776020810008049,0.0,0.004383508116006851
1598.0,1600.0,0.014350319281220436,0.0,0.0034813587553799152
1599.0,1601.0,0.021916871890425682,0.0,0.002026599133387208
1600.0,1602.0,0.028179267421364784,0.0,0.0018319368828088045
1601.0,1603.0,0.022205162793397903,0.008054640144109726,0.004672238137573004
1602.0,1604.0,0.008010584861040115,0.009899081662297249,0.012816201895475388
1603.0,1605.0,0.014453042298555374,0.017300447449088097,0.005807627458125353
1604.0,1606.0,0.024862051010131836,0.009859411977231503,0.002093647373840213
1605.0,1607.0,0.01896853558719158,0.0027933805249631405,0.0
1606.0,1608.0,0.005967118311673403,0.007067753002047539,0.0
1607.0,1609.0,0.0010807933285832405,0.014690259471535683,0.004024717956781387
1608.0,1610.0,0.0072744619101285934,0.011053070425987244,0.011224244721233845
1609.0,1611.0,0.010540814138948917,0.006485494319349527,0.008695879019796848
1610.0,1612.0,0.005834214389324188,0.0,0.010113012976944447
1611.0,1613.0,0.0031749834306538105,0.0013113187160342932,0.010773787274956703
1612.0,1614.0,0.011868154630064964,0.013385762460529804,0.011666275560855865
1613.0,1615.0,0.010972445830702782,0.006138965953141451,0.0032679568976163864
1614.0,1616.0,0.0065237185917794704,0.019569583237171173,0.0057965898886322975
1615.0,1617.0,0.02398284710943699,0.0032352227717638016,0.014675483107566833
1616.0,1618.0,0.030635472387075424,0.0,0.009914640337228775
1617.0,1619.0,0.019848152995109558,0.007775619626045227,0.009456050582230091
1618.0,1620.0,0.009470058605074883,0.014688743278384209,0.0101110078394413
1619.0,1621.0,0.007875816896557808,0.014740611426532269,0.007236209698021412
1620.0,1622.0,0.011079184710979462,0.0018145765643566847,0.0
1621.0,1623.0,0.018483681604266167,0.005614963360130787,0.002077125245705247
1622.0,1624.0,0.012952305376529694,0.015481130219995975,0.0033811074681580067
1623.0,1625.0,0.004568836186081171,0.003248887602239847,0.0013592448085546494
1624.0,1626.0,0.01375662349164486,0.0,0.0
1625.0,1627.0,0.011618798598647118,0.0020348867401480675,0.0
1626.0,1628.0,0.002615532837808132,0.006576598156243563,0.0
1627.0,1629.0,0.003488113870844245,0.01899833418428898,0.010265564545989037
1628.0,1630.0,0.0,0.0,0.00957818515598774
1629.0,1631.0,0.0,0.012011589482426643,0.010986628010869026
1630.0,1632.0,0.0003071660175919533,0.003508887719362974,0.006765614729374647
1631.0,1633.0,0.009982614777982235,0.0,0.006021290086209774
1632.0,1634.0,0.009472785517573357,0.0,0.02098425105214119
1633.0,1635.0,0.016233457252383232,0.020275384187698364,0.0
1634.0,1636.0,0.0018101083114743233,0.0,0.00343903386965394
1635.0,1637.0,0.014217101968824863,0.0,0.012009259313344955
1636.0,1638.0,0.00895779300481081,0.0,0.0022832569666206837
1637.0,1639.0,0.01096718292683363,0.0,0.0
1638.0,1640.0,0.0025687275920063257,0.0,0.0
1639.0,1641.0,0.0,0.0,0.0
1640.0,1642.0,0.000896180048584938,0.0038983349222689867,0.0
1641.0,1643.0,0.002315213205292821,0.008928791619837284,0.0
1642.0,1644.0,0.008870728313922882,0.004319030791521072,0.0076254308223724365
1643.0,1645.0,0.004122450016438961,0.010635758750140667,0.023159295320510864
1644.0,1646.0,0.0,0.009642481803894043,0.008482451550662518
1645.0,1647.0,0.008947594091296196,0.0066070714965462685,0.011676259338855743
1646.0,1648.0,0.004506772384047508,0.01931612938642502,0.008558268658816814
1647.0,1649.0,0.006597707513719797,0.011634577997028828,0.0
1648.0,1650.0,0.009124805219471455,0.0,0.002081445883959532
1649.0,1651.0,0.013264385983347893,0.005852363537997007,0.004826733842492104
1650.0,1652.0,0.014882151037454605,0.0064939334988594055,0.004622635431587696
1651.0,1653.0,0.00824871938675642,0.0,0.0
1652.0,1654.0,0.0191832073032856,0.0,0.0
1653.0,1655.0,0.013440203852951527,0.0,0.0
1654.0,1656.0,0.007482329849153757,0.0,0.0
1655.0,1657.0,0.005684470757842064,0.0,0.0
1656.0,1658.0,0.006489738821983337,0.0,0.0
1657.0,1659.0,0.01167879719287157,0.0,0.0003853142261505127
1658.0,1660.0,0.025588978081941605,0.0,0.0
1659.0,1661.0,0.015172787010669708,0.0,0.0
1660.0,1662.0,0.003735428210347891,0.0,0.0
1661.0,1663.0,0.011418577283620834,0.0,0.0
1662.0,1664.0,0.004666799679398537,0.0044636912643909454,0.0
1663.0,1665.0,0.0,0.009925022721290588,0.0
1664.0,1666.0,0.008968167938292027,0.01104199979454279,0.007561741396784782
1665.0,1667.0,0.009050091728568077,0.0,0.0
1666.0,1668.0,0.0027942797169089317,0.0,0.0
1667.0,1669.0,0.007027003448456526,0.003781361971050501,0.0008436143398284912
1668.0,1670.0,0.007099691778421402,0.004905004519969225,0.0
1669.0,1671.0,0.014934968203306198,0.00287363538518548,0.0033847843296825886
1670.0,1672.0,0.00840251799672842,0.00799398124217987,0.004351175390183926
1671.0,1673.0,0.002931326860561967,0.015648819506168365,0.0
1672.0,1674.0,0.010409921407699585,0.007961875759065151,0.0
1673.0,1675.0,0.01588250696659088,0.007531856186687946,0.0
1674.0,1676.0,0.009020860306918621,0.0,0.0010508017148822546
1675.0,1677.0,0.009499328210949898,0.0,0.0
1676.0,1678.0,0.011376550421118736,0.0,0.001012330874800682
1677.0,1679.0,0.016171198338270187,0.0027435696683824062,0.0
1678.0,1680.0,0.007864648476243019,0.0,0.0
1679.0,1681.0,0.0003026355989277363,0.002944735810160637,0.0
1680.0,1682.0,0.004974298179149628,0.006108462810516357,0.0043525006622076035
1681.0,1683.0,0.0055553242564201355,0.0,0.0
1682.0,1684.0,0.02008260414004326,0.0,0.0038166730664670467
1683.0,1685.0,0.011508717201650143,0.00537529680877924,0.0
1684.0,1686.0,0.0,0.01543241087347269,0.0
1685.0,1687.0,0.0031941398046910763,0.00200330326333642,0.0003360749687999487
1686.0,1688.0,0.015426695346832275,0.0,0.0
1687.0,1689.0,0.02391567826271057,0.0035162249114364386,0.0
1688.0,1690.0,0.026399167254567146,0.005282463505864143,0.003336704336106777
1689.0,1691.0,0.029235759750008583,0.0011997998226433992,0.0
1690.0,1692.0,0.02545454353094101,0.0013975179754197598,0.0
1691.0,1693.0,0.010442664846777916,0.0015624593943357468,0.002717043273150921
1692.0,1694.0,0.0062805889174342155,0.0,0.0
1693.0,1695.0,0.009575940668582916,0.0058806766755878925,0.0
1694.0,1696.0,0.012973586097359657,0.006088647525757551,0.0
1695.0,1697.0,0.022952906787395477,0.00719323568046093,0.008493992500007153
1696.0,1698.0,0.023081351071596146,0.0057402318343520164,0.0072024669498205185
1697.0,1699.0,0.015724394470453262,0.0,0.00011637620627880096
1698.0,1700.0,0.010929195210337639,0.005929498001933098,0.0
1699.0,1701.0,0.016825761646032333,0.014353880658745766,0.0
1700.0,1702.0,0.022663921117782593,0.0,0.004857311025261879
1701.0,1703.0,0.013790611177682877,0.0,0.0
1702.0,1704.0,0.01793583296239376,0.002357643563300371,0.0
1703.0,1705.0,0.014794030226767063,0.01373405009508133,0.0
1704.0,1706.0,0.015880919992923737,0.0,0.0
1705.0,1707.0,0.01714363507926464,0.005943868774920702,0.0
1706.0,1708.0,0.020229153335094452,0.008061855100095272,0.0
1707.0,1709.0,0.013173911720514297,0.017132647335529327,0.008342154324054718
1708.0,1710.0,0.005569170229136944,0.006898385006934404,0.0
1709.0,1711.0,0.009268475696444511,0.0,0.0
1710.0,1712.0,0.003307721111923456,0.005491877906024456,0.00619618222117424
1711.0,1713.0,0.0,0.0003043459728360176,0.0015652236761525273
1712.0,1714.0,0.01011924259364605,0.002871357835829258,0.007494983728975058
1713.0,1715.0,0.014131936244666576,0.00251993746496737,0.0042158327996730804
1714.0,1716.0,0.008500328287482262,0.008156157098710537,0.0
1715.0,1717.0,0.00029395148158073425,0.004261604975908995,0.0
1716.0,1718.0,0.0002798251807689667,0.0,0.0
1717.0,1719.0,0.00450731860473752,0.01376563124358654,0.0
1718.0,1720.0,0.01469656266272068,0.02023875154554844,0.0
1719.0,1721.0,0.02256554737687111,0.017444586381316185,0.0
1720.0,1722.0,0.010894788429141045,0.012275817804038525,0.0
1721.0,1723.0,0.007473811507225037,0.0,0.005177222657948732
1722.0,1724.0,0.014050795696675777,0.0,0.0
1723.0,1725.0,0.007910700514912605,0.0011195498518645763,0.005357269663363695
1724.0,1726.0,0.003940706606954336,0.008827274665236473,0.008184039033949375
1725.0,1727.0,0.017685528844594955,0.009825799614191055,0.0
1726.0,1728.0,0.02100837230682373,0.006911983247846365,0.00021909852512180805
1727.0,1729.0,0.007461645174771547,0.007264118641614914,0.008302059024572372
1728.0,1730.0,0.0042360322549939156,0.0,0.0
1729.0,1731.0,0.004835901781916618,0.01452956534922123,0.013615269213914871
1730.0,1732.0,0.0043683527037501335,0.010069680400192738,0.004370567854493856
1731.0,1733.0,0.005480795167386532,0.003706592135131359,0.009323809295892715
1732.0,1734.0,0.0,0.0039041489362716675,0.0
1733.0,1735.0,0.00888744555413723,0.0009439107961952686,0.001465975190512836
1734.0,1736.0,0.00840446911752224,0.005452546291053295,0.0038059749640524387
1735.0,1737.0,0.011456109583377838,0.015539339743554592,0.014580057933926582
1736.0,1738.0,0.0,0.014444319531321526,0.011337132193148136
1737.0,1739.0,0.008397318422794342,0.011691640131175518,0.026056738570332527
1738.0,1740.0,0.000881210551597178,0.013153433799743652,0.01760290563106537
1739.0,1741.0,0.005600514821708202,0.018524594604969025,0.022749733179807663
1740.0,1742.0,0.015250729396939278,0.02556505985558033,0.016190722584724426
1741.0,1743.0,0.009999662637710571,0.013818017207086086,0.011639140546321869
1742.0,1744.0,0.0027756008785218,0.006529801990836859,0.016777249053120613
1743.0,1745.0,0.0015637048054486513,0.023659538477659225,0.0077792140655219555
1744.0,1746.0,0.007250367663800716,0.009199587628245354,0.0
1745.0,1747.0,0.021095678210258484,0.0,0.0
1746.0,1748.0,0.009217912331223488,0.0,0.0
1747.0,1749.0,0.019816018640995026,0.004537339322268963,0.0
1748.0,1750.0,0.023567598313093185,0.0,0.00883827731013298
1749.0,1751.0,0.020157720893621445,0.012834715656936169,0.019104288890957832
1750.0,1752.0,0.0010987258283421397,0.03379300609230995,0.0
1751.0,1753.0,0.011289832182228565,0.023972421884536743,0.011293306946754456
1752.0,1754.0,0.00675238249823451,0.00916298944503069,0.012976022437214851
1753.0,1755.0,0.01978692039847374,0.009155656211078167,0.009020829573273659
1754.0,1756.0,0.022005148231983185,0.0047842818312346935,0.017146628350019455
1755.0,1757.0,0.015232348814606667,0.007570707704871893,0.015743980184197426
1756.0,1758.0,0.021060779690742493,0.004267917480319738,0.0038504069671034813
1757.0,1759.0,0.028099309653043747,0.0023185396566987038,0.007676486857235432
1758.0,1760.0,0.017502455040812492,0.0035561122931540012,0.009119005873799324
1759.0,1761.0,0.020823463797569275,0.007113055791705847,0.005190425086766481
1760.0,1762.0,0.019845254719257355,0.02153761312365532,0.0011350290151312947
1761.0,1763.0,0.0199331883341074,0.012668272480368614,0.005544616840779781
1762.0,1764.0,0.005827673245221376,0.0227805245667696,0.0
1763.0,1765.0,0.002381704980507493,0.0032760147005319595,0.0
1764.0,1766.0,0.011120984330773354,0.0,0.006332714110612869
1765.0,1767.0,0.015900716185569763,0.014884298667311668,0.012518156319856644
1766.0,1768.0,0.006980924867093563,0.0038375689182430506,0.0
1767.0,1769.0,0.016953855752944946,0.004341251216828823,0.008961103856563568
1768.0,1770.0,0.0222634244710207,0.0,0.0
1769.0,1771.0,0.014764802530407906,0.0,0.0
1770.0,1772.0,0.009464841336011887,0.004764177370816469,0.002892125165089965
1771.0,1773.0,0.006652384530752897,0.00819359254091978,0.010142488405108452
1772.0,1774.0,0.004762295633554459,0.0017667189240455627,0.004530123434960842
1773.0,1775.0,0.0017916338983923197,0.018737411126494408,0.002569614676758647
1774.0,1776.0,0.019371522590517998,0.008558683097362518,0.011933181434869766
1775.0,1777.0,0.027617037296295166,0.004857339430600405,0.0011344105005264282
1776.0,1778.0,0.023481599986553192,0.003862466663122177,0.008260410279035568
1777.0,1779.0,0.006098254583775997,0.015317088924348354,0.005641058087348938
1778.0,1780.0,0.015259535983204842,0.02680102176964283,0.018472112715244293
1779.0,1781.0,0.01961522549390793,0.0,0.011435496620833874
1780.0,1782.0,0.011649977415800095,0.010935405269265175,0.007370191626250744
1781.0,1783.0,0.009940961375832558,0.0198716651648283,0.01102769561111927
1782.0,1784.0,0.0022551612928509712,0.008771030232310295,0.000423749559558928
1783.0,1785.0,0.0031340515706688166,0.007325166370719671,0.008835268206894398
1784.0,1786.0,0.011409047991037369,0.000957580516114831,0.01694546267390251
1785.0,1787.0,0.0,0.019787456840276718,0.009619636461138725
1786.0,1788.0,0.0,0.006917264312505722,0.0
1787.0,1789.0,0.0316634401679039,0.005172030068933964,0.0
1788.0,1790.0,0.0017312178388237953,0.0036189581733196974,0.007870028726756573
1789.0,1791.0,0.011620632372796535,0.01800159364938736,0.024210810661315918
1790.0,1792.0,0.014445165172219276,0.00572323240339756,0.031472668051719666
1791.0,1793.0,0.016476670280098915,0.0027125319465994835,0.035169195383787155
1792.0,1794.0,0.014568358659744263,0.008235935121774673,0.02170727774500847
1793.0,1795.0,0.01694578118622303,0.003081514034420252,0.0
1794.0,1796.0,0.013362623751163483,0.0,0.0
1795.0,1797.0,0.015696736052632332,0.0,0.0006351708434522152
1796.0,1798.0,0.009854210540652275,0.0030927732586860657,0.0
1797.0,1799.0,0.008775048889219761,0.0,0.0023826961405575275
1798.0,1800.0,0.018101882189512253,0.0,0.013614051043987274
1799.0,1801.0,0.02163664810359478,0.0037303997669368982,0.008210791274905205
1800.0,1802.0,0.007929135113954544,0.0020379419438540936,0.011986255645751953
1801.0,1803.0,0.02222922258079052,0.0,0.003024788573384285
1802.0,1804.0,0.021731482818722725,0.0,0.0
1803.0,1805.0,0.013507835566997528,0.0,0.00017828121781349182
1804.0,1806.0,0.011063932441174984,0.0063280342146754265,0.002663519699126482
1805.0,1807.0,0.019118953496217728,0.0038833185099065304,0.005148015916347504
1806.0,1808.0,0.027551725506782532,0.0,0.009647046215832233
1807.0,1809.0,0.03083004243671894,0.002626686356961727,0.0022468273527920246
1808.0,1810.0,0.02176337130367756,0.006408943794667721,0.004539762157946825
1809.0,1811.0,0.016445418819785118,0.020454376935958862,0.006181889213621616
1810.0,1812.0,0.02110469713807106,0.011889824643731117,0.003604176687076688
1811.0,1813.0,0.022280560806393623,0.01634267345070839,0.0023230842780321836
1812.0,1814.0,0.020155562087893486,0.014230338856577873,0.0002332138828933239
1813.0,1815.0,0.013174595311284065,0.0,0.0
1814.0,1816.0,0.012830507010221481,0.0,0.0004276419058442116
1815.0,1817.0,0.009827216155827045,0.007496831938624382,0.0
1816.0,1818.0,0.0,0.01191015262156725,0.0023476111236959696
1817.0,1819.0,0.0,0.02352336049079895,0.0031989775598049164
1818.0,1820.0,0.01209985837340355,0.021203529089689255,0.011693866923451424
1819.0,1821.0,0.029434295371174812,0.00833127275109291,0.004716741386801004
1820.0,1822.0,0.028769515454769135,0.003232737071812153,0.006217965856194496
1821.0,1823.0,0.017705589532852173,0.013819160871207714,0.0
1822.0,1824.0,0.017816094681620598,0.006968953181058168,0.0
1823.0,1825.0,0.029493674635887146,0.002458801958709955,0.0
1824.0,1826.0,0.026602687314152718,0.004515150561928749,0.0006490303203463554
1825.0,1827.0,0.021507810801267624,0.006438675336539745,0.0
1826.0,1828.0,0.012186650186777115,0.0,0.002329875249415636
1827.0,1829.0,0.019702907651662827,0.0,0.009631489403545856
1828.0,1830.0,0.01404612883925438,0.0,0.001906577032059431
1829.0,1831.0,0.020684411749243736,0.0,0.006558210588991642
1830.0,1832.0,0.01773388683795929,0.00549085158854723,0.007392968982458115
1831.0,1833.0,0.007937484420835972,0.009832488372921944,0.007932101376354694
1832.0,1834.0,0.010801549069583416,0.0,0.009064940735697746
1833.0,1835.0,0.009241870604455471,0.0,0.00915919803082943
1834.0,1836.0,0.005291629582643509,0.0,0.006370456889271736
1835.0,1837.0,0.004045655019581318,0.005481746979057789,0.01185875665396452
1836.0,1838.0,0.012190235778689384,0.0,0.008757879957556725
1837.0,1839.0,0.0037972875870764256,0.0,0.007365400902926922
1838.0,1840.0,0.007236475590616465,0.0,0.003238153178244829
1839.0,1841.0,0.007244523614645004,0.0,0.0048326714895665646
1840.0,1842.0,0.0,0.0,0.015533454716205597
1841.0,1843.0,0.0,0.0,0.013945384882390499
1842.0,1844.0,0.0,0.006041703745722771,0.0
1843.0,1845.0,0.00858621671795845,0.0017340872436761856,0.004176630638539791
1844.0,1846.0,0.006042527966201305,0.0002695131115615368,0.00794563814997673
1845.0,1847.0,0.0,0.0,0.0
1846.0,1848.0,0.006645245011895895,0.0009632343426346779,0.013990849256515503
1847.0,1849.0,0.0046732765622437,0.016233103349804878,0.019801076501607895
1848.0,1850.0,0.011348637752234936,0.010339194908738136,0.014795339666306973
1849.0,1851.0,0.008688555099070072,0.008693303912878036,0.009029671549797058
1850.0,1852.0,0.01562156155705452,0.0,0.014339571818709373
1851.0,1853.0,0.012533940374851227,0.0,0.0037118929903954268
1852.0,1854.0,0.0002647740766406059,0.0,0.0001314803957939148
1853.0,1855.0,0.0,0.0,0.0
1854.0,1856.0,0.0,0.0,0.0
1855.0,1857.0,0.0,0.0,0.0001391076948493719
1856.0,1858.0,0.0,0.008247544057667255,0.006746481638401747
1857.0,1859.0,0.0,0.00787361990660429,0.0
1858.0,1860.0,0.0,0.0,0.0
1859.0,1861.0,0.0,0.0,0.006259427405893803
1860.0,1862.0,0.013825980015099049,0.0032567805610597134,0.015176285058259964
1861.0,1863.0,0.0015295390039682388,0.0,0.012032747268676758
1862.0,1864.0,0.008016456849873066,0.0,0.007650679908692837
1863.0,1865.0,0.02052176184952259,0.0,0.004832380451261997
1864.0,1866.0,0.011371513828635216,0.0,0.007406215183436871
1865.0,1867.0,0.014034640975296497,0.0008149468339979649,0.015529398806393147
1866.0,1868.0,0.0010759553406387568,0.0,0.002354492899030447
1867.0,1869.0,0.0,0.0,0.0
1868.0,1870.0,0.009298349730670452,0.006686612963676453,0.009169715456664562
1869.0,1871.0,0.011651009321212769,0.0,0.0
1870.0,1872.0,0.009208889678120613,0.0,0.0026094606146216393
1871.0,1873.0,0.013288496993482113,0.0,0.008402140811085701
1872.0,1874.0,0.013288944028317928,0.0,0.021026354283094406
1873.0,1875.0,0.023784514516592026,0.0,0.011415494605898857
1874.0,1876.0,0.004213586449623108,0.0,0.004664713051170111
1875.0,1877.0,0.009378223679959774,0.0,0.004457434639334679
1876.0,1878.0,0.011190205812454224,0.001799626275897026,0.0
1877.0,1879.0,0.003603961318731308,0.0,0.001391564030200243
1878.0,1880.0,0.012562084011733532,0.0,0.004063333850353956
1879.0,1881.0,0.007921622134745121,0.0,0.004961570259183645
1880.0,1882.0,0.0029175677336752415,0.0,0.02037455514073372
1881.0,1883.0,0.006579517386853695,0.015619372949004173,0.024961432442069054
1882.0,1884.0,0.01557718776166439,0.009449202567338943,0.011888712644577026
1883.0,1885.0,0.0063673281110823154,0.0,0.010618584230542183
1884.0,1886.0,0.007209415547549725,0.011515027843415737,0.0011267121881246567
1885.0,1887.0,0.015847401693463326,0.00903749093413353,0.010236452333629131
1886.0,1888.0,0.017656926065683365,0.0005918568931519985,0.010954049415886402
1887.0,1889.0,0.021184418350458145,0.0,0.003265774343162775
1888.0,1890.0,0.016444649547338486,0.0016206676373258233,0.01214616559445858
1889.0,1891.0,0.0157127995043993,0.003344945376738906,0.011379530653357506
1890.0,1892.0,0.012959057465195656,0.0,0.0
1891.0,1893.0,0.005304350052028894,0.0,0.007711580488830805
1892.0,1894.0,0.0022071455605328083,0.00829152949154377,0.010781634598970413
1893.0,1895.0,0.0021985089406371117,0.011900585144758224,0.0006923673208802938
1894.0,1896.0,0.007465463597327471,0.0,0.0
1895.0,1897.0,0.00719163753092289,0.012338269501924515,0.0
1896.0,1898.0,0.011716419830918312,0.007371072191745043,0.01044684648513794
1897.0,1899.0,0.005731357727199793,0.00028139911592006683,0.005983126349747181
1898.0,1900.0,0.009136666543781757,0.0,0.004430781118571758
1899.0,1901.0,0.012751887552440166,0.004744936246424913,0.00021153409034013748
1900.0,1902.0,0.004578083287924528,0.010304372757673264,0.0030725067481398582
1901.0,1903.0,0.001823816797696054,0.003713930957019329,0.0047700898721814156
1902.0,1904.0,0.01256492082029581,0.01893429458141327,0.015660014003515244
1903.0,1905.0,0.015480592846870422,0.0007990589365363121,0.0
1904.0,1906.0,0.0,0.00011553056538105011,0.0
1905.0,1907.0,0.008118215017020702,0.0,0.003314684145152569
1906.0,1908.0,0.008716292679309845,0.0,0.003271344117820263
1907.0,1909.0,0.00859634205698967,0.004316604696214199,0.005242742132395506
1908.0,1910.0,0.010513752698898315,0.0,0.0
1909.0,1911.0,0.006381300278007984,0.0,0.00434964569285512
1910.0,1912.0,0.0,0.0,0.0
1911.0,1913.0,0.0,0.008729809895157814,0.0
1912.0,1914.0,0.0036678805481642485,0.00023667700588703156,0.004755842965096235
1913.0,1915.0,0.026169225573539734,0.00869373045861721,0.012097649276256561
1914.0,1916.0,0.023885920643806458,0.006466553080826998,0.006816445384174585
1915.0,1917.0,0.01548816729336977,0.0070819915272295475,0.005027133040130138
1916.0,1918.0,0.0,0.0012095263227820396,0.007232720963656902
1917.0,1919.0,0.012390555813908577,0.0019016345031559467,0.017462758347392082
1918.0,1920.0,0.01904960535466671,0.017350636422634125,0.011418290436267853
1919.0,1921.0,0.013851870782673359,0.014527250081300735,0.009880419820547104
1920.0,1922.0,0.009807618334889412,0.0020779811311513186,0.007618439383804798
1921.0,1923.0,0.009339342825114727,0.0,0.0019855229184031487
1922.0,1924.0,0.020266521722078323,0.0,0.007899430580437183
1923.0,1925.0,0.012107457965612411,1.759640872478485e-05,0.0007365932688117027
1924.0,1926.0,0.006623023189604282,0.005478612147271633,0.0065883444622159
1925.0,1927.0,0.008796324953436852,0.00690699927508831,0.007163151167333126
1926.0,1928.0,0.023900555446743965,0.00766985397785902,0.0007289664354175329
1927.0,1929.0,0.024340126663446426,0.0,0.0
1928.0,1930.0,0.020815599709749222,0.004729654639959335,0.0026556989178061485
1929.0,1931.0,0.01946403831243515,0.006601881701499224,0.0063974796794354916
1930.0,1932.0,0.010948842391371727,0.0,0.014767570421099663
1931.0,1933.0,0.0021237600594758987,0.00633190618827939,0.0
1932.0,1934.0,0.024920444935560226,4.156492650508881e-06,0.004785334225744009
1933.0,1935.0,0.02145584300160408,0.0,0.0015823235735297203
1934.0,1936.0,0.0064360881224274635,0.0,0.004218843299895525
1935.0,1937.0,0.010235445573925972,0.01802302710711956,0.02008097991347313
1936.0,1938.0,0.015238301828503609,0.021618524566292763,0.00987275131046772
1937.0,1939.0,0.0,0.007577084470540285,0.016992861405014992
1938.0,1940.0,0.0,0.030729733407497406,0.004773632623255253
1939.0,1941.0,0.0,0.019907113164663315,0.0
1940.0,1942.0,0.0031448891386389732,0.0,0.0
1941.0,1943.0,0.009425041265785694,0.0,0.0008629325311630964
1942.0,1944.0,0.003767038229852915,0.0033248420804739,0.023968644440174103
1943.0,1945.0,0.009132733568549156,0.012561478652060032,0.0
1944.0,1946.0,0.0,0.0,0.013086969032883644
1945.0,1947.0,0.0,0.0,0.0062368568032979965
1946.0,1948.0,0.010078259743750095,0.0,0.0068282741121947765
1947.0,1949.0,0.010703940875828266,0.0014877049252390862,0.004245922900736332
1948.0,1950.0,0.009716118685901165,0.0,0.0046590943820774555
1949.0,1951.0,0.004294261336326599,0.0,0.0
1950.0,1952.0,0.008200052194297314,0.0,0.0
1951.0,1953.0,0.007493285462260246,0.0,0.00017609470523893833
1952.0,1954.0,0.017286887392401695,0.0,0.0
1953.0,1955.0,0.010261071845889091,0.0,0.0
1954.0,1956.0,0.011767133139073849,0.0,0.0
1955.0,1957.0,0.014586533419787884,0.0,0.012887017801404
1956.0,1958.0,0.004957831930369139,0.005207516252994537,0.014116369187831879
1957.0,1959.0,0.01960100792348385,0.00037801405414938927,0.0
1958.0,1960.0,0.019285473972558975,0.0,0.0
1959.0,1961.0,0.009928058832883835,0.0,0.0
1960.0,1962.0,0.0,0.004272598307579756,0.0
1961.0,1963.0,0.0,0.0,0.0
1962.0,1964.0,5.1863957196474075e-05,0.0,0.005970323458313942
1963.0,1965.0,0.0018720950465649366,0.011494899168610573,0.009533884935081005
1964.0,1966.0,0.0035266829654574394,0.0,0.0
1965.0,1967.0,0.0009195099119096994,0.0027551758103072643,0.004309080541133881
1966.0,1968.0,0.01421995647251606,0.0,0.0025115665048360825
1967.0,1969.0,0.011247009970247746,0.0011253561824560165,0.0
1968.0,1970.0,0.011911677196621895,0.0,0.0
1969.0,1971.0,0.01281286496669054,0.0,0.0
1970.0,1972.0,0.01261894404888153,0.0,0.0
1971.0,1973.0,0.0,0.0,0.010625369846820831
1972.0,1974.0,0.0,0.0,0.004508080892264843
1973.0,1975.0,0.002371653914451599,0.014903945848345757,0.0
1974.0,1976.0,0.010601826943457127,0.003239254467189312,0.002557226922363043
1975.0,1977.0,0.006763607729226351,0.0,0.0
1976.0,1978.0,0.009144697338342667,0.0,0.0
1977.0,1979.0,0.011739136651158333,0.0,0.0
1978.0,1980.0,0.006281209643930197,0.015117033384740353,0.003125408897176385
1979.0,1981.0,0.006255443207919598,0.008783696219325066,0.0
1980.0,1982.0,0.009217571467161179,0.011355885304510593,0.0
1981.0,1983.0,0.001861012657172978,0.01875956729054451,0.011474346742033958
1982.0,1984.0,0.012982431799173355,0.01364142820239067,0.0
1983.0,1985.0,0.004344179295003414,0.005770944990217686,1.1806841939687729e-05
1984.0,1986.0,0.010861804708838463,0.007859512232244015,0.005108384881168604
1985.0,1987.0,0.021704521030187607,0.00711448909714818,0.010744912549853325
1986.0,1988.0,0.009894894436001778,0.0008446639403700829,0.014087463729083538
1987.0,1989.0,0.010066477581858635,0.002977841068059206,0.010621398687362671
1988.0,1990.0,0.0027000056579709053,0.0014890125021338463,0.005925885867327452
1989.0,1991.0,0.0038385302759706974,0.0,0.005687390919774771
1990.0,1992.0,0.005672711879014969,0.005028329789638519,0.009631037712097168
1991.0,1993.0,0.02042674832046032,0.015794530510902405,0.010703908279538155
1992.0,1994.0,0.017223406583070755,0.016318701207637787,0.0020466952119022608
1993.0,1995.0,0.013462992385029793,0.0015346631407737732,0.0
1994.0,1996.0,0.006322918459773064,0.001431817188858986,0.0
1995.0,1997.0,0.003927670419216156,0.011510397307574749,0.009166054427623749
1996.0,1998.0,0.006560614798218012,0.0,0.002264619804918766
1997.0,1999.0,0.002843748312443495,0.0,0.0
1998.0,2000.0,0.009198717772960663,0.0,0.0
1999.0,2001.0,0.004980999045073986,0.00014700740575790405,0.009264348074793816
2000.0,2002.0,0.0030203480273485184,0.0013301579747349024,0.01161438412964344
2001.0,2003.0,0.0010379301384091377,0.0,0.0196719728410244
2002.0,2004.0,0.0,0.003409874625504017,0.012761359103024006
2003.0,2005.0,0.008617140352725983,0.0,0.008181989192962646
2004.0,2006.0,0.012566789984703064,0.0010680463165044785,0.009760946035385132
2005.0,2007.0,0.016290077939629555,0.0,0.013642629608511925
2006.0,2008.0,0.012970741838216782,0.01087503507733345,0.006379579193890095
2007.0,2009.0,0.00426376610994339,0.016088591888546944,0.011348242871463299
2008.0,2010.0,0.006455073598772287,0.021327199414372444,0.005046549253165722
2009.0,2011.0,0.014879133552312851,0.010427935980260372,0.009602461941540241
2010.0,2012.0,0.016055475920438766,0.0,0.0
2011.0,2013.0,0.014202525839209557,0.0,0.0041815610602498055
2012.0,2014.0,0.007084615062922239,0.0,0.005183075554668903
2013.0,2015.0,0.01374909095466137,0.0,0.003796572797000408
2014.0,2016.0,0.015136310830712318,0.0,0.011598503217101097
2015.0,2017.0,0.0217905230820179,0.0027711703442037106,0.0047414544969797134
2016.0,2018.0,0.014019950293004513,0.005823363084346056,0.013501720502972603
2017.0,2019.0,0.011821753345429897,0.0070233517326414585,0.015583415515720844
2018.0,2020.0,0.010280115529894829,0.013207459822297096,0.004924407694488764
2019.0,2021.0,0.0,0.012517552822828293,0.0
2020.0,2022.0,0.004156108014285564,0.0019957562908530235,0.011295096017420292
2021.0,2023.0,0.010470319539308548,0.0,0.016517385840415955
2022.0,2024.0,0.00931965559720993,0.002411115448921919,0.008217766880989075
2023.0,2025.0,0.012926194816827774,0.004656767472624779,0.0023823946248739958
2024.0,2026.0,0.014011599123477936,0.0039045969024300575,0.014449512585997581
2025.0,2027.0,0.011383045464754105,0.00634338054805994,0.020362768322229385
2026.0,2028.0,0.01360692735761404,0.01782277598977089,0.01598328724503517
2027.0,2029.0,0.02094963565468788,0.0038176311645656824,0.014428204856812954
2028.0,2030.0,0.020357824862003326,0.002777357120066881,0.006166669074445963
2029.0,2031.0,0.0,0.0075379954650998116,0.0009061610326170921
2030.0,2032.0,0.007614740636199713,0.00869155116379261,0.0
2031.0,2033.0,0.011808452196419239,0.01792267896234989,0.0033476166427135468
2032.0,2034.0,0.012369897216558456,0.017529862001538277,0.005609957966953516
2033.0,2035.0,0.012941287830471992,0.01659471169114113,0.015231027267873287
2034.0,2036.0,0.011695359833538532,0.01536206528544426,0.012858710251748562
2035.0,2037.0,0.010978288017213345,0.004647338762879372,0.019046075642108917
2036.0,2038.0,0.011986025609076023,0.0014665019698441029,0.007243969943374395
2037.0,2039.0,0.01857485994696617,0.005052187014371157,0.0030733798630535603
2038.0,2040.0,0.0,0.01627274975180626,0.0
2039.0,2041.0,0.008898567408323288,0.020769424736499786,0.010264445096254349
2040.0,2042.0,0.006155556999146938,0.01924562267959118,0.015391828492283821
2041.0,2043.0,0.0018697876948863268,0.005135664716362953,0.009905915707349777
2042.0,2044.0,0.0032397746108472347,0.0020143133588135242,0.00500585837289691
2043.0,2045.0,0.012949582189321518,0.0030439081601798534,0.00429164431989193
2044.0,2046.0,0.02042607218027115,0.016175951808691025,0.006305772811174393
2045.0,2047.0,0.018721243366599083,0.00753444992005825,0.0074531580321490765
2046.0,2048.0,0.013048444874584675,0.020654786378145218,0.010109663009643555
2047.0,2049.0,0.0013663871213793755,0.017278842628002167,0.010892575606703758
2048.0,2050.0,0.0,0.008278840221464634,0.008774934336543083
2049.0,2051.0,0.0,0.012462718412280083,0.0011505219154059887
2050.0,2052.0,0.009118886664509773,0.014157557860016823,0.00889874342828989
2051.0,2053.0,0.023620838299393654,0.006905954331159592,0.008436158299446106
2052.0,2054.0,0.018948018550872803,0.006425711791962385,0.006002253852784634
2053.0,2055.0,0.012678008526563644,0.006009002681821585,0.005102280527353287
2054.0,2056.0,0.015287465415894985,0.0010956281330436468,0.009264275431632996
2055.0,2057.0,0.0006215964676812291,0.010118077509105206,0.011174814775586128
2056.0,2058.0,0.008283432573080063,0.01802223175764084,0.006744403392076492
2057.0,2059.0,0.02581815794110298,0.00337015138939023,0.0080194603651762
2058.0,2060.0,0.025423115119338036,0.0036818142980337143,0.004129014443606138
2059.0,2061.0,0.019150633364915848,0.0,0.0
2060.0,2062.0,0.018163133412599564,0.0,0.005370652303099632
2061.0,2063.0,0.02301459200680256,0.002198917791247368,0.0026185456663370132
2062.0,2064.0,0.02464868687093258,0.0,0.004503780044615269
2063.0,2065.0,0.02295808307826519,0.00021668360568583012,0.0
2064.0,2066.0,0.024587729945778847,0.007218204438686371,0.007878405973315239
2065.0,2067.0,0.021402867510914803,0.007613364607095718,0.011575342155992985
2066.0,2068.0,0.01892803981900215,0.0,0.0026944847777485847
2067.0,2069.0,0.011874604038894176,0.0007514217868447304,0.004488845821470022
2068.0,2070.0,0.01704489439725876,0.003523887600749731,0.007315265014767647
2069.0,2071.0,0.018665682524442673,0.0,0.0
2070.0,2072.0,0.008615165948867798,0.0042115445248782635,0.0006438805721700191
2071.0,2073.0,0.02095227688550949,0.011066675186157227,0.0
2072.0,2074.0,0.02521842159330845,0.002517860848456621,0.0
2073.0,2075.0,0.012603908777236938,0.0,0.0
2074.0,2076.0,0.009125650860369205,0.0,0.006362704560160637
2075.0,2077.0,0.015682971104979515,0.011842233128845692,0.018873009830713272
2076.0,2078.0,0.01632697694003582,0.02504456788301468,0.00902734324336052
2077.0,2079.0,0.017657658085227013,0.011256435886025429,0.005968724377453327
2078.0,2080.0,0.008986026979982853,0.0014119262341409922,0.009726406075060368
2079.0,2081.0,0.0151703841984272,0.002196790184825659,0.0010548741556704044
2080.0,2082.0,0.025094062089920044,0.0,0.0003858380950987339
2081.0,2083.0,0.017986221238970757,0.004884895868599415,0.01627987250685692
2082.0,2084.0,0.01939201168715954,0.012573949992656708,0.02417515404522419
2083.0,2085.0,0.022188100963830948,0.009105341508984566,0.02415551245212555
2084.0,2086.0,0.015326811000704765,0.0,0.004820235073566437
2085.0,2087.0,0.020960528403520584,0.0,0.00017394940368831158
2086.0,2088.0,0.029246080666780472,0.0004963023820891976,0.008764177560806274
2087.0,2089.0,0.01679592952132225,0.006815770175307989,0.01045612059533596
2088.0,2090.0,0.0153465885668993,0.01146372314542532,0.011726879514753819
2089.0,2091.0,0.01003588642925024,0.0071629723533988,0.010308152064681053
2090.0,2092.0,0.010110639035701752,0.015576436184346676,0.0
2091.0,2093.0,0.00690192636102438,0.019583048298954964,0.00516580929979682
2092.0,2094.0,0.004437629599124193,0.0029697963036596775,0.0013722386211156845
2093.0,2095.0,0.007317901123315096,0.0,0.00016198711819015443
2094.0,2096.0,0.013208498246967793,0.0,0.01017063483595848
2095.0,2097.0,0.0062106093391776085,0.013348344713449478,0.012439712882041931
2096.0,2098.0,0.008150918409228325,0.013455302454531193,0.004855181090533733
2097.0,2099.0,0.004517637193202972,0.01346641220152378,0.010453654453158379
2098.0,2100.0,0.00961876381188631,0.008871849626302719,0.011896821670234203
2099.0,2101.0,0.00981583446264267,0.003913085907697678,0.0
2100.0,2102.0,0.0069646649062633514,0.0021600667387247086,0.001386534422636032
2101.0,2103.0,0.009238016791641712,0.013962451368570328,0.015930406749248505
2102.0,2104.0,0.019696179777383804,0.0,0.011311376467347145
2103.0,2105.0,0.009296808391809464,0.01372346468269825,0.015142086893320084
2104.0,2106.0,0.004222334362566471,0.016896730288863182,0.012742975726723671
2105.0,2107.0,0.0,0.006583890412002802,0.010455403476953506
2106.0,2108.0,0.01561664417386055,4.272651858627796e-05,0.01822379231452942
2107.0,2109.0,0.010575379244983196,0.002368026180192828,0.01514669694006443
2108.0,2110.0,0.0,0.003413666505366564,0.01295517012476921
2109.0,2111.0,0.018741467967629433,0.0048311976715922356,0.009455720894038677
2110.0,2112.0,0.019232146441936493,0.003575058188289404,0.0017934234347194433
2111.0,2113.0,0.005156422965228558,0.006905883084982634,0.0
2112.0,2114.0,0.014206767082214355,0.0020236028358340263,0.005054621025919914
2113.0,2115.0,0.013845916837453842,0.0,0.006946946028620005
2114.0,2116.0,0.010491017252206802,0.0,0.014468356966972351
2115.0,2117.0,0.018146732822060585,0.0,0.004253714811056852
2116.0,2118.0,0.029002102091908455,0.0,0.0
2117.0,2119.0,0.017568552866578102,0.0,0.011060144752264023
2118.0,2120.0,0.01645391434431076,0.0026755225844681263,0.008807414211332798
2119.0,2121.0,0.0,0.007172032259404659,0.0
2120.0,2122.0,0.00039244256913661957,0.0,0.004832899663597345
2121.0,2123.0,0.009767469018697739,0.0,0.0
2122.0,2124.0,0.003713001264259219,0.0006487151840701699,0.0
2123.0,2125.0,0.0,0.012830846011638641,0.0014873042237013578
2124.0,2126.0,0.02254890277981758,0.0,0.006520623806864023
2125.0,2127.0,0.022852003574371338,0.0,0.0039945850148797035
2126.0,2128.0,0.0050504133105278015,0.0,0.004498234950006008
2127.0,2129.0,0.0,0.0,0.0
2128.0,2130.0,0.00933853443711996,0.0,0.009155905805528164
2129.0,2131.0,0.014180750586092472,0.012146162800490856,0.010204946622252464
2130.0,2132.0,0.009954220615327358,0.013196419924497604,0.0
2131.0,2133.0,0.01566155068576336,0.008582678623497486,0.0
2132.0,2134.0,0.017178792506456375,0.0,0.007425250485539436
2133.0,2135.0,0.009062162600457668,0.0,0.011227423325181007
2134.0,2136.0,0.014002598822116852,0.004602687433362007,0.006342670414596796
2135.0,2137.0,0.021377375349402428,0.005720341578125954,0.0
2136.0,2138.0,0.0,0.003765072673559189,0.0
2137.0,2139.0,0.0,0.010669192299246788,0.011899946257472038
2138.0,2140.0,0.0,0.006206256337463856,0.006225109100341797
2139.0,2141.0,0.0067001511342823505,0.01025397703051567,0.0025590690784156322
2140.0,2142.0,0.004842272028326988,0.003256055759266019,0.0024312040768563747
2141.0,2143.0,0.0,0.0,0.010735586285591125
2142.0,2144.0,0.0011566488537937403,0.0,0.012687157839536667
2143.0,2145.0,0.0,0.0,0.003447671188041568
2144.0,2146.0,0.0,0.0020222202874720097,0.0
2145.0,2147.0,0.0,0.005417488515377045,0.004020793363451958
2146.0,2148.0,0.01328067947179079,0.0,0.0006331373006105423
2147.0,2149.0,0.009017295204102993,0.0,0.007062340620905161
2148.0,2150.0,0.012421430088579655,0.0,0.006960497237741947
2149.0,2151.0,0.015593326650559902,0.0063614994287490845,0.003452765289694071
2150.0,2152.0,0.0,0.004581660032272339,0.014744446612894535
2151.0,2153.0,0.0,0.0,0.005104863550513983
2152.0,2154.0,0.0,0.005184825509786606,0.016034195199608803
2153.0,2155.0,0.004557292442768812,0.0,0.006015625782310963
2154.0,2156.0,0.002169729210436344,0.0,0.0051906113512814045
2155.0,2157.0,0.0,0.0,0.0
2156.0,2158.0,0.0018327059224247932,0.001819026656448841,0.0
2157.0,2159.0,0.014412535354495049,0.021637387573719025,0.006213877350091934
2158.0,2160.0,0.01011999323964119,0.013858546502888203,0.008326174691319466
2159.0,2161.0,0.015123319812119007,0.0,0.0
2160.0,2162.0,0.009007847867906094,0.020220302045345306,0.0016770102083683014
2161.0,2163.0,0.007281072903424501,0.029574576765298843,0.007223042659461498
2162.0,2164.0,0.012878505513072014,0.018230512738227844,0.0
2163.0,2165.0,0.0028857230208814144,0.009831048548221588,0.0
2164.0,2166.0,0.0,0.007824162021279335,0.0
2165.0,2167.0,0.0,0.0,0.006517581641674042
2166.0,2168.0,0.0018128640949726105,0.0,0.008259706199169159
2167.0,2169.0,0.01348217111080885,0.0,0.005712135694921017
2168.0,2170.0,0.017191480845212936,0.008017240092158318,0.004104357212781906
2169.0,2171.0,0.03629142791032791,0.0,0.00890326127409935
2170.0,2172.0,0.02571508288383484,0.0,0.019228676334023476
2171.0,2173.0,0.01024895254522562,0.010981518775224686,0.012750617228448391
2172.0,2174.0,0.006021188572049141,0.0032793390564620495,0.013102447614073753
2173.0,2175.0,0.007898293435573578,0.0,0.0081707201898098
2174.0,2176.0,0.010107828304171562,0.0002644672058522701,0.0031185313127934933
2175.0,2177.0,0.0015864009037613869,0.006383622996509075,0.011393607594072819
2176.0,2178.0,0.002647141460329294,0.004727069288492203,0.001242983154952526
2177.0,2179.0,0.004225065931677818,0.0007051890715956688,0.0
2178.0,2180.0,0.016249051317572594,0.0013157576322555542,0.0
2179.0,2181.0,0.03084511123597622,0.018623454496264458,0.01605387032032013
2180.0,2182.0,0.02642058953642845,0.0022307969629764557,0.0214539784938097
2181.0,2183.0,0.004523173440247774,0.013686766847968102,0.002715527079999447
2182.0,2184.0,0.013089802116155624,0.008423796854913235,0.0
2183.0,2185.0,0.0,0.02056640014052391,0.0
2184.0,2186.0,0.0,0.028116291388869286,0.0
2185.0,2187.0,0.014249209314584732,0.019866984337568283,0.004972251132130623
2186.0,2188.0,0.019258780404925346,0.0179787315428257,0.008434570394456387
2187.0,2189.0,0.007942390628159046,0.010995949618518353,0.0011205908376723528
2188.0,2190.0,0.016126323491334915,0.0191119946539402,0.0
2189.0,2191.0,0.01654893532395363,0.007866811007261276,0.002239729044958949
2190.0,2192.0,0.018350228667259216,0.009148156270384789,0.011118609458208084
2191.0,2193.0,0.011918415315449238,0.0013606678694486618,0.013849001377820969
2192.0,2194.0,0.0062157162465155125,0.0008386457338929176,0.0
2193.0,2195.0,0.0021842853166162968,0.0,0.0
2194.0,2196.0,0.00895041786134243,0.0,0.005549395922571421
2195.0,2197.0,0.014545000158250332,0.011184433475136757,0.014111869968473911
2196.0,2198.0,0.011606711894273758,0.01826627179980278,0.00875893421471119
2197.0,2199.0,0.016795728355646133,0.0,0.0
2198.0,2200.0,0.015281477011740208,0.0,0.0036185262724757195
2199.0,2201.0,0.010792557150125504,0.0033743823878467083,0.0
2200.0,2202.0,0.006272685714066029,0.004200178198516369,0.0
2201.0,2203.0,0.0,0.00422388780862093,0.0
2202.0,2204.0,0.0029299138113856316,0.0,0.0
2203.0,2205.0,0.011654477566480637,0.0,0.0
2204.0,2206.0,0.002609364688396454,0.006909317336976528,0.011649531312286854
2205.0,2207.0,0.014742204919457436,0.01403278112411499,0.008489789441227913
2206.0,2208.0,0.011389894410967827,0.021553074941039085,0.002359800273552537
2207.0,2209.0,0.0,0.01649569533765316,0.0
2208.0,2210.0,0.002658719662576914,0.006388493813574314,0.0
2209.0,2211.0,0.003861446864902973,0.02910814993083477,0.0
2210.0,2212.0,0.0,0.02412860468029976,0.0
2211.0,2213.0,0.0018007864709943533,0.01814083755016327,0.0038505306001752615
2212.0,2214.0,0.0064528645016252995,0.006927011534571648,0.010934872552752495
2213.0,2215.0,0.010030190460383892,0.0033181579783558846,0.004167524166405201
2214.0,2216.0,0.006577935069799423,0.0029354728758335114,0.0027436939999461174
2215.0,2217.0,0.018514437600970268,0.0009517455473542213,0.0
2216.0,2218.0,0.00653451681137085,0.002414405345916748,0.0
2217.0,2219.0,0.005798548925668001,0.0,0.0
2218.0,2220.0,0.0,0.015362989157438278,0.0
2219.0,2221.0,0.0,0.006666070781648159,0.0
2220.0,2222.0,0.007017940748482943,0.007661665789783001,0.0
2221.0,2223.0,0.0014305629301816225,0.0013649957254529,0.0
2222.0,2224.0,0.0,0.011450689285993576,0.0
2223.0,2225.0,0.0,0.023321012035012245,0.006002360489219427
2224.0,2226.0,0.006782778538763523,0.0,0.0
2225.0,2227.0,0.006705289240926504,0.0,0.0
2226.0,2228.0,0.0045950450003147125,0.008892618119716644,0.011628852225840092
2227.0,2229.0,0.00269730924628675,0.0,0.0
2228.0,2230.0,0.0,0.024688206613063812,0.0
2229.0,2231.0,0.013681093230843544,0.021601561456918716,0.015846820548176765
2230.0,2232.0,0.011765153147280216,0.01765146106481552,0.018707599490880966
2231.0,2233.0,0.012171350419521332,0.008187812753021717,0.007366527803242207
2232.0,2234.0,0.02092943713068962,0.009870871901512146,0.021525200456380844
2233.0,2235.0,0.014627782627940178,0.007430821657180786,0.022447632625699043
2234.0,2236.0,0.020698517560958862,0.0014626095071434975,0.0
2235.0,2237.0,0.02346307784318924,0.006852566730231047,0.020992886275053024
2236.0,2238.0,0.01381540298461914,0.009137095883488655,0.016795573756098747
2237.0,2239.0,0.00010770699009299278,0.0,0.00361830391921103
2238.0,2240.0,0.014482881873846054,0.0,0.0024958208668977022
2239.0,2241.0,0.024168219417333603,0.0,0.013621952384710312
2240.0,2242.0,0.01255559828132391,0.01709955371916294,0.006295672617852688
2241.0,2243.0,0.0,0.025781981647014618,0.0045710839331150055
2242.0,2244.0,0.0,0.007735772058367729,0.0010124240070581436
2243.0,2245.0,0.0014642616733908653,0.00664594117552042,0.008115025237202644
2244.0,2246.0,0.0016766763292253017,0.005474311299622059,0.007431101053953171
2245.0,2247.0,0.0069468654692173,0.005715655628591776,0.002000699518248439
2246.0,2248.0,0.018926335498690605,0.006184824742376804,0.0
2247.0,2249.0,0.02320869080722332,0.011730720289051533,0.0
2248.0,2250.0,0.013183116912841797,0.0,0.0
2249.0,2251.0,0.010010527446866035,0.0,0.0025648917071521282
2250.0,2252.0,0.015067165717482567,0.0,0.0118199298158288
2251.0,2253.0,0.005369395948946476,0.003099646884948015,0.01062281895428896
2252.0,2254.0,0.0031981230713427067,0.017255201935768127,0.009376912377774715
2253.0,2255.0,0.006338563747704029,0.004550172947347164,0.0
2254.0,2256.0,0.022157616913318634,0.004760549403727055,0.0
2255.0,2257.0,0.013977894559502602,0.0,0.0
2256.0,2258.0,0.00020242220489308238,0.005107341334223747,0.006236341781914234
2257.0,2259.0,0.013691232539713383,0.00841505266726017,0.008888323791325092
2258.0,2260.0,0.011526222340762615,0.0055625601671636105,0.0
2259.0,2261.0,0.00539016630500555,0.005007728934288025,0.007913852110505104
2260.0,2262.0,0.0021906066685914993,0.0149479815736413,0.012936092913150787
2261.0,2263.0,0.0,0.02221333608031273,0.0074014062993228436
2262.0,2264.0,0.008485674858093262,0.007822521962225437,0.0
2263.0,2265.0,0.012901710346341133,0.00887792557477951,0.0033733495511114597
2264.0,2266.0,0.018036819994449615,0.004994603805243969,0.011237258091568947
2265.0,2267.0,0.007302668411284685,0.01407085545361042,0.012552370317280293
2266.0,2268.0,0.01166854240000248,0.014780465513467789,0.01761995628476143
2267.0,2269.0,0.009315293282270432,0.00353457173332572,0.002243395894765854
2268.0,2270.0,0.011333596892654896,0.01508753839880228,0.01654740795493126
2269.0,2271.0,0.00921265035867691,0.01855873316526413,0.013799023814499378
2270.0,2272.0,0.0025164736434817314,0.008181440643966198,0.005035514943301678
2271.0,2273.0,0.0,0.011464446783065796,0.009310415014624596
2272.0,2274.0,0.009839626029133797,0.006619619205594063,0.0
2273.0,2275.0,0.004844370763748884,0.0,0.0
2274.0,2276.0,0.0013635484501719475,0.0035773885902017355,0.007203083019703627
2275.0,2277.0,0.01581811159849167,0.013944731093943119,0.009243573993444443
2276.0,2278.0,0.01837521605193615,0.0,0.0023208146449178457
2277.0,2279.0,0.007877574302256107,0.0,0.004294014070183039
2278.0,2280.0,0.0009566827211529016,0.0,0.0
2279.0,2281.0,0.0,0.01814272440969944,0.0035330860409885645
2280.0,2282.0,0.004618008621037006,0.0,0.007681793067604303
2281.0,2283.0,0.01737925596535206,0.0,0.002995362738147378
2282.0,2284.0,0.014712205156683922,0.0048496294766664505,0.0
2283.0,2285.0,0.010717429220676422,0.021179497241973877,0.005639162380248308
2284.0,2286.0,0.01950094848871231,0.004645070992410183,0.003919928800314665
2285.0,2287.0,0.013328347355127335,0.0,0.0
2286.0,2288.0,0.005168545059859753,0.0043210675939917564,0.0033914344385266304
2287.0,2289.0,0.010225098580121994,0.0,0.006726500112563372
2288.0,2290.0,0.015548186376690865,0.0,0.006021419540047646
2289.0,2291.0,0.011711237952113152,0.0037242304533720016,0.0
2290.0,2292.0,0.0,0.025806203484535217,0.01192703191190958
2291.0,2293.0,0.0,0.028665633872151375,0.016900062561035156
2292.0,2294.0,0.003557245247066021,0.019275473430752754,0.016260184347629547
2293.0,2295.0,0.027128655463457108,0.0055025420151650906,0.01383392233401537
2294.0,2296.0,0.022989660501480103,0.011154405772686005,0.014131862670183182
2295.0,2297.0,0.008048785850405693,0.01607179269194603,0.024837149307131767
2296.0,2298.0,0.013962948694825172,0.0017309770919382572,0.015219179913401604
2297.0,2299.0,0.015127952210605145,0.004696659743785858,0.005446953698992729
2298.0,2300.0,0.015551730990409851,0.0,0.0
2299.0,2301.0,0.0022263280116021633,0.0010456983000040054,0.0031633013859391212
2300.0,2302.0,0.010043708607554436,0.02038491703569889,0.005197625607252121
2301.0,2303.0,0.01629241183400154,0.018659640103578568,0.01211213506758213
2302.0,2304.0,0.012399330735206604,0.009334632195532322,0.015694638714194298
2303.0,2305.0,0.009306147694587708,0.0,0.00992819294333458
2304.0,2306.0,0.009855467826128006,0.0,0.006040295585989952
2305.0,2307.0,0.0006921836175024509,0.002997509203851223,0.0037506655789911747
2306.0,2308.0,0.0027208609972149134,0.001938655972480774,0.0035370676778256893
2307.0,2309.0,0.012779263779520988,0.0018172967247664928,0.021520361304283142
2308.0,2310.0,0.006166697945445776,0.0,0.0219246968626976
2309.0,2311.0,0.011323315091431141,0.003199624363332987,0.014756496995687485
2310.0,2312.0,0.019995614886283875,0.0035989468451589346,0.005800881423056126
2311.0,2313.0,0.01616688445210457,0.009884252212941647,0.014304044656455517
2312.0,2314.0,0.0036007133312523365,0.013378518633544445,0.011579945683479309
2313.0,2315.0,0.007808191701769829,0.020498119294643402,0.0007486992981284857
2314.0,2316.0,0.016748087480664253,0.025549981743097305,0.006149308290332556
2315.0,2317.0,0.01237103808671236,0.018065406009554863,0.021308768540620804
2316.0,2318.0,0.015864402055740356,0.01437649317085743,0.02114880084991455
2317.0,2319.0,0.01673314720392227,0.015473142266273499,0.023643186315894127
2318.0,2320.0,0.012374664656817913,0.014383869245648384,0.019153602421283722
2319.0,2321.0,0.019182467833161354,0.014882918447256088,0.005750454030930996
2320.0,2322.0,0.012812240049242973,0.001993113197386265,0.007777779828757048
2321.0,2323.0,0.0234958715736866,0.0,0.013276061974465847
2322.0,2324.0,0.03067413903772831,0.0,0.004631259012967348
2323.0,2325.0,0.023286595940589905,0.005924299359321594,0.0
2324.0,2326.0,0.02782760001718998,0.01978147029876709,0.0004266640171408653
2325.0,2327.0,0.008338503539562225,0.005614257883280516,0.0005084807053208351
2326.0,2328.0,0.0,0.0,0.010715141892433167
2327.0,2329.0,0.02045450545847416,0.0016336613334715366,0.014210252091288567
2328.0,2330.0,0.021287530660629272,0.014123809523880482,0.01671012118458748
2329.0,2331.0,0.004723764024674892,0.010571260005235672,0.016687113791704178
2330.0,2332.0,0.004165063612163067,0.008357329294085503,0.007416258566081524
2331.0,2333.0,0.011074766516685486,0.009290331974625587,0.0
2332.0,2334.0,0.015024641528725624,0.006146090105175972,0.0003601266071200371
2333.0,2335.0,0.0196613147854805,0.00575084937736392,0.012996570207178593
2334.0,2336.0,0.015289735049009323,0.024306759238243103,0.008928392082452774
2335.0,2337.0,0.013890063390135765,0.011646573431789875,0.00417102687060833
2336.0,2338.0,0.008072510361671448,0.011088152416050434,0.0
2337.0,2339.0,0.0,0.00786827877163887,0.0
2338.0,2340.0,0.024203170090913773,0.003547467291355133,0.002696499228477478
2339.0,2341.0,0.02192767709493637,0.018048681318759918,0.023170549422502518
2340.0,2342.0,0.005078022833913565,0.01285780593752861,0.005973936058580875
2341.0,2343.0,0.0,0.005432163830846548,0.0
2342.0,2344.0,0.0,0.0048322519287467,0.0
2343.0,2345.0,0.008782207034528255,0.0,0.0
2344.0,2346.0,0.010441740043461323,0.0,0.0038037095218896866
2345.0,2347.0,0.005772434175014496,0.0020331256091594696,0.0029044419061392546
2346.0,2348.0,0.0,0.0,0.0
2347.0,2349.0,0.024638181552290916,0.0,0.0
2348.0,2350.0,0.029945891350507736,0.0,0.0
2349.0,2351.0,0.01444072276353836,0.0013411398977041245,0.002536814659833908
2350.0,2352.0,0.005576503463089466,0.007321491837501526,0.01838669925928116
2351.0,2353.0,0.003946545533835888,0.007598479278385639,0.004753804299980402
2352.0,2354.0,0.0083367470651865,0.024634886533021927,0.01035174448043108
2353.0,2355.0,0.015421157702803612,0.016810080036520958,0.015432465821504593
2354.0,2356.0,0.022131286561489105,0.013642236590385437,0.0
2355.0,2357.0,0.0360439270734787,0.015071231871843338,0.025618039071559906
2356.0,2358.0,0.025541430339217186,0.021687129512429237,0.02113262377679348
2357.0,2359.0,0.010152691975235939,0.02041412517428398,0.004372825380414724
2358.0,2360.0,0.024683726951479912,0.006969167850911617,0.007078147027641535
2359.0,2361.0,0.022679980844259262,0.007413610350340605,0.013692431151866913
2360.0,2362.0,0.011971676722168922,0.0,0.011072101071476936
2361.0,2363.0,0.011725482530891895,0.0,0.012648118659853935
2362.0,2364.0,0.0,0.0,0.002056102268397808
2363.0,2365.0,0.0,0.0,0.0
2364.0,2366.0,0.016070719808340073,0.0,0.008086678571999073
2365.0,2367.0,0.027564510703086853,0.0,0.012899978086352348
2366.0,2368.0,0.019431404769420624,0.0,0.006714059505611658
2367.0,2369.0,0.018237899988889694,0.007148723118007183,0.0
2368.0,2370.0,0.021146301180124283,0.010009963996708393,0.0
2369.0,2371.0,0.008632722310721874,0.013070592656731606,0.0
2370.0,2372.0,0.02065744251012802,0.019819999113678932,0.008344145491719246
2371.0,2373.0,0.02399260178208351,0.009142507798969746,0.012634706683456898
2372.0,2374.0,0.005531298462301493,0.01096764300018549,0.015230679884552956
2373.0,2375.0,0.003411303274333477,0.021165266633033752,0.01727757602930069
2374.0,2376.0,7.950334111228585e-05,0.014350920915603638,0.0
2375.0,2377.0,0.0,0.0034325867891311646,0.0
2376.0,2378.0,0.0,0.013736036606132984,0.006196008529514074
2377.0,2379.0,0.01116808783262968,0.005399109795689583,0.014410915784537792
2378.0,2380.0,0.007847477681934834,0.0,0.0014724940992891788
2379.0,2381.0,0.004139669239521027,0.0036658537574112415,0.0
2380.0,2382.0,0.008774928748607635,0.0024560224264860153,0.0
2381.0,2383.0,0.014901921153068542,0.0,0.005831398069858551
2382.0,2384.0,0.009821961633861065,0.0,0.007015404291450977
2383.0,2385.0,0.016293376684188843,0.00036334386095404625,0.0014451746828854084
2384.0,2386.0,0.017687037587165833,0.007078423164784908,0.002198517322540283
2385.0,2387.0,0.028803404420614243,0.008213432505726814,0.005967691540718079
2386.0,2388.0,0.013917598873376846,0.014481233432888985,0.006621594540774822
2387.0,2389.0,0.017854351550340652,0.0176907479763031,0.011019006371498108
2388.0,2390.0,0.02768727019429207,0.0032501150853931904,0.008973990567028522
2389.0,2391.0,0.028363067656755447,0.0,0.0
2390.0,2392.0,0.012534827925264835,0.0,0.000554149504750967
2391.0,2393.0,0.021362196654081345,5.0871167331933975e-06,0.0065717981196939945
2392.0,2394.0,0.00709941191598773,0.0035812610294669867,0.0
2393.0,2395.0,0.00021841656416654587,0.015491207130253315,0.0
2394.0,2396.0,0.0,0.025306887924671173,0.013401119969785213
2395.0,2397.0,0.0029488438740372658,0.010490208864212036,0.016212770715355873
2396.0,2398.0,0.004989693872630596,0.014993331395089626,0.0029171942733228207
2397.0,2399.0,0.0228465273976326,0.023419102653861046,0.007705025374889374
2398.0,2400.0,0.02150966227054596,0.020730409771203995,0.008382337167859077
2399.0,2401.0,0.00441728113219142,0.010223878547549248,0.013656547293066978
2400.0,2402.0,0.0002155122347176075,0.0,0.009202052839100361
2401.0,2403.0,0.0033647234085947275,0.0,0.0
2402.0,2404.0,0.011080312542617321,0.016513265669345856,0.018431195989251137
2403.0,2405.0,0.011994358152151108,0.02141973003745079,0.01674748957157135
2404.0,2406.0,0.009127731435000896,0.011833051219582558,0.008743605576455593
2405.0,2407.0,0.00992920808494091,0.010320151224732399,0.0021389827597886324
2406.0,2408.0,0.0032259970903396606,0.01336912252008915,0.010072832927107811
2407.0,2409.0,0.0,0.0,0.016101542860269547
2408.0,2410.0,0.005380361340939999,0.012429050169885159,0.01907053403556347
2409.0,2411.0,0.0056695155799388885,0.0,0.004491065628826618
2410.0,2412.0,0.005315682850778103,0.003794123185798526,0.012095462530851364
2411.0,2413.0,0.012810120359063148,0.0050657023675739765,0.022056039422750473
2412.0,2414.0,0.0,0.01986054889857769,0.0289843138307333
2413.0,2415.0,0.0,0.013188643380999565,0.008581925183534622
2414.0,2416.0,0.005903690122067928,0.0007927003316581249,0.0
2415.0,2417.0,0.0042538875713944435,0.0,0.007588325999677181
2416.0,2418.0,0.005277390591800213,0.0,0.021912334486842155
2417.0,2419.0,0.008851498365402222,0.006619894877076149,0.018549831584095955
2418.0,2420.0,0.014850107952952385,0.009130991995334625,0.005884071812033653
2419.0,2421.0,0.027962107211351395,0.0011805570684373379,2.397969365119934e-05
2420.0,2422.0,0.004034391604363918,0.036149926483631134,0.0
2421.0,2423.0,0.0,0.0332467183470726,0.0
2422.0,2424.0,0.0,0.01869388483464718,0.0
2423.0,2425.0,0.0,0.02164323255419731,0.0
2424.0,2426.0,0.0025482382625341415,0.015841126441955566,0.0
2425.0,2427.0,0.00769402552396059,0.0057840668596327305,0.0
2426.0,2428.0,0.006964948959648609,0.0,0.0
2427.0,2429.0,0.011733582243323326,0.011840113438665867,0.0
2428.0,2430.0,0.005946713499724865,0.038903407752513885,0.0
2429.0,2431.0,0.01467851735651493,0.023632735013961792,0.006631922908127308
2430.0,2432.0,0.014232573099434376,0.021055465564131737,0.016781970858573914
2431.0,2433.0,0.012043824419379234,0.012648845091462135,0.0136879226192832
2432.0,2434.0,0.013062623329460621,0.01755562052130699,0.004186371341347694
2433.0,2435.0,0.01849469542503357,0.025756606832146645,0.0018730037845671177
2434.0,2436.0,0.025412438437342644,0.002985867206007242,0.005486716516315937
2435.0,2437.0,0.02093125879764557,0.002969298977404833,0.016015250235795975
2436.0,2438.0,0.012356819584965706,0.019679561257362366,0.002107656328007579
2437.0,2439.0,0.006212047301232815,0.01382528431713581,0.0011486397124826908
2438.0,2440.0,0.0,0.018170183524489403,0.0
2439.0,2441.0,0.0,0.034791313111782074,0.0
2440.0,2442.0,0.0,0.02184506691992283,0.0
2441.0,2443.0,0.01768580451607704,0.015955721959471703,0.00641252426430583
2442.0,2444.0,0.015211989171802998,0.0,0.008930103853344917
2443.0,2445.0,0.019060352817177773,0.0029886611737310886,0.005419587716460228
2444.0,2446.0,0.01305636577308178,0.023472102358937263,0.003483621869236231
2445.0,2447.0,0.01042388379573822,0.008251792751252651,0.0
2446.0,2448.0,0.017673585563898087,0.0,0.0
2447.0,2449.0,0.021387144923210144,0.00964275747537613,0.0
2448.0,2450.0,0.01473512127995491,0.01161313708871603,0.006383109837770462
2449.0,2451.0,0.004595705308020115,0.009048445150256157,0.013092990964651108
2450.0,2452.0,0.0,0.030150288715958595,0.0
2451.0,2453.0,0.0,0.03958310931921005,0.0025532222352921963
2452.0,2454.0,0.01658693701028824,0.01152161043137312,0.020217005163431168
2453.0,2455.0,0.007035584654659033,0.012961957603693008,0.01607665605843067
2454.0,2456.0,0.01878257468342781,0.008581390604376793,0.0
2455.0,2457.0,0.007886368781328201,0.007597216404974461,0.0
2456.0,2458.0,0.0,0.011725975200533867,0.0059283580631017685
2457.0,2459.0,0.0,0.004786793142557144,0.0
2458.0,2460.0,0.003590593347325921,0.0074170478619635105,0.0
2459.0,2461.0,0.010084852576255798,0.0,0.00579374935477972
2460.0,2462.0,0.008714161813259125,0.004092623479664326,0.0
2461.0,2463.0,0.01666548103094101,0.005485914647579193,0.0
2462.0,2464.0,0.009109856560826302,0.008367085829377174,0.0
2463.0,2465.0,0.004579211585223675,0.012454042211174965,0.0
2464.0,2466.0,0.0,0.005805965047329664,0.003065339755266905
2465.0,2467.0,0.0,0.0,0.0
2466.0,2468.0,0.005172190256416798,0.0061175525188446045,0.0
2467.0,2469.0,0.01258833333849907,0.0,0.0
2468.0,2470.0,0.006904538255184889,0.0,0.007166160270571709
2469.0,2471.0,0.009080377407371998,0.0,0.020037323236465454
2470.0,2472.0,0.0,0.016586022451519966,0.015783745795488358
2471.0,2473.0,0.0,0.021161474287509918,0.00767179112881422
2472.0,2474.0,0.0,0.014119209721684456,0.0
2473.0,2475.0,0.008183961734175682,0.012670024298131466,0.0011093404609709978
2474.0,2476.0,0.020081467926502228,0.0012708711437880993,0.0
2475.0,2477.0,0.018458478152751923,0.0,0.0
2476.0,2478.0,0.015290901996195316,0.0,0.0034360005520284176
2477.0,2479.0,0.017880577594041824,0.0,0.0
2478.0,2480.0,0.009031582623720169,0.0,0.0045574139803647995
2479.0,2481.0,0.0,0.0,0.0034768288023769855
2480.0,2482.0,0.0,0.007811693474650383,0.0
2481.0,2483.0,0.0011102398857474327,0.005924618802964687,0.0020373044535517693
2482.0,2484.0,0.007808642461895943,0.006707077845931053,0.0
2483.0,2485.0,0.016874631866812706,0.012590883299708366,0.0007048560073599219
2484.0,2486.0,0.008852572180330753,0.008940513245761395,0.0
2485.0,2487.0,0.004780363291501999,0.02141641080379486,0.011057473719120026
2486.0,2488.0,0.0,0.00048250146210193634,0.0
2487.0,2489.0,0.0008995956741273403,0.01438430231064558,0.0
2488.0,2490.0,0.013978563249111176,0.0070811184123158455,0.01734953187406063
2489.0,2491.0,0.014393692836165428,0.0,0.004167778417468071
2490.0,2492.0,0.017075885087251663,0.0,0.0015156855806708336
2491.0,2493.0,0.020425716415047646,0.0,0.0
2492.0,2494.0,0.012154050171375275,0.0018099220469594002,0.004557400476187468
2493.0,2495.0,0.011381680145859718,0.02663065679371357,0.009703101590275764
2494.0,2496.0,0.005144126713275909,0.030400650575757027,0.03505616635084152
2495.0,2497.0,0.0153409568592906,0.024633759632706642,0.0012188926339149475
2496.0,2498.0,0.014258412644267082,0.0011179707944393158,0.01327931135892868
2497.0,2499.0,0.016957253217697144,0.0,0.005714641883969307
2498.0,2500.0,0.017042512074112892,0.0,0.0
2499.0,2501.0,0.006713869050145149,0.0,0.0
2500.0,2502.0,0.012798520736396313,0.0,0.0008411481976509094
2501.0,2503.0,0.020209036767482758,0.0036203116178512573,0.0
2502.0,2504.0,0.006612991914153099,0.020523611456155777,0.0
2503.0,2505.0,0.015019960701465607,0.017518799751996994,0.006080027669668198
2504.0,2506.0,0.014924781396985054,0.01499954704195261,0.012098576873540878
2505.0,2507.0,0.017981482669711113,0.0007151931058615446,0.008545737713575363
2506.0,2508.0,0.00016097910702228546,0.007681714370846748,0.013537276536226273
2507.0,2509.0,0.0067976382561028,0.02419222518801689,0.01281212829053402
2508.0,2510.0,0.01101652905344963,0.020610272884368896,0.010471991263329983
2509.0,2511.0,0.026207201182842255,0.011068075895309448,0.008739768527448177
2510.0,2512.0,0.017448127269744873,0.0060765123926103115,0.0
2511.0,2513.0,0.014409192837774754,0.014916492626070976,0.010765524581074715
2512.0,2514.0,0.0040934826247394085,0.00638732360675931,0.010038796812295914
2513.0,2515.0,0.005892244167625904,0.007921278476715088,0.004420527257025242
2514.0,2516.0,0.01842290535569191,0.0,0.0
2515.0,2517.0,0.013783873058855534,0.0,0.0
2516.0,2518.0,0.0017842724919319153,0.0,0.013781226240098476
2517.0,2519.0,0.005494243465363979,0.003362900111824274,0.013796988874673843
2518.0,2520.0,0.007777945604175329,0.002116964664310217,0.0
2519.0,2521.0,0.0065097687765955925,0.0,0.0
2520.0,2522.0,0.016369415447115898,0.0005913502536714077,0.0072663044556975365
2521.0,2523.0,0.013387821614742279,0.014230165630578995,0.021964583545923233
2522.0,2524.0,0.0018350458703935146,0.019938718527555466,0.004758247174322605
2523.0,2525.0,0.006338424980640411,0.009046884253621101,0.012246109545230865
2524.0,2526.0,0.012022970244288445,0.0028053841087967157,0.020759111270308495
2525.0,2527.0,0.0,0.002400999888777733,0.010205249302089214
2526.0,2528.0,0.008380543440580368,0.0,0.0
2527.0,2529.0,0.0169711671769619,0.0,0.013239765539765358
2528.0,2530.0,0.006561922840774059,0.004897112958133221,0.00567101314663887
2529.0,2531.0,0.019628357142210007,0.016185568645596504,0.0139693608507514
2530.0,2532.0,0.02095683664083481,0.00032017019111663103,0.012233391404151917
2531.0,2533.0,0.012581093236804008,0.005781599320471287,0.019845083355903625
2532.0,2534.0,0.013467829674482346,0.01990066096186638,0.015511788427829742
2533.0,2535.0,0.002057245932519436,0.006204547360539436,0.0033440683037042618
2534.0,2536.0,0.010294707491993904,0.0009891274385154247,0.0
2535.0,2537.0,0.002363230101764202,0.008318910375237465,0.0
2536.0,2538.0,0.007797261234372854,0.0,4.879198968410492e-05
2537.0,2539.0,0.02398664876818657,0.0,0.013329941779375076
2538.0,2540.0,0.0192120261490345,0.004383280873298645,0.009206968359649181
2539.0,2541.0,0.026453960686922073,0.004387757740914822,0.0066114310175180435
2540.0,2542.0,0.018678437918424606,0.007616695482283831,0.009154642932116985
2541.0,2543.0,0.012402782216668129,0.014341586269438267,0.014591843821108341
2542.0,2544.0,0.005306789185851812,0.016455117613077164,0.017266293987631798
2543.0,2545.0,0.004725462757050991,0.006724163424223661,0.008571544662117958
2544.0,2546.0,0.004646678455173969,0.0061697447672486305,0.016011569648981094
2545.0,2547.0,0.015028662979602814,0.01130589097738266,0.022964611649513245
2546.0,2548.0,0.0012250723084434867,0.010787631385028362,0.0
2547.0,2549.0,0.0,0.008337050676345825,0.0005298617761582136
2548.0,2550.0,0.009169155731797218,0.007727066986262798,0.008607299067080021
2549.0,2551.0,0.019225822761654854,0.013758433982729912,0.009474225342273712
2550.0,2552.0,0.016217783093452454,0.009668934158980846,0.0012220777571201324
2551.0,2553.0,0.02699505351483822,0.0,0.0030654994770884514
2552.0,2554.0,0.015900664031505585,0.011006513610482216,0.014588459394872189
2553.0,2555.0,0.011990991421043873,0.009597539901733398,0.02478829398751259
2554.0,2556.0,0.017871815711259842,0.0,0.014268556609749794
2555.0,2557.0,0.01701582595705986,0.0,0.014453690499067307
2556.0,2558.0,0.011527854017913342,0.011775820516049862,0.019937995821237564
2557.0,2559.0,0.02436685375869274,0.018267005681991577,0.025647465139627457
2558.0,2560.0,0.022353023290634155,0.02025182545185089,0.015239771455526352
2559.0,2561.0,0.021922476589679718,0.006316236220300198,0.0023535722866654396
2560.0,2562.0,0.022131137549877167,0.0017113620415329933,0.010352808982133865
2561.0,2563.0,0.0135878911241889,0.0047285296022892,0.014864927157759666
2562.0,2564.0,0.02196369878947735,0.018135830760002136,0.03394199162721634
2563.0,2565.0,0.02489965409040451,0.011981035582721233,0.02710423618555069
2564.0,2566.0,0.015152113512158394,0.0,0.00860818661749363
2565.0,2567.0,0.00833877269178629,0.0,0.013458894565701485
2566.0,2568.0,0.00932765007019043,0.0,0.008766697719693184
2567.0,2569.0,0.021877188235521317,0.0,0.011059768497943878
2568.0,2570.0,0.014593826606869698,0.0,0.005838222336024046
2569.0,2571.0,0.004592197947204113,0.0,0.007738065905869007
2570.0,2572.0,0.014956977218389511,0.007193672936409712,0.002229029778391123
2571.0,2573.0,0.019016752019524574,0.0,0.0
2572.0,2574.0,0.019307827576994896,0.0011704008793458343,0.0
2573.0,2575.0,0.029678499326109886,0.010157809592783451,0.0
2574.0,2576.0,0.025773555040359497,0.007608168292790651,0.018385380506515503
2575.0,2577.0,0.024530913680791855,0.010960405692458153,0.01516050472855568
2576.0,2578.0,0.02396838739514351,0.009083067998290062,0.016853146255016327
2577.0,2579.0,0.01895400509238243,0.017517467960715294,0.00878935307264328
2578.0,2580.0,0.016860634088516235,0.01846703514456749,0.00992153026163578
2579.0,2581.0,0.0043769218027591705,0.01568317785859108,0.018910810351371765
2580.0,2582.0,0.01172410137951374,0.0034200758673250675,0.006726887077093124
2581.0,2583.0,0.015194416046142578,0.003079731483012438,0.015466040000319481
2582.0,2584.0,0.0031132521107792854,0.030589163303375244,0.013190473429858685
2583.0,2585.0,0.0,0.008435891941189766,0.0033010225743055344
2584.0,2586.0,0.002595445839688182,0.011702626012265682,0.013355972245335579
2585.0,2587.0,0.013443462550640106,0.002740819938480854,0.0
2586.0,2588.0,0.025170477107167244,0.008618200197815895,0.00269912276417017
2587.0,2589.0,0.01606379821896553,0.006914390251040459,0.004228891804814339
2588.0,2590.0,0.008799227885901928,0.013106043450534344,3.973790444433689e-05
2589.0,2591.0,0.012051086872816086,0.011222383007407188,0.0
2590.0,2592.0,0.0017293221317231655,0.009143155999481678,0.005938013084232807
2591.0,2593.0,0.004839119501411915,0.0030580719467252493,0.0041107675060629845
2592.0,2594.0,0.009001797996461391,0.0016997158527374268,0.004489054903388023
2593.0,2595.0,0.015821494162082672,0.0,0.009003098122775555
2594.0,2596.0,0.01549102459102869,0.001522769802249968,0.004426236264407635
2595.0,2597.0,0.023384463042020798,0.00977806095033884,0.013829553499817848
2596.0,2598.0,0.030583592131733894,0.0056847878731787205,0.012101259082555771
2597.0,2599.0,0.02070496417582035,0.028892042115330696,0.007064847741276026
2598.0,2600.0,0.0,0.030981170013546944,0.0
2599.0,2601.0,0.010036659426987171,0.013141738250851631,0.005722094792872667
2600.0,2602.0,0.014174831099808216,0.012694520875811577,0.0
2601.0,2603.0,0.008764112368226051,0.028174154460430145,0.011534035205841064
2602.0,2604.0,0.009096112102270126,0.018280023708939552,0.0
2603.0,2605.0,0.01049700379371643,0.00938715972006321,0.00038741063326597214
2604.0,2606.0,0.02292793244123459,0.005791862960904837,0.00972296018153429
2605.0,2607.0,0.018159743398427963,0.0,0.008215812966227531
2606.0,2608.0,0.02476912923157215,0.003015349619090557,0.006137231830507517
2607.0,2609.0,0.019419115036725998,0.022040050476789474,0.012615174055099487
2608.0,2610.0,0.020114535465836525,0.019349217414855957,0.010699840262532234
2609.0,2611.0,0.015677008777856827,0.0048927804455161095,0.007979837246239185
2610.0,2612.0,0.01096535287797451,0.014319825917482376,0.009698844514787197
2611.0,2613.0,0.019584501162171364,0.030217532068490982,0.01976023241877556
2612.0,2614.0,0.015546426177024841,0.004686223808676004,0.008341752924025059
2613.0,2615.0,0.006870629265904427,0.0,0.0
2614.0,2616.0,0.012976988218724728,0.014358125627040863,0.008064455352723598
2615.0,2617.0,0.006099729798734188,0.014861401170492172,0.016998454928398132
2616.0,2618.0,0.010520679876208305,0.016445722430944443,0.020746180787682533
2617.0,2619.0,0.011160716414451599,0.012327611446380615,0.0009561772458255291
2618.0,2620.0,0.023774508386850357,0.010207394137978554,0.006362564861774445
2619.0,2621.0,0.009298930875957012,0.019950656220316887,0.02110128104686737
2620.0,2622.0,0.002532070269808173,0.01975323259830475,0.007589205168187618
2621.0,2623.0,0.01996244117617607,0.003146299859508872,0.009958634153008461
2622.0,2624.0,0.01954968273639679,0.004323325119912624,0.014802427962422371
2623.0,2625.0,0.021464919671416283,0.03630883991718292,0.03156471997499466
2624.0,2626.0,0.00417149206623435,0.023534288629889488,0.015425499528646469
2625.0,2627.0,0.0,0.013249801471829414,0.003660469315946102
2626.0,2628.0,0.0026273068506270647,0.014311674982309341,0.0
2627.0,2629.0,0.007085961289703846,0.019061647355556488,0.008001687005162239
2628.0,2630.0,0.0056354813277721405,0.010178989730775356,0.017064344137907028
2629.0,2631.0,0.007093667984008789,0.012029716745018959,0.014062548987567425
2630.0,2632.0,0.027815230190753937,0.010351208038628101,0.013217281550168991
2631.0,2633.0,0.03414557874202728,0.0,0.0
2632.0,2634.0,0.028024114668369293,0.014747003093361855,0.0032360393088310957
2633.0,2635.0,0.014452718198299408,0.006481869146227837,0.013063183054327965
2634.0,2636.0,0.009873555973172188,0.0037739339750260115,0.011238565668463707
2635.0,2637.0,0.009332552552223206,0.006757230497896671,0.006526544224470854
2636.0,2638.0,0.013090708293020725,0.0,0.008625400252640247
2637.0,2639.0,0.013253999873995781,0.0,0.013545524328947067
2638.0,2640.0,0.008867236785590649,0.0,0.0027832179330289364
2639.0,2641.0,0.0,0.010427870787680149,0.006961875129491091
2640.0,2642.0,0.012368530966341496,0.0,0.012953032739460468
2641.0,2643.0,0.016030924394726753,0.0,0.015054197981953621
2642.0,2644.0,0.009839430451393127,0.004305155482143164,0.010414674878120422
2643.0,2645.0,0.014487989246845245,0.008064696565270424,0.0
2644.0,2646.0,0.013072963804006577,0.00685897096991539,0.0038654287345707417
2645.0,2647.0,0.01752059906721115,0.0,0.009737398475408554
2646.0,2648.0,0.00640514399856329,0.0017216992564499378,0.017119813710451126
2647.0,2649.0,0.007835566997528076,0.0027452195063233376,0.019859137013554573
2648.0,2650.0,0.010791691951453686,0.015218871645629406,0.00012350315228104591
2649.0,2651.0,0.0031381375156342983,0.0073004188016057014,0.0016516988398507237
2650.0,2652.0,0.0016287555918097496,0.01357401441782713,0.00206955149769783
2651.0,2653.0,0.0,0.007793187163770199,0.01212092861533165
2652.0,2654.0,0.007072172127664089,0.020964808762073517,0.012079358100891113
2653.0,2655.0,0.006969366688281298,0.01748083531856537,0.014352548867464066
2654.0,2656.0,0.011150848120450974,0.0143879484385252,0.017959479242563248
2655.0,2657.0,0.01903928630053997,0.012115740217268467,0.006783635821193457
2656.0,2658.0,0.027488289400935173,0.0035004406236112118,0.008687851950526237
2657.0,2659.0,0.027413001284003258,0.004760322626680136,0.005762236192822456
2658.0,2660.0,0.019409742206335068,0.0008271578699350357,0.003175675170496106
2659.0,2661.0,0.021904878318309784,0.0,0.0
2660.0,2662.0,0.023430153727531433,0.0,0.0021767509169876575
2661.0,2663.0,0.02144385501742363,0.0,0.011762352660298347
2662.0,2664.0,0.007832172326743603,0.0,0.010944224894046783
2663.0,2665.0,0.014254321344196796,0.0,0.01022849790751934
2664.0,2666.0,0.015451919287443161,0.0,0.0025950917042791843
2665.0,2667.0,0.0020678809378296137,0.0017166457837447524,0.00046821264550089836
2666.0,2668.0,0.014786528423428535,0.0,0.006408999674022198
2667.0,2669.0,0.013169603422284126,0.0007135332562029362,0.006963409949094057
2668.0,2670.0,0.015291804447770119,0.0,0.0007803336484357715
2669.0,2671.0,0.01573333889245987,0.0,0.006217463873326778
2670.0,2672.0,0.014781596139073372,0.002290278673171997,0.00574450520798564
2671.0,2673.0,0.009391024708747864,0.0068945856764912605,0.00329381856136024
2672.0,2674.0,0.011264340952038765,0.009085088036954403,0.0005234777927398682
2673.0,2675.0,0.013769859448075294,0.0042623416520655155,0.0
2674.0,2676.0,0.016023501753807068,0.0,8.551101200282574e-05
2675.0,2677.0,0.021712496876716614,0.0,0.00685846945270896
2676.0,2678.0,0.019363444298505783,0.0,0.0051888637244701385
2677.0,2679.0,0.0,0.0,0.0004196963272988796
2678.0,2680.0,0.01285464782267809,0.0,0.0
2679.0,2681.0,0.021717684343457222,0.0,0.0
2680.0,2682.0,0.01051877997815609,0.0,0.002865582937374711
2681.0,2683.0,0.0023955919314175844,0.007276112213730812,0.005077030044049025
2682.0,2684.0,0.00966592226177454,0.006772305350750685,0.0
2683.0,2685.0,0.013309740461409092,0.004319303203374147,0.0
2684.0,2686.0,0.012954897247254848,0.01743265427649021,0.0
2685.0,2687.0,0.02339918352663517,0.02573113702237606,0.004919879604130983
2686.0,2688.0,0.016700778156518936,0.014941918663680553,0.0
2687.0,2689.0,0.003659331239759922,0.024884626269340515,0.0
2688.0,2690.0,0.006915777921676636,0.017442766577005386,0.007148982957005501
2689.0,2691.0,0.001594248227775097,0.015444677323102951,0.008888517506420612
2690.0,2692.0,0.008651357144117355,0.006779873743653297,0.0017883856780827045
2691.0,2693.0,0.0018482687883079052,0.0,0.0
2692.0,2694.0,0.002060861326754093,0.0,0.0
2693.0,2695.0,0.009029637090861797,2.016546204686165e-05,0.008254725486040115
2694.0,2696.0,0.008164450526237488,0.004131294321268797,0.01524469256401062
2695.0,2697.0,0.014707604423165321,0.0,0.012392178177833557
2696.0,2698.0,0.021847112104296684,0.0,0.006601031869649887
2697.0,2699.0,0.010666577145457268,0.0,0.005757437087595463
2698.0,2700.0,0.010135412216186523,0.0,0.0
2699.0,2701.0,0.019851133227348328,0.0004368838854134083,0.0
2700.0,2702.0,0.010625500231981277,0.004723061807453632,0.0
2701.0,2703.0,0.0,0.0,0.0
2702.0,2704.0,0.0,0.0,0.006219968199729919
2703.0,2705.0,0.0,0.004169765394181013,0.01736985519528389
2704.0,2706.0,0.004891430027782917,0.0020509460009634495,0.02023850381374359
2705.0,2707.0,0.006855214945971966,0.0,0.008648518472909927
2706.0,2708.0,0.003646434284746647,0.0,0.014128519222140312
2707.0,2709.0,0.0,0.0,0.01286911778151989
2708.0,2710.0,0.0,0.005497037433087826,0.007209830917418003
2709.0,2711.0,0.008086884394288063,0.0125937694683671,0.017411712557077408
2710.0,2712.0,0.00848541222512722,0.010784575715661049,0.010114569216966629
2711.0,2713.0,0.009427044540643692,0.0,0.0
2712.0,2714.0,0.017399340867996216,0.0,0.0
2713.0,2715.0,0.02209533005952835,0.0,0.0
2714.0,2716.0,0.027226261794567108,0.0023617143742740154,0.0
2715.0,2717.0,0.012786893174052238,0.0,0.00016549788415431976
2716.0,2718.0,0.0,0.0,0.0
2717.0,2719.0,0.001424168236553669,0.011103187687695026,0.002128723543137312
2718.0,2720.0,0.0071640717796981335,0.014627163298428059,0.005958166904747486
2719.0,2721.0,0.0,0.013343910686671734,0.0
2720.0,2722.0,0.0,0.010852697305381298,0.0
2721.0,2723.0,0.005239434540271759,0.0033762999810278416,0.008278262801468372
2722.0,2724.0,0.004587939940392971,0.0,0.0006554985884577036
2723.0,2725.0,0.004563072696328163,0.0,0.0
2724.0,2726.0,0.004841025453060865,0.0,0.0
2725.0,2727.0,0.011535976082086563,0.0011470317840576172,0.0001470227725803852
2726.0,2728.0,0.01614989899098873,0.010195309296250343,0.0035736558493226767
2727.0,2729.0,0.016782443970441818,0.0,0.0
2728.0,2730.0,0.0030868682079017162,0.0,0.006833675317466259
2729.0,2731.0,0.0,0.009306387975811958,0.010396827943623066
2730.0,2732.0,0.0002839071676135063,0.008982278406620026,0.004962827544659376
2731.0,2733.0,0.002209576778113842,0.006624134723097086,0.0050220671109855175
2732.0,2734.0,0.013632629998028278,0.0,0.017716411501169205
2733.0,2735.0,0.013128312304615974,0.0,0.0
2734.0,2736.0,0.0018044346943497658,0.0,0.0
2735.0,2737.0,0.007515440694987774,0.0,0.001656954176723957
2736.0,2738.0,0.009669562801718712,0.0,0.014171279966831207
2737.0,2739.0,0.001227919477969408,0.0,0.004995063878595829
2738.0,2740.0,0.016293030232191086,0.0,0.001120343105867505
2739.0,2741.0,0.02607380971312523,0.0,0.011174196377396584
2740.0,2742.0,0.02163064107298851,0.004923340864479542,0.010376048274338245
2741.0,2743.0,0.011281226761639118,0.0002537248656153679,0.007949448190629482
2742.0,2744.0,0.010330969467759132,0.0,0.0015710166189819574
2743.0,2745.0,0.015176745131611824,0.0,0.0017996991518884897
2744.0,2746.0,0.017328862100839615,0.0,0.00835547037422657
2745.0,2747.0,0.01967139169573784,0.0016342673916369677,0.003370326943695545
2746.0,2748.0,0.016828706488013268,0.0007444769144058228,0.004917753394693136
2747.0,2749.0,0.012056592851877213,0.0034573348239064217,0.0053122378885746
2748.0,2750.0,0.007558710873126984,0.0009709256701171398,0.0025245787110179663
2749.0,2751.0,0.0,0.0,0.0024875295348465443
2750.0,2752.0,0.005832443479448557,0.005497834645211697,0.007476844359189272
2751.0,2753.0,0.03335054963827133,0.0,0.00245550274848938
2752.0,2754.0,0.012792009860277176,0.0065671950578689575,0.0049608792178332806
2753.0,2755.0,0.008708559907972813,0.0008926796726882458,0.0
2754.0,2756.0,0.023127492517232895,0.0,0.0027635907754302025
2755.0,2757.0,0.018394822254776955,0.002585276262834668,0.0
2756.0,2758.0,0.016055090352892876,0.012016529217362404,0.002545795403420925
2757.0,2759.0,0.012642405927181244,0.031396329402923584,0.014255591668188572
2758.0,2760.0,0.0,0.02560819871723652,0.009192114695906639
2759.0,2761.0,0.014468451961874962,0.0,0.0
2760.0,2762.0,0.024450255557894707,0.005072311498224735,0.0
2761.0,2763.0,0.012893661856651306,0.02947506122291088,0.006504478864371777
2762.0,2764.0,0.0040295785292983055,0.010847235098481178,0.0006102113984525204
2763.0,2765.0,0.006756190210580826,0.012387732975184917,0.0
2764.0,2766.0,0.01022251881659031,0.013085114769637585,0.00894823856651783
2765.0,2767.0,0.012549813836812973,0.006613524165004492,0.001080438494682312
2766.0,2768.0,0.011348491534590721,0.0008334924932569265,0.006528471130877733
2767.0,2769.0,0.015573902986943722,0.0,0.0
2768.0,2770.0,0.02409183979034424,0.0,0.004682091064751148
2769.0,2771.0,0.016862228512763977,0.0,0.0029269838705658913
2770.0,2772.0,0.005634631961584091,0.0,0.0037371458020061255
2771.0,2773.0,0.012176625430583954,0.0,0.0032909493893384933
2772.0,2774.0,0.008164860308170319,0.0003950558602809906,0.017821431159973145
2773.0,2775.0,0.0028703901916742325,0.01696549914777279,0.006563113071024418
2774.0,2776.0,0.0006576175801455975,0.017929570749402046,0.0047023706138134
2775.0,2777.0,0.004935643170028925,0.0017739860340952873,0.008857931941747665
2776.0,2778.0,0.020902734249830246,0.0,0.006470015738159418
2777.0,2779.0,0.015331437811255455,0.0072234258987009525,0.006293292157351971
2778.0,2780.0,0.021832186728715897,0.012912455014884472,0.002927009016275406
2779.0,2781.0,0.01665794663131237,0.008399933576583862,0.0013026506640017033
2780.0,2782.0,0.023993346840143204,0.0,0.0
2781.0,2783.0,0.019114475697278976,0.0,0.0
2782.0,2784.0,0.00850194226950407,0.01737724244594574,0.010973688215017319
2783.0,2785.0,0.0036607272922992706,0.012502887286245823,0.01062030903995037
2784.0,2786.0,0.016075588762760162,0.007476897910237312,0.020670097321271896
2785.0,2787.0,0.02508702501654625,0.005026207305490971,0.01743646338582039
2786.0,2788.0,0.021480973809957504,0.0021636118181049824,0.01594824343919754
2787.0,2789.0,0.011691367253661156,0.0,0.014782426878809929
2788.0,2790.0,0.005280798766762018,0.0,0.0006043468602001667
2789.0,2791.0,0.01380124781280756,0.0,0.0
2790.0,2792.0,0.026522303000092506,0.0,0.0
2791.0,2793.0,0.015910392627120018,0.006914947181940079,0.0
2792.0,2794.0,0.017246777191758156,0.00130171375349164,0.0
2793.0,2795.0,0.020688166841864586,0.0057570417411625385,0.0
2794.0,2796.0,0.01625460758805275,0.026920706033706665,2.769986167550087e-05
2795.0,2797.0,0.006660100072622299,0.022702738642692566,0.007599233649671078
2796.0,2798.0,0.00991450808942318,0.013175049796700478,0.018169116228818893
2797.0,2799.0,0.00494623277336359,0.019683627411723137,0.021427694708108902
2798.0,2800.0,0.0035692157689481974,0.011466803029179573,0.010653877630829811
2799.0,2801.0,0.0,0.0015741446986794472,0.009699303656816483
2800.0,2802.0,0.002061908133327961,0.0053953686729073524,0.008689271286129951
2801.0,2803.0,0.004845424555242062,0.015995237976312637,0.0
2802.0,2804.0,0.0038334995042532682,0.020055342465639114,0.0013232012279331684
2803.0,2805.0,0.014114798977971077,0.016963806003332138,0.018435038626194
2804.0,2806.0,0.019392622634768486,0.0,0.005778164602816105
2805.0,2807.0,0.022232748568058014,0.0,0.0052243792451918125
2806.0,2808.0,0.02937270887196064,0.0,0.0
2807.0,2809.0,0.01113435160368681,0.003462469205260277,0.0
2808.0,2810.0,0.002119505312293768,0.009080396965146065,0.003945397213101387
2809.0,2811.0,0.015278669074177742,0.011947765946388245,0.00882001407444477
2810.0,2812.0,0.010090231895446777,0.005835626740008593,0.010395742021501064
2811.0,2813.0,0.016668003052473068,0.0,0.004151511937379837
2812.0,2814.0,0.02311110496520996,0.00959579274058342,0.00018188974354416132
2813.0,2815.0,0.011525021865963936,0.027418827638030052,0.012698458507657051
2814.0,2816.0,0.0033761286176741123,0.029532169923186302,0.013145576231181622
2815.0,2817.0,0.0,0.027301516383886337,0.0011569173075258732
2816.0,2818.0,0.0,0.027550572529435158,0.0037548276595771313
2817.0,2819.0,0.0,0.004969056695699692,0.0070467302575707436
2818.0,2820.0,0.004263002425432205,0.0,0.0007885899394750595
2819.0,2821.0,0.00886867381632328,0.0,0.006993729621171951
2820.0,2822.0,0.007820682600140572,0.005197423510253429,0.0
2821.0,2823.0,0.004438269883394241,0.014004621654748917,0.008179734461009502
2822.0,2824.0,0.01451938971877098,0.012517515569925308,0.017482802271842957
2823.0,2825.0,0.010827211663126945,0.01754157803952694,0.013872501440346241
2824.0,2826.0,0.013050529174506664,0.021882709115743637,0.018796440213918686
2825.0,2827.0,0.010357948951423168,0.0,0.00016136188060045242
2826.0,2828.0,0.017836904153227806,0.0,0.0018307630671188235
2827.0,2829.0,0.023397738113999367,0.010899791494011879,0.016625510528683662
2828.0,2830.0,0.0020627148915082216,0.015782266855239868,0.01053200289607048
2829.0,2831.0,0.016694441437721252,0.016486160457134247,0.003129849210381508
2830.0,2832.0,0.014115067198872566,0.013670764863491058,0.00030514004174619913
2831.0,2833.0,0.005272686015814543,0.012354636564850807,0.0
2832.0,2834.0,0.01934881880879402,0.004990007728338242,0.0031294377986341715
2833.0,2835.0,0.022920656949281693,0.0,0.004457991104573011
2834.0,2836.0,0.012005249038338661,0.0,0.0
2835.0,2837.0,0.015407984144985676,0.0,0.0
2836.0,2838.0,0.020909631624817848,0.0,0.0014779097400605679
2837.0,2839.0,0.013817965984344482,0.010147717781364918,0.0
2838.0,2840.0,0.014767071232199669,0.015097547322511673,0.0021773893386125565
2839.0,2841.0,0.025308920070528984,0.016004150733351707,0.002440872136503458
2840.0,2842.0,0.030416937544941902,0.00838339701294899,0.0039893509820103645
2841.0,2843.0,0.019195524975657463,0.006927042733877897,0.0008195496629923582
2842.0,2844.0,0.019264811649918556,0.03424838185310364,0.00850064679980278
2843.0,2845.0,0.017260707914829254,0.0010488107800483704,0.011755263432860374
2844.0,2846.0,0.018909938633441925,0.0,0.0015297923237085342
2845.0,2847.0,0.025074537843465805,0.014117902144789696,0.0
2846.0,2848.0,0.026023153215646744,0.0,0.0
2847.0,2849.0,0.01864476501941681,0.00334270391613245,0.009246756322681904
2848.0,2850.0,0.01959259994328022,0.003913453780114651,0.007415533531457186
2849.0,2851.0,0.015134626999497414,0.012868983671069145,0.00200951867736876
2850.0,2852.0,0.007859185338020325,0.02200045995414257,0.0068734814412891865
2851.0,2853.0,0.007391596678644419,0.0,0.005877643823623657
2852.0,2854.0,0.02271907776594162,0.0,0.008475683629512787
2853.0,2855.0,0.01745927892625332,0.0,0.008429406210780144
2854.0,2856.0,0.007567012216895819,0.00033871177583932877,0.0020506135188043118
2855.0,2857.0,0.018831323832273483,0.001030604587867856,0.0
2856.0,2858.0,0.014568655751645565,0.0035454013850539923,0.0
2857.0,2859.0,0.01631295308470726,0.01906128227710724,0.014580989256501198
2858.0,2860.0,0.020945057272911072,0.0036323624663054943,0.01125186588615179
2859.0,2861.0,0.016793355345726013,0.0024012099020183086,0.004564851056784391
2860.0,2862.0,0.01860448345541954,0.00381803372874856,0.0
2861.0,2863.0,0.009839589707553387,0.0,0.0
2862.0,2864.0,0.0136121716350317,0.001202037208713591,0.0
2863.0,2865.0,0.031520258635282516,0.012084566988050938,0.008177650161087513
2864.0,2866.0,0.023412048816680908,0.00829705037176609,0.01569240912795067
2865.0,2867.0,0.012389812618494034,0.010196225717663765,0.003973430022597313
2866.0,2868.0,0.0214527640491724,0.012204066850244999,0.0016950126737356186
2867.0,2869.0,0.01779145747423172,0.002237698994576931,0.01343773677945137
2868.0,2870.0,0.017616577446460724,0.0,0.009271692484617233
2869.0,2871.0,0.009233089163899422,0.0009382683783769608,0.00831146165728569
2870.0,2872.0,0.00858190655708313,0.008960937149822712,0.006607610732316971
2871.0,2873.0,0.022373929619789124,0.005590673536062241,0.007953048683702946
2872.0,2874.0,0.01858607679605484,0.0,0.0
2873.0,2875.0,0.005110613536089659,0.010820836760103703,0.0
2874.0,2876.0,0.009159131906926632,0.004399689845740795,0.00117774517275393
2875.0,2877.0,0.023616213351488113,0.013837127014994621,0.00961279682815075
2876.0,2878.0,0.0058821109123528,0.023119330406188965,0.009463269263505936
2877.0,2879.0,0.0068811881355941296,0.0,0.01110772043466568
2878.0,2880.0,0.01219861675053835,0.0,0.012476073578000069
2879.0,2881.0,0.009326249361038208,0.0,0.010907646268606186
2880.0,2882.0,0.00950830802321434,0.0006020218133926392,0.009780140593647957
2881.0,2883.0,0.013791250064969063,0.009101355448365211,0.005565138999372721
2882.0,2884.0,0.010051963850855827,0.010319674387574196,0.0
2883.0,2885.0,0.013535100035369396,0.027903176844120026,0.005744920577853918
2884.0,2886.0,0.01983342319726944,0.03086046129465103,0.012790550477802753
2885.0,2887.0,0.014949033968150616,0.02034047245979309,0.004309487994760275
2886.0,2888.0,0.0,0.0024859262630343437,0.0
2887.0,2889.0,0.0,0.005198315251618624,0.009627437219023705
2888.0,2890.0,0.0,0.0008576789405196905,0.007524579763412476
2889.0,2891.0,0.004553243983536959,0.0004946000408381224,0.0
2890.0,2892.0,0.004358219914138317,0.006922491826117039,0.0005442253313958645
2891.0,2893.0,0.005783450324088335,0.007079149596393108,0.007861951366066933
2892.0,2894.0,0.00873993057757616,0.0,0.012561025097966194
2893.0,2895.0,0.009650180116295815,0.004719535820186138,0.021022791042923927
2894.0,2896.0,0.007473582401871681,0.017993906512856483,0.021967720240354538
2895.0,2897.0,0.007827968336641788,0.006525409407913685,0.009845772758126259
2896.0,2898.0,0.006851593963801861,0.0,0.003174478653818369
2897.0,2899.0,0.023332709446549416,0.0,0.007010017521679401
2898.0,2900.0,0.01818086765706539,0.0,0.0031031807884573936
2899.0,2901.0,0.0,0.0,0.011593637056648731
2900.0,2902.0,0.0,0.0,0.0
2901.0,2903.0,0.0,4.92539256811142e-05,0.005100301466882229
2902.0,2904.0,0.0,0.0057850731536746025,0.021507099270820618
2903.0,2905.0,0.0074539524503052235,0.0023617413826286793,0.019936129450798035
2904.0,2906.0,0.011950980871915817,0.003362054005265236,0.01234519761055708
2905.0,2907.0,0.03333329036831856,0.0,0.0
2906.0,2908.0,0.002965724328532815,0.0030666959937661886,0.0
2907.0,2909.0,0.0013557267375290394,0.00917273573577404,0.0
2908.0,2910.0,0.01698186621069908,0.003211753675714135,0.012432069517672062
2909.0,2911.0,0.0058242641389369965,0.010700780898332596,0.0
2910.0,2912.0,0.008046682924032211,0.018306804820895195,0.0
2911.0,2913.0,0.0,0.014404980465769768,0.0
2912.0,2914.0,0.0006178636103868484,0.031044483184814453,0.0048648156225681305
2913.0,2915.0,0.005888417363166809,0.012177223339676857,0.006467594765126705
2914.0,2916.0,0.0,0.009498143568634987,0.003957690671086311
2915.0,2917.0,0.0,0.012489384971559048,0.00718205701559782
2916.0,2918.0,0.005259261000901461,0.017442122101783752,0.021245568990707397
2917.0,2919.0,0.0030238772742450237,0.00468877237290144,0.008636370301246643
2918.0,2920.0,0.0020084776915609837,0.015942025929689407,6.123492494225502e-05
2919.0,2921.0,0.00653908122330904,0.020389331504702568,0.007531465031206608
2920.0,2922.0,0.0188736729323864,0.008655781857669353,0.0007582055404782295
2921.0,2923.0,0.016461987048387527,0.0,0.0
2922.0,2924.0,0.015621150843799114,0.0,0.0013801800087094307
2923.0,2925.0,0.0076698060147464275,0.0,0.0
2924.0,2926.0,0.0066362833604216576,0.0,0.0009574458235874772
2925.0,2927.0,0.01048867404460907,0.0,0.0
2926.0,2928.0,0.012911846861243248,0.008204407058656216,0.0
2927.0,2929.0,0.0,0.0010746652260422707,0.001248460728675127
2928.0,2930.0,0.005398323759436607,0.0,0.001821630634367466
2929.0,2931.0,0.0072194477543234825,0.0034064147621393204,0.0059819757007062435
2930.0,2932.0,0.0071028973907232285,0.014814362861216068,0.013852916657924652
2931.0,2933.0,0.01567440666258335,0.026564722880721092,0.0
2932.0,2934.0,0.0097010787576437,0.009402996860444546,0.0017317913006991148
2933.0,2935.0,0.011789298616349697,0.0,0.0
2934.0,2936.0,0.0047572399489581585,0.0,0.0
2935.0,2937.0,0.018598007038235664,0.015932325273752213,0.0
2936.0,2938.0,0.012441286817193031,0.013607563450932503,0.0005643764161504805
2937.0,2939.0,0.005670187529176474,0.0012102657929062843,0.0
2938.0,2940.0,0.004079091362655163,0.007856964133679867,0.0
2939.0,2941.0,0.0,0.015449026599526405,0.0
2940.0,2942.0,0.010903150774538517,0.007988487370312214,0.006173080764710903
2941.0,2943.0,0.005354388616979122,0.007566455751657486,0.00794676411896944
2942.0,2944.0,0.007378574460744858,0.019504772499203682,0.010034793987870216
2943.0,2945.0,0.015660425648093224,0.006580137647688389,0.009017417207360268
2944.0,2946.0,0.01930520124733448,0.010793985798954964,0.0
2945.0,2947.0,0.007650334853678942,0.009226325899362564,0.0
2946.0,2948.0,0.01238914206624031,0.0059446003288030624,0.0
2947.0,2949.0,0.01298424880951643,0.0,0.0
2948.0,2950.0,0.012255891226232052,0.0,0.0
2949.0,2951.0,0.013303244486451149,0.0,0.0
2950.0,2952.0,0.011984879150986671,0.0009348588064312935,0.007080619689077139
2951.0,2953.0,0.012106908485293388,0.0012718867510557175,0.0018608956597745419
2952.0,2954.0,0.0009276764467358589,0.0,0.0
2953.0,2955.0,0.0173819437623024,0.0,0.006118142511695623
2954.0,2956.0,0.0227223988622427,0.0017988793551921844,0.004863506183028221
2955.0,2957.0,0.004832710605114698,0.013056456111371517,0.006845041178166866
2956.0,2958.0,0.015412554144859314,0.017081035301089287,0.008701504208147526
2957.0,2959.0,0.022017542272806168,0.004865729250013828,0.006972665432840586
2958.0,2960.0,0.001733842771500349,0.0011468790471553802,0.0
2959.0,2961.0,0.0,0.019776243716478348,0.0
2960.0,2962.0,0.012052519246935844,0.01847701147198677,0.00778911542147398
2961.0,2963.0,0.0076979706063866615,0.03220606967806816,0.00876238476485014
2962.0,2964.0,0.0008314601145684719,0.01948726736009121,0.0060030752792954445
2963.0,2965.0,0.008244995959103107,0.01433421578258276,0.002907324582338333
2964.0,2966.0,0.0050554401241242886,0.016287079080939293,0.0
2965.0,2967.0,0.008885621093213558,0.01515369676053524,0.006884423084557056
2966.0,2968.0,0.0,0.017519721761345863,0.00763068487867713
2967.0,2969.0,0.0,0.002057258039712906,0.011682838201522827
2968.0,2970.0,0.0,0.02155965194106102,0.0004317527636885643
2969.0,2971.0,0.0,0.02352585271000862,0.0
2970.0,2972.0,0.026360362768173218,0.0010957411723211408,0.010352026671171188
2971.0,2973.0,0.029075833037495613,0.0,0.0
2972.0,2974.0,0.015251780860126019,0.019090987741947174,0.0017779606860131025
2973.0,2975.0,0.009969313628971577,0.02338241972029209,0.005150030367076397
2974.0,2976.0,0.015797197818756104,0.01672649011015892,0.00567974429577589
2975.0,2977.0,0.021252039819955826,0.0,0.013641560450196266
2976.0,2978.0,0.012597661465406418,0.006647178903222084,0.014747731387615204
2977.0,2979.0,0.01705264300107956,0.012796426191926003,0.006633930839598179
2978.0,2980.0,0.024942666292190552,0.016411107033491135,0.005250059068202972
2979.0,2981.0,0.004047512076795101,0.028421878814697266,0.009507892653346062
2980.0,2982.0,0.0,0.022524241358041763,0.005777233280241489
2981.0,2983.0,0.018436813727021217,0.004482370801270008,0.003674160223454237
2982.0,2984.0,0.019355658441781998,0.01011402066797018,0.004204589407891035
2983.0,2985.0,0.017710980027914047,0.016410930082201958,0.014702568762004375
2984.0,2986.0,0.003929003141820431,0.007115432992577553,0.009664214216172695
2985.0,2987.0,0.012464587576687336,0.015723668038845062,0.0
2986.0,2988.0,0.0134202279150486,0.01334192045032978,0.0035082364920526743
2987.0,2989.0,0.01569448597729206,0.01869036629796028,0.004271121695637703
2988.0,2990.0,0.026579055935144424,0.011701321229338646,0.02156182751059532
2989.0,2991.0,0.029438775032758713,0.0,0.009980959817767143
2990.0,2992.0,0.019363176077604294,0.0,0.0
2991.0,2993.0,0.014436552301049232,0.01029149815440178,0.01571846380829811
2992.0,2994.0,0.00795783381909132,0.0,0.006309745833277702
2993.0,2995.0,0.017069265246391296,0.0,0.0
2994.0,2996.0,0.006985531188547611,0.009780002757906914,0.0025269007310271263
2995.0,2997.0,0.004282169975340366,0.0,0.0
2996.0,2998.0,0.005759106017649174,0.0,0.0006378131220117211
2997.0,2999.0,0.005000542849302292,0.0,0.0
2998.0,3000.0,0.010495561175048351,0.004727100487798452,0.010617506690323353
2999.0,3001.0,0.021791545674204826,0.0069850413128733635,0.01823399029672146
3000.0,3002.0,0.014059377834200859,0.008449684828519821,0.010234554298222065
3001.0,3003.0,0.015213757753372192,0.012707816436886787,0.010750877670943737
3002.0,3004.0,0.020543180406093597,0.014010468497872353,0.012165707536041737
3003.0,3005.0,0.003325733821839094,0.01435123011469841,0.004490731284022331
3004.0,3006.0,0.0014000593218952417,0.004246454685926437,0.008121676743030548
3005.0,3007.0,0.017884738743305206,0.00793710071593523,0.0013004678767174482
3006.0,3008.0,0.02158421277999878,0.007491957396268845,0.0023449985310435295
3007.0,3009.0,0.021284716203808784,0.010216056369245052,0.0027563441544771194
3008.0,3010.0,0.01640337146818638,0.010213850066065788,0.008907144889235497
3009.0,3011.0,0.009684281423687935,0.008333088830113411,0.0
3010.0,3012.0,0.003396401647478342,0.0044227601028978825,0.0
3011.0,3013.0,0.0,0.01089058443903923,0.004012424498796463
3012.0,3014.0,0.008555155247449875,0.012164797633886337,0.0
3013.0,3015.0,0.015292240306735039,0.0,0.0060743531212210655
3014.0,3016.0,0.02208952233195305,0.0,0.011905120685696602
3015.0,3017.0,0.01664648950099945,0.0,0.0065152086317539215
3016.0,3018.0,0.021054351702332497,0.0,0.0065671829506754875
3017.0,3019.0,0.02606215327978134,0.004255269654095173,0.007857060991227627
3018.0,3020.0,0.020562104880809784,0.010056797415018082,0.019193802028894424
3019.0,3021.0,0.02070312760770321,0.014853183180093765,0.008418271318078041
3020.0,3022.0,0.009122779592871666,0.004446284379810095,0.00283471355214715
3021.0,3023.0,0.015154331922531128,0.0,0.0
3022.0,3024.0,0.012035119347274303,0.0,0.0
3023.0,3025.0,0.010741721838712692,0.0008945930749177933,0.003106906311586499
3024.0,3026.0,0.0002604355104267597,0.011959196999669075,0.006797803565859795
3025.0,3027.0,0.011249548755586147,0.010227743536233902,0.008802000433206558
3026.0,3028.0,0.020398419350385666,0.0,0.005787434987723827
3027.0,3029.0,0.019192593172192574,0.0,0.0
3028.0,3030.0,0.011639369651675224,0.008840888738632202,0.0
3029.0,3031.0,0.008186712861061096,0.025799505412578583,0.0
3030.0,3032.0,0.023182028904557228,0.013163667172193527,0.01696127839386463
3031.0,3033.0,0.010887456126511097,0.00013894634321331978,0.02017516829073429
3032.0,3034.0,0.0,0.004645209759473801,0.016660304740071297
3033.0,3035.0,0.001315681729465723,0.007217742502689362,0.005382576957345009
3034.0,3036.0,0.011049194261431694,0.007258342579007149,0.01276027038693428
3035.0,3037.0,0.0075807576067745686,0.02159477025270462,0.019639169797301292
3036.0,3038.0,0.014703735709190369,0.01999145746231079,0.013191474601626396
3037.0,3039.0,0.009986436925828457,0.016832450404763222,0.0043619535863399506
3038.0,3040.0,0.015004968270659447,0.0058710938319563866,0.0019114473834633827
3039.0,3041.0,0.019800657406449318,0.0027063682209700346,0.00782306119799614
3040.0,3042.0,0.010584128089249134,0.004060010425746441,0.01309425849467516
3041.0,3043.0,0.01986103691160679,0.0,0.009058617055416107
3042.0,3044.0,0.014718696475028992,0.0,0.0
3043.0,3045.0,0.02157837152481079,0.011067226529121399,0.0026572924107313156
3044.0,3046.0,0.020664528012275696,0.016459710896015167,0.00702704256400466
3045.0,3047.0,0.027704473584890366,0.0,0.00978141650557518
3046.0,3048.0,0.019767165184020996,0.0,0.019516345113515854
3047.0,3049.0,0.01637173444032669,0.002171859610825777,0.011698568239808083
3048.0,3050.0,0.017534121870994568,0.0,0.0
3049.0,3051.0,0.011446500197052956,0.009079120121896267,0.0
3050.0,3052.0,0.009864356368780136,0.012632090598344803,0.008386422879993916
3051.0,3053.0,0.015032017603516579,0.010393805801868439,0.010557370260357857
3052.0,3054.0,0.011590554378926754,0.01211358793079853,0.004633008036762476
3053.0,3055.0,0.01235959306359291,0.008682416751980782,0.0016310480423271656
3054.0,3056.0,0.022330209612846375,0.0,0.002277868799865246
3055.0,3057.0,0.017177367582917213,0.0034914978314191103,0.0069890799932181835
3056.0,3058.0,0.0085793761536479,0.01148634497076273,0.005085823126137257
3057.0,3059.0,0.012856476940214634,0.02096216008067131,0.0186149924993515
3058.0,3060.0,0.011160758323967457,0.0068879383616149426,0.016943322494626045
3059.0,3061.0,0.014217181131243706,0.0,0.012532733380794525
3060.0,3062.0,0.006369755603373051,0.009180083870887756,0.006492230109870434
3061.0,3063.0,0.010198874399065971,0.003761933883652091,0.0
3062.0,3064.0,0.01052671205252409,0.0,0.003336423309519887
3063.0,3065.0,0.0064211999997496605,0.0,0.007383575662970543
3064.0,3066.0,0.009979382157325745,0.0,0.0002569151110947132
3065.0,3067.0,0.022449254989624023,0.0,0.0
3066.0,3068.0,0.02473844215273857,0.01023647841066122,0.015992987900972366
3067.0,3069.0,0.01239754632115364,0.0017991834320127964,0.012961158528923988
3068.0,3070.0,0.017948690801858902,5.895644426345825e-05,0.009799933061003685
3069.0,3071.0,0.0,0.0,0.008395877666771412
3070.0,3072.0,0.006780242547392845,0.0,0.010414015501737595
3071.0,3073.0,0.011117889545857906,0.0,0.016231587156653404
3072.0,3074.0,0.0038725195918232203,0.0,0.006159275770187378
3073.0,3075.0,0.023577800020575523,0.0,0.010298099368810654
3074.0,3076.0,0.013590028509497643,0.0,0.004550466313958168
3075.0,3077.0,0.0011933951172977686,0.0004277401603758335,0.008068249560892582
3076.0,3078.0,0.007520066108554602,0.010675514116883278,0.013069246895611286
3077.0,3079.0,0.002483974676579237,0.0047615026123821735,0.009198963642120361
3078.0,3080.0,0.005114074796438217,0.00953786913305521,0.011989052407443523
3079.0,3081.0,0.011954781599342823,0.00018702493980526924,0.0156848281621933
3080.0,3082.0,0.016748778522014618,0.0023602116852998734,0.01869291067123413
3081.0,3083.0,0.0,0.0,0.00561361201107502
3082.0,3084.0,0.007100632879883051,0.0,0.0019147922284901142
3083.0,3085.0,0.008169606328010559,0.0,0.004819129593670368
3084.0,3086.0,0.01905747875571251,0.0,0.010123511776328087
3085.0,3087.0,0.022421881556510925,0.0,0.0012747826986014843
3086.0,3088.0,0.013205708004534245,0.0,0.006903028581291437
3087.0,3089.0,0.004393320530653,0.0,0.011250466108322144
3088.0,3090.0,0.0075778476893901825,0.0,0.008770457468926907
3089.0,3091.0,0.019447162747383118,0.008189943619072437,0.015014966949820518
3090.0,3092.0,0.016001099720597267,0.006108845584094524,0.015937577933073044
3091.0,3093.0,0.01741921342909336,0.00334964320063591,0.014653224498033524
3092.0,3094.0,0.0009388658218085766,0.007090745028108358,0.014610971324145794
3093.0,3095.0,0.0,0.0,0.003611811436712742
3094.0,3096.0,0.0,0.0,0.0054514845833182335
3095.0,3097.0,0.009625134989619255,0.0,0.010421721264719963
3096.0,3098.0,0.011729134246706963,0.0,0.0075355335138738155
3097.0,3099.0,0.011798459105193615,0.0,0.005907565355300903
3098.0,3100.0,0.020639201626181602,0.0,0.0065643321722745895
3099.0,3101.0,0.010509544052183628,0.0,0.012197216972708702
3100.0,3102.0,0.0018733814358711243,0.0,0.00017114169895648956
3101.0,3103.0,0.00978974811732769,0.0,0.0
3102.0,3104.0,0.017585638910531998,0.0,0.0035073081962764263
3103.0,3105.0,0.0130779342725873,0.000681824516505003,0.0
3104.0,3106.0,0.01595369540154934,0.0011729320976883173,0.0
3105.0,3107.0,0.004066090099513531,0.0,0.006033309735357761
3106.0,3108.0,0.0,0.0,0.0
3107.0,3109.0,0.0019961735233664513,0.010413550771772861,0.007215766701847315
3108.0,3110.0,0.005915210582315922,0.006319189444184303,0.019671592861413956
3109.0,3111.0,0.013667168095707893,0.016114627942442894,0.012538410723209381
3110.0,3112.0,0.015395835973322392,0.014179201796650887,0.014903927221894264
3111.0,3113.0,0.016074689105153084,0.0004944505635648966,0.01679559424519539
3112.0,3114.0,0.015209602192044258,0.0,0.005715370178222656
3113.0,3115.0,0.011706814169883728,0.0,0.012111032381653786
3114.0,3116.0,0.018247313797473907,0.01752605475485325,0.0145028755068779
3115.0,3117.0,0.009931220673024654,0.014319432899355888,0.001491960370913148
3116.0,3118.0,0.006705325096845627,0.0023429004941135645,0.0030290791764855385
3117.0,3119.0,0.0019109328277409077,0.0017197474371641874,0.005814640782773495
3118.0,3120.0,0.0,0.0,0.006597260478883982
3119.0,3121.0,0.008319743908941746,0.0,0.018574083223938942
3120.0,3122.0,0.012048526667058468,0.009401589632034302,0.020206373184919357
3121.0,3123.0,0.014797667041420937,0.00293942098505795,0.01591590791940689
3122.0,3124.0,0.021958570927381516,0.0,0.021466229110956192
3123.0,3125.0,0.02053029276430607,0.0016693365760147572,0.0034259199164807796
3124.0,3126.0,0.019880466163158417,0.0,0.008517536334693432
3125.0,3127.0,0.019938968122005463,0.010767258703708649,0.017449088394641876
3126.0,3128.0,0.0032389136031270027,0.0,0.009100479073822498
3127.0,3129.0,0.010126305744051933,0.0,0.015523785725235939
3128.0,3130.0,0.00794307328760624,0.007882798090577126,0.003926290664821863
3129.0,3131.0,0.0003129974938929081,0.0180036723613739,0.0
3130.0,3132.0,0.012175526469945908,0.005675125401467085,0.00037250109016895294
3131.0,3133.0,0.0029800054617226124,0.0,0.009108313359320164
3132.0,3134.0,0.0,0.0,0.009682411327958107
3133.0,3135.0,0.005462937988340855,0.0,0.0
3134.0,3136.0,0.00881682988256216,0.0026637662667781115,0.011097965762019157
3135.0,3137.0,0.006688282825052738,0.008489079773426056,0.009401477873325348
3136.0,3138.0,0.011850262992084026,0.0,0.012418869882822037
3137.0,3139.0,0.009859553538262844,0.0,0.008529420010745525
3138.0,3140.0,0.005097503773868084,0.0,0.0004143782425671816
3139.0,3141.0,0.0,0.0,0.0
3140.0,3142.0,0.0,0.0,0.004034267272800207
3141.0,3143.0,0.0,0.0,0.008411235176026821
3142.0,3144.0,0.006784739904105663,0.0002904701977968216,0.01169557310640812
3143.0,3145.0,0.01441164780408144,0.0036949901841580868,0.002950038993731141
3144.0,3146.0,0.008440762758255005,0.0,0.003881571115925908
3145.0,3147.0,0.003495373297482729,0.0,0.009994162246584892
3146.0,3148.0,0.015444217249751091,0.0022966652177274227,0.0032486114650964737
3147.0,3149.0,0.019101738929748535,0.0018505947664380074,0.010495509020984173
3148.0,3150.0,0.0052011338993906975,0.0,0.009787814691662788
3149.0,3151.0,0.009348677471280098,0.0,0.017114533111453056
3150.0,3152.0,0.008821631781756878,0.0,0.00879120547324419
3151.0,3153.0,0.01164177805185318,0.0,0.007674936670809984
3152.0,3154.0,0.000170903280377388,0.0,0.00527001079171896
3153.0,3155.0,0.0,0.0,0.005964997690171003
3154.0,3156.0,0.00141524663195014,0.004736072849482298,0.01114737056195736
3155.0,3157.0,0.0018455050885677338,0.0,0.007031923625618219
3156.0,3158.0,0.008709278889000416,8.723419159650803e-05,0.007246756926178932
3157.0,3159.0,0.007351539097726345,0.01223432645201683,0.006287217140197754
3158.0,3160.0,0.0,0.005088920705020428,0.00278084771707654
3159.0,3161.0,0.003947682678699493,0.0,0.0
3160.0,3162.0,0.006737923249602318,0.0,0.0020632201340049505
3161.0,3163.0,0.01284598559141159,0.0,0.0
3162.0,3164.0,0.00937307346612215,0.0,0.011906089261174202
3163.0,3164.97,0.0,0.013331117108464241,0.013804467394948006
3164.0,3164.97,0.002002350054681301,0.03229605779051781,0.017127515748143196
